ISO-10303-21;
HEADER;
FILE_DESCRIPTION (( 'STEP AP203' ),
    '1' );
FILE_NAME ('59935K81_Ball Joint Rod End.STEP',
    '2026-06-26T19:23:12',
    ( 'McMaster Carr Supply' ),
    ( 'McMaster Carr Supply' ),
    'SwSTEP 2.0',
    'SolidWorks 2024',
    '' );
FILE_SCHEMA (( 'CONFIG_CONTROL_DESIGN' ));
ENDSEC;

DATA;
#1 = CARTESIAN_POINT ( 'NONE',  ( 0.5500000000000009326, -1.432112172891384342E-14, 2.413397459621564156 ) ) ;
#2 = CARTESIAN_POINT ( 'NONE',  ( 15.35000000000000853, 0.8203022253684378873, 1.980384757729345857 ) ) ;
#3 = ORIENTED_EDGE ( 'NONE', *, *, #3948, .T. ) ;
#4 = EDGE_LOOP ( 'NONE', ( #6262, #785, #2350 ) ) ;
#5 = CARTESIAN_POINT ( 'NONE',  ( 16.20000000000000284, 1.400343491548884600, 1.400343491548899033 ) ) ;
#6 = CARTESIAN_POINT ( 'NONE',  ( 12.40000000000000391, 1.767766952966363103, -1.767766952966377092 ) ) ;
#7 = CARTESIAN_POINT ( 'NONE',  ( 11.60000000000000675, -1.980384757729360068, -2.425271854633450283E-16 ) ) ;
#8 = CARTESIAN_POINT ( 'NONE',  ( 7.400000000000002132, -1.372470695792103782E-14, -2.500000000000011546 ) ) ;
#9 = CARTESIAN_POINT ( 'NONE',  ( 0.7500000000000041078, -1.035533905932757959, 2.500000000000011102 ) ) ;
#10 = CARTESIAN_POINT ( 'NONE',  ( -12.50000000000000178, -3.640625000000006661, 0.000000000000000000 ) ) ;
#11 = CARTESIAN_POINT ( 'NONE',  ( 18.50000000000000711, 1.400343491548884600, 1.400343491548899033 ) ) ;
#12 = CARTESIAN_POINT ( 'NONE',  ( 6.975000000000003197, 1.053469879313087443, 2.543301270189234575 ) ) ;
#13 = EDGE_LOOP ( 'NONE', ( #4640, #2165, #3125, #3770 ) ) ;
#14 = CARTESIAN_POINT ( 'NONE',  ( 5.600000000000000533, 1.400343491548885044, -1.400343491548898811 ) ) ;
#15 = CARTESIAN_POINT ( 'NONE',  ( 2.375000000000002220, -1.798385574751182103, 1.798385574751167670 ) ) ;
#16 = CARTESIAN_POINT ( 'NONE',  ( 2.000000000000005329, -1.980384757729360068, -2.425271854633450283E-16 ) ) ;
#17 = CYLINDRICAL_SURFACE ( 'NONE', #3689, 2.500000000000010658 ) ;
#18 = CARTESIAN_POINT ( 'NONE',  ( 9.750000000000005329, 0.8203022253684378873, 1.980384757729345857 ) ) ;
#19 = EDGE_CURVE ( 'NONE', #7705, #433, #4149, .T. ) ;
#20 = CARTESIAN_POINT ( 'NONE',  ( 20.50000000000000000, -1.236893267138826574E-14, 2.500000000000010658 ) ) ;
#21 = CARTESIAN_POINT ( 'NONE',  ( 12.52500000000000391, 2.543301270189220809, 1.053469879313102542 ) ) ;
#22 = CARTESIAN_POINT ( 'NONE',  ( 20.72500000000000497, -1.798385574751182103, 1.798385574751167670 ) ) ;
#23 = CARTESIAN_POINT ( 'NONE',  ( 5.650000000000002132, -2.500000000000025757, -1.035533905932743082 ) ) ;
#24 = CARTESIAN_POINT ( 'NONE',  ( 18.35000000000000497, 1.980384757729332312, -0.8203022253684514320 ) ) ;
#25 = PERSON_AND_ORGANIZATION ( #5706, #4250 ) ;
#26 = CARTESIAN_POINT ( 'NONE',  ( 9.600000000000003197, -2.500000000000025757, -3.061616997868397439E-16 ) ) ;
#27 = CARTESIAN_POINT ( 'NONE',  ( 4.950000000000006395, 0.8203022253684378873, 1.980384757729345857 ) ) ;
#28 = ORIENTED_EDGE ( 'NONE', *, *, #806, .T. ) ;
#29 = CARTESIAN_POINT ( 'NONE',  ( 13.17500000000000426, 2.543301270189220809, -1.053469879313100765 ) ) ;
#30 = DIRECTION ( 'NONE',  ( 1.000000000000000000, -0.000000000000000000, -0.000000000000000000 ) ) ;
#31 = CARTESIAN_POINT ( 'NONE',  ( 8.400000000000000355, -1.400343491548913022, 1.400343491548898589 ) ) ;
#32 = CARTESIAN_POINT ( 'NONE',  ( 6.250000000000004441, 1.035533905932729315, 2.500000000000011102 ) ) ;
#33 = CARTESIAN_POINT ( 'NONE',  ( 13.35000000000000320, -1.980384757729360290, -0.8203022253684516540 ) ) ;
#34 = FACE_OUTER_BOUND ( 'NONE', #5271, .T. ) ;
#35 = DIRECTION ( 'NONE',  ( 2.168404344971008868E-16, 1.000000000000000000, -0.000000000000000000 ) ) ;
#36 = CARTESIAN_POINT ( 'NONE',  ( 14.25000000000000888, 0.8203022253684377763, -1.980384757729346301 ) ) ;
#37 = EDGE_LOOP ( 'NONE', ( #3174, #5905, #1005, #5252 ) ) ;
#38 = AXIS2_PLACEMENT_3D ( 'NONE', #7733, #7543, #2156 ) ;
#39 = ORIENTED_EDGE ( 'NONE', *, *, #3232, .F. ) ;
#40 = CARTESIAN_POINT ( 'NONE',  ( 15.50000000000000178, -1.424157858600947694E-14, 1.980384757729346301 ) ) ;
#41 = DIRECTION ( 'NONE',  ( -1.000000000000000000, 2.168404344971008868E-16, 0.000000000000000000 ) ) ;
#42 = CARTESIAN_POINT ( 'NONE',  ( 11.10000000000000497, 1.400343491548885044, -1.400343491548898811 ) ) ;
#43 = CARTESIAN_POINT ( 'NONE',  ( 20.30752850221186989, 2.242551488869920284, 0.4990090305944404059 ) ) ;
#44 = CARTESIAN_POINT ( 'NONE',  ( -6.480578308508357033, 2.695312499999989342, 7.371665507203388058E-16 ) ) ;
#45 = CIRCLE ( 'NONE', #7067, 11.66705252354425504 ) ;
#46 = CARTESIAN_POINT ( 'NONE',  ( 20.16048419439912820, -2.400355135372482351, -0.5041161353086713870 ) ) ;
#47 = CARTESIAN_POINT ( 'NONE',  ( 17.10000000000000497, -1.400343491548913022, 1.400343491548898589 ) ) ;
#48 = CARTESIAN_POINT ( 'NONE',  ( 1.625000000000004885, -2.543301270189248786, -3.114645759804644720E-16 ) ) ;
#49 = VERTEX_POINT ( 'NONE', #4114 ) ;
#50 = CARTESIAN_POINT ( 'NONE',  ( 4.400000000000001243, -1.400343491548913022, 1.400343491548898589 ) ) ;
#51 = CIRCLE ( 'NONE', #4564, 7.009737158183716232 ) ;
#52 = CARTESIAN_POINT ( 'NONE',  ( 18.75000000000000355, -1.980384757729360512, 0.8203022253684509879 ) ) ;
#53 = CARTESIAN_POINT ( 'NONE',  ( 2.500000000000005773, 1.400343491548884600, 1.400343491548899033 ) ) ;
#54 = CARTESIAN_POINT ( 'NONE',  ( 15.70000000000000284, 2.499999999999997780, 0.000000000000000000 ) ) ;
#55 = CARTESIAN_POINT ( 'NONE',  ( 10.20000000000000639, -1.375652421508278441E-14, -1.980384757729346301 ) ) ;
#56 = CARTESIAN_POINT ( 'NONE',  ( 8.250000000000003553, 0.8203022253684378873, 1.980384757729345857 ) ) ;
#57 = CARTESIAN_POINT ( 'NONE',  ( 10.00000000000000355, 1.767766952966363103, -1.767766952966377092 ) ) ;
#58 = TOROIDAL_SURFACE ( 'NONE', #2564, 6.019421691491638526, 0.1796875000000000000 ) ;
#59 = ADVANCED_FACE ( 'NONE', ( #4219 ), #4513, .T. ) ;
#60 = CARTESIAN_POINT ( 'NONE',  ( 12.17500000000000426, -1.798385574751181437, -1.798385574751167892 ) ) ;
#61 = CARTESIAN_POINT ( 'NONE',  ( 18.92500000000000426, 1.798385574751153682, 1.798385574751168337 ) ) ;
#62 = CARTESIAN_POINT ( 'NONE',  ( 8.100000000000003197, -1.767766952966390637, -1.767766952966377092 ) ) ;
#63 = CARTESIAN_POINT ( 'NONE',  ( 18.65000000000000568, -0.8203022253684665310, 1.980384757729345857 ) ) ;
#64 =( NAMED_UNIT ( * ) SI_UNIT ( $, .STERADIAN. ) SOLID_ANGLE_UNIT ( ) );
#65 = CARTESIAN_POINT ( 'NONE',  ( 9.750000000000001776, -1.035533905932756404, -2.500000000000011546 ) ) ;
#66 = VERTEX_POINT ( 'NONE', #5746 ) ;
#67 = CARTESIAN_POINT ( 'NONE',  ( 6.000000000000005329, -1.980384757729360068, -2.425271854633450283E-16 ) ) ;
#68 = ORIENTED_EDGE ( 'NONE', *, *, #5156, .T. ) ;
#69 = EDGE_CURVE ( 'NONE', #4665, #3629, #6426, .T. ) ;
#70 = CARTESIAN_POINT ( 'NONE',  ( 11.27500000000000391, -2.543301270189249674, -1.053469879313101210 ) ) ;
#71 = CARTESIAN_POINT ( 'NONE',  ( 12.95000000000000284, -2.500000000000025757, -1.035533905932743082 ) ) ;
#72 = CARTESIAN_POINT ( 'NONE',  ( 7.600000000000000533, -1.400343491548913022, 1.400343491548898589 ) ) ;
#73 = CARTESIAN_POINT ( 'NONE',  ( -1.283519398295342562, -1.904125790303894616, -2.679701820174205551 ) ) ;
#74 = CARTESIAN_POINT ( 'NONE',  ( 13.30000000000000249, -1.980384757729360068, -2.425271854633450283E-16 ) ) ;
#75 = CARTESIAN_POINT ( 'NONE',  ( 1.750000000000004885, 0.8203022253684378873, 1.980384757729345857 ) ) ;
#76 = CARTESIAN_POINT ( 'NONE',  ( 8.200000000000002842, -1.372470695792103782E-14, -2.500000000000011546 ) ) ;
#77 = CARTESIAN_POINT ( 'NONE',  ( 13.95000000000000462, -1.980384757729360512, 0.8203022253684509879 ) ) ;
#78 = ORIENTED_EDGE ( 'NONE', *, *, #1035, .T. ) ;
#79 = ORIENTED_EDGE ( 'NONE', *, *, #7367, .F. ) ;
#80 = CARTESIAN_POINT ( 'NONE',  ( 18.15000000000000213, -1.980384757729360290, -0.8203022253684516540 ) ) ;
#81 = CARTESIAN_POINT ( 'NONE',  ( 20.46550195501309943, -1.203773509161738531, 1.772255181142701197 ) ) ;
#82 = CARTESIAN_POINT ( 'NONE',  ( 8.800000000000004263, -1.767766952966391303, 1.767766952966376870 ) ) ;
#83 = CARTESIAN_POINT ( 'NONE',  ( 3.450000000000001510, 1.035533905932728871, -2.500000000000011546 ) ) ;
#84 = CARTESIAN_POINT ( 'NONE',  ( 20.50000000000000000, -1.267509437117510519E-14, 0.000000000000000000 ) ) ;
#85 = CARTESIAN_POINT ( 'NONE',  ( 20.27565241823498354, -1.947897892351299287, -1.274547862094395745 ) ) ;
#86 = VERTEX_POINT ( 'NONE', #1590 ) ;
#87 = CARTESIAN_POINT ( 'NONE',  ( 19.35000000000000497, 0.8203022253684378873, 1.980384757729345857 ) ) ;
#88 = CARTESIAN_POINT ( 'NONE',  ( 3.075000000000004619, -1.053469879313116087, 2.543301270189234575 ) ) ;
#89 = ORIENTED_EDGE ( 'NONE', *, *, #6748, .F. ) ;
#90 = CARTESIAN_POINT ( 'NONE',  ( 3.950000000000001954, 0.8203022253684377763, -1.980384757729346301 ) ) ;
#91 = CARTESIAN_POINT ( 'NONE',  ( 18.20000000000000284, -1.375652421508278441E-14, -1.980384757729346301 ) ) ;
#92 = CARTESIAN_POINT ( 'NONE',  ( 3.000000000000006217, -1.375652421508278441E-14, -1.980384757729346301 ) ) ;
#93 = CARTESIAN_POINT ( 'NONE',  ( 8.650000000000002132, 1.035533905932729315, 2.500000000000011102 ) ) ;
#94 = CARTESIAN_POINT ( 'NONE',  ( 6.400000000000004796, 1.980384757729332312, 0.000000000000000000 ) ) ;
#95 = CARTESIAN_POINT ( 'NONE',  ( 7.900000000000000355, -1.375652421508278441E-14, -1.980384757729346301 ) ) ;
#96 = DIRECTION ( 'NONE',  ( 0.000000000000000000, -0.7071067811865474617, -0.7071067811865474617 ) ) ;
#97 = CARTESIAN_POINT ( 'NONE',  ( 8.425000000000004263, 2.543301270189220809, -1.053469879313100765 ) ) ;
#98 = CARTESIAN_POINT ( 'NONE',  ( 16.17500000000000071, -1.053469879313114532, -2.543301270189235019 ) ) ;
#99 = CARTESIAN_POINT ( 'NONE',  ( 8.000000000000003553, -2.500000000000025757, -3.061616997868397439E-16 ) ) ;
#100 = CARTESIAN_POINT ( 'NONE',  ( 17.95000000000000639, -1.980384757729360512, 0.8203022253684510989 ) ) ;
#101 = DATE_AND_TIME ( #1135, #1757 ) ;
#102 = CARTESIAN_POINT ( 'NONE',  ( 9.800000000000002487, -1.372470695792103782E-14, -2.500000000000011546 ) ) ;
#103 = EDGE_CURVE ( 'NONE', #3711, #86, #6929, .T. ) ;
#104 = EDGE_LOOP ( 'NONE', ( #674, #7679, #2426, #5457 ) ) ;
#105 = CARTESIAN_POINT ( 'NONE',  ( 4.250000000000003553, -0.8203022253684664200, 1.980384757729345857 ) ) ;
#106 = ORIENTED_EDGE ( 'NONE', *, *, #3188, .T. ) ;
#107 = AXIS2_PLACEMENT_3D ( 'NONE', #2790, #6848, #4516 ) ;
#108 = CARTESIAN_POINT ( 'NONE',  ( 12.15000000000000036, 1.980384757729331868, 0.8203022253684526532 ) ) ;
#109 = CARTESIAN_POINT ( 'NONE',  ( 16.87500000000000355, -2.543301270189248786, -3.114645759804644720E-16 ) ) ;
#110 = CARTESIAN_POINT ( 'NONE',  ( 7.700000000000001954, -1.980384757729360068, -2.425271854633450283E-16 ) ) ;
#111 = CARTESIAN_POINT ( 'NONE',  ( 8.900000000000005684, 1.400343491548884600, 1.400343491548899033 ) ) ;
#112 = CARTESIAN_POINT ( 'NONE',  ( -4.781851051317180357, -1.308159992295310436, -4.824964371866304447 ) ) ;
#113 = CARTESIAN_POINT ( 'NONE',  ( 13.60000000000000142, 1.400343491548885044, -1.400343491548898811 ) ) ;
#114 =( BOUNDED_CURVE ( )  B_SPLINE_CURVE ( 2, ( #539, #2339, #1645, #4031, #2852, #5244, #7653, #4072, #7056 ),
 .UNSPECIFIED., .F., .F. ) 
 B_SPLINE_CURVE_WITH_KNOTS ( ( 3, 2, 2, 2, 3 ),
 ( 0.8611111111111111605, 0.8657407407407406996, 0.8703703703703703498, 0.8750000000000000000, 0.8796296296296296502 ),
 .UNSPECIFIED. ) 
 CURVE ( )  GEOMETRIC_REPRESENTATION_ITEM ( )  RATIONAL_B_SPLINE_CURVE ( ( 1.000000000000000000, 0.9238795325112867385, 1.000000000000000000, 0.9238795325112867385, 1.000000000000000000, 0.9238795325112867385, 1.000000000000000000, 0.9238795325112867385, 1.000000000000000000 ) ) 
 REPRESENTATION_ITEM ( '' )  );
#115 = CARTESIAN_POINT ( 'NONE',  ( 0.9500000000000063949, 0.8203022253684378873, 1.980384757729345857 ) ) ;
#116 = VECTOR ( 'NONE', #2382, 1000.000000000000000 ) ;
#117 = CARTESIAN_POINT ( 'NONE',  ( 14.30000000000000249, -1.433703035749471672E-14, 2.500000000000011546 ) ) ;
#118 = ADVANCED_FACE ( 'NONE', ( #3896 ), #6295, .T. ) ;
#119 = CARTESIAN_POINT ( 'NONE',  ( 7.950000000000003730, -1.035533905932757959, 2.500000000000011102 ) ) ;
#120 = CARTESIAN_POINT ( 'NONE',  ( 15.85000000000000675, 0.8203022253684377763, -1.980384757729346301 ) ) ;
#121 = VERTEX_POINT ( 'NONE', #3610 ) ;
#122 = CC_DESIGN_SECURITY_CLASSIFICATION ( #5254, ( #6393 ) ) ;
#123 = ORIENTED_EDGE ( 'NONE', *, *, #3574, .F. ) ;
#124 = CARTESIAN_POINT ( 'NONE',  ( 17.25000000000000355, -1.980384757729360512, 0.8203022253684509879 ) ) ;
#125 = CARTESIAN_POINT ( 'NONE',  ( 20.41698729810778090, -1.427880073549500931E-14, 2.183012701892230290 ) ) ;
#126 = CARTESIAN_POINT ( 'NONE',  ( 20.21942090700691708, 1.518855235882585752, -1.839287636291941475 ) ) ;
#127 = CARTESIAN_POINT ( 'NONE',  ( 17.60000000000000142, -1.767766952966391303, 1.767766952966376870 ) ) ;
#128 = CARTESIAN_POINT ( 'NONE',  ( -16.34740172064212516, -4.000000000000005329, 0.000000000000000000 ) ) ;
#129 = EDGE_CURVE ( 'NONE', #2245, #399, #4683, .T. ) ;
#130 = CARTESIAN_POINT ( 'NONE',  ( -2.235530510889779165, 1.460251244224021416, -3.433746294905421159 ) ) ;
#131 = CARTESIAN_POINT ( 'NONE',  ( 16.65000000000000568, 0.8203022253684377763, -1.980384757729346301 ) ) ;
#132 = CARTESIAN_POINT ( 'NONE',  ( 2.775000000000003020, 2.543301270189220809, -1.053469879313100765 ) ) ;
#133 = ORIENTED_EDGE ( 'NONE', *, *, #4352, .F. ) ;
#134 = CARTESIAN_POINT ( 'NONE',  ( 5.900000000000000355, -1.424157858600947694E-14, 1.980384757729346301 ) ) ;
#135 = CARTESIAN_POINT ( 'NONE',  ( 16.20000000000000284, 1.400343491548884600, 1.400343491548899033 ) ) ;
#136 = CARTESIAN_POINT ( 'NONE',  ( 19.65000000000000924, -1.980384757729360290, -0.8203022253684516540 ) ) ;
#137 = CARTESIAN_POINT ( 'NONE',  ( 3.200000000000005063, 1.980384757729332312, 0.000000000000000000 ) ) ;
#138 = CYLINDRICAL_SURFACE ( 'NONE', #946, 2.500000000000010658 ) ;
#139 = CARTESIAN_POINT ( 'NONE',  ( 7.150000000000005684, 1.980384757729332312, -0.8203022253684514320 ) ) ;
#140 = CARTESIAN_POINT ( 'NONE',  ( 2.899999999999999911, -1.980384757729360068, -2.425271854633450283E-16 ) ) ;
#141 = CARTESIAN_POINT ( 'NONE',  ( 16.20000000000000284, -1.372470695792103782E-14, -2.500000000000011546 ) ) ;
#142 = CARTESIAN_POINT ( 'NONE',  ( 7.475000000000002309, -1.372205551982422560E-14, -2.543301270189235019 ) ) ;
#143 = CARTESIAN_POINT ( 'NONE',  ( 16.32500000000000639, 1.798385574751153904, -1.798385574751167892 ) ) ;
#144 = CARTESIAN_POINT ( 'NONE',  ( -17.55614570349787229, 2.874999999999992006, 0.000000000000000000 ) ) ;
#145 = CARTESIAN_POINT ( 'NONE',  ( 16.80000000000000426, 1.980384757729332312, 0.000000000000000000 ) ) ;
#146 = FACE_OUTER_BOUND ( 'NONE', #374, .T. ) ;
#147 = ORIENTED_EDGE ( 'NONE', *, *, #5009, .F. ) ;
#148 = CARTESIAN_POINT ( 'NONE',  ( 0.9000000000000050182, 1.400343491548884600, 1.400343491548899033 ) ) ;
#149 = CARTESIAN_POINT ( 'NONE',  ( 17.17500000000000426, 1.798385574751153904, -1.798385574751167892 ) ) ;
#150 = CARTESIAN_POINT ( 'NONE',  ( 5.350000000000000533, -1.980384757729360290, -0.8203022253684516540 ) ) ;
#151 = CARTESIAN_POINT ( 'NONE',  ( 9.800000000000004263, -1.424157858600947694E-14, 1.980384757729346301 ) ) ;
#152 = DIRECTION ( 'NONE',  ( -1.000000000000000000, 2.168404344971008621E-16, 0.000000000000000000 ) ) ;
#153 = CARTESIAN_POINT ( 'NONE',  ( 11.85000000000000320, -0.8203022253684651988, -1.980384757729346301 ) ) ;
#154 = DIRECTION ( 'NONE',  ( 1.000000000000000000, -0.000000000000000000, -0.000000000000000000 ) ) ;
#155 = DIRECTION ( 'NONE',  ( 1.000000000000000000, -0.000000000000000000, -0.000000000000000000 ) ) ;
#156 = DIRECTION ( 'NONE',  ( 0.000000000000000000, -1.000000000000000000, 0.000000000000000000 ) ) ;
#157 = CARTESIAN_POINT ( 'NONE',  ( 12.45000000000000639, -1.980384757729360290, -0.8203022253684516540 ) ) ;
#158 = EDGE_LOOP ( 'NONE', ( #89, #1180, #2047, #3754 ) ) ;
#159 = ORIENTED_EDGE ( 'NONE', *, *, #1525, .T. ) ;
#160 = CARTESIAN_POINT ( 'NONE',  ( 13.94999999999999929, -0.8203022253684664200, 1.980384757729345857 ) ) ;
#161 = EDGE_CURVE ( 'NONE', #399, #5215, #5872, .T. ) ;
#162 = EDGE_CURVE ( 'NONE', #5099, #2351, #6816, .T. ) ;
#163 = LINE ( 'NONE', #4864, #3048 ) ;
#164 =( BOUNDED_CURVE ( )  B_SPLINE_CURVE ( 2, ( #4236, #4318, #6675, #4784, #7193, #1777, #82, #6600, #3607 ),
 .UNSPECIFIED., .F., .F. ) 
 B_SPLINE_CURVE_WITH_KNOTS ( ( 3, 2, 2, 2, 3 ),
 ( 0.5277777777777777901, 0.5324074074074074403, 0.5370370370370370905, 0.5416666666666666297, 0.5462962962962962798 ),
 .UNSPECIFIED. ) 
 CURVE ( )  GEOMETRIC_REPRESENTATION_ITEM ( )  RATIONAL_B_SPLINE_CURVE ( ( 1.000000000000000000, 0.9238795325112867385, 1.000000000000000000, 0.9238795325112867385, 1.000000000000000000, 0.9238795325112867385, 1.000000000000000000, 0.9238795325112867385, 1.000000000000000000 ) ) 
 REPRESENTATION_ITEM ( '' )  );
#165 = CARTESIAN_POINT ( 'NONE',  ( 0.6798989523384930678, -1.970725554258808021, -0.9961149167505708446 ) ) ;
#166 = DIRECTION ( 'NONE',  ( 0.000000000000000000, 0.000000000000000000, -1.000000000000000000 ) ) ;
#167 = CARTESIAN_POINT ( 'NONE',  ( 0.5000000000000009992, -1.584320469484819441E-12, -2.500000000000005773 ) ) ;
#168 = CARTESIAN_POINT ( 'NONE',  ( 2.950000000000005063, 2.499999999999997780, 1.035533905932744414 ) ) ;
#169 = ORIENTED_EDGE ( 'NONE', *, *, #3200, .F. ) ;
#170 = CARTESIAN_POINT ( 'NONE',  ( 17.15000000000000568, -1.980384757729360512, 0.8203022253684509879 ) ) ;
#171 = AXIS2_PLACEMENT_3D ( 'NONE', #4382, #2414, #1366 ) ;
#172 = CARTESIAN_POINT ( 'NONE',  ( 2.675000000000004707, 1.053469879313086999, -2.543301270189235019 ) ) ;
#173 = VERTEX_POINT ( 'NONE', #7676 ) ;
#174 = EDGE_CURVE ( 'NONE', #433, #3427, #4215, .T. ) ;
#175 = CARTESIAN_POINT ( 'NONE',  ( 5.050000000000002487, 0.8203022253684378873, 1.980384757729345857 ) ) ;
#176 = CARTESIAN_POINT ( 'NONE',  ( 13.90000000000000213, -1.424157858600947694E-14, 1.980384757729346301 ) ) ;
#177 = CARTESIAN_POINT ( 'NONE',  ( -0.2749999999999974687, 2.543301270189220809, 1.053469879313102542 ) ) ;
#178 = CARTESIAN_POINT ( 'NONE',  ( 4.000000000000003553, 1.980384757729332312, 0.000000000000000000 ) ) ;
#179 = CARTESIAN_POINT ( 'NONE',  ( -9.640625000000003553, 3.640624999999994671, 3.501724441311960115E-16 ) ) ;
#180 = AXIS2_PLACEMENT_3D ( 'NONE', #3272, #6928, #2647 ) ;
#181 = CARTESIAN_POINT ( 'NONE',  ( 6.350000000000004974, 1.980384757729332312, -0.8203022253684514320 ) ) ;
#182 = CARTESIAN_POINT ( 'NONE',  ( 2.649999999999999911, 0.8203022253684378873, 1.980384757729345857 ) ) ;
#183 = CARTESIAN_POINT ( 'NONE',  ( -7.943492629553149165, -2.125377416303276590, 6.290200229030082468 ) ) ;
#184 = EDGE_CURVE ( 'NONE', #121, #7642, #4542, .T. ) ;
#185 = CIRCLE ( 'NONE', #2186, 6.245515272181224375 ) ;
#186 = CARTESIAN_POINT ( 'NONE',  ( 6.225000000000003197, 1.053469879313087443, 2.543301270189234575 ) ) ;
#187 = CARTESIAN_POINT ( 'NONE',  ( 14.42500000000000426, -2.543301270189248786, -3.114645759804644720E-16 ) ) ;
#188 = CARTESIAN_POINT ( 'NONE',  ( 0.7789916648776831209, 0.8862981575440989079, -1.816433033289216237 ) ) ;
#189 = CARTESIAN_POINT ( 'NONE',  ( 15.20000000000000462, 1.980384757729332312, 0.000000000000000000 ) ) ;
#190 = CARTESIAN_POINT ( 'NONE',  ( 9.450000000000002842, -1.035533905932757959, 2.500000000000011102 ) ) ;
#191 = ORIENTED_EDGE ( 'NONE', *, *, #3757, .F. ) ;
#192 = CARTESIAN_POINT ( 'NONE',  ( 2.950000000000004174, -0.8203022253684651988, -1.980384757729346301 ) ) ;
#193 = CARTESIAN_POINT ( 'NONE',  ( 18.27500000000000213, -1.434498467178515336E-14, 2.543301270189235019 ) ) ;
#194 = CARTESIAN_POINT ( 'NONE',  ( 3.200000000000001510, 1.400343491548885044, -1.400343491548898811 ) ) ;
#195 = CARTESIAN_POINT ( 'NONE',  ( 8.300000000000006040, -1.400343491548913022, 1.400343491548898589 ) ) ;
#196 = CARTESIAN_POINT ( 'NONE',  ( -12.50000000000000000, -4.102566777143634563E-15, 0.000000000000000000 ) ) ;
#197 = CARTESIAN_POINT ( 'NONE',  ( 13.75000000000000178, 1.980384757729331868, 0.8203022253684526532 ) ) ;
#198 = CARTESIAN_POINT ( 'NONE',  ( -12.50000000000000000, -2.874999999999995559, 7.009737158183716232 ) ) ;
#199 = DIRECTION ( 'NONE',  ( 1.000000000000000000, -0.000000000000000000, -0.000000000000000000 ) ) ;
#200 = CARTESIAN_POINT ( 'NONE',  ( 10.20000000000000639, -1.375652421508278441E-14, -1.980384757729346301 ) ) ;
#201 = ORIENTED_EDGE ( 'NONE', *, *, #1274, .T. ) ;
#202 = VERTEX_POINT ( 'NONE', #3023 ) ;
#203 = CARTESIAN_POINT ( 'NONE',  ( 14.70000000000000107, -1.424157858600947694E-14, 1.980384757729346301 ) ) ;
#204 = DIRECTION ( 'NONE',  ( 1.000000000000000000, -0.000000000000000000, -0.000000000000000000 ) ) ;
#205 = FACE_OUTER_BOUND ( 'NONE', #5866, .T. ) ;
#206 = CARTESIAN_POINT ( 'NONE',  ( 1.100000000000003864, -1.372470695792103624E-14, -2.500000000000011546 ) ) ;
#207 = CARTESIAN_POINT ( 'NONE',  ( 15.40000000000000391, -1.372470695792103782E-14, -2.500000000000011546 ) ) ;
#208 = ORIENTED_EDGE ( 'NONE', *, *, #5094, .F. ) ;
#209 = ORIENTED_EDGE ( 'NONE', *, *, #4339, .T. ) ;
#210 = EDGE_CURVE ( 'NONE', #1417, #1217, #3760, .T. ) ;
#211 =( BOUNDED_CURVE ( )  B_SPLINE_CURVE ( 2, ( #4026, #1160, #3545, #569, #1948, #2572, #57, #3660, #5425 ),
 .UNSPECIFIED., .F., .F. ) 
 B_SPLINE_CURVE_WITH_KNOTS ( ( 3, 2, 2, 2, 3 ),
 ( 0.4722222222222222099, 0.4768518518518518601, 0.4814814814814814548, 0.4861111111111111049, 0.4907407407407407551 ),
 .UNSPECIFIED. ) 
 CURVE ( )  GEOMETRIC_REPRESENTATION_ITEM ( )  RATIONAL_B_SPLINE_CURVE ( ( 1.000000000000000000, 0.9238795325112867385, 1.000000000000000000, 0.9238795325112867385, 1.000000000000000000, 0.9238795325112867385, 1.000000000000000000, 0.9238795325112867385, 1.000000000000000000 ) ) 
 REPRESENTATION_ITEM ( '' )  );
#212 = CARTESIAN_POINT ( 'NONE',  ( 4.075000000000001954, -2.543301270189249674, -1.053469879313101210 ) ) ;
#213 = VERTEX_POINT ( 'NONE', #4827 ) ;
#214 = CARTESIAN_POINT ( 'NONE',  ( 7.000000000000002665, -1.433703035749471672E-14, 2.500000000000011546 ) ) ;
#215 = CARTESIAN_POINT ( 'NONE',  ( 13.65000000000000213, 1.980384757729332312, -0.8203022253684514320 ) ) ;
#216 = CARTESIAN_POINT ( 'NONE',  ( 18.70000000000000639, -1.400343491548913022, 1.400343491548898589 ) ) ;
#217 = CARTESIAN_POINT ( 'NONE',  ( -0.09999999999999592548, 1.400343491548885044, -1.400343491548898811 ) ) ;
#218 = CARTESIAN_POINT ( 'NONE',  ( 5.500000000000005329, 1.400343491548885044, -1.400343491548898811 ) ) ;
#219 = CARTESIAN_POINT ( 'NONE',  ( 2.200000000000000622, -1.400343491548912578, -1.400343491548898811 ) ) ;
#220 = CARTESIAN_POINT ( 'NONE',  ( 7.500000000000003553, -1.372470695792103624E-14, -2.500000000000011546 ) ) ;
#221 = EDGE_CURVE ( 'NONE', #49, #2466, #2406, .T. ) ;
#222 = EDGE_CURVE ( 'NONE', #1023, #1389, #5291, .T. ) ;
#223 = CARTESIAN_POINT ( 'NONE',  ( 9.025000000000005684, -1.053469879313114532, -2.543301270189235019 ) ) ;
#224 = CARTESIAN_POINT ( 'NONE',  ( 16.97500000000000142, -1.053469879313114532, -2.543301270189235019 ) ) ;
#225 = CARTESIAN_POINT ( 'NONE',  ( 18.55000000000000426, -2.500000000000025757, -1.035533905932743082 ) ) ;
#226 = CARTESIAN_POINT ( 'NONE',  ( 16.25000000000000711, -0.8203022253684665310, 1.980384757729345857 ) ) ;
#227 = CARTESIAN_POINT ( 'NONE',  ( 8.600000000000003197, -1.433703035749471672E-14, 2.500000000000011546 ) ) ;
#228 = ORIENTED_EDGE ( 'NONE', *, *, #4967, .T. ) ;
#229 = ADVANCED_FACE ( 'NONE', ( #7232 ), #1225, .T. ) ;
#230 = CARTESIAN_POINT ( 'NONE',  ( 2.200000000000004174, -1.375652421508278441E-14, -1.980384757729346301 ) ) ;
#231 = B_SPLINE_CURVE_WITH_KNOTS ( 'NONE', 3,
 ( #4161, #5372, #3571, #5492, #3102, #6721, #126, #5409, #5967, #2513, #7749, #4907, #5453, #6004, #2952, #5935, #590, #43, #2431, #7309, #1344, #4825, #5338, #1930, #2355, #4751, #7230, #3060, #1852, #4199, #1260, #7157 ),
 .UNSPECIFIED., .F., .F.,
 ( 4, 2, 2, 2, 2, 2, 2, 2, 2, 2, 2, 2, 2, 2, 2, 4 ),
 ( 0.001937680941650668899, 0.002845001442483861397, 0.003298661692900457104, 0.003752321943317053245, 0.004205982193733648518, 0.004659642444150244658, 0.005113302694566841666, 0.005566962944983437807, 0.006020623195400033080, 0.006474283445816629221, 0.006927943696233225361, 0.007381603946649821502, 0.007835264197066418509, 0.008288924447483015517, 0.008742584697899610791, 0.009196244948316206064 ),
 .UNSPECIFIED. ) ;
#232 = CARTESIAN_POINT ( 'NONE',  ( 17.57500000000000284, -1.798385574751182103, 1.798385574751167670 ) ) ;
#233 = CARTESIAN_POINT ( 'NONE',  ( 3.050000000000000711, -0.8203022253684651988, -1.980384757729346301 ) ) ;
#234 = CARTESIAN_POINT ( 'NONE',  ( 7.900000000000005684, 1.400343491548885044, -1.400343491548898811 ) ) ;
#235 = DIRECTION ( 'NONE',  ( 2.168404344971008868E-16, 1.000000000000000000, -0.000000000000000000 ) ) ;
#236 = CARTESIAN_POINT ( 'NONE',  ( 9.849999999999999645, 0.8203022253684378873, 1.980384757729345857 ) ) ;
#237 = CARTESIAN_POINT ( 'NONE',  ( 9.400000000000003908, -1.433703035749471672E-14, 2.500000000000011546 ) ) ;
#238 = CIRCLE ( 'NONE', #6375, 6.979092815367791580 ) ;
#239 = CARTESIAN_POINT ( 'NONE',  ( 0.5000000000000005551, 2.434931691671244014, 0.6543697108969542819 ) ) ;
#240 = CARTESIAN_POINT ( 'NONE',  ( 11.95000000000000639, 1.980384757729332312, -0.8203022253684513210 ) ) ;
#241 = VERTEX_POINT ( 'NONE', #560 ) ;
#242 = MANIFOLD_SOLID_BREP ( 'Fillet5', #2668 ) ;
#243 = ORIENTED_EDGE ( 'NONE', *, *, #4669, .T. ) ;
#244 = CARTESIAN_POINT ( 'NONE',  ( 15.10000000000000142, -1.375652421508278441E-14, -1.980384757729346301 ) ) ;
#245 = AXIS2_PLACEMENT_3D ( 'NONE', #3049, #1288, #6033 ) ;
#246 = CARTESIAN_POINT ( 'NONE',  ( 0.6130028027872311824, -1.949041092429788069, 1.263370199378717862 ) ) ;
#247 = CARTESIAN_POINT ( 'NONE',  ( 20.50000000000000000, -1.267509437117510519E-14, 0.000000000000000000 ) ) ;
#248 = CARTESIAN_POINT ( 'NONE',  ( 20.00000000000000355, -2.500000000000025757, -3.061616997868397439E-16 ) ) ;
#249 = CARTESIAN_POINT ( 'NONE',  ( 12.95000000000000284, -1.035533905932756404, -2.500000000000011546 ) ) ;
#250 = ORIENTED_EDGE ( 'NONE', *, *, #6356, .F. ) ;
#251 = AXIS2_PLACEMENT_3D ( 'NONE', #1532, #3287, #3914 ) ;
#252 = DIRECTION ( 'NONE',  ( -0.000000000000000000, 1.000000000000000000, -0.000000000000000000 ) ) ;
#253 = ORIENTED_EDGE ( 'NONE', *, *, #4483, .F. ) ;
#254 = CARTESIAN_POINT ( 'NONE',  ( 2.250000000000001776, -0.8203022253684651988, -1.980384757729346301 ) ) ;
#255 = CARTESIAN_POINT ( 'NONE',  ( 13.50000000000000178, -1.375652421508278441E-14, -1.980384757729346301 ) ) ;
#256 = CARTESIAN_POINT ( 'NONE',  ( 16.30000000000000426, -1.400343491548913022, 1.400343491548898589 ) ) ;
#257 = PRODUCT_DEFINITION ( 'UNKNOWN', '', #6393, #2482 ) ;
#258 = DIRECTION ( 'NONE',  ( 0.000000000000000000, 0.000000000000000000, -1.000000000000000000 ) ) ;
#259 = CARTESIAN_POINT ( 'NONE',  ( 13.50000000000000533, -1.433703035749471672E-14, 2.500000000000011546 ) ) ;
#260 = CARTESIAN_POINT ( 'NONE',  ( 7.400000000000005684, -1.424157858600947694E-14, 1.980384757729346301 ) ) ;
#261 = CARTESIAN_POINT ( 'NONE',  ( 4.550000000000001599, -1.980384757729360290, -0.8203022253684516540 ) ) ;
#262 = DIRECTION ( 'NONE',  ( 1.000000000000000000, -0.000000000000000000, -0.000000000000000000 ) ) ;
#263 =( BOUNDED_CURVE ( )  B_SPLINE_CURVE ( 2, ( #4132, #7301, #4350, #6528, #7345, #6793, #3211, #2627, #117 ),
 .UNSPECIFIED., .F., .F. ) 
 B_SPLINE_CURVE_WITH_KNOTS ( ( 3, 2, 2, 2, 3 ),
 ( 0.2685185185185185452, 0.2731481481481481399, 0.2777777777777777901, 0.2824074074074073848, 0.2870370370370370350 ),
 .UNSPECIFIED. ) 
 CURVE ( )  GEOMETRIC_REPRESENTATION_ITEM ( )  RATIONAL_B_SPLINE_CURVE ( ( 1.000000000000000000, 0.9238795325112867385, 1.000000000000000000, 0.9238795325112867385, 1.000000000000000000, 0.9238795325112867385, 1.000000000000000000, 0.9238795325112867385, 1.000000000000000000 ) ) 
 REPRESENTATION_ITEM ( '' )  );
#264 = CARTESIAN_POINT ( 'NONE',  ( 9.225000000000003197, 2.543301270189221253, 0.000000000000000000 ) ) ;
#265 = CARTESIAN_POINT ( 'NONE',  ( 11.00000000000000178, -1.400343491548912578, -1.400343491548898811 ) ) ;
#266 = CARTESIAN_POINT ( 'NONE',  ( 6.775000000000003020, 1.798385574751153904, -1.798385574751167892 ) ) ;
#267 = CARTESIAN_POINT ( 'NONE',  ( 14.87500000000000355, 2.543301270189220809, 1.053469879313102542 ) ) ;
#268 = EDGE_CURVE ( 'NONE', #3256, #5031, #3410, .T. ) ;
#269 = CARTESIAN_POINT ( 'NONE',  ( 17.90000000000000568, -1.400343491548913022, 1.400343491548898589 ) ) ;
#270 = CARTESIAN_POINT ( 'NONE',  ( 19.20000000000000639, -1.767766952966391303, 1.767766952966376870 ) ) ;
#271 = CARTESIAN_POINT ( 'NONE',  ( 1.150000000000005018, -1.980384757729360512, 0.8203022253684509879 ) ) ;
#272 = CIRCLE ( 'NONE', #6408, 5.549999999999996270 ) ;
#273 = CARTESIAN_POINT ( 'NONE',  ( 18.37500000000000355, -1.798385574751182103, 1.798385574751167670 ) ) ;
#274 = CARTESIAN_POINT ( 'NONE',  ( 3.450000000000001510, 0.8203022253684378873, 1.980384757729345857 ) ) ;
#275 = CARTESIAN_POINT ( 'NONE',  ( 9.650000000000007461, 1.980384757729331868, 0.8203022253684526532 ) ) ;
#276 = FACE_OUTER_BOUND ( 'NONE', #3685, .T. ) ;
#277 = CARTESIAN_POINT ( 'NONE',  ( 10.60000000000000142, 1.400343491548884600, 1.400343491548899033 ) ) ;
#278 = DIRECTION ( 'NONE',  ( 0.000000000000000000, 0.000000000000000000, -1.000000000000000000 ) ) ;
#279 = CARTESIAN_POINT ( 'NONE',  ( 11.25000000000000355, -2.500000000000025757, -1.035533905932743082 ) ) ;
#280 = CARTESIAN_POINT ( 'NONE',  ( 11.30000000000000604, 1.400343491548884600, 1.400343491548899033 ) ) ;
#281 = VERTEX_POINT ( 'NONE', #6044 ) ;
#282 = VERTEX_POINT ( 'NONE', #669 ) ;
#283 = CARTESIAN_POINT ( 'NONE',  ( 12.90000000000000213, 1.980384757729332312, 0.000000000000000000 ) ) ;
#284 = CARTESIAN_POINT ( 'NONE',  ( 0.7500000000000013323, 6.212425677552092198E-14, -2.066987298107785698 ) ) ;
#285 = CARTESIAN_POINT ( 'NONE',  ( 1.150000000000002132, 1.035533905932728871, -2.500000000000011546 ) ) ;
#286 = CARTESIAN_POINT ( 'NONE',  ( -15.00000000000000000, 3.640624999999995559, 0.000000000000000000 ) ) ;
#287 = ORIENTED_EDGE ( 'NONE', *, *, #2408, .F. ) ;
#288 = CARTESIAN_POINT ( 'NONE',  ( 5.250000000000002665, 2.499999999999997780, -1.035533905932742638 ) ) ;
#289 = ORIENTED_EDGE ( 'NONE', *, *, #6539, .T. ) ;
#290 = CARTESIAN_POINT ( 'NONE',  ( 1.799999999999999600, 1.400343491548884600, 1.400343491548899033 ) ) ;
#291 = DIRECTION ( 'NONE',  ( -0.000000000000000000, 0.000000000000000000, -1.000000000000000000 ) ) ;
#292 = CARTESIAN_POINT ( 'NONE',  ( 16.00000000000000711, 1.980384757729332312, 0.000000000000000000 ) ) ;
#293 = CARTESIAN_POINT ( 'NONE',  ( 0.3000000000000051514, -1.400343491548913022, 1.400343491548898589 ) ) ;
#294 = CARTESIAN_POINT ( 'NONE',  ( -0.09999999999999939493, -1.375652421508278441E-14, -1.980384757729346301 ) ) ;
#295 = AXIS2_PLACEMENT_3D ( 'NONE', #7726, #2336, #5202 ) ;
#296 = DIRECTION ( 'NONE',  ( 0.000000000000000000, -0.000000000000000000, -1.000000000000000000 ) ) ;
#297 = CARTESIAN_POINT ( 'NONE',  ( 9.675000000000002487, -2.543301270189249674, -1.053469879313101210 ) ) ;
#298 = ORIENTED_EDGE ( 'NONE', *, *, #1133, .T. ) ;
#299 = CARTESIAN_POINT ( 'NONE',  ( 10.85000000000000142, -1.980384757729360512, 0.8203022253684510989 ) ) ;
#300 = AXIS2_PLACEMENT_3D ( 'NONE', #4454, #5116, #6856 ) ;
#301 = CARTESIAN_POINT ( 'NONE',  ( 3.575000000000001954, 1.798385574751153904, -1.798385574751167892 ) ) ;
#302 = CARTESIAN_POINT ( 'NONE',  ( 13.92500000000000249, 1.798385574751153904, -1.798385574751167892 ) ) ;
#303 = CARTESIAN_POINT ( 'NONE',  ( -12.50000000000000000, -4.102566777143634563E-15, 0.000000000000000000 ) ) ;
#304 = CARTESIAN_POINT ( 'NONE',  ( 12.35000000000000497, -1.980384757729360512, 0.8203022253684510989 ) ) ;
#305 = CARTESIAN_POINT ( 'NONE',  ( 8.950000000000002842, -1.035533905932756404, -2.500000000000011546 ) ) ;
#306 = AXIS2_PLACEMENT_3D ( 'NONE', #7470, #3881, #6754 ) ;
#307 = CARTESIAN_POINT ( 'NONE',  ( 1.900000000000005906, -1.400343491548913022, 1.400343491548898589 ) ) ;
#308 = EDGE_CURVE ( 'NONE', #86, #6377, #6667, .T. ) ;
#309 = CARTESIAN_POINT ( 'NONE',  ( 15.57500000000000462, 1.798385574751153904, -1.798385574751167892 ) ) ;
#310 = CARTESIAN_POINT ( 'NONE',  ( 4.849999999999999645, 1.980384757729332312, -0.8203022253684513210 ) ) ;
#311 = AXIS2_PLACEMENT_3D ( 'NONE', #1717, #4103, #496 ) ;
#312 = CARTESIAN_POINT ( 'NONE',  ( 6.250000000000005329, 0.8203022253684377763, -1.980384757729346301 ) ) ;
#313 = CARTESIAN_POINT ( 'NONE',  ( 10.85000000000000142, -1.980384757729360512, 0.8203022253684509879 ) ) ;
#314 = CARTESIAN_POINT ( 'NONE',  ( 19.10000000000000497, -1.433703035749471672E-14, 2.500000000000011546 ) ) ;
#315 = CARTESIAN_POINT ( 'NONE',  ( 16.50000000000000355, 1.767766952966362659, 1.767766952966377536 ) ) ;
#316 = EDGE_CURVE ( 'NONE', #6209, #7106, #3104, .T. ) ;
#317 = CARTESIAN_POINT ( 'NONE',  ( 12.70000000000000639, 1.400343491548885044, -1.400343491548898811 ) ) ;
#318 = ORIENTED_EDGE ( 'NONE', *, *, #2360, .F. ) ;
#319 = CIRCLE ( 'NONE', #5320, 2.859374999999997335 ) ;
#320 = ADVANCED_FACE ( 'NONE', ( #4280 ), #5494, .T. ) ;
#321 = ORIENTED_EDGE ( 'NONE', *, *, #2940, .T. ) ;
#322 = CARTESIAN_POINT ( 'NONE',  ( 12.40000000000000213, -1.400343491548913022, 1.400343491548898589 ) ) ;
#323 = DIRECTION ( 'NONE',  ( 0.000000000000000000, 0.000000000000000000, -1.000000000000000000 ) ) ;
#324 = CARTESIAN_POINT ( 'NONE',  ( 17.85000000000000142, 0.8203022253684378873, 1.980384757729345857 ) ) ;
#325 = CARTESIAN_POINT ( 'NONE',  ( 14.00000000000000355, 1.767766952966363103, -1.767766952966377092 ) ) ;
#326 = ORIENTED_EDGE ( 'NONE', *, *, #400, .T. ) ;
#327 = CARTESIAN_POINT ( 'NONE',  ( 0.5000000000000002220, -2.434931691670812359, 0.6543697108982036159 ) ) ;
#328 = VERTEX_POINT ( 'NONE', #4868 ) ;
#329 = CARTESIAN_POINT ( 'NONE',  ( 1.850000000000000977, 0.8203022253684378873, 1.980384757729345857 ) ) ;
#330 = CARTESIAN_POINT ( 'NONE',  ( 19.30000000000000426, -1.767766952966390637, -1.767766952966377092 ) ) ;
#331 = CARTESIAN_POINT ( 'NONE',  ( 16.75000000000001066, 1.980384757729332312, -0.8203022253684513210 ) ) ;
#332 = FACE_OUTER_BOUND ( 'NONE', #1218, .T. ) ;
#333 = CARTESIAN_POINT ( 'NONE',  ( 14.00000000000000178, 2.499999999999997780, 0.000000000000000000 ) ) ;
#334 = CARTESIAN_POINT ( 'NONE',  ( 1.850000000000000977, 0.8203022253684378873, 1.980384757729345857 ) ) ;
#335 = DIRECTION ( 'NONE',  ( 1.000000000000000000, -0.000000000000000000, -0.000000000000000000 ) ) ;
#336 = CARTESIAN_POINT ( 'NONE',  ( 10.07500000000000462, 2.543301270189220809, 1.053469879313102542 ) ) ;
#337 = ORIENTED_EDGE ( 'NONE', *, *, #5146, .F. ) ;
#338 = CARTESIAN_POINT ( 'NONE',  ( 9.850000000000001421, 0.8203022253684378873, 1.980384757729345857 ) ) ;
#339 = CARTESIAN_POINT ( 'NONE',  ( 5.525000000000002132, -1.053469879313116087, 2.543301270189234575 ) ) ;
#340 = CARTESIAN_POINT ( 'NONE',  ( 14.80000000000000604, -1.980384757729360068, -2.425271854633450283E-16 ) ) ;
#341 = CYLINDRICAL_SURFACE ( 'NONE', #5811, 2.500000000000010658 ) ;
#342 = CARTESIAN_POINT ( 'NONE',  ( 19.70000000000000284, -1.980384757729360068, -2.425271854633450283E-16 ) ) ;
#343 = CARTESIAN_POINT ( 'NONE',  ( 15.12500000000000355, -1.053469879313116087, 2.543301270189234575 ) ) ;
#344 = CARTESIAN_POINT ( 'NONE',  ( 21.02500000000000568, -1.372205551982422560E-14, -2.543301270189235019 ) ) ;
#345 = CARTESIAN_POINT ( 'NONE',  ( 1.500000000000004885, -1.433703035749471672E-14, 2.500000000000011546 ) ) ;
#346 = CARTESIAN_POINT ( 'NONE',  ( 5.700000000000005507, 1.400343491548884600, 1.400343491548899033 ) ) ;
#347 = CARTESIAN_POINT ( 'NONE',  ( -7.053024928834530805, 1.884309159278208856, 5.879149879349693464 ) ) ;
#348 = CARTESIAN_POINT ( 'NONE',  ( 10.05000000000000071, -1.980384757729360512, 0.8203022253684509879 ) ) ;
#349 = CYLINDRICAL_SURFACE ( 'NONE', #5375, 2.500000000000010658 ) ;
#350 = CARTESIAN_POINT ( 'NONE',  ( 15.15000000000000568, -1.035533905932757959, 2.500000000000011102 ) ) ;
#351 = CARTESIAN_POINT ( 'NONE',  ( 8.000000000000005329, 1.980384757729332312, 0.000000000000000000 ) ) ;
#352 = ORIENTED_EDGE ( 'NONE', *, *, #7419, .F. ) ;
#353 = ORIENTED_EDGE ( 'NONE', *, *, #4375, .F. ) ;
#354 = CARTESIAN_POINT ( 'NONE',  ( 11.10000000000000142, -1.375652421508278441E-14, -1.980384757729346301 ) ) ;
#355 = CARTESIAN_POINT ( 'NONE',  ( 20.50000000000000000, -1.267509437117510519E-14, -2.500000000000010658 ) ) ;
#356 = CARTESIAN_POINT ( 'NONE',  ( 17.55000000000000426, 0.8203022253684377763, -1.980384757729346301 ) ) ;
#357 = EDGE_CURVE ( 'NONE', #7144, #1887, #2072, .T. ) ;
#358 = FACE_OUTER_BOUND ( 'NONE', #6920, .T. ) ;
#359 = VERTEX_POINT ( 'NONE', #128 ) ;
#360 = CIRCLE ( 'NONE', #3744, 6.231472203984925073 ) ;
#361 = DIRECTION ( 'NONE',  ( -0.000000000000000000, 0.000000000000000000, -1.000000000000000000 ) ) ;
#362 = EDGE_LOOP ( 'NONE', ( #5941, #5296, #3808, #2438 ) ) ;
#363 = CARTESIAN_POINT ( 'NONE',  ( 1.050000000000002265, 0.8203022253684378873, 1.980384757729345857 ) ) ;
#364 = DIRECTION ( 'NONE',  ( 0.000000000000000000, -1.000000000000000000, 0.000000000000000000 ) ) ;
#365 = CARTESIAN_POINT ( 'NONE',  ( 17.15000000000000568, -1.980384757729360512, 0.8203022253684509879 ) ) ;
#366 = LINE ( 'NONE', #1815, #1990 ) ;
#367 = CARTESIAN_POINT ( 'NONE',  ( -12.50000000000000000, -4.102566777143634563E-15, 0.000000000000000000 ) ) ;
#368 = EDGE_CURVE ( 'NONE', #2320, #7144, #4562, .T. ) ;
#369 = CARTESIAN_POINT ( 'NONE',  ( 17.39999999999999858, -1.433703035749471672E-14, 2.500000000000011546 ) ) ;
#370 =( BOUNDED_CURVE ( )  B_SPLINE_CURVE ( 2, ( #3228, #5621, #2644, #5036, #5542, #4486, #2568, #7445, #3859 ),
 .UNSPECIFIED., .F., .F. ) 
 B_SPLINE_CURVE_WITH_KNOTS ( ( 3, 2, 2, 2, 3 ),
 ( 0.4166666666666666852, 0.4212962962962962798, 0.4259259259259259300, 0.4305555555555555802, 0.4351851851851851749 ),
 .UNSPECIFIED. ) 
 CURVE ( )  GEOMETRIC_REPRESENTATION_ITEM ( )  RATIONAL_B_SPLINE_CURVE ( ( 1.000000000000000000, 0.9238795325112867385, 1.000000000000000000, 0.9238795325112867385, 1.000000000000000000, 0.9238795325112867385, 1.000000000000000000, 0.9238795325112867385, 1.000000000000000000 ) ) 
 REPRESENTATION_ITEM ( '' )  );
#371 = CIRCLE ( 'NONE', #1002, 6.245515272181226152 ) ;
#372 = CARTESIAN_POINT ( 'NONE',  ( 20.50000000000000000, -1.267509437117510519E-14, -2.500000000000010658 ) ) ;
#373 = CARTESIAN_POINT ( 'NONE',  ( 7.875000000000003553, -1.053469879313116087, 2.543301270189234575 ) ) ;
#374 = EDGE_LOOP ( 'NONE', ( #4954, #795, #530, #7187, #7508, #5782, #1207, #6717 ) ) ;
#375 = CARTESIAN_POINT ( 'NONE',  ( 12.10000000000000142, 1.980384757729332312, 0.000000000000000000 ) ) ;
#376 = CARTESIAN_POINT ( 'NONE',  ( 4.925000000000001599, -2.543301270189249674, -1.053469879313101210 ) ) ;
#377 = CC_DESIGN_APPROVAL ( #2698, ( #257 ) ) ;
#378 = CARTESIAN_POINT ( 'NONE',  ( 14.95000000000000462, 2.499999999999997780, 1.035533905932744414 ) ) ;
#379 = CARTESIAN_POINT ( 'NONE',  ( 13.30000000000000604, -1.400343491548912578, -1.400343491548898811 ) ) ;
#380 = CARTESIAN_POINT ( 'NONE',  ( 13.85000000000000320, -1.035533905932756404, -2.500000000000011546 ) ) ;
#381 = CARTESIAN_POINT ( 'NONE',  ( 19.30000000000000071, 1.980384757729332312, 0.000000000000000000 ) ) ;
#382 = CARTESIAN_POINT ( 'NONE',  ( 13.47500000000000497, -1.434498467178515336E-14, 2.543301270189235019 ) ) ;
#383 = CARTESIAN_POINT ( 'NONE',  ( 1.500000000000001332, -1.375652421508278441E-14, -1.980384757729346301 ) ) ;
#384 = CARTESIAN_POINT ( 'NONE',  ( 4.200000000000001954, -1.372470695792103782E-14, -2.500000000000011546 ) ) ;
#385 = CARTESIAN_POINT ( 'NONE',  ( 5.400000000000005684, -1.375652421508278441E-14, -1.980384757729346301 ) ) ;
#386 = CARTESIAN_POINT ( 'NONE',  ( 4.300000000000005151, -1.372470695792103624E-14, -2.500000000000011546 ) ) ;
#387 = CARTESIAN_POINT ( 'NONE',  ( 8.750000000000001776, 0.8203022253684377763, -1.980384757729346301 ) ) ;
#388 = CARTESIAN_POINT ( 'NONE',  ( -8.956206739499515734, 0.5858326306829682029, 7.148309552310840864 ) ) ;
#389 = CARTESIAN_POINT ( 'NONE',  ( -17.24730186527041909, 2.874999999999991562, 0.000000000000000000 ) ) ;
#390 = CARTESIAN_POINT ( 'NONE',  ( 7.550000000000004263, -1.980384757729360512, 0.8203022253684509879 ) ) ;
#391 = ORIENTED_EDGE ( 'NONE', *, *, #5668, .F. ) ;
#392 = ORIENTED_EDGE ( 'NONE', *, *, #7569, .T. ) ;
#393 = CARTESIAN_POINT ( 'NONE',  ( 11.20000000000000107, 1.400343491548885044, -1.400343491548898811 ) ) ;
#394 = DIRECTION ( 'NONE',  ( 0.000000000000000000, 0.000000000000000000, -1.000000000000000000 ) ) ;
#395 = CARTESIAN_POINT ( 'NONE',  ( 17.25000000000000355, -1.980384757729360512, 0.8203022253684510989 ) ) ;
#396 = CARTESIAN_POINT ( 'NONE',  ( 3.150000000000003464, 1.980384757729332312, -0.8203022253684514320 ) ) ;
#397 = DIRECTION ( 'NONE',  ( -0.000000000000000000, 1.000000000000000000, 0.000000000000000000 ) ) ;
#398 = CARTESIAN_POINT ( 'NONE',  ( 15.75000000000000000, -1.980384757729360290, -0.8203022253684516540 ) ) ;
#399 = VERTEX_POINT ( 'NONE', #6207 ) ;
#400 = EDGE_CURVE ( 'NONE', #2009, #1662, #6673, .T. ) ;
#401 = EDGE_CURVE ( 'NONE', #7153, #1479, #3373, .T. ) ;
#402 = CARTESIAN_POINT ( 'NONE',  ( 0.8250000000000028422, -2.543301270189248786, -3.114645759804644720E-16 ) ) ;
#403 = EDGE_LOOP ( 'NONE', ( #1927, #392, #2106, #2454 ) ) ;
#404 = CARTESIAN_POINT ( 'NONE',  ( 19.10000000000000142, -1.375652421508278441E-14, -1.980384757729346301 ) ) ;
#405 = CARTESIAN_POINT ( 'NONE',  ( -15.35937499999999822, 3.640624999999995559, 0.000000000000000000 ) ) ;
#406 = CARTESIAN_POINT ( 'NONE',  ( 16.05000000000000426, 1.980384757729331868, 0.8203022253684526532 ) ) ;
#407 = CARTESIAN_POINT ( 'NONE',  ( 16.55000000000000426, 2.499999999999997780, 1.035533905932744414 ) ) ;
#408 = CARTESIAN_POINT ( 'NONE',  ( 20.50000000000000000, -1.267509437117510519E-14, -2.500000000000010658 ) ) ;
#409 = DIRECTION ( 'NONE',  ( -0.000000000000000000, 1.000000000000000000, -0.000000000000000000 ) ) ;
#410 = FACE_OUTER_BOUND ( 'NONE', #3068, .T. ) ;
#411 = EDGE_CURVE ( 'NONE', #2292, #1023, #4923, .T. ) ;
#412 = CARTESIAN_POINT ( 'NONE',  ( 7.525000000000003908, 1.798385574751153904, -1.798385574751167892 ) ) ;
#413 = ORIENTED_EDGE ( 'NONE', *, *, #5201, .F. ) ;
#414 = CARTESIAN_POINT ( 'NONE',  ( 7.650000000000000355, -1.980384757729360512, 0.8203022253684510989 ) ) ;
#415 = CARTESIAN_POINT ( 'NONE',  ( 3.225000000000002753, -2.543301270189249674, 1.053469879313100099 ) ) ;
#416 = CARTESIAN_POINT ( 'NONE',  ( 3.650000000000003908, 2.499999999999997780, -1.035533905932742638 ) ) ;
#417 =( BOUNDED_CURVE ( )  B_SPLINE_CURVE ( 2, ( #1929, #6674, #4317, #2592, #6720, #3810, #1891, #3180, #708 ),
 .UNSPECIFIED., .F., .F. ) 
 B_SPLINE_CURVE_WITH_KNOTS ( ( 3, 2, 2, 2, 3 ),
 ( 0.6203703703703703498, 0.6250000000000000000, 0.6296296296296296502, 0.6342592592592593004, 0.6388888888888888395 ),
 .UNSPECIFIED. ) 
 CURVE ( )  GEOMETRIC_REPRESENTATION_ITEM ( )  RATIONAL_B_SPLINE_CURVE ( ( 1.000000000000000000, 0.9238795325112867385, 1.000000000000000000, 0.9238795325112867385, 1.000000000000000000, 0.9238795325112867385, 1.000000000000000000, 0.9238795325112867385, 1.000000000000000000 ) ) 
 REPRESENTATION_ITEM ( '' )  );
#418 = CARTESIAN_POINT ( 'NONE',  ( 14.30000000000000604, 1.400343491548885044, -1.400343491548898811 ) ) ;
#419 = FACE_OUTER_BOUND ( 'NONE', #4195, .T. ) ;
#420 = CARTESIAN_POINT ( 'NONE',  ( 11.15000000000000391, -2.500000000000026201, 1.035533905932742194 ) ) ;
#421 = CARTESIAN_POINT ( 'NONE',  ( 18.64999999999999858, 0.8203022253684378873, 1.980384757729345857 ) ) ;
#422 = AXIS2_PLACEMENT_3D ( 'NONE', #7580, #4587, #4541 ) ;
#423 = B_SPLINE_CURVE_WITH_KNOTS ( 'NONE', 3,
 ( #1893, #6087, #1301, #2553 ),
 .UNSPECIFIED., .F., .F.,
 ( 4, 4 ),
 ( 0.08400000004953046828, 0.3333333333693815348 ),
 .UNSPECIFIED. ) ;
#424 = CARTESIAN_POINT ( 'NONE',  ( 15.27500000000000391, -2.543301270189248786, -3.114645759804644720E-16 ) ) ;
#425 = CARTESIAN_POINT ( 'NONE',  ( -0.09999999999999939493, -1.375652421508278441E-14, -1.980384757729346301 ) ) ;
#426 = DIRECTION ( 'NONE',  ( 1.000000000000000000, -2.168404344971008621E-16, 0.000000000000000000 ) ) ;
#427 = CARTESIAN_POINT ( 'NONE',  ( 4.750000000000004441, 1.980384757729332312, -0.8203022253684513210 ) ) ;
#428 = CARTESIAN_POINT ( 'NONE',  ( -2.773685124732075735, -1.326709120328566582, 3.766784449917325972 ) ) ;
#429 = CARTESIAN_POINT ( 'NONE',  ( 6.100000000000001421, -1.980384757729360068, -2.425271854633450283E-16 ) ) ;
#430 = CARTESIAN_POINT ( 'NONE',  ( 0.2588895879755240825, 2.499999999999992006, -0.7145628824008294355 ) ) ;
#431 = CARTESIAN_POINT ( 'NONE',  ( 10.65000000000000391, -1.035533905932756404, -2.500000000000011546 ) ) ;
#432 = CARTESIAN_POINT ( 'NONE',  ( 10.00000000000000533, -1.980384757729360068, -2.425271854633450283E-16 ) ) ;
#433 = VERTEX_POINT ( 'NONE', #167 ) ;
#434 = TOROIDAL_SURFACE ( 'NONE', #6453, 2.859374999999997780, 0.3593750000000000000 ) ;
#435 = CARTESIAN_POINT ( 'NONE',  ( 10.60000000000000142, 1.400343491548884600, 1.400343491548899033 ) ) ;
#436 = CARTESIAN_POINT ( 'NONE',  ( 5.000000000000004441, -1.372470695792103782E-14, -2.500000000000011546 ) ) ;
#437 = CARTESIAN_POINT ( 'NONE',  ( 19.95000000000000284, 0.8203022253684377763, -1.980384757729346301 ) ) ;
#438 = CARTESIAN_POINT ( 'NONE',  ( 2.400000000000006128, 1.980384757729332312, 0.000000000000000000 ) ) ;
#439 = AXIS2_PLACEMENT_3D ( 'NONE', #1364, #6224, #3314 ) ;
#440 = CARTESIAN_POINT ( 'NONE',  ( -8.956206739499513958, 14.88245173530464882, 5.976644290944900462 ) ) ;
#441 = CARTESIAN_POINT ( 'NONE',  ( 15.45000000000000284, 0.8203022253684378873, 1.980384757729345857 ) ) ;
#442 = ORIENTED_EDGE ( 'NONE', *, *, #3438, .T. ) ;
#443 = CARTESIAN_POINT ( 'NONE',  ( 10.60000000000000320, -1.372470695792103782E-14, -2.500000000000011546 ) ) ;
#444 = VERTEX_POINT ( 'NONE', #207 ) ;
#445 = CARTESIAN_POINT ( 'NONE',  ( 20.10000000000000497, 1.980384757729332312, 0.000000000000000000 ) ) ;
#446 = CARTESIAN_POINT ( 'NONE',  ( 3.400000000000003908, -1.767766952966390637, -1.767766952966377092 ) ) ;
#447 = CARTESIAN_POINT ( 'NONE',  ( 14.60000000000000497, -1.424157858600947694E-14, 1.980384757729346301 ) ) ;
#448 = CARTESIAN_POINT ( 'NONE',  ( -12.50000000000000000, -2.695312499999995115, -6.411159703984926850 ) ) ;
#449 = CYLINDRICAL_SURFACE ( 'NONE', #6785, 2.499999999999998668 ) ;
#450 = CARTESIAN_POINT ( 'NONE',  ( 1.350000000000000533, -1.980384757729360290, -0.8203022253684516540 ) ) ;
#451 = EDGE_CURVE ( 'NONE', #2123, #1898, #512, .T. ) ;
#452 = DIRECTION ( 'NONE',  ( 0.000000000000000000, 0.000000000000000000, -1.000000000000000000 ) ) ;
#453 = CARTESIAN_POINT ( 'NONE',  ( 5.725000000000004086, -1.798385574751181437, -1.798385574751167892 ) ) ;
#454 = VERTEX_POINT ( 'NONE', #3260 ) ;
#455 = CARTESIAN_POINT ( 'NONE',  ( 9.600000000000001421, 1.400343491548885044, -1.400343491548898811 ) ) ;
#456 = CARTESIAN_POINT ( 'NONE',  ( 5.175000000000002487, 1.798385574751153904, -1.798385574751167892 ) ) ;
#457 = CARTESIAN_POINT ( 'NONE',  ( 3.550000000000004263, 1.035533905932728871, -2.500000000000011546 ) ) ;
#458 = CARTESIAN_POINT ( 'NONE',  ( 14.70000000000000462, -1.400343491548913022, 1.400343491548898589 ) ) ;
#459 = EDGE_CURVE ( 'NONE', #799, #4229, #6935, .T. ) ;
#460 = DIRECTION ( 'NONE',  ( 1.000000000000000000, 0.000000000000000000, -1.224646799147353207E-16 ) ) ;
#461 = CARTESIAN_POINT ( 'NONE',  ( 15.15000000000000568, -2.500000000000026201, 1.035533905932742194 ) ) ;
#462 = CARTESIAN_POINT ( 'NONE',  ( 19.00000000000000355, -1.400343491548912578, -1.400343491548898811 ) ) ;
#463 = CARTESIAN_POINT ( 'NONE',  ( 13.87500000000000355, -1.372205551982422560E-14, -2.543301270189235019 ) ) ;
#464 = CARTESIAN_POINT ( 'NONE',  ( 0.000000000000000000, 1.400343491548885044, -1.400343491548898811 ) ) ;
#465 = CARTESIAN_POINT ( 'NONE',  ( 1.800000000000002709, -1.372470695792103782E-14, -2.500000000000011546 ) ) ;
#466 = CARTESIAN_POINT ( 'NONE',  ( 6.750000000000005329, -1.980384757729360512, 0.8203022253684509879 ) ) ;
#467 = CARTESIAN_POINT ( 'NONE',  ( 16.75000000000000355, -2.500000000000026201, 1.035533905932742194 ) ) ;
#468 = EDGE_CURVE ( 'NONE', #5011, #4737, #6374, .T. ) ;
#469 = CARTESIAN_POINT ( 'NONE',  ( 5.500000000000001776, -1.375652421508278441E-14, -1.980384757729346301 ) ) ;
#470 = CARTESIAN_POINT ( 'NONE',  ( 0.5000000000000022204, 2.499999999999993339, 3.065751858972787366E-12 ) ) ;
#471 = SPHERICAL_SURFACE ( 'NONE', #655, 8.000000000000000000 ) ;
#472 = CARTESIAN_POINT ( 'NONE',  ( 9.750000000000005329, 0.8203022253684378873, 1.980384757729345857 ) ) ;
#473 = ORIENTED_EDGE ( 'NONE', *, *, #7420, .F. ) ;
#474 = CARTESIAN_POINT ( 'NONE',  ( 9.050000000000000711, 0.8203022253684378873, 1.980384757729345857 ) ) ;
#475 = CARTESIAN_POINT ( 'NONE',  ( 2.000000000000001776, 2.499999999999997780, 0.000000000000000000 ) ) ;
#476 = CARTESIAN_POINT ( 'NONE',  ( 18.70000000000000284, -1.424157858600947694E-14, 1.980384757729346301 ) ) ;
#477 = CARTESIAN_POINT ( 'NONE',  ( 4.750000000000004441, 1.980384757729332312, -0.8203022253684514320 ) ) ;
#478 = CARTESIAN_POINT ( 'NONE',  ( 20.50000000000000000, -1.267509437117510519E-14, -2.500000000000010658 ) ) ;
#479 = CARTESIAN_POINT ( 'NONE',  ( 17.05000000000000426, 0.8203022253684378873, 1.980384757729345857 ) ) ;
#480 = VERTEX_POINT ( 'NONE', #4433 ) ;
#481 = CARTESIAN_POINT ( 'NONE',  ( -12.50000000000000000, 2.190461453405093462, 0.000000000000000000 ) ) ;
#482 = ORIENTED_EDGE ( 'NONE', *, *, #7520, .T. ) ;
#483 = CARTESIAN_POINT ( 'NONE',  ( 20.50000000000000000, -1.980384757729360068, -2.425271854633450283E-16 ) ) ;
#484 = CARTESIAN_POINT ( 'NONE',  ( 11.60000000000000320, 2.499999999999997780, 0.000000000000000000 ) ) ;
#485 = CARTESIAN_POINT ( 'NONE',  ( 14.30000000000000604, 1.400343491548885044, -1.400343491548898811 ) ) ;
#486 = DIRECTION ( 'NONE',  ( 0.000000000000000000, 0.000000000000000000, 1.000000000000000000 ) ) ;
#487 = DIRECTION ( 'NONE',  ( -1.000000000000000000, 3.469446951953616161E-16, 0.000000000000000000 ) ) ;
#488 = DIRECTION ( 'NONE',  ( 0.000000000000000000, 0.000000000000000000, 1.000000000000000000 ) ) ;
#489 = CARTESIAN_POINT ( 'NONE',  ( 14.25000000000000178, -1.035533905932757959, 2.500000000000011102 ) ) ;
#490 = TOROIDAL_SURFACE ( 'NONE', #6884, 5.056145703497867849, 0.1796875000000000000 ) ;
#491 = CARTESIAN_POINT ( 'NONE',  ( 7.275000000000003908, -2.543301270189249674, -1.053469879313101210 ) ) ;
#492 = CC_DESIGN_DATE_AND_TIME_ASSIGNMENT ( #6582, #1204, ( #5254 ) ) ;
#493 = EDGE_LOOP ( 'NONE', ( #2871, #4080, #1848, #7359, #4273 ) ) ;
#494 = CARTESIAN_POINT ( 'NONE',  ( 6.900000000000001243, -1.980384757729360068, -2.425271854633450283E-16 ) ) ;
#495 = CARTESIAN_POINT ( 'NONE',  ( 0.9250000000000022649, -2.543301270189249674, -1.053469879313101210 ) ) ;
#496 = DIRECTION ( 'NONE',  ( 0.000000000000000000, 0.000000000000000000, 1.000000000000000000 ) ) ;
#497 = AXIS2_PLACEMENT_3D ( 'NONE', #4429, #235, #4981 ) ;
#498 = CARTESIAN_POINT ( 'NONE',  ( 11.70000000000000639, -1.400343491548912578, -1.400343491548898811 ) ) ;
#499 = CARTESIAN_POINT ( 'NONE',  ( 1.100000000000003642, 1.767766952966363103, -1.767766952966377092 ) ) ;
#500 = CARTESIAN_POINT ( 'NONE',  ( 0.3000000000000051514, -1.400343491548913022, 1.400343491548898589 ) ) ;
#501 = EDGE_CURVE ( 'NONE', #6209, #454, #5563, .T. ) ;
#502 = CARTESIAN_POINT ( 'NONE',  ( 10.92500000000000071, 2.543301270189220809, 1.053469879313102542 ) ) ;
#503 = CARTESIAN_POINT ( 'NONE',  ( 1.950000000000000622, -0.8203022253684664200, 1.980384757729345857 ) ) ;
#504 = CYLINDRICAL_SURFACE ( 'NONE', #6701, 2.500000000000010658 ) ;
#505 = CARTESIAN_POINT ( 'NONE',  ( 2.150000000000006128, -0.8203022253684651988, -1.980384757729346301 ) ) ;
#506 = CARTESIAN_POINT ( 'NONE',  ( 9.500000000000003553, -1.433703035749471672E-14, 2.500000000000011546 ) ) ;
#507 = CARTESIAN_POINT ( 'NONE',  ( 7.650000000000000355, -1.980384757729360512, 0.8203022253684509879 ) ) ;
#508 = CARTESIAN_POINT ( 'NONE',  ( 11.80000000000000249, -1.433703035749471672E-14, 2.500000000000011546 ) ) ;
#509 = PLANE ( 'NONE',  #3543 ) ;
#510 = CARTESIAN_POINT ( 'NONE',  ( 9.850000000000006750, -0.8203022253684664200, 1.980384757729345857 ) ) ;
#511 = ORIENTED_EDGE ( 'NONE', *, *, #3554, .T. ) ;
#512 =( BOUNDED_CURVE ( )  B_SPLINE_CURVE ( 2, ( #7397, #2014, #4403, #6803, #3850, #5653, #1463, #6245, #872 ),
 .UNSPECIFIED., .F., .F. ) 
 B_SPLINE_CURVE_WITH_KNOTS ( ( 3, 2, 2, 2, 3 ),
 ( 0.3981481481481481399, 0.4027777777777777901, 0.4074074074074073848, 0.4120370370370370350, 0.4166666666666666852 ),
 .UNSPECIFIED. ) 
 CURVE ( )  GEOMETRIC_REPRESENTATION_ITEM ( )  RATIONAL_B_SPLINE_CURVE ( ( 1.000000000000000000, 0.9238795325112867385, 1.000000000000000000, 0.9238795325112867385, 1.000000000000000000, 0.9238795325112867385, 1.000000000000000000, 0.9238795325112867385, 1.000000000000000000 ) ) 
 REPRESENTATION_ITEM ( '' )  );
#513 = CARTESIAN_POINT ( 'NONE',  ( 13.42500000000000249, -1.434498467178515336E-14, 2.543301270189235019 ) ) ;
#514 = CARTESIAN_POINT ( 'NONE',  ( 10.25000000000000178, -0.8203022253684651988, -1.980384757729346301 ) ) ;
#515 = DIRECTION ( 'NONE',  ( 0.000000000000000000, -1.000000000000000000, 0.000000000000000000 ) ) ;
#516 = CARTESIAN_POINT ( 'NONE',  ( 4.200000000000005507, -1.424157858600947694E-14, 1.980384757729346301 ) ) ;
#517 = FACE_OUTER_BOUND ( 'NONE', #3486, .T. ) ;
#518 = CARTESIAN_POINT ( 'NONE',  ( 15.90000000000000036, -1.375652421508278441E-14, -1.980384757729346301 ) ) ;
#519 = ORIENTED_EDGE ( 'NONE', *, *, #2607, .T. ) ;
#520 = CARTESIAN_POINT ( 'NONE',  ( 19.02500000000000924, 1.053469879313087443, 2.543301270189234575 ) ) ;
#521 = ORIENTED_EDGE ( 'NONE', *, *, #1950, .F. ) ;
#522 = DIRECTION ( 'NONE',  ( 1.000000000000000000, -0.000000000000000000, -0.000000000000000000 ) ) ;
#523 = CARTESIAN_POINT ( 'NONE',  ( 12.35000000000000142, 1.035533905932728871, -2.500000000000011546 ) ) ;
#524 = CARTESIAN_POINT ( 'NONE',  ( 12.45000000000000639, -1.980384757729360290, -0.8203022253684516540 ) ) ;
#525 = CARTESIAN_POINT ( 'NONE',  ( 7.900000000000003908, -1.433703035749471672E-14, 2.500000000000011546 ) ) ;
#526 = DIRECTION ( 'NONE',  ( 1.000000000000000000, -0.000000000000000000, -0.000000000000000000 ) ) ;
#527 = CARTESIAN_POINT ( 'NONE',  ( 17.10000000000000497, -1.372470695792103624E-14, -2.500000000000011546 ) ) ;
#528 = CARTESIAN_POINT ( 'NONE',  ( 14.45000000000000462, -2.500000000000025757, -1.035533905932743082 ) ) ;
#529 = CARTESIAN_POINT ( 'NONE',  ( 4.925000000000002487, -1.798385574751181437, -1.798385574751167892 ) ) ;
#530 = ORIENTED_EDGE ( 'NONE', *, *, #2844, .F. ) ;
#531 = CARTESIAN_POINT ( 'NONE',  ( 8.650000000000002132, -0.8203022253684651988, -1.980384757729346301 ) ) ;
#532 = CARTESIAN_POINT ( 'NONE',  ( 2.125000000000001776, 2.543301270189220809, 1.053469879313102542 ) ) ;
#533 = CARTESIAN_POINT ( 'NONE',  ( 8.300000000000004263, -1.372470695792103624E-14, -2.500000000000011546 ) ) ;
#534 = CARTESIAN_POINT ( 'NONE',  ( 10.85000000000000497, -1.980384757729360068, -0.8203022253684516540 ) ) ;
#535 = CARTESIAN_POINT ( 'NONE',  ( 16.15000000000000568, -2.500000000000025757, -1.035533905932743082 ) ) ;
#536 = AXIS2_PLACEMENT_3D ( 'NONE', #3690, #835, #3142 ) ;
#537 = CARTESIAN_POINT ( 'NONE',  ( 11.77500000000000213, 1.798385574751153682, 1.798385574751168337 ) ) ;
#538 = CARTESIAN_POINT ( 'NONE',  ( 17.82500000000000284, -1.372205551982422560E-14, -2.543301270189235019 ) ) ;
#539 = CARTESIAN_POINT ( 'NONE',  ( 1.900000000000002354, -1.372470695792103624E-14, -2.500000000000011546 ) ) ;
#540 = CARTESIAN_POINT ( 'NONE',  ( 18.60000000000000497, -1.424157858600947694E-14, 1.980384757729346301 ) ) ;
#541 = DIRECTION ( 'NONE',  ( 1.000000000000000000, -0.000000000000000000, -0.000000000000000000 ) ) ;
#542 = ADVANCED_FACE ( 'NONE', ( #6910 ), #6682, .T. ) ;
#543 = CARTESIAN_POINT ( 'NONE',  ( 6.450000000000005507, 1.980384757729331868, 0.8203022253684526532 ) ) ;
#544 = ORIENTED_EDGE ( 'NONE', *, *, #3233, .T. ) ;
#545 = CARTESIAN_POINT ( 'NONE',  ( 12.62500000000000355, -1.434498467178515336E-14, 2.543301270189235019 ) ) ;
#546 = CARTESIAN_POINT ( 'NONE',  ( 6.950000000000001066, -1.980384757729360290, -0.8203022253684516540 ) ) ;
#547 = AXIS2_PLACEMENT_3D ( 'NONE', #1084, #5307, #5939 ) ;
#548 = CARTESIAN_POINT ( 'NONE',  ( 2.800000000000003819, -1.980384757729360068, -2.425271854633450283E-16 ) ) ;
#549 = EDGE_CURVE ( 'NONE', #5848, #49, #5414, .T. ) ;
#550 = ADVANCED_FACE ( 'NONE', ( #6948 ), #4925, .T. ) ;
#551 = CARTESIAN_POINT ( 'NONE',  ( 0.5333493107125599764, 0.6401288822578763416, 2.362276967414890905 ) ) ;
#552 = CARTESIAN_POINT ( 'NONE',  ( 16.94999999999999929, 1.980384757729331868, 0.8203022253684526532 ) ) ;
#553 = ORIENTED_EDGE ( 'NONE', *, *, #6741, .F. ) ;
#554 = VERTEX_POINT ( 'NONE', #3993 ) ;
#555 = CARTESIAN_POINT ( 'NONE',  ( 20.50000000000000000, -1.236893267138826574E-14, 2.500000000000010658 ) ) ;
#556 = DIRECTION ( 'NONE',  ( 2.168404344971008868E-16, 1.000000000000000000, -0.000000000000000000 ) ) ;
#557 = CARTESIAN_POINT ( 'NONE',  ( 14.35000000000000497, 1.980384757729332312, -0.8203022253684513210 ) ) ;
#558 = CARTESIAN_POINT ( 'NONE',  ( 5.800000000000003375, -1.372470695792103782E-14, -2.500000000000011546 ) ) ;
#559 = CARTESIAN_POINT ( 'NONE',  ( 3.500000000000003109, 1.767766952966363103, -1.767766952966377092 ) ) ;
#560 = CARTESIAN_POINT ( 'NONE',  ( -12.50000000000000000, -2.190461453405102343, 7.694275704778610780 ) ) ;
#561 = DIRECTION ( 'NONE',  ( 1.000000000000000000, -0.000000000000000000, -0.000000000000000000 ) ) ;
#562 = CIRCLE ( 'NONE', #4951, 6.183419202631548650 ) ;
#563 = CARTESIAN_POINT ( 'NONE',  ( 4.475000000000003197, 2.543301270189220809, 1.053469879313102542 ) ) ;
#564 = ORIENTED_EDGE ( 'NONE', *, *, #5201, .T. ) ;
#565 = CARTESIAN_POINT ( 'NONE',  ( 9.300000000000000711, -1.980384757729360068, -2.425271854633450283E-16 ) ) ;
#566 = CARTESIAN_POINT ( 'NONE',  ( 1.425000000000002709, 1.053469879313087443, 2.543301270189234575 ) ) ;
#567 = CARTESIAN_POINT ( 'NONE',  ( 8.350000000000003197, 1.035533905932728871, -2.500000000000011546 ) ) ;
#568 = CARTESIAN_POINT ( 'NONE',  ( 8.700000000000004619, 1.400343491548885044, -1.400343491548898811 ) ) ;
#569 = CARTESIAN_POINT ( 'NONE',  ( 10.15000000000000213, 2.499999999999997780, 1.035533905932744414 ) ) ;
#570 = CARTESIAN_POINT ( 'NONE',  ( 10.57500000000000284, -1.798385574751181437, -1.798385574751167892 ) ) ;
#571 = CARTESIAN_POINT ( 'NONE',  ( 18.87500000000000355, 2.543301270189220809, 1.053469879313102542 ) ) ;
#572 = FACE_OUTER_BOUND ( 'NONE', #1626, .T. ) ;
#573 = CARTESIAN_POINT ( 'NONE',  ( 20.20000000000000639, -1.424157858600947694E-14, 1.980384757729346301 ) ) ;
#574 = PERSON_AND_ORGANIZATION_ROLE ( 'creator' ) ;
#575 = CARTESIAN_POINT ( 'NONE',  ( 18.85000000000000142, 2.499999999999997780, 1.035533905932744414 ) ) ;
#576 = CARTESIAN_POINT ( 'NONE',  ( 5.450000000000004619, 0.8203022253684377763, -1.980384757729346301 ) ) ;
#577 = CARTESIAN_POINT ( 'NONE',  ( 20.35000000000000853, -1.980384757729360512, 0.8203022253684509879 ) ) ;
#578 = CARTESIAN_POINT ( 'NONE',  ( 10.72500000000000320, 1.798385574751153904, -1.798385574751167892 ) ) ;
#579 = CARTESIAN_POINT ( 'NONE',  ( 8.450000000000001066, -1.980384757729360512, 0.8203022253684509879 ) ) ;
#580 = CARTESIAN_POINT ( 'NONE',  ( 2.700000000000004619, -1.372470695792103624E-14, -2.500000000000011546 ) ) ;
#581 = CARTESIAN_POINT ( 'NONE',  ( 1.250000000000004663, -1.980384757729360068, -0.8203022253684516540 ) ) ;
#582 = CARTESIAN_POINT ( 'NONE',  ( 20.49999999999999645, -1.879740356971049131, 0.9101846680778895582 ) ) ;
#583 = CARTESIAN_POINT ( 'NONE',  ( 14.50000000000000533, 1.400343491548884600, 1.400343491548899033 ) ) ;
#584 = ORIENTED_EDGE ( 'NONE', *, *, #1762, .T. ) ;
#585 = ORIENTED_EDGE ( 'NONE', *, *, #4722, .F. ) ;
#586 = CARTESIAN_POINT ( 'NONE',  ( 15.85000000000000320, -0.8203022253684651988, -1.980384757729346301 ) ) ;
#587 = EDGE_CURVE ( 'NONE', #173, #2330, #3922, .T. ) ;
#588 = FACE_OUTER_BOUND ( 'NONE', #6607, .T. ) ;
#589 = CARTESIAN_POINT ( 'NONE',  ( 11.65000000000000746, -1.980384757729360290, -0.8203022253684516540 ) ) ;
#590 = CARTESIAN_POINT ( 'NONE',  ( 20.29699332032956249, 2.298937325417076405, 0.2033434658093622449 ) ) ;
#591 = CARTESIAN_POINT ( 'NONE',  ( 2.700000000000004619, -1.372470695792103624E-14, -2.500000000000011546 ) ) ;
#592 = CARTESIAN_POINT ( 'NONE',  ( 4.800000000000002487, -1.767766952966391303, 1.767766952966376870 ) ) ;
#593 = FACE_OUTER_BOUND ( 'NONE', #5604, .T. ) ;
#594 = CARTESIAN_POINT ( 'NONE',  ( 19.55000000000000782, -1.980384757729360512, 0.8203022253684509879 ) ) ;
#595 = CARTESIAN_POINT ( 'NONE',  ( 4.875000000000004441, -2.543301270189249674, -1.053469879313101210 ) ) ;
#596 = ORIENTED_EDGE ( 'NONE', *, *, #5879, .F. ) ;
#597 = CARTESIAN_POINT ( 'NONE',  ( 5.250000000000000888, -1.980384757729360512, 0.8203022253684510989 ) ) ;
#598 = ADVANCED_FACE ( 'NONE', ( #6237 ), #5644, .T. ) ;
#599 = CARTESIAN_POINT ( 'NONE',  ( 1.275000000000001910, 2.543301270189221253, 0.000000000000000000 ) ) ;
#600 = CYLINDRICAL_SURFACE ( 'NONE', #2191, 2.500000000000010658 ) ;
#601 = CARTESIAN_POINT ( 'NONE',  ( 10.95000000000000462, -0.8203022253684651988, -1.980384757729346301 ) ) ;
#602 = CIRCLE ( 'NONE', #1494, 6.979092815367791580 ) ;
#603 = LINE ( 'NONE', #20, #1798 ) ;
#604 = CARTESIAN_POINT ( 'NONE',  ( 9.675000000000002487, -2.543301270189248786, -3.114645759804644720E-16 ) ) ;
#605 = CARTESIAN_POINT ( 'NONE',  ( 19.82500000000000639, -1.434498467178515336E-14, 2.543301270189235019 ) ) ;
#606 = SPHERICAL_SURFACE ( 'NONE', #5438, 5.549999999999998046 ) ;
#607 = CARTESIAN_POINT ( 'NONE',  ( 18.50000000000000711, 1.400343491548884600, 1.400343491548899033 ) ) ;
#608 = APPROVAL_DATE_TIME ( #4887, #2698 ) ;
#609 = CARTESIAN_POINT ( 'NONE',  ( 10.40000000000000213, -1.767766952966391303, 1.767766952966376870 ) ) ;
#610 =( BOUNDED_CURVE ( )  B_SPLINE_CURVE ( 2, ( #6562, #2916, #3502, #668, #5304, #5901, #4826, #7713, #5339 ),
 .UNSPECIFIED., .F., .F. ) 
 B_SPLINE_CURVE_WITH_KNOTS ( ( 3, 2, 2, 2, 3 ),
 ( 0.5925925925925925597, 0.5972222222222222099, 0.6018518518518518601, 0.6064814814814813992, 0.6111111111111111605 ),
 .UNSPECIFIED. ) 
 CURVE ( )  GEOMETRIC_REPRESENTATION_ITEM ( )  RATIONAL_B_SPLINE_CURVE ( ( 1.000000000000000000, 0.9238795325112867385, 1.000000000000000000, 0.9238795325112867385, 1.000000000000000000, 0.9238795325112867385, 1.000000000000000000, 0.9238795325112867385, 1.000000000000000000 ) ) 
 REPRESENTATION_ITEM ( '' )  );
#611 = TOROIDAL_SURFACE ( 'NONE', #5999, 2.859374999999997780, 0.3593750000000000000 ) ;
#612 = CARTESIAN_POINT ( 'NONE',  ( 6.650000000000004796, -0.8203022253684664200, 1.980384757729345857 ) ) ;
#613 = ORIENTED_EDGE ( 'NONE', *, *, #2370, .F. ) ;
#614 = CARTESIAN_POINT ( 'NONE',  ( 12.22500000000000320, -1.372205551982422560E-14, -2.543301270189235019 ) ) ;
#615 = CARTESIAN_POINT ( 'NONE',  ( 6.750000000000000888, -0.8203022253684664200, 1.980384757729345857 ) ) ;
#616 = CIRCLE ( 'NONE', #5007, 6.979092815367791580 ) ;
#617 = CARTESIAN_POINT ( 'NONE',  ( 14.10000000000000142, -1.980384757729360068, -2.425271854633450283E-16 ) ) ;
#618 = CARTESIAN_POINT ( 'NONE',  ( 5.750000000000003553, -2.500000000000025757, -1.035533905932743082 ) ) ;
#619 = CARTESIAN_POINT ( 'NONE',  ( 8.100000000000003197, -2.500000000000025757, -3.061616997868397439E-16 ) ) ;
#620 = CARTESIAN_POINT ( 'NONE',  ( 15.10000000000000497, 1.400343491548885044, -1.400343491548898811 ) ) ;
#621 = ORIENTED_EDGE ( 'NONE', *, *, #6226, .T. ) ;
#622 = VERTEX_POINT ( 'NONE', #979 ) ;
#623 = CARTESIAN_POINT ( 'NONE',  ( 15.65000000000000036, -1.980384757729360512, 0.8203022253684509879 ) ) ;
#624 = CARTESIAN_POINT ( 'NONE',  ( 11.55000000000000426, -1.980384757729360512, 0.8203022253684509879 ) ) ;
#625 = CARTESIAN_POINT ( 'NONE',  ( 5.950000000000001954, 2.499999999999997780, -1.035533905932742638 ) ) ;
#626 = CARTESIAN_POINT ( 'NONE',  ( 2.550000000000004707, -2.500000000000025757, -1.035533905932743082 ) ) ;
#627 = CARTESIAN_POINT ( 'NONE',  ( 0.7000000000000028422, -1.433703035749471672E-14, 2.500000000000011546 ) ) ;
#628 = CARTESIAN_POINT ( 'NONE',  ( 20.25909780066266208, -2.028316714704716528, -1.175496834521837286 ) ) ;
#629 = CARTESIAN_POINT ( 'NONE',  ( 18.65000000000000568, -0.8203022253684664200, 1.980384757729345857 ) ) ;
#630 = EDGE_CURVE ( 'NONE', #7294, #7001, #3880, .T. ) ;
#631 = CARTESIAN_POINT ( 'NONE',  ( 2.975000000000002753, 1.053469879313087443, 2.543301270189234575 ) ) ;
#632 = ORIENTED_EDGE ( 'NONE', *, *, #2323, .T. ) ;
#633 = CARTESIAN_POINT ( 'NONE',  ( 4.949999999999999289, 1.980384757729331868, 0.8203022253684526532 ) ) ;
#634 = CARTESIAN_POINT ( 'NONE',  ( 2.525000000000003020, -2.543301270189249674, -1.053469879313101210 ) ) ;
#635 = CARTESIAN_POINT ( 'NONE',  ( 2.050000000000006928, -1.980384757729360290, -0.8203022253684516540 ) ) ;
#636 = CARTESIAN_POINT ( 'NONE',  ( 15.75000000000000355, 2.499999999999997780, 1.035533905932744414 ) ) ;
#637 = CARTESIAN_POINT ( 'NONE',  ( 10.60000000000000497, -1.424157858600947694E-14, 1.980384757729346301 ) ) ;
#638 = CARTESIAN_POINT ( 'NONE',  ( 7.250000000000001776, 1.980384757729332312, -0.8203022253684513210 ) ) ;
#639 = DIRECTION ( 'NONE',  ( 1.000000000000000000, -1.771000290586995670E-16, 0.000000000000000000 ) ) ;
#640 = EDGE_CURVE ( 'NONE', #7509, #1978, #7694, .T. ) ;
#641 = ADVANCED_FACE ( 'NONE', ( #2083, #6314 ), #5097, .T. ) ;
#642 = CARTESIAN_POINT ( 'NONE',  ( 9.625000000000001776, -2.543301270189249674, 1.053469879313100099 ) ) ;
#643 = CARTESIAN_POINT ( 'NONE',  ( 19.77500000000000924, 1.053469879313087443, 2.543301270189234575 ) ) ;
#644 = CARTESIAN_POINT ( 'NONE',  ( 0.5000000000000009992, -1.584320469484819441E-12, -2.500000000000005773 ) ) ;
#645 = CARTESIAN_POINT ( 'NONE',  ( 20.35000000000000853, -1.980384757729360512, 0.8203022253684510989 ) ) ;
#646 = MECHANICAL_CONTEXT ( 'NONE', #7742, 'mechanical' ) ;
#647 = CARTESIAN_POINT ( 'NONE',  ( 9.700000000000004619, -1.767766952966390637, -1.767766952966377092 ) ) ;
#648 = EDGE_LOOP ( 'NONE', ( #1956, #3494, #2921, #3221 ) ) ;
#649 = CARTESIAN_POINT ( 'NONE',  ( 6.300000000000005151, 1.400343491548885044, -1.400343491548898811 ) ) ;
#650 = CARTESIAN_POINT ( 'NONE',  ( 20.40000000000000568, -1.980384757729360068, -2.425271854633450283E-16 ) ) ;
#651 = CARTESIAN_POINT ( 'NONE',  ( 12.57500000000000462, 1.053469879313087443, 2.543301270189234575 ) ) ;
#652 = CARTESIAN_POINT ( 'NONE',  ( 13.10000000000000320, -1.372470695792103624E-14, -2.500000000000011546 ) ) ;
#653 = CARTESIAN_POINT ( 'NONE',  ( 7.250000000000001776, 1.980384757729332312, -0.8203022253684513210 ) ) ;
#654 = CARTESIAN_POINT ( 'NONE',  ( 17.95000000000000284, 1.035533905932728871, -2.500000000000011546 ) ) ;
#655 = AXIS2_PLACEMENT_3D ( 'NONE', #1690, #3553, #2308 ) ;
#656 = CARTESIAN_POINT ( 'NONE',  ( 12.85000000000000320, 1.980384757729332312, -0.8203022253684513210 ) ) ;
#657 =( BOUNDED_CURVE ( )  B_SPLINE_CURVE ( 2, ( #508, #1726, #7103, #2155, #4540, #942, #2307, #6947, #4077 ),
 .UNSPECIFIED., .F., .T. ) 
 B_SPLINE_CURVE_WITH_KNOTS ( ( 3, 2, 2, 2, 3 ),
 ( 0.5370370370370369795, 0.5416666666666666297, 0.5462962962962962798, 0.5509259259259259300, 0.5555555555555555802 ),
 .UNSPECIFIED. ) 
 CURVE ( )  GEOMETRIC_REPRESENTATION_ITEM ( )  RATIONAL_B_SPLINE_CURVE ( ( 1.000000000000000000, 0.9238795325112867385, 1.000000000000000000, 0.9238795325112867385, 1.000000000000000000, 0.9238795325112867385, 1.000000000000000000, 0.9238795325112867385, 1.000000000000000000 ) ) 
 REPRESENTATION_ITEM ( '' )  );
#658 = CARTESIAN_POINT ( 'NONE',  ( 1.800000000000006484, -1.424157858600947694E-14, 1.980384757729346301 ) ) ;
#659 = CARTESIAN_POINT ( 'NONE',  ( 20.14232674965544234, -0.6431263498436309289, -2.377569381523233272 ) ) ;
#660 = CARTESIAN_POINT ( 'NONE',  ( 0.5459774766628067155, 0.1608465424029584812, 2.420364674416214168 ) ) ;
#661 = CARTESIAN_POINT ( 'NONE',  ( 14.00000000000000533, -1.980384757729360068, -2.425271854633450283E-16 ) ) ;
#662 = ORIENTED_EDGE ( 'NONE', *, *, #6508, .T. ) ;
#663 = CIRCLE ( 'NONE', #6055, 2.499999999999996891 ) ;
#664 = ORIENTED_EDGE ( 'NONE', *, *, #5240, .T. ) ;
#665 = CARTESIAN_POINT ( 'NONE',  ( 17.65000000000000213, 1.980384757729332312, -0.8203022253684513210 ) ) ;
#666 = CARTESIAN_POINT ( 'NONE',  ( -17.55614570349787229, 2.695312499999992006, 0.000000000000000000 ) ) ;
#667 = CARTESIAN_POINT ( 'NONE',  ( 6.100000000000003197, 1.767766952966362659, 1.767766952966377536 ) ) ;
#668 = CARTESIAN_POINT ( 'NONE',  ( 13.15000000000000391, 2.499999999999997780, -1.035533905932742638 ) ) ;
#669 = CARTESIAN_POINT ( 'NONE',  ( 5.800000000000003375, -1.372470695792103782E-14, -2.500000000000011546 ) ) ;
#670 = CIRCLE ( 'NONE', #6828, 2.500000000000014655 ) ;
#671 = DIRECTION ( 'NONE',  ( -0.000000000000000000, 1.000000000000000000, -0.000000000000000000 ) ) ;
#672 = CARTESIAN_POINT ( 'NONE',  ( 17.35000000000000497, -0.8203022253684651988, -1.980384757729346301 ) ) ;
#673 = CARTESIAN_POINT ( 'NONE',  ( 2.725000000000001865, 1.798385574751153904, -1.798385574751167892 ) ) ;
#674 = ORIENTED_EDGE ( 'NONE', *, *, #4574, .F. ) ;
#675 = CARTESIAN_POINT ( 'NONE',  ( 6.150000000000002132, -1.980384757729360068, -0.8203022253684516540 ) ) ;
#676 = AXIS2_PLACEMENT_3D ( 'NONE', #4658, #1132, #2891 ) ;
#677 = CARTESIAN_POINT ( 'NONE',  ( 18.50000000000000711, 1.400343491548884600, 1.400343491548899033 ) ) ;
#678 = CARTESIAN_POINT ( 'NONE',  ( 1.400000000000005462, -1.375652421508278441E-14, -1.980384757729346301 ) ) ;
#679 = CARTESIAN_POINT ( 'NONE',  ( -12.50000000000000000, 2.874999999999990674, 0.000000000000000000 ) ) ;
#680 = EDGE_CURVE ( 'NONE', #7481, #7584, #1021, .T. ) ;
#681 = CARTESIAN_POINT ( 'NONE',  ( 6.450000000000005507, 1.980384757729331868, 0.8203022253684526532 ) ) ;
#682 = CARTESIAN_POINT ( 'NONE',  ( 7.700000000000001954, -1.980384757729360068, -2.425271854633450283E-16 ) ) ;
#683 = AXIS2_PLACEMENT_3D ( 'NONE', #3358, #5762, #7021 ) ;
#684 = CARTESIAN_POINT ( 'NONE',  ( 8.875000000000003553, -2.543301270189248786, -3.114645759804644720E-16 ) ) ;
#685 = EDGE_CURVE ( 'NONE', #4169, #2509, #2914, .T. ) ;
#686 = CARTESIAN_POINT ( 'NONE',  ( 18.62500000000000355, -1.372205551982422560E-14, -2.543301270189235019 ) ) ;
#687 = CARTESIAN_POINT ( 'NONE',  ( 7.800000000000003375, -1.433703035749471672E-14, 2.500000000000011546 ) ) ;
#688 = EDGE_CURVE ( 'NONE', #1978, #3389, #5676, .T. ) ;
#689 = CARTESIAN_POINT ( 'NONE',  ( 17.50000000000000355, 1.400343491548885044, -1.400343491548898811 ) ) ;
#690 = PERSON_AND_ORGANIZATION_ROLE ( 'design_supplier' ) ;
#691 = CARTESIAN_POINT ( 'NONE',  ( 20.50000000000000000, -1.236893267138826574E-14, 2.500000000000010658 ) ) ;
#692 = ORIENTED_EDGE ( 'NONE', *, *, #688, .F. ) ;
#693 = CARTESIAN_POINT ( 'NONE',  ( 4.750000000000004441, 1.980384757729332312, -0.8203022253684513210 ) ) ;
#694 = ORIENTED_EDGE ( 'NONE', *, *, #2359, .T. ) ;
#695 = CARTESIAN_POINT ( 'NONE',  ( 11.70000000000000284, -1.980384757729360068, -2.425271854633450283E-16 ) ) ;
#696 = CARTESIAN_POINT ( 'NONE',  ( 8.000000000000001776, 1.400343491548885044, -1.400343491548898811 ) ) ;
#697 = EDGE_CURVE ( 'NONE', #359, #6798, #2541, .T. ) ;
#698 = CARTESIAN_POINT ( 'NONE',  ( 8.350000000000004974, -1.980384757729360512, 0.8203022253684509879 ) ) ;
#699 = CARTESIAN_POINT ( 'NONE',  ( -6.486603151525946132, -1.718852009320304131, -5.621934246354652664 ) ) ;
#700 = CARTESIAN_POINT ( 'NONE',  ( 13.05000000000000071, 0.8203022253684378873, 1.980384757729345857 ) ) ;
#701 = CARTESIAN_POINT ( 'NONE',  ( 1.900000000000005906, -1.400343491548913022, 1.400343491548898589 ) ) ;
#702 = CARTESIAN_POINT ( 'NONE',  ( -9.640625000000005329, -4.000000000000007105, 0.000000000000000000 ) ) ;
#703 = CARTESIAN_POINT ( 'NONE',  ( 8.050000000000002487, -2.500000000000026201, 1.035533905932742194 ) ) ;
#704 = CARTESIAN_POINT ( 'NONE',  ( 14.20000000000000639, -1.375652421508278441E-14, -1.980384757729346301 ) ) ;
#705 = VERTEX_POINT ( 'NONE', #6510 ) ;
#706 = VERTEX_POINT ( 'NONE', #5356 ) ;
#707 = CARTESIAN_POINT ( 'NONE',  ( 17.85000000000000142, 0.8203022253684378873, 1.980384757729345857 ) ) ;
#708 = CARTESIAN_POINT ( 'NONE',  ( 6.700000000000002842, -1.372470695792103624E-14, -2.500000000000011546 ) ) ;
#709 =( BOUNDED_CURVE ( )  B_SPLINE_CURVE ( 2, ( #259, #4370, #7364, #882, #722, #4963, #6256, #3270, #6217 ),
 .UNSPECIFIED., .F., .F. ) 
 B_SPLINE_CURVE_WITH_KNOTS ( ( 3, 2, 2, 2, 3 ),
 ( 0.3240740740740740700, 0.3287037037037037202, 0.3333333333333333148, 0.3379629629629629650, 0.3425925925925926152 ),
 .UNSPECIFIED. ) 
 CURVE ( )  GEOMETRIC_REPRESENTATION_ITEM ( )  RATIONAL_B_SPLINE_CURVE ( ( 1.000000000000000000, 0.9238795325112867385, 1.000000000000000000, 0.9238795325112867385, 1.000000000000000000, 0.9238795325112867385, 1.000000000000000000, 0.9238795325112867385, 1.000000000000000000 ) ) 
 REPRESENTATION_ITEM ( '' )  );
#710 = DIRECTION ( 'NONE',  ( 1.000000000000000000, -0.000000000000000000, -0.000000000000000000 ) ) ;
#711 = CARTESIAN_POINT ( 'NONE',  ( 17.80000000000000426, -1.767766952966390637, -1.767766952966377092 ) ) ;
#712 = B_SPLINE_CURVE_WITH_KNOTS ( 'NONE', 3,
 ( #3549, #1831, #728, #4214, #7766, #7248, #2374, #6024, #4256, #644 ),
 .UNSPECIFIED., .F., .F.,
 ( 4, 2, 2, 2, 4 ),
 ( 0.000000000000000000, 0.1250000000000000000, 0.2500000000000000000, 0.3750000000000000000, 0.5000000000000000000 ),
 .UNSPECIFIED. ) ;
#713 = CARTESIAN_POINT ( 'NONE',  ( 0.3412185873727330288, -2.500000000000001332, 0.5857086357103897800 ) ) ;
#714 = CARTESIAN_POINT ( 'NONE',  ( -5.338888840869121744, 1.417029315164843206, -5.091678115890178269 ) ) ;
#715 = CARTESIAN_POINT ( 'NONE',  ( 17.25000000000000355, -1.980384757729360290, -0.8203022253684516540 ) ) ;
#716 = CARTESIAN_POINT ( 'NONE',  ( 3.475000000000002753, 1.053469879313086999, -2.543301270189235019 ) ) ;
#717 = ORIENTED_EDGE ( 'NONE', *, *, #2503, .T. ) ;
#718 = CARTESIAN_POINT ( 'NONE',  ( 4.349999999999999645, -0.8203022253684665310, 1.980384757729345857 ) ) ;
#719 = CARTESIAN_POINT ( 'NONE',  ( 15.75000000000000000, -1.980384757729360068, -0.8203022253684516540 ) ) ;
#720 = CARTESIAN_POINT ( 'NONE',  ( 19.55000000000000782, -1.980384757729360512, 0.8203022253684509879 ) ) ;
#721 = CARTESIAN_POINT ( 'NONE',  ( 4.100000000000006750, 1.400343491548884600, 1.400343491548899033 ) ) ;
#722 = CARTESIAN_POINT ( 'NONE',  ( 13.30000000000000249, 2.499999999999997780, 0.000000000000000000 ) ) ;
#723 = CARTESIAN_POINT ( 'NONE',  ( 5.950000000000004619, -1.980384757729360512, 0.8203022253684510989 ) ) ;
#724 = CARTESIAN_POINT ( 'NONE',  ( 4.650000000000002132, -0.8203022253684651988, -1.980384757729346301 ) ) ;
#725 = CARTESIAN_POINT ( 'NONE',  ( 13.60000000000000497, -2.500000000000025757, -3.061616997868397439E-16 ) ) ;
#726 = CARTESIAN_POINT ( 'NONE',  ( 8.575000000000002842, 1.798385574751153682, 1.798385574751168337 ) ) ;
#727 = CARTESIAN_POINT ( 'NONE',  ( 15.17500000000000426, -2.543301270189249674, 1.053469879313100099 ) ) ;
#728 = CARTESIAN_POINT ( 'NONE',  ( 0.5000000000000003331, -2.434931691670865650, -0.6543697108979408261 ) ) ;
#729 = CARTESIAN_POINT ( 'NONE',  ( 17.35000000000000497, -0.8203022253684651988, -1.980384757729346301 ) ) ;
#730 = CARTESIAN_POINT ( 'NONE',  ( 12.00000000000000178, -1.767766952966391303, 1.767766952966376870 ) ) ;
#731 = EDGE_LOOP ( 'NONE', ( #2547, #1077, #442, #6211 ) ) ;
#732 = CARTESIAN_POINT ( 'NONE',  ( 2.800000000000003819, -1.980384757729360068, -2.425271854633450283E-16 ) ) ;
#733 = ADVANCED_FACE ( 'NONE', ( #1136 ), #471, .T. ) ;
#734 = VECTOR ( 'NONE', #5582, 1000.000000000000000 ) ;
#735 = CARTESIAN_POINT ( 'NONE',  ( 17.62500000000000000, -2.543301270189249674, 1.053469879313100099 ) ) ;
#736 = CARTESIAN_POINT ( 'NONE',  ( 5.050000000000001599, 0.8203022253684378873, 1.980384757729345857 ) ) ;
#737 = CARTESIAN_POINT ( 'NONE',  ( 8.650000000000005684, 0.8203022253684377763, -1.980384757729346301 ) ) ;
#738 = DIRECTION ( 'NONE',  ( 1.000000000000000000, -0.000000000000000000, -0.000000000000000000 ) ) ;
#739 = CARTESIAN_POINT ( 'NONE',  ( 14.85000000000000497, -1.980384757729360512, 0.8203022253684509879 ) ) ;
#740 = AXIS2_PLACEMENT_3D ( 'NONE', #5483, #2502, #7109 ) ;
#741 = CARTESIAN_POINT ( 'NONE',  ( 15.60000000000000320, 2.499999999999997780, 0.000000000000000000 ) ) ;
#742 = CARTESIAN_POINT ( 'NONE',  ( 11.40000000000000391, -1.372470695792103782E-14, -2.500000000000011546 ) ) ;
#743 = EDGE_CURVE ( 'NONE', #2019, #7604, #7489, .T. ) ;
#744 = CARTESIAN_POINT ( 'NONE',  ( 16.40000000000000568, -1.980384757729360068, -2.425271854633450283E-16 ) ) ;
#745 = ORIENTED_EDGE ( 'NONE', *, *, #3143, .T. ) ;
#746 = CIRCLE ( 'NONE', #5133, 0.1796875000000001665 ) ;
#747 = ORIENTED_EDGE ( 'NONE', *, *, #4967, .F. ) ;
#748 = CARTESIAN_POINT ( 'NONE',  ( 14.00000000000000178, -1.400343491548913022, 1.400343491548898589 ) ) ;
#749 = DIRECTION ( 'NONE',  ( 1.000000000000000000, -0.000000000000000000, -0.000000000000000000 ) ) ;
#750 = CARTESIAN_POINT ( 'NONE',  ( 0.7053893965382479481, -1.379007662284051694, -1.648528741426618316 ) ) ;
#751 = CARTESIAN_POINT ( 'NONE',  ( 17.65000000000000213, -2.500000000000026201, 1.035533905932742194 ) ) ;
#752 = AXIS2_PLACEMENT_3D ( 'NONE', #1082, #5823, #2796 ) ;
#753 = CARTESIAN_POINT ( 'NONE',  ( 19.75000000000000355, 1.035533905932729315, 2.500000000000011102 ) ) ;
#754 = CARTESIAN_POINT ( 'NONE',  ( 2.300000000000003375, -1.433703035749471672E-14, 2.500000000000011546 ) ) ;
#755 = ORIENTED_EDGE ( 'NONE', *, *, #3278, .F. ) ;
#756 = CARTESIAN_POINT ( 'NONE',  ( 19.60000000000000497, -1.980384757729360068, -2.425271854633450283E-16 ) ) ;
#757 =( BOUNDED_CURVE ( )  B_SPLINE_CURVE ( 2, ( #3041, #1910, #4299, #3794, #6186, #3005, #730, #7334, #5474 ),
 .UNSPECIFIED., .F., .F. ) 
 B_SPLINE_CURVE_WITH_KNOTS ( ( 3, 2, 2, 2, 3 ),
 ( 0.3796296296296296502, 0.3842592592592592449, 0.3888888888888888951, 0.3935185185185185452, 0.3981481481481481399 ),
 .UNSPECIFIED. ) 
 CURVE ( )  GEOMETRIC_REPRESENTATION_ITEM ( )  RATIONAL_B_SPLINE_CURVE ( ( 1.000000000000000000, 0.9238795325112867385, 1.000000000000000000, 0.9238795325112867385, 1.000000000000000000, 0.9238795325112867385, 1.000000000000000000, 0.9238795325112867385, 1.000000000000000000 ) ) 
 REPRESENTATION_ITEM ( '' )  );
#758 = CARTESIAN_POINT ( 'NONE',  ( 2.025000000000002576, 2.543301270189221253, 0.000000000000000000 ) ) ;
#759 = EDGE_LOOP ( 'NONE', ( #908, #1229, #7214, #2048 ) ) ;
#760 = AXIS2_PLACEMENT_3D ( 'NONE', #1040, #7637, #2137 ) ;
#761 = CARTESIAN_POINT ( 'NONE',  ( 6.050000000000001599, -1.980384757729360512, 0.8203022253684510989 ) ) ;
#762 = CARTESIAN_POINT ( 'NONE',  ( 14.00000000000000178, -1.400343491548913022, 1.400343491548898589 ) ) ;
#763 = CARTESIAN_POINT ( 'NONE',  ( 18.85000000000000497, -1.980384757729360290, -0.8203022253684516540 ) ) ;
#764 = CARTESIAN_POINT ( 'NONE',  ( 4.200000000000005507, -1.424157858600947694E-14, 1.980384757729346301 ) ) ;
#765 = CARTESIAN_POINT ( 'NONE',  ( 0.4628843620767547073, -2.500000000000003109, -0.3048698116960152915 ) ) ;
#766 = CARTESIAN_POINT ( 'NONE',  ( 7.300000000000006040, 1.400343491548884600, 1.400343491548899033 ) ) ;
#767 = CARTESIAN_POINT ( 'NONE',  ( 4.099999999999999645, 1.980384757729332312, 0.000000000000000000 ) ) ;
#768 = CARTESIAN_POINT ( 'NONE',  ( -12.50000000000000000, 2.874999999999992006, -7.009737158183716232 ) ) ;
#769 = CARTESIAN_POINT ( 'NONE',  ( 8.375000000000001776, 1.798385574751153904, -1.798385574751167892 ) ) ;
#770 = CARTESIAN_POINT ( 'NONE',  ( 14.52500000000000391, -1.798385574751181437, -1.798385574751167892 ) ) ;
#771 = CARTESIAN_POINT ( 'NONE',  ( -12.50000000000000000, -2.695312499999995115, 0.000000000000000000 ) ) ;
#772 = CARTESIAN_POINT ( 'NONE',  ( 15.25000000000000888, 1.980384757729331868, 0.8203022253684526532 ) ) ;
#773 = VERTEX_POINT ( 'NONE', #2233 ) ;
#774 = CARTESIAN_POINT ( 'NONE',  ( 0.4500000000000060063, -1.980384757729360290, -0.8203022253684516540 ) ) ;
#775 = CARTESIAN_POINT ( 'NONE',  ( 16.32500000000000284, 1.053469879313086999, -2.543301270189235019 ) ) ;
#776 = CARTESIAN_POINT ( 'NONE',  ( 3.300000000000000711, 1.980384757729332312, 0.000000000000000000 ) ) ;
#777 = CARTESIAN_POINT ( 'NONE',  ( 10.60000000000000497, -1.424157858600947694E-14, 1.980384757729346301 ) ) ;
#778 = DIRECTION ( 'NONE',  ( 1.000000000000000000, -2.168404344971009115E-16, 0.000000000000000000 ) ) ;
#779 = ADVANCED_FACE ( 'NONE', ( #3519 ), #6433, .T. ) ;
#780 = CARTESIAN_POINT ( 'NONE',  ( 13.55000000000000071, 0.8203022253684377763, -1.980384757729346301 ) ) ;
#781 = DIRECTION ( 'NONE',  ( 0.000000000000000000, 0.000000000000000000, 1.000000000000000000 ) ) ;
#782 = CARTESIAN_POINT ( 'NONE',  ( 20.15835330856843655, -0.1606035832995580115, -2.441646691431577754 ) ) ;
#783 = CARTESIAN_POINT ( 'NONE',  ( 0.5000000000000004441, 2.184465970885506092, 1.259047450927722966 ) ) ;
#784 = CARTESIAN_POINT ( 'NONE',  ( 12.00000000000000533, 1.980384757729332312, 0.000000000000000000 ) ) ;
#785 = ORIENTED_EDGE ( 'NONE', *, *, #2411, .F. ) ;
#786 = ORIENTED_EDGE ( 'NONE', *, *, #308, .F. ) ;
#787 = CARTESIAN_POINT ( 'NONE',  ( 14.55000000000000071, 1.980384757729331868, 0.8203022253684526532 ) ) ;
#788 = AXIS2_PLACEMENT_3D ( 'NONE', #2434, #4163, #488 ) ;
#789 = CARTESIAN_POINT ( 'NONE',  ( 20.49999999999999645, -1.802159658631194983, 1.078063339884262950 ) ) ;
#790 = EDGE_CURVE ( 'NONE', #1255, #3379, #7315, .T. ) ;
#791 = DIRECTION ( 'NONE',  ( 0.000000000000000000, -1.000000000000000000, 0.000000000000000000 ) ) ;
#792 = ADVANCED_FACE ( 'NONE', ( #1650 ), #1167, .T. ) ;
#793 = CARTESIAN_POINT ( 'NONE',  ( 18.00000000000000355, 2.499999999999997780, 0.000000000000000000 ) ) ;
#794 = CARTESIAN_POINT ( 'NONE',  ( 12.90000000000000391, -1.767766952966390637, -1.767766952966377092 ) ) ;
#795 = ORIENTED_EDGE ( 'NONE', *, *, #4626, .F. ) ;
#796 = ORIENTED_EDGE ( 'NONE', *, *, #4352, .T. ) ;
#797 = CIRCLE ( 'NONE', #7062, 2.499999999999996891 ) ;
#798 = CARTESIAN_POINT ( 'NONE',  ( 1.125000000000004441, 1.798385574751153904, -1.798385574751167892 ) ) ;
#799 = VERTEX_POINT ( 'NONE', #3484 ) ;
#800 = CARTESIAN_POINT ( 'NONE',  ( 1.500000000000001332, -1.375652421508278441E-14, -1.980384757729346301 ) ) ;
#801 = CARTESIAN_POINT ( 'NONE',  ( 15.25000000000000178, 1.980384757729332312, -0.8203022253684514320 ) ) ;
#802 = CARTESIAN_POINT ( 'NONE',  ( 19.10000000000000497, 1.400343491548885044, -1.400343491548898811 ) ) ;
#803 = DIRECTION ( 'NONE',  ( 0.000000000000000000, 0.000000000000000000, -1.000000000000000000 ) ) ;
#804 = CARTESIAN_POINT ( 'NONE',  ( 4.100000000000003197, -1.767766952966390637, -1.767766952966377092 ) ) ;
#805 = AXIS2_PLACEMENT_3D ( 'NONE', #5194, #1669, #2918 ) ;
#806 = EDGE_CURVE ( 'NONE', #5381, #4596, #6818, .T. ) ;
#807 = CARTESIAN_POINT ( 'NONE',  ( 5.600000000000005862, 1.980384757729332312, 0.000000000000000000 ) ) ;
#808 = CARTESIAN_POINT ( 'NONE',  ( 3.300000000000000711, 1.980384757729332312, 0.000000000000000000 ) ) ;
#809 = FACE_OUTER_BOUND ( 'NONE', #104, .T. ) ;
#810 =( BOUNDED_CURVE ( )  B_SPLINE_CURVE ( 2, ( #3201, #2033, #5592, #4422, #7458, #6823, #1446, #932, #3837 ),
 .UNSPECIFIED., .F., .F. ) 
 B_SPLINE_CURVE_WITH_KNOTS ( ( 3, 2, 2, 2, 3 ),
 ( 0.1296296296296296502, 0.1342592592592593004, 0.1388888888888888395, 0.1435185185185184897, 0.1481481481481481399 ),
 .UNSPECIFIED. ) 
 CURVE ( )  GEOMETRIC_REPRESENTATION_ITEM ( )  RATIONAL_B_SPLINE_CURVE ( ( 1.000000000000000000, 0.9238795325112867385, 1.000000000000000000, 0.9238795325112867385, 1.000000000000000000, 0.9238795325112867385, 1.000000000000000000, 0.9238795325112867385, 1.000000000000000000 ) ) 
 REPRESENTATION_ITEM ( '' )  );
#811 = AXIS2_PLACEMENT_3D ( 'NONE', #2204, #6958, #2278 ) ;
#812 = CARTESIAN_POINT ( 'NONE',  ( 7.175000000000002487, -1.798385574751182103, 1.798385574751167670 ) ) ;
#813 = CARTESIAN_POINT ( 'NONE',  ( 17.57500000000000284, -2.543301270189249674, 1.053469879313100099 ) ) ;
#814 = CARTESIAN_POINT ( 'NONE',  ( -12.50000000000000000, 2.695312499999992006, 6.231472203984925073 ) ) ;
#815 = CARTESIAN_POINT ( 'NONE',  ( 17.10000000000000497, -1.400343491548913022, 1.400343491548898589 ) ) ;
#816 = CYLINDRICAL_SURFACE ( 'NONE', #5547, 2.500000000000010658 ) ;
#817 = ORIENTED_EDGE ( 'NONE', *, *, #697, .F. ) ;
#818 = CARTESIAN_POINT ( 'NONE',  ( 2.250000000000006217, 0.8203022253684377763, -1.980384757729346301 ) ) ;
#819 = CARTESIAN_POINT ( 'NONE',  ( 16.27500000000000568, -1.372205551982422560E-14, -2.543301270189235019 ) ) ;
#820 = CARTESIAN_POINT ( 'NONE',  ( 3.700000000000001954, -1.980384757729360068, -2.425271854633450283E-16 ) ) ;
#821 = CARTESIAN_POINT ( 'NONE',  ( 10.20000000000000639, -1.375652421508278441E-14, -1.980384757729346301 ) ) ;
#822 = CARTESIAN_POINT ( 'NONE',  ( 12.45000000000000284, 2.499999999999997780, 1.035533905932744414 ) ) ;
#823 = CARTESIAN_POINT ( 'NONE',  ( 11.00000000000000178, -1.400343491548912578, -1.400343491548898811 ) ) ;
#824 = CARTESIAN_POINT ( 'NONE',  ( 19.00000000000000355, 1.767766952966362659, 1.767766952966377536 ) ) ;
#825 = CARTESIAN_POINT ( 'NONE',  ( 15.65000000000000391, 2.499999999999997780, 1.035533905932744414 ) ) ;
#826 = CARTESIAN_POINT ( 'NONE',  ( 6.350000000000002309, -2.500000000000026201, 1.035533905932742194 ) ) ;
#827 = CARTESIAN_POINT ( 'NONE',  ( 11.40000000000000568, -1.424157858600947694E-14, 1.980384757729346301 ) ) ;
#828 = VERTEX_POINT ( 'NONE', #5249 ) ;
#829 = CC_DESIGN_DATE_AND_TIME_ASSIGNMENT ( #101, #6509, ( #257 ) ) ;
#830 = ORIENTED_EDGE ( 'NONE', *, *, #3331, .F. ) ;
#831 = CARTESIAN_POINT ( 'NONE',  ( 13.35000000000000320, -1.980384757729360290, -0.8203022253684516540 ) ) ;
#832 = CARTESIAN_POINT ( 'NONE',  ( 14.65000000000000391, 1.035533905932728871, -2.500000000000011546 ) ) ;
#833 = CARTESIAN_POINT ( 'NONE',  ( 0.6542615205990141014, -2.232018140847813026, -0.1578182259600566240 ) ) ;
#834 = CARTESIAN_POINT ( 'NONE',  ( 20.50000000000000000, -1.267509437117510519E-14, -2.500000000000010658 ) ) ;
#835 = DIRECTION ( 'NONE',  ( -0.000000000000000000, 1.000000000000000000, -0.000000000000000000 ) ) ;
#836 = DIRECTION ( 'NONE',  ( 0.000000000000000000, 0.000000000000000000, -1.000000000000000000 ) ) ;
#837 = VERTEX_POINT ( 'NONE', #7658 ) ;
#838 = ADVANCED_FACE ( 'NONE', ( #4663, #7061 ), #509, .T. ) ;
#839 = CARTESIAN_POINT ( 'NONE',  ( 0.9750000000000036415, -1.053469879313114532, -2.543301270189235019 ) ) ;
#840 = ORIENTED_EDGE ( 'NONE', *, *, #5635, .F. ) ;
#841 = CARTESIAN_POINT ( 'NONE',  ( 2.649999999999999467, 0.8203022253684378873, 1.980384757729345857 ) ) ;
#842 = CARTESIAN_POINT ( 'NONE',  ( 13.20000000000000107, -1.400343491548913022, 1.400343491548898589 ) ) ;
#843 = CARTESIAN_POINT ( 'NONE',  ( -0.4749999999999962585, 1.053469879313086999, -2.543301270189235019 ) ) ;
#844 = CARTESIAN_POINT ( 'NONE',  ( -12.50000000000000000, -2.875000000000008438, 0.000000000000000000 ) ) ;
#845 = CARTESIAN_POINT ( 'NONE',  ( -12.50000000000000000, -2.695312499999995115, 0.000000000000000000 ) ) ;
#846 = CARTESIAN_POINT ( 'NONE',  ( 8.500000000000005329, -1.400343491548912578, -1.400343491548898811 ) ) ;
#847 = CARTESIAN_POINT ( 'NONE',  ( 4.800000000000002487, 1.400343491548885044, -1.400343491548898811 ) ) ;
#848 = DIRECTION ( 'NONE',  ( 2.168404344971008868E-16, 1.000000000000000000, -0.000000000000000000 ) ) ;
#849 = CARTESIAN_POINT ( 'NONE',  ( 8.975000000000003197, -1.053469879313114532, -2.543301270189235019 ) ) ;
#850 = CARTESIAN_POINT ( 'NONE',  ( 12.75000000000000178, 0.8203022253684377763, -1.980384757729346301 ) ) ;
#851 = CARTESIAN_POINT ( 'NONE',  ( 7.675000000000003375, 2.543301270189221253, 0.000000000000000000 ) ) ;
#852 = CARTESIAN_POINT ( 'NONE',  ( 15.97500000000000497, -2.543301270189249674, 1.053469879313100099 ) ) ;
#853 = CARTESIAN_POINT ( 'NONE',  ( 4.200000000000001954, -1.767766952966390637, -1.767766952966377092 ) ) ;
#854 = CARTESIAN_POINT ( 'NONE',  ( 16.45000000000000639, -1.980384757729360068, -0.8203022253684516540 ) ) ;
#855 = CARTESIAN_POINT ( 'NONE',  ( 1.950000000000003508, -1.980384757729360512, 0.8203022253684509879 ) ) ;
#856 = CARTESIAN_POINT ( 'NONE',  ( 17.27500000000000213, 2.543301270189221253, 0.000000000000000000 ) ) ;
#857 = CARTESIAN_POINT ( 'NONE',  ( 2.750000000000002220, -0.8203022253684664200, 1.980384757729345857 ) ) ;
#858 = CARTESIAN_POINT ( 'NONE',  ( 9.250000000000005329, -1.980384757729360290, -0.8203022253684516540 ) ) ;
#859 = DIRECTION ( 'NONE',  ( -1.000000000000000000, 2.104082812999168897E-16, 0.000000000000000000 ) ) ;
#860 = CARTESIAN_POINT ( 'NONE',  ( 11.60000000000000142, -1.400343491548913022, 1.400343491548898589 ) ) ;
#861 = CARTESIAN_POINT ( 'NONE',  ( -12.50000000000000000, 2.695312499999992006, -6.411159703984925073 ) ) ;
#862 = CARTESIAN_POINT ( 'NONE',  ( 16.60000000000000497, -1.433703035749471672E-14, 2.500000000000011546 ) ) ;
#863 = CIRCLE ( 'NONE', #6760, 6.019421691491638526 ) ;
#864 = CARTESIAN_POINT ( 'NONE',  ( 6.900000000000003020, 1.767766952966362659, 1.767766952966377536 ) ) ;
#865 = CARTESIAN_POINT ( 'NONE',  ( 13.10000000000000497, -1.400343491548913022, 1.400343491548898589 ) ) ;
#866 = ORIENTED_EDGE ( 'NONE', *, *, #7181, .T. ) ;
#867 = ORIENTED_EDGE ( 'NONE', *, *, #7166, .F. ) ;
#868 = CARTESIAN_POINT ( 'NONE',  ( 12.50000000000000000, -1.980384757729360068, -2.425271854633450283E-16 ) ) ;
#869 = TOROIDAL_SURFACE ( 'NONE', #4378, 6.411159703984926850, 0.1796875000000000000 ) ;
#870 = CARTESIAN_POINT ( 'NONE',  ( 0.6381139556470609708, -2.224441778750835486, 0.4296682922568440532 ) ) ;
#871 = CARTESIAN_POINT ( 'NONE',  ( -12.50000000000000000, -2.500000000000002220, 0.000000000000000000 ) ) ;
#872 = CARTESIAN_POINT ( 'NONE',  ( 11.50000000000000355, -1.372470695792103624E-14, -2.500000000000011546 ) ) ;
#873 = CARTESIAN_POINT ( 'NONE',  ( -998.0566243270259292, -1.267509437117510519E-14, 0.000000000000000000 ) ) ;
#874 = VERTEX_POINT ( 'NONE', #2934 ) ;
#875 = LOCAL_TIME ( 14, 23, 12.00000000000000000, #5355 ) ;
#876 = CARTESIAN_POINT ( 'NONE',  ( 5.400000000000003908, 1.767766952966362659, 1.767766952966377536 ) ) ;
#877 = ORIENTED_EDGE ( 'NONE', *, *, #2045, .F. ) ;
#878 = CARTESIAN_POINT ( 'NONE',  ( 2.500000000000002220, 1.980384757729332312, 0.000000000000000000 ) ) ;
#879 = CARTESIAN_POINT ( 'NONE',  ( 15.80000000000000071, -1.400343491548912578, -1.400343491548898811 ) ) ;
#880 = CARTESIAN_POINT ( 'NONE',  ( 17.95000000000000639, -1.980384757729360512, 0.8203022253684509879 ) ) ;
#881 = CARTESIAN_POINT ( 'NONE',  ( 0.4000000000000045186, -1.980384757729360068, -2.425271854633450283E-16 ) ) ;
#882 = CARTESIAN_POINT ( 'NONE',  ( 13.35000000000000320, 2.499999999999997780, 1.035533905932744414 ) ) ;
#883 = CARTESIAN_POINT ( 'NONE',  ( 4.949999999999999289, 1.980384757729331868, 0.8203022253684526532 ) ) ;
#884 = ADVANCED_FACE ( 'NONE', ( #5323 ), #7731, .T. ) ;
#885 = FACE_OUTER_BOUND ( 'NONE', #5332, .T. ) ;
#886 = CARTESIAN_POINT ( 'NONE',  ( 9.525000000000003908, -1.798385574751182103, 1.798385574751167670 ) ) ;
#887 = EDGE_LOOP ( 'NONE', ( #4490, #5139, #5309, #4544 ) ) ;
#888 = CARTESIAN_POINT ( 'NONE',  ( 11.20000000000000107, 1.400343491548885044, -1.400343491548898811 ) ) ;
#889 = CARTESIAN_POINT ( 'NONE',  ( 4.375000000000003553, 1.798385574751153904, -1.798385574751167892 ) ) ;
#890 = CARTESIAN_POINT ( 'NONE',  ( 14.37500000000000533, -2.543301270189249674, 1.053469879313100099 ) ) ;
#891 = CARTESIAN_POINT ( 'NONE',  ( 4.000000000000003553, -1.767766952966391303, 1.767766952966376870 ) ) ;
#892 = EDGE_CURVE ( 'NONE', #7399, #6644, #2903, .T. ) ;
#893 = CARTESIAN_POINT ( 'NONE',  ( 14.50000000000000533, 1.400343491548884600, 1.400343491548899033 ) ) ;
#894 = EDGE_CURVE ( 'NONE', #3711, #202, #3710, .T. ) ;
#895 = CARTESIAN_POINT ( 'NONE',  ( 19.15000000000000213, -1.035533905932757959, 2.500000000000011102 ) ) ;
#896 = CARTESIAN_POINT ( 'NONE',  ( 2.550000000000004263, 0.8203022253684378873, 1.980384757729345857 ) ) ;
#897 = B_SPLINE_CURVE_WITH_KNOTS ( 'NONE', 3,
 ( #994, #6326, #2095, #6807, #3820, #2056, #1506, #327, #3968, #5184 ),
 .UNSPECIFIED., .F., .F.,
 ( 4, 2, 2, 2, 4 ),
 ( 0.3333333333693815348, 0.5000000000270361511, 0.6666666666846907674, 0.8333333333423453837, 1.000000000000000000 ),
 .UNSPECIFIED. ) ;
#898 = CARTESIAN_POINT ( 'NONE',  ( 17.67500000000000426, -2.543301270189248786, -3.114645759804644720E-16 ) ) ;
#899 = CARTESIAN_POINT ( 'NONE',  ( 5.800000000000001599, 1.400343491548884600, 1.400343491548899033 ) ) ;
#900 = CARTESIAN_POINT ( 'NONE',  ( 7.200000000000004619, 1.980384757729332312, 0.000000000000000000 ) ) ;
#901 = CARTESIAN_POINT ( 'NONE',  ( -12.50000000000000000, -2.768745557924670919, 0.000000000000000000 ) ) ;
#902 = CARTESIAN_POINT ( 'NONE',  ( 9.000000000000001776, 1.400343491548884600, 1.400343491548899033 ) ) ;
#903 = DIRECTION ( 'NONE',  ( 0.000000000000000000, 0.000000000000000000, 1.000000000000000000 ) ) ;
#904 = CARTESIAN_POINT ( 'NONE',  ( 15.20000000000000284, -1.767766952966391303, 1.767766952966376870 ) ) ;
#905 = CARTESIAN_POINT ( 'NONE',  ( 7.350000000000002309, -1.035533905932756404, -2.500000000000011546 ) ) ;
#906 = CARTESIAN_POINT ( 'NONE',  ( 11.00000000000000711, -1.375652421508278441E-14, -1.980384757729346301 ) ) ;
#907 = ORIENTED_EDGE ( 'NONE', *, *, #1085, .F. ) ;
#908 = ORIENTED_EDGE ( 'NONE', *, *, #6365, .T. ) ;
#909 = CARTESIAN_POINT ( 'NONE',  ( 14.60000000000000142, 1.400343491548884600, 1.400343491548899033 ) ) ;
#910 = CARTESIAN_POINT ( 'NONE',  ( 17.35000000000000497, 1.035533905932729315, 2.500000000000011102 ) ) ;
#911 = CARTESIAN_POINT ( 'NONE',  ( 19.70000000000000284, -1.980384757729360068, -2.425271854633450283E-16 ) ) ;
#912 = CYLINDRICAL_SURFACE ( 'NONE', #3807, 2.500000000000010658 ) ;
#913 = VERTEX_POINT ( 'NONE', #3668 ) ;
#914 = CARTESIAN_POINT ( 'NONE',  ( 0.3250000000000023981, 1.798385574751153904, -1.798385574751167892 ) ) ;
#915 = ORIENTED_EDGE ( 'NONE', *, *, #2130, .F. ) ;
#916 = CARTESIAN_POINT ( 'NONE',  ( 2.049999999999999822, -1.980384757729360512, 0.8203022253684510989 ) ) ;
#917 = CARTESIAN_POINT ( 'NONE',  ( 17.10000000000000497, -1.372470695792103624E-14, -2.500000000000011546 ) ) ;
#918 = CARTESIAN_POINT ( 'NONE',  ( 15.75000000000000711, -0.8203022253684651988, -1.980384757729346301 ) ) ;
#919 = CARTESIAN_POINT ( 'NONE',  ( -0.1999999999999953204, -1.375652421508278441E-14, -1.980384757729346301 ) ) ;
#920 = DIRECTION ( 'NONE',  ( 0.000000000000000000, 0.000000000000000000, 1.000000000000000000 ) ) ;
#921 = CARTESIAN_POINT ( 'NONE',  ( 1.000000000000000888, 1.400343491548884600, 1.400343491548899033 ) ) ;
#922 = CIRCLE ( 'NONE', #5422, 0.1796875000000001665 ) ;
#923 =( BOUNDED_CURVE ( )  B_SPLINE_CURVE ( 2, ( #3627, #1724, #7249, #645, #1871, #2304, #573, #4146, #4110, #5983, #3039, #1134, #5354, #5915, #2375, #5321, #5281, #7101, #3517, #4768, #6543, #2412, #6025, #7210, #1795, #4180, #5431, #2893, #7691, #6581, #3003, #7730, #5392, #4216, #4842, #1832, #1203, #63, #540, #3588, #607, #3666, #1278, #24, #4258, #4699, #2073, #6700, #3836, #3160, #4886, #100, #269, #7289, #1909, #6863, #7375, #3122, #6185, #5551, #689, #4298, #2615, #729, #2655, #5045, #7457, #6225, #815, #4972, #6145, #5010, #4340, #5510, #145, #1991, #3081, #3793, #4381, #2491, #3199, #854, #4421, #5472, #4460, #226, #1484, #3240, #6064, #6822, #1325, #5634, #2032, #3709, #6105, #1443, #5591, #7414, #2533, #4930, #7332, #1954, #6742, #1365, #3751, #772, #189, #6780, #2577, #1403, #3393, #5798, #3315, #2845, #340, #3432, #458, #931, #2184, #5716, #893, #6975, #4611, #4025, #418, #5756, #1639, #2221, #1597, #1010, #3982, #4530, #2731, #7015, #5087, #5237, #6421, #7647, #5673, #3944, #5122, #7533, #2111, #6268, #379, #1050, #2146, #2768, #5834, #3906, #5162, #2258, #7609, #4653, #2806, #7051, #5200, #6937, #1559, #3869, #3279, #3353, #1523, #304, #6341, #2696, #969, #7567, #7496, #4496, #6303, #4575, #6382, #6901, #4836, #2443, #498, #5275, #1676, #5423, #2297, #6574, #2961, #5314, #4760, #1091, #3621, #2885, #3510, #5909, #4066, #601, #4728, #534, #7683, #5978, #4104, #6017, #637, #3032, #7205, #2926, #1198, #7759, #5348, #7167, #55, #6464, #1234, #7095, #3472, #5871, #1787, #1718, #1827, #18, #4691, #6499, #3582, #1128, #4209, #2404, #7725, #6612, #5386, #2335, #7131, #4796, #4174, #1754, #4140, #2997, #6537, #1159, #3544, #5946, #568, #2368, #6218, #7408, #846, #6734, #4880, #4291, #1316, #5465, #1864, #3742, #2605, #6692, #1358, #5003, #7283, #6139, #5622, #3194, #2025, #1397, #5584, #3787, #3113, #4415, #260, #1436, #766, #1904, #3658, #139, #6649, #2528, #7325, #4251, #7243, #3701, #3153, #5543, #3829, #2645, #1271, #6056, #3074, #681, #94, #181, #4371, #2569, #5504, #4964, #2483, #3229, #6098, #723, #4921, #1946, #6178, #4331, #7365, #1983, #807, #6774, #218, #6814, #7627, #7033, #6402, #4671, #3452, #6441, #2864, #6517, #7446, #4708, #2786, #4551, #6956, #477, #5179, #5292, #3490, #2163, #1734, #3964, #6361, #6480, #1108, #4594, #516, #988, #1579, #1657, #3526, #3374, #2275, #5891, #5776, #1071, #2904, #4118, #7070, #1697, #6995, #1142, #5852, #5257, #4634, #7702, #5814, #396, #5925, #7665, #2316, #7110, #4084, #4044, #548, #5037, #7588, #2203, #1618, #4004, #1029, #3411, #438, #2825, #5219, #2239, #1336, #6035, #3679, #3094, #2461, #4816, #701, #1291, #658, #75, #3051, #3597, #1805, #6079, #4153, #5993, #5485, #4855, #2423, #581, #7776, #4776, #1177, #5329, #7221, #115, #2383, #1842, #2505 ),
 .UNSPECIFIED., .F., .F. ) 
 B_SPLINE_CURVE_WITH_KNOTS ( ( 3, 2, 2, 2, 2, 2, 2, 2, 2, 2, 2, 2, 2, 2, 2, 2, 2, 2, 2, 2, 2, 2, 2, 2, 2, 2, 2, 2, 2, 2, 2, 2, 2, 2, 2, 2, 2, 2, 2, 2, 2, 2, 2, 2, 2, 2, 2, 2, 2, 2, 2, 2, 2, 2, 2, 2, 2, 2, 2, 2, 2, 2, 2, 2, 2, 2, 2, 2, 2, 2, 2, 2, 2, 2, 2, 2, 2, 2, 2, 2, 2, 2, 2, 2, 2, 2, 2, 2, 2, 2, 2, 2, 2, 2, 2, 2, 2, 2, 2, 2, 2, 2, 2, 2, 2, 2, 2, 2, 2, 2, 2, 2, 2, 2, 2, 2, 2, 2, 2, 2, 2, 2, 2, 2, 2, 2, 2, 2, 2, 2, 2, 2, 2, 2, 2, 2, 2, 2, 2, 2, 2, 2, 2, 2, 2, 2, 2, 2, 2, 2, 2, 2, 2, 2, 2, 2, 2, 2, 2, 2, 2, 2, 2, 2, 2, 2, 2, 2, 2, 2, 2, 2, 2, 2, 2, 2, 2, 2, 2, 2, 2, 2, 2, 2, 2, 2, 2, 2, 2, 2, 2, 2, 2, 2, 2, 2, 2, 3 ),
 ( 0.01388888888888096043, 0.01851851851851063144, 0.02314814814814029897, 0.02777777777776996998, 0.03240740740739964099, 0.03703703703702930505, 0.04166666666665897606, 0.04629629629628864707, 0.05092592592591832501, 0.05555555555554798908, 0.06018518518517765314, 0.06481481481480733109, 0.06944444444443699516, 0.07407407407406665922, 0.07870370370369633717, 0.08333333333332600124, 0.08796296296295567918, 0.09259259259258532937, 0.09722222222221502119, 0.1018518518518446853, 0.1064814814814743354, 0.1111111111111040134, 0.1157407407407337052, 0.1203703703703633554, 0.1249999999999930195, 0.1296296296296226835, 0.1342592592592523892, 0.1388888888888820394, 0.1435185185185116896, 0.1481481481481413676, 0.1527777777777710455, 0.1574074074074006957, 0.1620370370370304014, 0.1666666666666600516, 0.1712962962962897295, 0.1759259259259194075, 0.1805555555555490577, 0.1851851851851787079, 0.1898148148148084136, 0.1944444444444380637, 0.1990740740740677139, 0.2037037037036974196, 0.2083333333333270976, 0.2129629629629567478, 0.2175925925925864257, 0.2222222222222160759, 0.2268518518518457538, 0.2314814814814754040, 0.2361111111111050820, 0.2407407407407347599, 0.2453703703703644656, 0.2499999999999941158, 0.2546296296296238215, 0.2592592592592534162, 0.2638888888888831219, 0.2685185185185128276, 0.2731481481481424223, 0.2777777777777721280, 0.2824074074074017782, 0.2870370370370314839, 0.2916666666666611341, 0.2962962962962907842, 0.3009259259259204344, 0.3055555555555501401, 0.3101851851851798458, 0.3148148148148094960, 0.3194444444444391462, 0.3240740740740688519, 0.3287037037036985021, 0.3333333333333281523, 0.3379629629629578580, 0.3425925925925875082, 0.3472222222222171584, 0.3518518518518468641, 0.3564814814814764588, 0.3611111111111061645, 0.3657407407407358702, 0.3703703703703654648, 0.3749999999999951705, 0.3796296296296248762, 0.3842592592592544709, 0.3888888888888841766, 0.3935185185185139378, 0.3981481481481435325, 0.4027777777777732382, 0.4074074074074028884, 0.4120370370370325386, 0.4166666666666622443, 0.4212962962962918945, 0.4259259259259215447, 0.4305555555555512504, 0.4351851851851809005, 0.4398148148148105507, 0.4444444444444402009, 0.4490740740740698511, 0.4537037037036995568, 0.4583333333333292070, 0.4629629629629588572, 0.4675925925925885629, 0.4722222222222182686, 0.4768518518518479743, 0.4814814814814775690, 0.4861111111111072747, 0.4907407407407369804, 0.4953703703703665751, 0.4999999999999962808, 0.5046296296296259865, 0.5092592592592556366, 0.5138888888888851758, 0.5185185185185149370, 0.5231481481481446982, 0.5277777777777743484, 0.5324074074074039986, 0.5370370370370337598, 0.5416666666666632990, 0.5462962962962929492, 0.5509259259259227104, 0.5555555555555523606, 0.5601851851851820108, 0.5648148148148116610, 0.5694444444444413111, 0.5740740740740709613, 0.5787037037037007225, 0.5833333333333303727, 0.5879629629629599119, 0.5925925925925896731, 0.5972222222222193233, 0.6018518518518489735, 0.6064814814814787347, 0.6111111111111084959, 0.6157407407407380351, 0.6203703703703677963, 0.6249999999999974465, 0.6296296296296270967, 0.6342592592592568579, 0.6388888888888863971, 0.6435185185185160472, 0.6481481481481458085, 0.6527777777777754586, 0.6574074074074051088, 0.6620370370370348700, 0.6666666666666644092, 0.6712962962962940594, 0.6759259259259238206, 0.6805555555555534708, 0.6851851851851831210, 0.6898148148148127712, 0.6944444444444424214, 0.6990740740740720716, 0.7037037037037018328, 0.7083333333333314830, 0.7129629629629610221, 0.7175925925925907833, 0.7222222222222204335, 0.7268518518518500837, 0.7314814814814798449, 0.7361111111111094951, 0.7407407407407390343, 0.7453703703703687955, 0.7499999999999984457, 0.7546296296296280959, 0.7592592592592578571, 0.7638888888888873963, 0.7685185185185171575, 0.7731481481481469187, 0.7777777777777765689, 0.7824074074074062191, 0.7870370370370359803, 0.7916666666666655194, 0.7962962962962951696, 0.8009259259259249308, 0.8055555555555545810, 0.8101851851851842312, 0.8148148148148138814, 0.8194444444444435316, 0.8240740740740731818, 0.8287037037037029430, 0.8333333333333325932, 0.8379629629629621324, 0.8425925925925918936, 0.8472222222222215438, 0.8518518518518511939, 0.8564814814814809552, 0.8611111111111106053, 0.8657407407407401445, 0.8703703703703699057, 0.8749999999999995559, 0.8796296296296292061, 0.8842592592592589673, 0.8888888888888885065, 0.8935185185185181567, 0.8981481481481479179, 0.9027777777777775681, 0.9074074074074072183, 0.9120370370370369795, 0.9166666666666665186, 0.9212962962962961688, 0.9259259259259259300 ),
 .UNSPECIFIED. ) 
 CURVE ( )  GEOMETRIC_REPRESENTATION_ITEM ( )  RATIONAL_B_SPLINE_CURVE ( ( 1.000000000000130340, 0.9238795325111563983, 1.000000000000000000, 0.9238795325112867385, 1.000000000000000000, 0.9238795325112867385, 1.000000000000000000, 0.9238795325112867385, 1.000000000000000000, 0.9238795325112867385, 1.000000000000000000, 0.9238795325112867385, 1.000000000000000000, 0.9238795325112867385, 1.000000000000000000, 0.9238795325112867385, 1.000000000000000000, 0.9238795325112867385, 1.000000000000000000, 0.9238795325112867385, 1.000000000000000000, 0.9238795325112867385, 1.000000000000000000, 0.9238795325112867385, 1.000000000000000000, 0.9238795325112867385, 1.000000000000000000, 0.9238795325112867385, 1.000000000000000000, 0.9238795325112867385, 1.000000000000000000, 0.9238795325112867385, 1.000000000000000000, 0.9238795325112867385, 1.000000000000000000, 0.9238795325112867385, 1.000000000000000000, 0.9238795325112867385, 1.000000000000000000, 0.9238795325112867385, 1.000000000000000000, 0.9238795325112867385, 1.000000000000000000, 0.9238795325112867385, 1.000000000000000000, 0.9238795325112867385, 1.000000000000000000, 0.9238795325112867385, 1.000000000000000000, 0.9238795325112867385, 1.000000000000000000, 0.9238795325112867385, 1.000000000000000000, 0.9238795325112867385, 1.000000000000000000, 0.9238795325112867385, 1.000000000000000000, 0.9238795325112867385, 1.000000000000000000, 0.9238795325112867385, 1.000000000000000000, 0.9238795325112867385, 1.000000000000000000, 0.9238795325112867385, 1.000000000000000000, 0.9238795325112867385, 1.000000000000000000, 0.9238795325112867385, 1.000000000000000000, 0.9238795325112867385, 1.000000000000000000, 0.9238795325112867385, 1.000000000000000000, 0.9238795325112867385, 1.000000000000000000, 0.9238795325112867385, 1.000000000000000000, 0.9238795325112867385, 1.000000000000000000, 0.9238795325112867385, 1.000000000000000000, 0.9238795325112867385, 1.000000000000000000, 0.9238795325112867385, 1.000000000000000000, 0.9238795325112867385, 1.000000000000000000, 0.9238795325112867385, 1.000000000000000000, 0.9238795325112867385, 1.000000000000000000, 0.9238795325112867385, 1.000000000000000000, 0.9238795325112867385, 1.000000000000000000, 0.9238795325112867385, 1.000000000000000000, 0.9238795325112867385, 1.000000000000000000, 0.9238795325112867385, 1.000000000000000000, 0.9238795325112867385, 1.000000000000000000, 0.9238795325112867385, 1.000000000000000000, 0.9238795325112867385, 1.000000000000000000, 0.9238795325112867385, 1.000000000000000000, 0.9238795325112867385, 1.000000000000000000, 0.9238795325112867385, 1.000000000000000000, 0.9238795325112867385, 1.000000000000000000, 0.9238795325112867385, 1.000000000000000000, 0.9238795325112867385, 1.000000000000000000, 0.9238795325112867385, 1.000000000000000000, 0.9238795325112867385, 1.000000000000000000, 0.9238795325112867385, 1.000000000000000000, 0.9238795325112867385, 1.000000000000000000, 0.9238795325112867385, 1.000000000000000000, 0.9238795325112867385, 1.000000000000000000, 0.9238795325112867385, 1.000000000000000000, 0.9238795325112867385, 1.000000000000000000, 0.9238795325112867385, 1.000000000000000000, 0.9238795325112867385, 1.000000000000000000, 0.9238795325112867385, 1.000000000000000000, 0.9238795325112867385, 1.000000000000000000, 0.9238795325112867385, 1.000000000000000000, 0.9238795325112867385, 1.000000000000000000, 0.9238795325112867385, 1.000000000000000000, 0.9238795325112867385, 1.000000000000000000, 0.9238795325112867385, 1.000000000000000000, 0.9238795325112867385, 1.000000000000000000, 0.9238795325112867385, 1.000000000000000000, 0.9238795325112867385, 1.000000000000000000, 0.9238795325112867385, 1.000000000000000000, 0.9238795325112867385, 1.000000000000000000, 0.9238795325112867385, 1.000000000000000000, 0.9238795325112867385, 1.000000000000000000, 0.9238795325112867385, 1.000000000000000000, 0.9238795325112867385, 1.000000000000000000, 0.9238795325112867385, 1.000000000000000000, 0.9238795325112867385, 1.000000000000000000, 0.9238795325112867385, 1.000000000000000000, 0.9238795325112867385, 1.000000000000000000, 0.9238795325112867385, 1.000000000000000000, 0.9238795325112867385, 1.000000000000000000, 0.9238795325112867385, 1.000000000000000000, 0.9238795325112867385, 1.000000000000000000, 0.9238795325112867385, 1.000000000000000000, 0.9238795325112867385, 1.000000000000000000, 0.9238795325112867385, 1.000000000000000000, 0.9238795325112867385, 1.000000000000000000, 0.9238795325112867385, 1.000000000000000000, 0.9238795325112867385, 1.000000000000000000, 0.9238795325112867385, 1.000000000000000000, 0.9238795325112867385, 1.000000000000000000, 0.9238795325112867385, 1.000000000000000000, 0.9238795325112867385, 1.000000000000000000, 0.9238795325112867385, 1.000000000000000000, 0.9238795325112867385, 1.000000000000000000, 0.9238795325112867385, 1.000000000000000000, 0.9238795325112867385, 1.000000000000000000, 0.9238795325112867385, 1.000000000000000000, 0.9238795325112867385, 1.000000000000000000, 0.9238795325112867385, 1.000000000000000000, 0.9238795325112867385, 1.000000000000000000, 0.9238795325112867385, 1.000000000000000000, 0.9238795325112867385, 1.000000000000000000, 0.9238795325112867385, 1.000000000000000000, 0.9238795325112867385, 1.000000000000000000, 0.9238795325112867385, 1.000000000000000000, 0.9238795325112867385, 1.000000000000000000, 0.9238795325112867385, 1.000000000000000000, 0.9238795325112867385, 1.000000000000000000, 0.9238795325112867385, 1.000000000000000000, 0.9238795325112867385, 1.000000000000000000, 0.9238795325112867385, 1.000000000000000000, 0.9238795325112867385, 1.000000000000000000, 0.9238795325112867385, 1.000000000000000000, 0.9238795325112867385, 1.000000000000000000, 0.9238795325112867385, 1.000000000000000000, 0.9238795325112867385, 1.000000000000000000, 0.9238795325112867385, 1.000000000000000000, 0.9238795325112867385, 1.000000000000000000, 0.9238795325112867385, 1.000000000000000000, 0.9238795325112867385, 1.000000000000000000, 0.9238795325112867385, 1.000000000000000000, 0.9238795325112867385, 1.000000000000000000, 0.9238795325112867385, 1.000000000000000000, 0.9238795325112867385, 1.000000000000000000, 0.9238795325112867385, 1.000000000000000000, 0.9238795325112867385, 1.000000000000000000, 0.9238795325112867385, 1.000000000000000000, 0.9238795325112867385, 1.000000000000000000, 0.9238795325112867385, 1.000000000000000000, 0.9238795325112867385, 1.000000000000000000, 0.9238795325112867385, 1.000000000000000000, 0.9238795325112867385, 1.000000000000000000, 0.9238795325112867385, 1.000000000000000000, 0.9238795325112867385, 1.000000000000000000, 0.9238795325112867385, 1.000000000000000000, 0.9238795325112867385, 1.000000000000000000, 0.9238795325112867385, 1.000000000000000000, 0.9238795325112867385, 1.000000000000000000, 0.9238795325112867385, 1.000000000000000000, 0.9238795325112867385, 1.000000000000000000, 0.9238795325112867385, 1.000000000000000000, 0.9238795325112867385, 1.000000000000000000, 0.9238795325112867385, 1.000000000000000000, 0.9238795325112867385, 1.000000000000000000, 0.9238795325112867385, 1.000000000000000000, 0.9238795325112867385, 1.000000000000000000, 0.9238795325112867385, 1.000000000000000000, 0.9238795325112867385, 1.000000000000000000, 0.9238795325112867385, 1.000000000000000000, 0.9238795325112867385, 1.000000000000000000, 0.9238795325112867385, 1.000000000000000000, 0.9238795325112867385, 1.000000000000000000, 0.9238795325112867385, 1.000000000000000000, 0.9238795325112867385, 1.000000000000000000, 0.9238795325112867385, 1.000000000000000000, 0.9238795325112867385, 1.000000000000000000, 0.9238795325112867385, 1.000000000000000000, 0.9238795325112867385, 1.000000000000000000, 0.9238795325112867385, 1.000000000000000000, 0.9238795325112867385, 1.000000000000000000, 0.9238795325112867385, 1.000000000000000000, 0.9238795325112867385, 1.000000000000000000, 0.9238795325112867385, 1.000000000000000000, 0.9238795325112867385, 1.000000000000000000, 0.9238795325112867385, 1.000000000000000000, 0.9238795325112867385, 1.000000000000000000, 0.9238795325112867385, 1.000000000000000000, 0.9238795325112867385, 1.000000000000000000, 0.9238795325112867385, 1.000000000000000000, 0.9238795325112867385, 1.000000000000000000, 0.9238795325112867385, 1.000000000000000000, 0.9238795325112867385, 1.000000000000000000, 0.9238795325112867385, 1.000000000000000000, 0.9238795325112867385, 1.000000000000000000, 0.9238795325112867385, 1.000000000000000000, 0.9238795325112867385, 1.000000000000000000, 0.9238795325112867385, 1.000000000000000000, 0.9238795325112867385, 1.000000000000000000, 0.9238795325112867385, 1.000000000000000000, 0.9238795325112867385, 1.000000000000000000, 0.9238795325112867385, 1.000000000000000000, 0.9238795325112867385, 1.000000000000000000, 0.9238795325112867385, 1.000000000000000000, 0.9238795325112867385, 1.000000000000000000, 0.9238795325112867385, 1.000000000000000000, 0.9238795325112867385, 1.000000000000000000 ) ) 
 REPRESENTATION_ITEM ( '' )  );
#924 = LINE ( 'NONE', #3308, #2548 ) ;
#925 = CARTESIAN_POINT ( 'NONE',  ( 8.375000000000005329, 2.543301270189220809, -1.053469879313100765 ) ) ;
#926 = ORIENTED_EDGE ( 'NONE', *, *, #2276, .T. ) ;
#927 = CARTESIAN_POINT ( 'NONE',  ( 11.30000000000000071, 1.980384757729332312, 0.000000000000000000 ) ) ;
#928 = ADVANCED_FACE ( 'NONE', ( #146 ), #7734, .T. ) ;
#929 = CARTESIAN_POINT ( 'NONE',  ( 4.775000000000001243, -1.798385574751182103, 1.798385574751167670 ) ) ;
#930 = DIRECTION ( 'NONE',  ( 1.224646799147353207E-16, -1.000000000000000000, 0.000000000000000000 ) ) ;
#931 = CARTESIAN_POINT ( 'NONE',  ( 14.65000000000000746, -0.8203022253684665310, 1.980384757729345857 ) ) ;
#932 = CARTESIAN_POINT ( 'NONE',  ( 3.350000000000002309, -1.035533905932756404, -2.500000000000011546 ) ) ;
#933 = AXIS2_PLACEMENT_3D ( 'NONE', #2241, #5737, #7111 ) ;
#934 = CARTESIAN_POINT ( 'NONE',  ( 20.15000000000000213, 1.980384757729331868, 0.8203022253684526532 ) ) ;
#935 = ADVANCED_FACE ( 'NONE', ( #6656 ), #1054, .T. ) ;
#936 = CARTESIAN_POINT ( 'NONE',  ( 15.17500000000000426, -1.798385574751182103, 1.798385574751167670 ) ) ;
#937 = CARTESIAN_POINT ( 'NONE',  ( 0.9499999999999995115, 1.980384757729331868, 0.8203022253684526532 ) ) ;
#938 = TOROIDAL_SURFACE ( 'NONE', #7207, 6.411159703984925073, 0.1796875000000000000 ) ;
#939 = CARTESIAN_POINT ( 'NONE',  ( 6.050000000000005151, -1.980384757729360290, -0.8203022253684516540 ) ) ;
#940 = CARTESIAN_POINT ( 'NONE',  ( -6.196065988199525698, -1.635709451329965258, 5.489465844048556420 ) ) ;
#941 = CARTESIAN_POINT ( 'NONE',  ( 11.65000000000000213, -1.980384757729360512, 0.8203022253684509879 ) ) ;
#942 = CARTESIAN_POINT ( 'NONE',  ( 12.05000000000000426, -2.500000000000025757, -1.035533905932743082 ) ) ;
#943 = DIRECTION ( 'NONE',  ( 1.000000000000000000, 0.000000000000000000, 1.224646799147353207E-16 ) ) ;
#944 = CARTESIAN_POINT ( 'NONE',  ( 10.75000000000000533, -1.980384757729360512, 0.8203022253684509879 ) ) ;
#945 = ORIENTED_EDGE ( 'NONE', *, *, #4524, .T. ) ;
#946 = AXIS2_PLACEMENT_3D ( 'NONE', #3786, #4330, #6733 ) ;
#947 = ADVANCED_FACE ( 'NONE', ( #1872 ), #4973, .T. ) ;
#948 = ORIENTED_EDGE ( 'NONE', *, *, #2276, .F. ) ;
#949 = CARTESIAN_POINT ( 'NONE',  ( 10.20000000000000107, -1.400343491548912578, -1.400343491548898811 ) ) ;
#950 = CARTESIAN_POINT ( 'NONE',  ( 1.850000000000000755, 1.035533905932728871, -2.500000000000011546 ) ) ;
#951 = CARTESIAN_POINT ( 'NONE',  ( 18.10000000000000142, -1.980384757729360068, -2.425271854633450283E-16 ) ) ;
#952 = CARTESIAN_POINT ( 'NONE',  ( 10.30000000000000426, -1.433703035749471672E-14, 2.500000000000011546 ) ) ;
#953 = ORIENTED_EDGE ( 'NONE', *, *, #3077, .T. ) ;
#954 = CARTESIAN_POINT ( 'NONE',  ( 10.40000000000000213, -2.500000000000025757, -3.061616997868397439E-16 ) ) ;
#955 = ORIENTED_EDGE ( 'NONE', *, *, #3700, .F. ) ;
#956 = CARTESIAN_POINT ( 'NONE',  ( 0.8500000000000001998, 1.980384757729332312, -0.8203022253684514320 ) ) ;
#957 = CYLINDRICAL_SURFACE ( 'NONE', #1809, 2.500000000000010658 ) ;
#958 = CARTESIAN_POINT ( 'NONE',  ( 14.90000000000000746, -1.400343491548912578, -1.400343491548898811 ) ) ;
#959 = CARTESIAN_POINT ( 'NONE',  ( 0.8500000000000034195, 1.980384757729331868, 0.8203022253684526532 ) ) ;
#960 = CARTESIAN_POINT ( 'NONE',  ( 13.80000000000000249, -1.372470695792103782E-14, -2.500000000000011546 ) ) ;
#961 = CARTESIAN_POINT ( 'NONE',  ( 1.600000000000000755, 1.400343491548885044, -1.400343491548898811 ) ) ;
#962 = CARTESIAN_POINT ( 'NONE',  ( 7.650000000000003908, 2.499999999999997780, -1.035533905932742638 ) ) ;
#963 = CARTESIAN_POINT ( 'NONE',  ( 7.675000000000004263, 2.543301270189220809, 1.053469879313102542 ) ) ;
#964 = ORIENTED_EDGE ( 'NONE', *, *, #357, .F. ) ;
#965 = CARTESIAN_POINT ( 'NONE',  ( 10.25000000000000178, -0.8203022253684651988, -1.980384757729346301 ) ) ;
#966 = CARTESIAN_POINT ( 'NONE',  ( 6.175000000000003375, 1.798385574751153682, 1.798385574751168337 ) ) ;
#967 = CARTESIAN_POINT ( 'NONE',  ( 15.00000000000000355, 1.767766952966362659, 1.767766952966377536 ) ) ;
#968 =( BOUNDED_CURVE ( )  B_SPLINE_CURVE ( 2, ( #558, #4866, #7271, #625, #6561, #6638, #667, #1892, #4278 ),
 .UNSPECIFIED., .F., .F. ) 
 B_SPLINE_CURVE_WITH_KNOTS ( ( 3, 2, 2, 2, 3 ),
 ( 0.2592592592592593004, 0.2638888888888888395, 0.2685185185185184897, 0.2731481481481481399, 0.2777777777777777901 ),
 .UNSPECIFIED. ) 
 CURVE ( )  GEOMETRIC_REPRESENTATION_ITEM ( )  RATIONAL_B_SPLINE_CURVE ( ( 1.000000000000000000, 0.9238795325112867385, 1.000000000000000000, 0.9238795325112867385, 1.000000000000000000, 0.9238795325112867385, 1.000000000000000000, 0.9238795325112867385, 1.000000000000000000 ) ) 
 REPRESENTATION_ITEM ( '' )  );
#969 = CARTESIAN_POINT ( 'NONE',  ( 12.20000000000000639, -1.424157858600947694E-14, 1.980384757729346301 ) ) ;
#970 = FACE_OUTER_BOUND ( 'NONE', #2753, .T. ) ;
#971 = CARTESIAN_POINT ( 'NONE',  ( 19.85000000000000497, -0.8203022253684651988, -1.980384757729346301 ) ) ;
#972 = CARTESIAN_POINT ( 'NONE',  ( 13.57500000000000284, -1.798385574751182103, 1.798385574751167670 ) ) ;
#973 = CARTESIAN_POINT ( 'NONE',  ( 2.350000000000001865, 0.8203022253684377763, -1.980384757729346301 ) ) ;
#974 = CARTESIAN_POINT ( 'NONE',  ( 20.50000000000000000, -1.267509437117510519E-14, 0.000000000000000000 ) ) ;
#975 = CARTESIAN_POINT ( 'NONE',  ( 6.850000000000004974, -1.980384757729360290, -0.8203022253684516540 ) ) ;
#976 = CARTESIAN_POINT ( 'NONE',  ( 4.500000000000003553, 2.499999999999997780, 0.000000000000000000 ) ) ;
#977 = CARTESIAN_POINT ( 'NONE',  ( 9.900000000000000355, -1.424157858600947694E-14, 1.980384757729346301 ) ) ;
#978 = CARTESIAN_POINT ( 'NONE',  ( 0.5000000000000017764, 1.385658696841721049, 2.080853184601659134 ) ) ;
#979 = CARTESIAN_POINT ( 'NONE',  ( 1.400000000000001910, -1.433703035749471672E-14, 2.500000000000011546 ) ) ;
#980 = ADVANCED_FACE ( 'NONE', ( #6146, #1280 ), #6743, .T. ) ;
#981 = EDGE_CURVE ( 'NONE', #706, #2123, #757, .T. ) ;
#982 = CARTESIAN_POINT ( 'NONE',  ( 8.650000000000005684, 0.8203022253684377763, -1.980384757729346301 ) ) ;
#983 = EDGE_LOOP ( 'NONE', ( #4780, #1859, #1309, #6952, #4517, #1418, #318, #2034 ) ) ;
#984 = ORIENTED_EDGE ( 'NONE', *, *, #3562, .F. ) ;
#985 = CARTESIAN_POINT ( 'NONE',  ( 9.700000000000002842, 1.980384757729332312, 0.000000000000000000 ) ) ;
#986 = DIRECTION ( 'NONE',  ( 1.000000000000000000, -0.000000000000000000, -0.000000000000000000 ) ) ;
#987 = CARTESIAN_POINT ( 'NONE',  ( 19.20000000000000284, 1.400343491548885044, -1.400343491548898811 ) ) ;
#988 = CARTESIAN_POINT ( 'NONE',  ( 4.150000000000004796, 0.8203022253684378873, 1.980384757729345857 ) ) ;
#989 = EDGE_CURVE ( 'NONE', #705, #828, #3159, .T. ) ;
#990 = CARTESIAN_POINT ( 'NONE',  ( -18.74551527218122615, -2.625674005841378555, -7.648550287102651508E-16 ) ) ;
#991 = CARTESIAN_POINT ( 'NONE',  ( 16.60000000000000497, -1.400343491548912578, -1.400343491548898811 ) ) ;
#992 = ORIENTED_EDGE ( 'NONE', *, *, #4629, .T. ) ;
#993 = CIRCLE ( 'NONE', #1995, 0.1796875000000001665 ) ;
#994 = CARTESIAN_POINT ( 'NONE',  ( 0.5000000000000011102, -1.240403621052787593E-14, 2.500000000000005773 ) ) ;
#995 = ORIENTED_EDGE ( 'NONE', *, *, #2888, .F. ) ;
#996 = CARTESIAN_POINT ( 'NONE',  ( 20.00000000000000000, 1.400343491548885044, -1.400343491548898811 ) ) ;
#997 = CARTESIAN_POINT ( 'NONE',  ( 19.05000000000000426, -1.035533905932757959, 2.500000000000011102 ) ) ;
#998 = CARTESIAN_POINT ( 'NONE',  ( 16.20000000000000639, -1.424157858600947694E-14, 1.980384757729346301 ) ) ;
#999 = DIRECTION ( 'NONE',  ( 1.000000000000000000, -0.000000000000000000, -0.000000000000000000 ) ) ;
#1000 = CARTESIAN_POINT ( 'NONE',  ( -0.01839210381897605356, -2.499999999999894307, -1.078145203838162702 ) ) ;
#1001 = CARTESIAN_POINT ( 'NONE',  ( 0.5000000000000004441, -1.980384757729360068, -2.425271854633450283E-16 ) ) ;
#1002 = AXIS2_PLACEMENT_3D ( 'NONE', #2748, #515, #1695 ) ;
#1003 = CARTESIAN_POINT ( 'NONE',  ( -12.50000000000000000, 2.874999999999992006, 0.000000000000000000 ) ) ;
#1004 = CARTESIAN_POINT ( 'NONE',  ( 9.575000000000002842, -2.543301270189249674, 1.053469879313100099 ) ) ;
#1005 = ORIENTED_EDGE ( 'NONE', *, *, #5478, .T. ) ;
#1006 = CARTESIAN_POINT ( 'NONE',  ( 9.100000000000001421, -1.424157858600947694E-14, 1.980384757729346301 ) ) ;
#1007 = CARTESIAN_POINT ( 'NONE',  ( 4.625000000000004441, 1.053469879313087443, 2.543301270189234575 ) ) ;
#1008 = VECTOR ( 'NONE', #154, 1000.000000000000000 ) ;
#1009 = CARTESIAN_POINT ( 'NONE',  ( 15.05000000000000426, 1.035533905932729315, 2.500000000000011102 ) ) ;
#1010 = CARTESIAN_POINT ( 'NONE',  ( 14.05000000000000782, -1.980384757729360068, -0.8203022253684516540 ) ) ;
#1011 = CARTESIAN_POINT ( 'NONE',  ( -1.093290131144177391, -2.042052523544255482, 2.450935444863366897 ) ) ;
#1012 = CARTESIAN_POINT ( 'NONE',  ( 20.10000000000000497, 1.980384757729332312, 0.000000000000000000 ) ) ;
#1013 = CARTESIAN_POINT ( 'NONE',  ( 12.87500000000000533, -2.543301270189248786, -3.114645759804644720E-16 ) ) ;
#1014 =( BOUNDED_CURVE ( )  B_SPLINE_CURVE ( 2, ( #2486, #4882, #4293, #6694, #1319, #6100, #3117, #5506, #141 ),
 .UNSPECIFIED., .F., .F. ) 
 B_SPLINE_CURVE_WITH_KNOTS ( ( 3, 2, 2, 2, 3 ),
 ( 0.7222222222222222099, 0.7268518518518518601, 0.7314814814814815103, 0.7361111111111111605, 0.7407407407407406996 ),
 .UNSPECIFIED. ) 
 CURVE ( )  GEOMETRIC_REPRESENTATION_ITEM ( )  RATIONAL_B_SPLINE_CURVE ( ( 1.000000000000000000, 0.9238795325112867385, 1.000000000000000000, 0.9238795325112867385, 1.000000000000000000, 0.9238795325112867385, 1.000000000000000000, 0.9238795325112867385, 1.000000000000000000 ) ) 
 REPRESENTATION_ITEM ( '' )  );
#1015 = CARTESIAN_POINT ( 'NONE',  ( 1.100000000000000311, -1.424157858600947694E-14, 1.980384757729346301 ) ) ;
#1016 = DIRECTION ( 'NONE',  ( -2.168404344971008868E-16, -1.000000000000000000, 0.000000000000000000 ) ) ;
#1017 = CARTESIAN_POINT ( 'NONE',  ( 5.250000000000004441, -1.980384757729360290, -0.8203022253684516540 ) ) ;
#1018 = CARTESIAN_POINT ( 'NONE',  ( 4.450000000000002842, 2.499999999999997780, -1.035533905932742638 ) ) ;
#1019 = CARTESIAN_POINT ( 'NONE',  ( 6.200000000000001066, -1.400343491548912578, -1.400343491548898811 ) ) ;
#1020 = CARTESIAN_POINT ( 'NONE',  ( -8.956206739499513958, -14.88245173530465237, -5.976644290944898685 ) ) ;
#1021 = LINE ( 'NONE', #2707, #2415 ) ;
#1022 = CARTESIAN_POINT ( 'NONE',  ( 7.250000000000005329, 1.980384757729331868, 0.8203022253684526532 ) ) ;
#1023 = VERTEX_POINT ( 'NONE', #7534 ) ;
#1024 = EDGE_LOOP ( 'NONE', ( #6040, #7267, #6569, #3601, #1660, #6764, #5553, #840, #5368 ) ) ;
#1025 = CARTESIAN_POINT ( 'NONE',  ( 9.250000000000003553, -1.980384757729360512, 0.8203022253684509879 ) ) ;
#1026 = EDGE_CURVE ( 'NONE', #3578, #3138, #3708, .T. ) ;
#1027 = DIRECTION ( 'NONE',  ( 1.000000000000000000, -0.000000000000000000, -0.000000000000000000 ) ) ;
#1028 = CARTESIAN_POINT ( 'NONE',  ( 19.60000000000000142, -1.400343491548913022, 1.400343491548898589 ) ) ;
#1029 = CARTESIAN_POINT ( 'NONE',  ( 2.500000000000005773, 1.400343491548884600, 1.400343491548899033 ) ) ;
#1030 = FACE_OUTER_BOUND ( 'NONE', #4, .T. ) ;
#1031 = CARTESIAN_POINT ( 'NONE',  ( 16.40000000000000213, -1.400343491548913022, 1.400343491548898589 ) ) ;
#1032 = ORIENTED_EDGE ( 'NONE', *, *, #1126, .T. ) ;
#1033 = CARTESIAN_POINT ( 'NONE',  ( 13.05000000000000426, -1.035533905932756404, -2.500000000000011546 ) ) ;
#1034 = ORIENTED_EDGE ( 'NONE', *, *, #2370, .T. ) ;
#1035 = EDGE_CURVE ( 'NONE', #5215, #3427, #4762, .T. ) ;
#1036 = CARTESIAN_POINT ( 'NONE',  ( 20.55000000000000426, -1.980384757729360290, -0.8203022253684516540 ) ) ;
#1037 = ADVANCED_FACE ( 'NONE', ( #970 ), #816, .T. ) ;
#1038 = CARTESIAN_POINT ( 'NONE',  ( 15.20000000000000462, 1.980384757729332312, 0.000000000000000000 ) ) ;
#1039 = CARTESIAN_POINT ( 'NONE',  ( 2.350000000000001421, -2.500000000000026201, 1.035533905932742194 ) ) ;
#1040 = CARTESIAN_POINT ( 'NONE',  ( -12.50000000000000000, 2.625674005841375447, 0.000000000000000000 ) ) ;
#1041 = CARTESIAN_POINT ( 'NONE',  ( 0.6999999999999992895, -1.375652421508278441E-14, -1.980384757729346301 ) ) ;
#1042 = DIRECTION ( 'NONE',  ( 1.000000000000000000, -0.000000000000000000, -0.000000000000000000 ) ) ;
#1043 = CARTESIAN_POINT ( 'NONE',  ( 5.125000000000004441, 1.798385574751153904, -1.798385574751167892 ) ) ;
#1044 = ORIENTED_EDGE ( 'NONE', *, *, #1370, .T. ) ;
#1045 = CARTESIAN_POINT ( 'NONE',  ( 9.250000000000003553, -1.980384757729360512, 0.8203022253684510989 ) ) ;
#1046 = EDGE_CURVE ( 'NONE', #2272, #3819, #6071, .T. ) ;
#1047 = CARTESIAN_POINT ( 'NONE',  ( 3.125000000000002665, -1.053469879313116087, 2.543301270189234575 ) ) ;
#1048 = CARTESIAN_POINT ( 'NONE',  ( -0.8517465326040286611, -2.217184983342282756, -2.160459355957061511 ) ) ;
#1049 = VECTOR ( 'NONE', #4844, 1000.000000000000000 ) ;
#1050 = CARTESIAN_POINT ( 'NONE',  ( 13.25000000000000711, -1.980384757729360068, -0.8203022253684516540 ) ) ;
#1051 = FACE_OUTER_BOUND ( 'NONE', #983, .T. ) ;
#1052 = CARTESIAN_POINT ( 'NONE',  ( -7.943492629553546180, -2.125377416303149580, -6.290200229030418200 ) ) ;
#1053 = CARTESIAN_POINT ( 'NONE',  ( 20.75000000000000711, 0.8203022253684377763, -1.980384757729346301 ) ) ;
#1054 = TOROIDAL_SURFACE ( 'NONE', #171, 2.859374999999997780, 0.3593750000000000000 ) ;
#1055 = CARTESIAN_POINT ( 'NONE',  ( 15.52500000000000391, 1.053469879313086999, -2.543301270189235019 ) ) ;
#1056 = CARTESIAN_POINT ( 'NONE',  ( 1.750000000000001332, 1.980384757729331868, 0.8203022253684526532 ) ) ;
#1057 = CARTESIAN_POINT ( 'NONE',  ( 20.50000000000000000, -1.267509437117510519E-14, 0.000000000000000000 ) ) ;
#1058 = CARTESIAN_POINT ( 'NONE',  ( 7.400000000000005684, -1.424157858600947694E-14, 1.980384757729346301 ) ) ;
#1059 = CARTESIAN_POINT ( 'NONE',  ( -12.50000000000000000, -4.102566777143634563E-15, 0.000000000000000000 ) ) ;
#1060 = CONICAL_SURFACE ( 'NONE', #7452, 7.009737158183716232, 0.7853981633974482790 ) ;
#1061 = CARTESIAN_POINT ( 'NONE',  ( 5.650000000000000355, 1.980384757729332312, -0.8203022253684513210 ) ) ;
#1062 = CARTESIAN_POINT ( 'NONE',  ( 9.400000000000003908, 1.767766952966362659, 1.767766952966377536 ) ) ;
#1063 = CARTESIAN_POINT ( 'NONE',  ( 20.50000000000000000, -1.267509437117510519E-14, 0.000000000000000000 ) ) ;
#1064 = CARTESIAN_POINT ( 'NONE',  ( 7.050000000000005151, 0.8203022253684377763, -1.980384757729346301 ) ) ;
#1065 = EDGE_LOOP ( 'NONE', ( #6405, #3405, #5100, #4756, #5082, #2719, #6960, #7518, #3337, #4987, #3725, #6172, #4423, #2910, #7113, #4204, #1113, #2129, #7772, #5489, #4313, #3162, #5962, #5817, #2596, #2208, #5435, #6396, #6806, #3311, #2496, #4598, #1773, #6247, #6797, #613, #7010, #3694, #6808, #585, #2141, #5731, #5711, #4245, #6555, #5779, #1281, #5605, #2016, #3821, #5525, #6318, #7400, #6407 ) ) ;
#1066 =( BOUNDED_CURVE ( )  B_SPLINE_CURVE ( 2, ( #5864, #489, #6415, #1711, #7677, #528, #2799, #3387, #2289 ),
 .UNSPECIFIED., .F., .F. ) 
 B_SPLINE_CURVE_WITH_KNOTS ( ( 3, 2, 2, 2, 3 ),
 ( 0.6481481481481481399, 0.6527777777777777901, 0.6574074074074074403, 0.6620370370370369795, 0.6666666666666666297 ),
 .UNSPECIFIED. ) 
 CURVE ( )  GEOMETRIC_REPRESENTATION_ITEM ( )  RATIONAL_B_SPLINE_CURVE ( ( 1.000000000000000000, 0.9238795325112867385, 1.000000000000000000, 0.9238795325112867385, 1.000000000000000000, 0.9238795325112867385, 1.000000000000000000, 0.9238795325112867385, 1.000000000000000000 ) ) 
 REPRESENTATION_ITEM ( '' )  );
#1067 = VECTOR ( 'NONE', #4470, 1000.000000000000000 ) ;
#1068 = CARTESIAN_POINT ( 'NONE',  ( 11.90000000000000036, -1.375652421508278441E-14, -1.980384757729346301 ) ) ;
#1069 = CARTESIAN_POINT ( 'NONE',  ( 4.800000000000002487, -2.500000000000025757, -3.061616997868397439E-16 ) ) ;
#1070 = CARTESIAN_POINT ( 'NONE',  ( 17.80000000000000426, 1.400343491548884600, 1.400343491548899033 ) ) ;
#1071 = CARTESIAN_POINT ( 'NONE',  ( 3.750000000000007105, -0.8203022253684651988, -1.980384757729346301 ) ) ;
#1072 = CIRCLE ( 'NONE', #4068, 6.245515272181226152 ) ;
#1073 = CARTESIAN_POINT ( 'NONE',  ( -0.4661919746328942460, 2.499999999999996891, 1.484280771488420969 ) ) ;
#1074 = CARTESIAN_POINT ( 'NONE',  ( 17.15000000000000213, -0.8203022253684664200, 1.980384757729345857 ) ) ;
#1075 = ORIENTED_EDGE ( 'NONE', *, *, #4769, .T. ) ;
#1076 = LINE ( 'NONE', #4639, #6623 ) ;
#1077 = ORIENTED_EDGE ( 'NONE', *, *, #3522, .T. ) ;
#1078 = CARTESIAN_POINT ( 'NONE',  ( 20.60000000000000142, -1.400343491548912578, -1.400343491548898811 ) ) ;
#1079 = CARTESIAN_POINT ( 'NONE',  ( 18.30000000000000426, -1.767766952966391303, 1.767766952966376870 ) ) ;
#1080 = CARTESIAN_POINT ( 'NONE',  ( 14.20000000000000639, -1.375652421508278441E-14, -1.980384757729346301 ) ) ;
#1081 = CARTESIAN_POINT ( 'NONE',  ( 2.300000000000003375, -1.767766952966391303, 1.767766952966376870 ) ) ;
#1082 = CARTESIAN_POINT ( 'NONE',  ( -12.50000000000000000, -2.695312499999995115, 0.000000000000000000 ) ) ;
#1083 = CARTESIAN_POINT ( 'NONE',  ( 0.2000000000000022593, 1.400343491548884600, 1.400343491548899033 ) ) ;
#1084 = CARTESIAN_POINT ( 'NONE',  ( 20.50000000000000000, -1.267509437117510519E-14, 0.000000000000000000 ) ) ;
#1085 = EDGE_CURVE ( 'NONE', #5118, #7313, #810, .T. ) ;
#1086 = CARTESIAN_POINT ( 'NONE',  ( 4.825000000000002842, -2.543301270189248786, -3.114645759804644720E-16 ) ) ;
#1087 = ORIENTED_EDGE ( 'NONE', *, *, #4235, .T. ) ;
#1088 = CARTESIAN_POINT ( 'NONE',  ( 7.250000000000000888, 1.980384757729332312, -0.8203022253684514320 ) ) ;
#1089 = CARTESIAN_POINT ( 'NONE',  ( 1.125000000000000888, 1.053469879313086999, -2.543301270189235019 ) ) ;
#1090 = CARTESIAN_POINT ( 'NONE',  ( 14.75000000000000533, 1.035533905932728871, -2.500000000000011546 ) ) ;
#1091 = CARTESIAN_POINT ( 'NONE',  ( 11.25000000000000711, 1.980384757729331868, 0.8203022253684526532 ) ) ;
#1092 = CARTESIAN_POINT ( 'NONE',  ( -12.50000000000000178, -3.640625000000006661, 0.000000000000000000 ) ) ;
#1093 = CARTESIAN_POINT ( 'NONE',  ( 19.50000000000000355, -1.424157858600947694E-14, 1.980384757729346301 ) ) ;
#1094 = CARTESIAN_POINT ( 'NONE',  ( 11.07500000000000284, -1.434498467178515336E-14, 2.543301270189235019 ) ) ;
#1095 = CARTESIAN_POINT ( 'NONE',  ( 0.2500000000000002220, 0.8203022253684378873, 1.980384757729345857 ) ) ;
#1096 = CYLINDRICAL_SURFACE ( 'NONE', #4448, 2.500000000000010658 ) ;
#1097 = B_SPLINE_CURVE_WITH_KNOTS ( 'NONE', 1,
 ( #5878, #1723 ),
 .UNSPECIFIED., .F., .F.,
 ( 2, 2 ),
 ( 0.000000000000000000, 0.0006000000000005329412 ),
 .UNSPECIFIED. ) ;
#1098 = CARTESIAN_POINT ( 'NONE',  ( 3.450000000000005063, -0.8203022253684664200, 1.980384757729345857 ) ) ;
#1099 = CARTESIAN_POINT ( 'NONE',  ( 16.60000000000000497, -1.433703035749471672E-14, 2.500000000000011546 ) ) ;
#1100 = CARTESIAN_POINT ( 'NONE',  ( 8.150000000000000355, 1.980384757729331868, 0.8203022253684526532 ) ) ;
#1101 = CARTESIAN_POINT ( 'NONE',  ( 0.3412185873726890084, 2.499999999999994671, -0.5857086357103760133 ) ) ;
#1102 = CARTESIAN_POINT ( 'NONE',  ( 18.80000000000000426, 2.499999999999997780, 0.000000000000000000 ) ) ;
#1103 = CARTESIAN_POINT ( 'NONE',  ( 9.900000000000005684, -1.400343491548913022, 1.400343491548898589 ) ) ;
#1104 = ORIENTED_EDGE ( 'NONE', *, *, #2746, .F. ) ;
#1105 = CARTESIAN_POINT ( 'NONE',  ( 12.20000000000000107, 1.400343491548884600, 1.400343491548899033 ) ) ;
#1106 = LINE ( 'NONE', #355, #1624 ) ;
#1107 = CARTESIAN_POINT ( 'NONE',  ( 16.65000000000000213, -0.8203022253684651988, -1.980384757729346301 ) ) ;
#1108 = CARTESIAN_POINT ( 'NONE',  ( 4.300000000000005151, -1.400343491548913022, 1.400343491548898589 ) ) ;
#1109 = DIRECTION ( 'NONE',  ( -1.000000000000000000, 3.033396242145239324E-16, 0.000000000000000000 ) ) ;
#1110 = CARTESIAN_POINT ( 'NONE',  ( 16.50000000000000000, -1.980384757729360068, -2.425271854633450283E-16 ) ) ;
#1111 = ORIENTED_EDGE ( 'NONE', *, *, #587, .T. ) ;
#1112 = CARTESIAN_POINT ( 'NONE',  ( 19.07500000000000639, -1.434498467178515336E-14, 2.543301270189235019 ) ) ;
#1113 = ORIENTED_EDGE ( 'NONE', *, *, #7430, .F. ) ;
#1114 = CARTESIAN_POINT ( 'NONE',  ( 19.30000000000000071, 1.980384757729332312, 0.000000000000000000 ) ) ;
#1115 = CARTESIAN_POINT ( 'NONE',  ( 19.50000000000000355, -1.372470695792103624E-14, -2.500000000000011546 ) ) ;
#1116 = CARTESIAN_POINT ( 'NONE',  ( 14.00000000000000533, -1.980384757729360068, -2.425271854633450283E-16 ) ) ;
#1117 = CARTESIAN_POINT ( 'NONE',  ( 16.40000000000000568, 1.767766952966363103, -1.767766952966377092 ) ) ;
#1118 = CARTESIAN_POINT ( 'NONE',  ( 0.5000000000000022204, 2.499999999999993339, 3.065751858972787366E-12 ) ) ;
#1119 = CARTESIAN_POINT ( 'NONE',  ( 20.49999999999999645, -1.267509437117510519E-14, 0.000000000000000000 ) ) ;
#1120 = AXIS2_PLACEMENT_3D ( 'NONE', #2131, #361, #7552 ) ;
#1121 = CARTESIAN_POINT ( 'NONE',  ( 5.575000000000004619, -2.543301270189249674, 1.053469879313100099 ) ) ;
#1122 = ORIENTED_EDGE ( 'NONE', *, *, #2658, .T. ) ;
#1123 = CARTESIAN_POINT ( 'NONE',  ( 9.550000000000000711, 0.8203022253684377763, -1.980384757729346301 ) ) ;
#1124 = CARTESIAN_POINT ( 'NONE',  ( 1.625000000000001554, -2.543301270189249674, 1.053469879313100099 ) ) ;
#1125 = CARTESIAN_POINT ( 'NONE',  ( 14.80000000000000426, 1.767766952966363103, -1.767766952966377092 ) ) ;
#1126 = EDGE_CURVE ( 'NONE', #7313, #7491, #6227, .T. ) ;
#1127 = VECTOR ( 'NONE', #2738, 1000.000000000000000 ) ;
#1128 = CARTESIAN_POINT ( 'NONE',  ( 9.550000000000004263, 1.980384757729332312, -0.8203022253684514320 ) ) ;
#1129 = CARTESIAN_POINT ( 'NONE',  ( 20.50000000000000000, -1.236893267138826574E-14, 2.500000000000010658 ) ) ;
#1130 = CARTESIAN_POINT ( 'NONE',  ( 9.425000000000002487, 1.053469879313087443, 2.543301270189234575 ) ) ;
#1131 = CARTESIAN_POINT ( 'NONE',  ( 17.92500000000000426, 1.798385574751153904, -1.798385574751167892 ) ) ;
#1132 = DIRECTION ( 'NONE',  ( 1.000000000000000000, -0.000000000000000000, 0.000000000000000000 ) ) ;
#1133 = EDGE_CURVE ( 'NONE', #213, #4649, #7222, .T. ) ;
#1134 = CARTESIAN_POINT ( 'NONE',  ( 19.95000000000000639, 1.980384757729332312, -0.8203022253684514320 ) ) ;
#1135 = CALENDAR_DATE ( 2026, 26, 6 ) ;
#1136 = FACE_OUTER_BOUND ( 'NONE', #1024, .T. ) ;
#1137 = CARTESIAN_POINT ( 'NONE',  ( 5.850000000000004974, -0.8203022253684664200, 1.980384757729345857 ) ) ;
#1138 = EDGE_LOOP ( 'NONE', ( #7152, #3339, #1075, #4165 ) ) ;
#1139 = CARTESIAN_POINT ( 'NONE',  ( 10.92500000000000426, 1.798385574751153682, 1.798385574751168337 ) ) ;
#1140 = CARTESIAN_POINT ( 'NONE',  ( 6.550000000000001599, 1.980384757729331868, 0.8203022253684526532 ) ) ;
#1141 = CARTESIAN_POINT ( 'NONE',  ( -2.242002949036269399, -1.458216942100611924, -3.437990047775920210 ) ) ;
#1142 = CARTESIAN_POINT ( 'NONE',  ( 3.450000000000005063, -0.8203022253684665310, 1.980384757729345857 ) ) ;
#1143 = CARTESIAN_POINT ( 'NONE',  ( -8.956206739499513958, -13.71078647393870931, 8.319974813676779490 ) ) ;
#1144 = CARTESIAN_POINT ( 'NONE',  ( 16.45000000000000284, -1.980384757729360512, 0.8203022253684509879 ) ) ;
#1145 = ORIENTED_EDGE ( 'NONE', *, *, #316, .T. ) ;
#1146 = ORIENTED_EDGE ( 'NONE', *, *, #1172, .T. ) ;
#1147 = CARTESIAN_POINT ( 'NONE',  ( 20.85000000000000142, 1.980384757729332312, -0.8203022253684513210 ) ) ;
#1148 = CARTESIAN_POINT ( 'NONE',  ( 12.55000000000000604, 2.499999999999997780, 1.035533905932744414 ) ) ;
#1149 = CARTESIAN_POINT ( 'NONE',  ( 12.60000000000000497, -1.375652421508278441E-14, -1.980384757729346301 ) ) ;
#1150 = CARTESIAN_POINT ( 'NONE',  ( 3.400000000000003908, -1.372470695792103782E-14, -2.500000000000011546 ) ) ;
#1151 = CARTESIAN_POINT ( 'NONE',  ( 17.05000000000000426, -1.035533905932756404, -2.500000000000011546 ) ) ;
#1152 = DIRECTION ( 'NONE',  ( -0.000000000000000000, 1.000000000000000000, -0.000000000000000000 ) ) ;
#1153 = DIRECTION ( 'NONE',  ( 2.168404344971008868E-16, 1.000000000000000000, -0.000000000000000000 ) ) ;
#1154 = CARTESIAN_POINT ( 'NONE',  ( 6.875000000000003553, 2.543301270189220809, 1.053469879313102542 ) ) ;
#1155 = VERTEX_POINT ( 'NONE', #5046 ) ;
#1156 = CARTESIAN_POINT ( 'NONE',  ( 7.950000000000000178, 0.8203022253684377763, -1.980384757729346301 ) ) ;
#1157 = CARTESIAN_POINT ( 'NONE',  ( 2.925000000000004263, 2.543301270189220809, 1.053469879313102542 ) ) ;
#1158 = CARTESIAN_POINT ( 'NONE',  ( 8.450000000000004619, 2.499999999999997780, -1.035533905932742638 ) ) ;
#1159 = CARTESIAN_POINT ( 'NONE',  ( 8.850000000000004974, 1.980384757729331868, 0.8203022253684526532 ) ) ;
#1160 = CARTESIAN_POINT ( 'NONE',  ( 10.25000000000000178, 1.035533905932729315, 2.500000000000011102 ) ) ;
#1161 = B_SPLINE_CURVE_WITH_KNOTS ( 'NONE', 3,
 ( #7739, #582, #4777, #3053, #7185, #1806 ),
 .UNSPECIFIED., .F., .F.,
 ( 4, 2, 4 ),
 ( 0.001511688923140202048, 0.002061634738263522053, 0.002611580553386841624 ),
 .UNSPECIFIED. ) ;
#1162 = CARTESIAN_POINT ( 'NONE',  ( 11.92500000000000249, -1.053469879313116087, 2.543301270189234575 ) ) ;
#1163 = CARTESIAN_POINT ( 'NONE',  ( 19.32500000000000639, -1.798385574751181437, -1.798385574751167892 ) ) ;
#1164 = CARTESIAN_POINT ( 'NONE',  ( 5.800000000000003375, -1.372470695792103782E-14, -2.500000000000011546 ) ) ;
#1165 = CARTESIAN_POINT ( 'NONE',  ( 20.50000000000000000, -1.267509437117510519E-14, 0.000000000000000000 ) ) ;
#1166 = APPROVAL_STATUS ( 'not_yet_approved' ) ;
#1167 = CYLINDRICAL_SURFACE ( 'NONE', #2175, 2.500000000000010658 ) ;
#1168 = AXIS2_PLACEMENT_3D ( 'NONE', #2667, #5134, #1572 ) ;
#1169 =( BOUNDED_CURVE ( )  B_SPLINE_CURVE ( 2, ( #3657, #4794, #1826, #636, #54, #2442, #4835, #7242, #4249 ),
 .UNSPECIFIED., .F., .F. ) 
 B_SPLINE_CURVE_WITH_KNOTS ( ( 3, 2, 2, 2, 3 ),
 ( 0.2129629629629629650, 0.2175925925925925875, 0.2222222222222222099, 0.2268518518518518601, 0.2314814814814814825 ),
 .UNSPECIFIED. ) 
 CURVE ( )  GEOMETRIC_REPRESENTATION_ITEM ( )  RATIONAL_B_SPLINE_CURVE ( ( 1.000000000000000000, 0.9238795325112867385, 1.000000000000000000, 0.9238795325112867385, 1.000000000000000000, 0.9238795325112867385, 1.000000000000000000, 0.9238795325112867385, 1.000000000000000000 ) ) 
 REPRESENTATION_ITEM ( '' )  );
#1170 = CARTESIAN_POINT ( 'NONE',  ( 5.150000000000006573, -1.980384757729360512, 0.8203022253684509879 ) ) ;
#1171 = CARTESIAN_POINT ( 'NONE',  ( 20.50000000000000355, -1.400343491548912578, -1.400343491548898811 ) ) ;
#1172 = EDGE_CURVE ( 'NONE', #1975, #6718, #2925, .T. ) ;
#1173 = CARTESIAN_POINT ( 'NONE',  ( 13.37500000000000533, 1.053469879313087443, 2.543301270189234575 ) ) ;
#1174 = CARTESIAN_POINT ( 'NONE',  ( 7.850000000000001421, -0.8203022253684651988, -1.980384757729346301 ) ) ;
#1175 = AXIS2_PLACEMENT_3D ( 'NONE', #1119, #4719, #452 ) ;
#1176 = CARTESIAN_POINT ( 'NONE',  ( 6.200000000000003730, 1.767766952966362659, 1.767766952966377536 ) ) ;
#1177 = CARTESIAN_POINT ( 'NONE',  ( 1.100000000000003642, -1.400343491548913022, 1.400343491548898589 ) ) ;
#1178 = CARTESIAN_POINT ( 'NONE',  ( 19.95000000000019114, -1.035533905935472232, 2.499999999997296385 ) ) ;
#1179 = CARTESIAN_POINT ( 'NONE',  ( 13.75000000000000711, 0.8203022253684378873, 1.980384757729345857 ) ) ;
#1180 = ORIENTED_EDGE ( 'NONE', *, *, #1470, .T. ) ;
#1181 = VECTOR ( 'NONE', #4859, 1000.000000000000000 ) ;
#1182 = ADVANCED_FACE ( 'NONE', ( #3946 ), #341, .T. ) ;
#1183 = ORIENTED_EDGE ( 'NONE', *, *, #3907, .T. ) ;
#1184 = CARTESIAN_POINT ( 'NONE',  ( 17.44999999999999929, -0.8203022253684651988, -1.980384757729346301 ) ) ;
#1185 = CARTESIAN_POINT ( 'NONE',  ( -0.6372531902388165470, 2.374244799338238732, -1.843873128552091512 ) ) ;
#1186 = CARTESIAN_POINT ( 'NONE',  ( 12.70000000000000639, 1.400343491548885044, -1.400343491548898811 ) ) ;
#1187 = DIRECTION ( 'NONE',  ( 0.000000000000000000, -1.119104808822157793E-13, 1.000000000000000000 ) ) ;
#1188 = CARTESIAN_POINT ( 'NONE',  ( 7.700000000000003730, 1.767766952966362659, 1.767766952966377536 ) ) ;
#1189 = CARTESIAN_POINT ( 'NONE',  ( 0.5000000000000002220, 1.536366799935488192, -1.999167105996815907 ) ) ;
#1190 = CARTESIAN_POINT ( 'NONE',  ( 20.50000000000000000, -1.236893267138826574E-14, 2.500000000000010658 ) ) ;
#1191 = ORIENTED_EDGE ( 'NONE', *, *, #4051, .F. ) ;
#1192 = CARTESIAN_POINT ( 'NONE',  ( 17.95000000000000639, -1.980384757729360512, 0.8203022253684509879 ) ) ;
#1193 = CARTESIAN_POINT ( 'NONE',  ( 7.175000000000004263, -2.543301270189249674, 1.053469879313100099 ) ) ;
#1194 = VERTEX_POINT ( 'NONE', #7648 ) ;
#1195 = CARTESIAN_POINT ( 'NONE',  ( 6.450000000000001066, 1.980384757729332312, -0.8203022253684514320 ) ) ;
#1196 = CARTESIAN_POINT ( 'NONE',  ( 2.825000000000001066, 2.543301270189220809, -1.053469879313100765 ) ) ;
#1197 = DIRECTION ( 'NONE',  ( 1.000000000000000000, -0.000000000000000000, -0.000000000000000000 ) ) ;
#1198 = CARTESIAN_POINT ( 'NONE',  ( 10.40000000000000391, 1.980384757729332312, 0.000000000000000000 ) ) ;
#1199 = DIRECTION ( 'NONE',  ( 0.000000000000000000, -1.000000000000000000, 0.000000000000000000 ) ) ;
#1200 = CARTESIAN_POINT ( 'NONE',  ( 9.925000000000004263, 1.053469879313086999, -2.543301270189235019 ) ) ;
#1201 = CARTESIAN_POINT ( 'NONE',  ( 19.02500000000000213, -1.434498467178515336E-14, 2.543301270189235019 ) ) ;
#1202 = CARTESIAN_POINT ( 'NONE',  ( 8.050000000000002487, -2.500000000000025757, -1.035533905932743082 ) ) ;
#1203 = CARTESIAN_POINT ( 'NONE',  ( 18.70000000000000639, -1.400343491548913022, 1.400343491548898589 ) ) ;
#1204 = DATE_TIME_ROLE ( 'classification_date' ) ;
#1205 = CARTESIAN_POINT ( 'NONE',  ( -12.50000000000000000, 2.625674005841375447, 0.000000000000000000 ) ) ;
#1206 = CARTESIAN_POINT ( 'NONE',  ( 3.750000000000007550, -0.8203022253684651988, -1.980384757729346301 ) ) ;
#1207 = ORIENTED_EDGE ( 'NONE', *, *, #3995, .T. ) ;
#1208 = CARTESIAN_POINT ( 'NONE',  ( 12.37500000000000711, 2.543301270189220809, -1.053469879313100765 ) ) ;
#1209 = CARTESIAN_POINT ( 'NONE',  ( 5.850000000000001421, 0.8203022253684378873, 1.980384757729345857 ) ) ;
#1210 = CARTESIAN_POINT ( 'NONE',  ( -7.053024928835115226, -1.884309159278388712, -5.879149879349954588 ) ) ;
#1211 = ADVANCED_FACE ( 'NONE', ( #1051 ), #6556, .T. ) ;
#1212 = CARTESIAN_POINT ( 'NONE',  ( 14.20000000000000107, -1.400343491548912578, -1.400343491548898811 ) ) ;
#1213 =( BOUNDED_CURVE ( )  B_SPLINE_CURVE ( 2, ( #1686, #6349, #2265, #4075, #976, #1018, #3360, #6907, #386 ),
 .UNSPECIFIED., .F., .T. ) 
 B_SPLINE_CURVE_WITH_KNOTS ( ( 3, 2, 2, 2, 3 ),
 ( 0.7314814814814815103, 0.7361111111111111605, 0.7407407407407406996, 0.7453703703703703498, 0.7500000000000000000 ),
 .UNSPECIFIED. ) 
 CURVE ( )  GEOMETRIC_REPRESENTATION_ITEM ( )  RATIONAL_B_SPLINE_CURVE ( ( 1.000000000000000000, 0.9238795325112867385, 1.000000000000000000, 0.9238795325112867385, 1.000000000000000000, 0.9238795325112867385, 1.000000000000000000, 0.9238795325112867385, 1.000000000000000000 ) ) 
 REPRESENTATION_ITEM ( '' )  );
#1214 = CARTESIAN_POINT ( 'NONE',  ( 0.8000000000000027089, 1.980384757729330536, 0.000000000000000000 ) ) ;
#1215 = CARTESIAN_POINT ( 'NONE',  ( 5.300000000000002487, 1.767766952966362659, 1.767766952966377536 ) ) ;
#1216 = CARTESIAN_POINT ( 'NONE',  ( 15.65000000000000391, -1.980384757729360290, -0.8203022253684516540 ) ) ;
#1217 = VERTEX_POINT ( 'NONE', #5276 ) ;
#1218 = EDGE_LOOP ( 'NONE', ( #6298, #4724, #3214, #473, #6703, #6068, #1467, #5416 ) ) ;
#1219 = CARTESIAN_POINT ( 'NONE',  ( 16.00000000000000000, 1.400343491548885044, -1.400343491548898811 ) ) ;
#1220 = CARTESIAN_POINT ( 'NONE',  ( 19.65000000000000568, 2.499999999999997780, -1.035533905932742638 ) ) ;
#1221 = CARTESIAN_POINT ( 'NONE',  ( 11.40000000000000568, -1.424157858600947694E-14, 1.980384757729346301 ) ) ;
#1222 = EDGE_CURVE ( 'NONE', #5692, #5848, #922, .T. ) ;
#1223 = CARTESIAN_POINT ( 'NONE',  ( 20.50000000000000000, -1.267509437117510519E-14, -2.500000000000010658 ) ) ;
#1224 = CARTESIAN_POINT ( 'NONE',  ( 2.600000000000004974, -1.767766952966390637, -1.767766952966377092 ) ) ;
#1225 = SPHERICAL_SURFACE ( 'NONE', #4670, 5.549999999999999822 ) ;
#1226 = CARTESIAN_POINT ( 'NONE',  ( 20.42638795428900877, -1.015711819640540581, -1.938497650959078777 ) ) ;
#1227 = CARTESIAN_POINT ( 'NONE',  ( 19.25000000000000355, 1.980384757729331868, 0.8203022253684526532 ) ) ;
#1228 = CARTESIAN_POINT ( 'NONE',  ( 3.425000000000004263, -1.372205551982422560E-14, -2.543301270189235019 ) ) ;
#1229 = ORIENTED_EDGE ( 'NONE', *, *, #5691, .T. ) ;
#1230 = CARTESIAN_POINT ( 'NONE',  ( 5.350000000000000533, -1.980384757729360068, -0.8203022253684516540 ) ) ;
#1231 = CARTESIAN_POINT ( 'NONE',  ( 2.475000000000001421, -2.543301270189248786, -3.114645759804644720E-16 ) ) ;
#1232 = CARTESIAN_POINT ( 'NONE',  ( 1.750000000000004885, 0.8203022253684378873, 1.980384757729345857 ) ) ;
#1233 = CYLINDRICAL_SURFACE ( 'NONE', #3309, 2.499999999999998668 ) ;
#1234 = CARTESIAN_POINT ( 'NONE',  ( 10.10000000000000497, -1.400343491548912578, -1.400343491548898811 ) ) ;
#1235 = CARTESIAN_POINT ( 'NONE',  ( 7.150000000000002132, 0.8203022253684377763, -1.980384757729346301 ) ) ;
#1236 = CARTESIAN_POINT ( 'NONE',  ( 20.49999999999998579, -1.149431190880616072, -1.671007050624167434 ) ) ;
#1237 = CARTESIAN_POINT ( 'NONE',  ( 9.725000000000001421, -2.543301270189249674, -1.053469879313101210 ) ) ;
#1238 = AXIS2_PLACEMENT_3D ( 'NONE', #6830, #7341, #3800 ) ;
#1239 = CARTESIAN_POINT ( 'NONE',  ( 19.12500000000000355, -1.798385574751182103, 1.798385574751167670 ) ) ;
#1240 = CYLINDRICAL_SURFACE ( 'NONE', #7142, 2.500000000000010658 ) ;
#1241 = CARTESIAN_POINT ( 'NONE',  ( 9.650000000000003908, -2.500000000000025757, -1.035533905932743082 ) ) ;
#1242 = ORIENTED_EDGE ( 'NONE', *, *, #3034, .T. ) ;
#1243 = VECTOR ( 'NONE', #3210, 1000.000000000000000 ) ;
#1244 = CARTESIAN_POINT ( 'NONE',  ( 4.350000000000006750, -1.980384757729360512, 0.8203022253684509879 ) ) ;
#1245 = ORIENTED_EDGE ( 'NONE', *, *, #894, .T. ) ;
#1246 = CARTESIAN_POINT ( 'NONE',  ( 12.17500000000000249, -1.053469879313114532, -2.543301270189235019 ) ) ;
#1247 = CARTESIAN_POINT ( 'NONE',  ( 19.77500000000000568, 1.798385574751153682, 1.798385574751168337 ) ) ;
#1248 = CARTESIAN_POINT ( 'NONE',  ( 7.349999999999999645, 1.980384757729331868, 0.8203022253684526532 ) ) ;
#1249 = CARTESIAN_POINT ( 'NONE',  ( -12.50000000000000000, -2.695312500000008438, 0.000000000000000000 ) ) ;
#1250 = CARTESIAN_POINT ( 'NONE',  ( 13.20000000000000107, -1.400343491548913022, 1.400343491548898589 ) ) ;
#1251 = CARTESIAN_POINT ( 'NONE',  ( 9.050000000000002487, 1.035533905932728871, -2.500000000000011546 ) ) ;
#1252 = CARTESIAN_POINT ( 'NONE',  ( -12.50000000000000000, -2.768745557924670919, 0.000000000000000000 ) ) ;
#1253 = VECTOR ( 'NONE', #3306, 1000.000000000000000 ) ;
#1254 = CARTESIAN_POINT ( 'NONE',  ( 14.90000000000000746, -1.400343491548912578, -1.400343491548898811 ) ) ;
#1255 = VERTEX_POINT ( 'NONE', #7760 ) ;
#1256 = ADVANCED_FACE ( 'NONE', ( #6465 ), #1675, .F. ) ;
#1257 = ORIENTED_EDGE ( 'NONE', *, *, #2089, .T. ) ;
#1258 = CARTESIAN_POINT ( 'NONE',  ( 17.69999999999999929, 1.980384757729332312, 0.000000000000000000 ) ) ;
#1259 = CARTESIAN_POINT ( 'NONE',  ( -1.093290131144177391, 2.042052523544252374, -2.450935444863358015 ) ) ;
#1260 = CARTESIAN_POINT ( 'NONE',  ( 20.41169814473264665, 0.1508776385526957309, 2.188301855267417384 ) ) ;
#1261 = CARTESIAN_POINT ( 'NONE',  ( 20.49999999999999645, -0.5120134172183902210, -2.036625213579669857 ) ) ;
#1262 = CARTESIAN_POINT ( 'NONE',  ( 5.050000000000004263, -1.035533905932756404, -2.500000000000011546 ) ) ;
#1263 = CARTESIAN_POINT ( 'NONE',  ( 20.41698729810778090, -1.427880073549500931E-14, 2.183012701892230290 ) ) ;
#1264 = CARTESIAN_POINT ( 'NONE',  ( 19.45000000000000284, -0.8203022253684664200, 1.980384757729345857 ) ) ;
#1265 = CARTESIAN_POINT ( 'NONE',  ( 3.825000000000001954, -1.434498467178515336E-14, 2.543301270189235019 ) ) ;
#1266 = EDGE_LOOP ( 'NONE', ( #3017, #6127, #4315, #1104 ) ) ;
#1267 = CARTESIAN_POINT ( 'NONE',  ( 5.800000000000001599, 1.400343491548884600, 1.400343491548899033 ) ) ;
#1268 = CARTESIAN_POINT ( 'NONE',  ( 20.10000000000000853, 1.400343491548884600, 1.400343491548899033 ) ) ;
#1269 = CARTESIAN_POINT ( 'NONE',  ( 1.700000000000003508, 1.400343491548884600, 1.400343491548899033 ) ) ;
#1270 = CARTESIAN_POINT ( 'NONE',  ( 20.50000000000000000, -1.267509437117510519E-14, 0.000000000000000000 ) ) ;
#1271 = CARTESIAN_POINT ( 'NONE',  ( 6.600000000000004974, -1.424157858600947694E-14, 1.980384757729346301 ) ) ;
#1272 = CARTESIAN_POINT ( 'NONE',  ( 7.050000000000002487, -0.8203022253684651988, -1.980384757729346301 ) ) ;
#1273 = DIRECTION ( 'NONE',  ( 0.000000000000000000, 0.000000000000000000, -1.000000000000000000 ) ) ;
#1274 = EDGE_CURVE ( 'NONE', #2245, #622, #1307, .T. ) ;
#1275 = CARTESIAN_POINT ( 'NONE',  ( 8.125000000000003553, -2.543301270189249674, -1.053469879313101210 ) ) ;
#1276 = CARTESIAN_POINT ( 'NONE',  ( 20.22500000000000497, -1.372205551982422560E-14, -2.543301270189235019 ) ) ;
#1277 = CARTESIAN_POINT ( 'NONE',  ( 13.80000000000000249, -1.372470695792103782E-14, -2.500000000000011546 ) ) ;
#1278 = CARTESIAN_POINT ( 'NONE',  ( 18.40000000000000568, 1.980384757729332312, 0.000000000000000000 ) ) ;
#1279 = PERSON_AND_ORGANIZATION_ROLE ( 'creator' ) ;
#1280 = FACE_OUTER_BOUND ( 'NONE', #4100, .T. ) ;
#1281 = ORIENTED_EDGE ( 'NONE', *, *, #4235, .F. ) ;
#1282 = CARTESIAN_POINT ( 'NONE',  ( 6.500000000000005329, 1.400343491548884600, 1.400343491548899033 ) ) ;
#1283 = CARTESIAN_POINT ( 'NONE',  ( 20.30000000000000426, -1.400343491548913022, 1.400343491548898589 ) ) ;
#1284 = CARTESIAN_POINT ( 'NONE',  ( 12.32500000000000462, 1.798385574751153904, -1.798385574751167892 ) ) ;
#1285 = CARTESIAN_POINT ( 'NONE',  ( 12.90000000000000391, -2.500000000000025757, -3.061616997868397439E-16 ) ) ;
#1286 = CARTESIAN_POINT ( 'NONE',  ( 7.650000000000000355, -1.980384757729360512, 0.8203022253684509879 ) ) ;
#1287 = CARTESIAN_POINT ( 'NONE',  ( 8.700000000000004619, 1.400343491548885044, -1.400343491548898811 ) ) ;
#1288 = DIRECTION ( 'NONE',  ( -2.168404344971008868E-16, -1.000000000000000000, 0.000000000000000000 ) ) ;
#1289 = AXIS2_PLACEMENT_3D ( 'NONE', #6019, #1828, #639 ) ;
#1290 = CARTESIAN_POINT ( 'NONE',  ( 12.20000000000000107, 1.400343491548884600, 1.400343491548899033 ) ) ;
#1291 = CARTESIAN_POINT ( 'NONE',  ( 1.850000000000004530, -0.8203022253684665310, 1.980384757729345857 ) ) ;
#1292 = CARTESIAN_POINT ( 'NONE',  ( 20.13693974238449513, -0.7983824393224252525, -2.335623297508819363 ) ) ;
#1293 = CARTESIAN_POINT ( 'NONE',  ( 5.350000000000004086, 1.035533905932729315, 2.500000000000011102 ) ) ;
#1294 = CARTESIAN_POINT ( 'NONE',  ( 13.85000000000000320, -0.8203022253684664200, 1.980384757729345857 ) ) ;
#1295 = ORIENTED_EDGE ( 'NONE', *, *, #4375, .T. ) ;
#1296 = VECTOR ( 'NONE', #4910, 1000.000000000000000 ) ;
#1297 = ORIENTED_EDGE ( 'NONE', *, *, #316, .F. ) ;
#1298 = CARTESIAN_POINT ( 'NONE',  ( 18.60000000000000142, 1.400343491548884600, 1.400343491548899033 ) ) ;
#1299 = CARTESIAN_POINT ( 'NONE',  ( 20.50000000000000000, -1.267509437117510519E-14, 0.000000000000000000 ) ) ;
#1300 = CARTESIAN_POINT ( 'NONE',  ( 5.500000000000003553, -1.433703035749471672E-14, 2.500000000000011546 ) ) ;
#1301 = CARTESIAN_POINT ( 'NONE',  ( 0.5000000000000002220, 0.4895648551843984064, 2.500000000000011102 ) ) ;
#1302 = PRODUCT_RELATED_PRODUCT_CATEGORY ( 'detail', '', ( #7498 ) ) ;
#1303 = CARTESIAN_POINT ( 'NONE',  ( 19.70000000000000284, 1.767766952966362659, 1.767766952966377536 ) ) ;
#1304 = CIRCLE ( 'NONE', #2555, 6.019421691491642079 ) ;
#1305 = CARTESIAN_POINT ( 'NONE',  ( -1.979272043862165820, 1.550730370719193729, -3.260925509841333891 ) ) ;
#1306 = CARTESIAN_POINT ( 'NONE',  ( 19.20000000000000639, 1.980384757729332312, 0.000000000000000000 ) ) ;
#1307 =( BOUNDED_CURVE ( )  B_SPLINE_CURVE ( 2, ( #7052, #7610, #499, #3511, #7684, #2962, #1677, #6423, #4067 ),
 .UNSPECIFIED., .F., .T. ) 
 B_SPLINE_CURVE_WITH_KNOTS ( ( 3, 2, 2, 2, 3 ),
 ( 0.03703703703703697947, 0.04166666666666662966, 0.04629629629629627985, 0.05092592592592593004, 0.05555555555555558023 ),
 .UNSPECIFIED. ) 
 CURVE ( )  GEOMETRIC_REPRESENTATION_ITEM ( )  RATIONAL_B_SPLINE_CURVE ( ( 1.000000000000000000, 0.9238795325112867385, 1.000000000000000000, 0.9238795325112867385, 1.000000000000000000, 0.9238795325112867385, 1.000000000000000000, 0.9238795325112867385, 1.000000000000000000 ) ) 
 REPRESENTATION_ITEM ( '' )  );
#1308 = CARTESIAN_POINT ( 'NONE',  ( 1.975000000000004752, 2.543301270189220809, -1.053469879313100765 ) ) ;
#1309 = ORIENTED_EDGE ( 'NONE', *, *, #2978, .F. ) ;
#1310 = CARTESIAN_POINT ( 'NONE',  ( 6.500000000000000888, 1.980384757729332312, 0.000000000000000000 ) ) ;
#1311 = AXIS2_PLACEMENT_3D ( 'NONE', #7566, #3352, #5274 ) ;
#1312 = CARTESIAN_POINT ( 'NONE',  ( 16.00000000000000000, 1.400343491548885044, -1.400343491548898811 ) ) ;
#1313 = CARTESIAN_POINT ( 'NONE',  ( 18.65000000000000568, -0.8203022253684664200, 1.980384757729345857 ) ) ;
#1314 = CARTESIAN_POINT ( 'NONE',  ( 2.850000000000005418, -1.980384757729360290, -0.8203022253684516540 ) ) ;
#1315 = DIRECTION ( 'NONE',  ( 0.000000000000000000, 0.000000000000000000, -1.000000000000000000 ) ) ;
#1316 = CARTESIAN_POINT ( 'NONE',  ( 8.300000000000006040, -1.400343491548913022, 1.400343491548898589 ) ) ;
#1317 = CARTESIAN_POINT ( 'NONE',  ( 3.249999999999999556, 1.980384757729332312, -0.8203022253684513210 ) ) ;
#1318 = EDGE_CURVE ( 'NONE', #6718, #6886, #797, .T. ) ;
#1319 = CARTESIAN_POINT ( 'NONE',  ( 16.00000000000000355, -2.500000000000025757, -3.061616997868397439E-16 ) ) ;
#1320 = VECTOR ( 'NONE', #7165, 1000.000000000000000 ) ;
#1321 = CARTESIAN_POINT ( 'NONE',  ( 6.575000000000002842, -1.798385574751181437, -1.798385574751167892 ) ) ;
#1322 = CARTESIAN_POINT ( 'NONE',  ( 15.02500000000000391, -1.434498467178515336E-14, 2.543301270189235019 ) ) ;
#1323 = DIRECTION ( 'NONE',  ( -1.000000000000000000, 2.168404344971009361E-16, 0.000000000000000000 ) ) ;
#1324 = EDGE_CURVE ( 'NONE', #7106, #480, #5020, .T. ) ;
#1325 = CARTESIAN_POINT ( 'NONE',  ( 16.00000000000000711, 1.980384757729332312, 0.000000000000000000 ) ) ;
#1326 = CARTESIAN_POINT ( 'NONE',  ( 0.5000000000000017764, 2.776047672361568353, -4.852170578285128322 ) ) ;
#1327 = ORIENTED_EDGE ( 'NONE', *, *, #1557, .T. ) ;
#1328 = CARTESIAN_POINT ( 'NONE',  ( 3.500000000000006661, -1.400343491548913022, 1.400343491548898589 ) ) ;
#1329 = CARTESIAN_POINT ( 'NONE',  ( 19.70000000000000639, -1.400343491548912578, -1.400343491548898811 ) ) ;
#1330 = CARTESIAN_POINT ( 'NONE',  ( 10.60000000000000142, 1.400343491548884600, 1.400343491548899033 ) ) ;
#1331 = CARTESIAN_POINT ( 'NONE',  ( 18.47500000000000497, -2.543301270189248786, -3.114645759804644720E-16 ) ) ;
#1332 = CARTESIAN_POINT ( 'NONE',  ( 4.099999999999999645, 1.980384757729332312, 0.000000000000000000 ) ) ;
#1333 = CARTESIAN_POINT ( 'NONE',  ( 9.100000000000004974, -1.400343491548913022, 1.400343491548898589 ) ) ;
#1334 = CARTESIAN_POINT ( 'NONE',  ( 14.60000000000000320, -1.372470695792103782E-14, -2.500000000000011546 ) ) ;
#1335 = CARTESIAN_POINT ( 'NONE',  ( 14.35000000000000497, 0.8203022253684377763, -1.980384757729346301 ) ) ;
#1336 = CARTESIAN_POINT ( 'NONE',  ( 2.200000000000004174, -1.375652421508278441E-14, -1.980384757729346301 ) ) ;
#1337 = CARTESIAN_POINT ( 'NONE',  ( -9.640625000000003553, 3.999999999999994671, 3.501724441311961101E-16 ) ) ;
#1338 = CARTESIAN_POINT ( 'NONE',  ( 6.700000000000002842, 1.767766952966363103, -1.767766952966377092 ) ) ;
#1339 = CARTESIAN_POINT ( 'NONE',  ( 14.60000000000000497, -1.424157858600947694E-14, 1.980384757729346301 ) ) ;
#1340 = ORIENTED_EDGE ( 'NONE', *, *, #6356, .T. ) ;
#1341 = EDGE_LOOP ( 'NONE', ( #1424, #4914, #1536, #5575 ) ) ;
#1342 = CARTESIAN_POINT ( 'NONE',  ( 18.00000000000000355, -1.400343491548913022, 1.400343491548898589 ) ) ;
#1343 = CARTESIAN_POINT ( 'NONE',  ( 20.49275567045589241, -1.713072532036124640, 1.241098582057018174 ) ) ;
#1344 = CARTESIAN_POINT ( 'NONE',  ( 20.32948690383804902, 2.013641830922239695, 1.059827075753632997 ) ) ;
#1345 = LINE ( 'NONE', #6164, #4763 ) ;
#1346 = CARTESIAN_POINT ( 'NONE',  ( 20.05000000000000071, -2.500000000000025757, -1.035533905932743082 ) ) ;
#1347 = CARTESIAN_POINT ( 'NONE',  ( -2.773685124732074403, 1.326709120328563474, -3.766784449917318867 ) ) ;
#1348 = CIRCLE ( 'NONE', #5732, 6.019421691491642079 ) ;
#1349 = ORIENTED_EDGE ( 'NONE', *, *, #1789, .T. ) ;
#1350 = CARTESIAN_POINT ( 'NONE',  ( 18.45000000000000284, 1.980384757729331868, 0.8203022253684526532 ) ) ;
#1351 = CARTESIAN_POINT ( 'NONE',  ( 3.175000000000004707, -2.543301270189249674, 1.053469879313100099 ) ) ;
#1352 = ORIENTED_EDGE ( 'NONE', *, *, #1370, .F. ) ;
#1353 = CARTESIAN_POINT ( 'NONE',  ( 4.850000000000000533, 1.980384757729332312, -0.8203022253684514320 ) ) ;
#1354 = CARTESIAN_POINT ( 'NONE',  ( 14.25000000000000178, -0.8203022253684651988, -1.980384757729346301 ) ) ;
#1355 = CARTESIAN_POINT ( 'NONE',  ( 20.70000000000000639, 1.400343491548885044, -1.400343491548898811 ) ) ;
#1356 = CARTESIAN_POINT ( 'NONE',  ( 4.500000000000003553, -1.400343491548912578, -1.400343491548898811 ) ) ;
#1357 = CARTESIAN_POINT ( 'NONE',  ( -12.50000000000000000, 0.000000000000000000, -8.000000000000000000 ) ) ;
#1358 = CARTESIAN_POINT ( 'NONE',  ( 8.000000000000005329, 1.980384757729332312, 0.000000000000000000 ) ) ;
#1359 = CARTESIAN_POINT ( 'NONE',  ( 4.700000000000002842, -1.375652421508278441E-14, -1.980384757729346301 ) ) ;
#1360 = CARTESIAN_POINT ( 'NONE',  ( -7.619666505508623011, -2.042052523544255482, 6.139222040369237909 ) ) ;
#1361 = EDGE_CURVE ( 'NONE', #5567, #2558, #4692, .T. ) ;
#1362 = CARTESIAN_POINT ( 'NONE',  ( 6.675000000000002487, -1.372205551982422560E-14, -2.543301270189235019 ) ) ;
#1363 = CARTESIAN_POINT ( 'NONE',  ( 15.07500000000000462, -1.053469879313116087, 2.543301270189234575 ) ) ;
#1364 = CARTESIAN_POINT ( 'NONE',  ( -12.50000000000000000, 2.695312499999990674, 0.000000000000000000 ) ) ;
#1365 = CARTESIAN_POINT ( 'NONE',  ( 15.35000000000000853, 0.8203022253684378873, 1.980384757729345857 ) ) ;
#1366 = DIRECTION ( 'NONE',  ( 1.000000000000000000, -2.168404344971008868E-16, 0.000000000000000000 ) ) ;
#1367 = ORIENTED_EDGE ( 'NONE', *, *, #5785, .F. ) ;
#1368 = CARTESIAN_POINT ( 'NONE',  ( 0.5000000000000038858, -1.400343491548912578, -1.400343491548898811 ) ) ;
#1369 = CIRCLE ( 'NONE', #3868, 2.859374999999997335 ) ;
#1370 = EDGE_CURVE ( 'NONE', #173, #7153, #7125, .T. ) ;
#1371 = CARTESIAN_POINT ( 'NONE',  ( 16.62500000000000355, 1.053469879313087443, 2.543301270189234575 ) ) ;
#1372 = CARTESIAN_POINT ( 'NONE',  ( 4.750000000000001776, 0.8203022253684377763, -1.980384757729346301 ) ) ;
#1373 = CARTESIAN_POINT ( 'NONE',  ( 9.450000000000006395, 0.8203022253684377763, -1.980384757729346301 ) ) ;
#1374 = CARTESIAN_POINT ( 'NONE',  ( 20.50000000000000000, -1.267509437117510519E-14, 0.000000000000000000 ) ) ;
#1375 = CARTESIAN_POINT ( 'NONE',  ( 13.80000000000000071, 1.400343491548884600, 1.400343491548899033 ) ) ;
#1376 = CARTESIAN_POINT ( 'NONE',  ( -998.0566243270259292, -1.267509437117510519E-14, 0.000000000000000000 ) ) ;
#1377 = CIRCLE ( 'NONE', #4746, 6.775000000000003020 ) ;
#1378 = CARTESIAN_POINT ( 'NONE',  ( 20.12068214506969355, -1.246745012352544091, -2.149125564594667637 ) ) ;
#1379 = CARTESIAN_POINT ( 'NONE',  ( 10.35000000000000320, 1.980384757729332312, -0.8203022253684513210 ) ) ;
#1380 = ORIENTED_EDGE ( 'NONE', *, *, #2045, .T. ) ;
#1381 = ORIENTED_EDGE ( 'NONE', *, *, #3562, .T. ) ;
#1382 = CARTESIAN_POINT ( 'NONE',  ( 12.25000000000000533, 0.8203022253684378873, 1.980384757729345857 ) ) ;
#1383 = DIRECTION ( 'NONE',  ( 2.168404344971008868E-16, 1.000000000000000000, -0.000000000000000000 ) ) ;
#1384 = CARTESIAN_POINT ( 'NONE',  ( 9.900000000000002132, 1.767766952966363103, -1.767766952966377092 ) ) ;
#1385 = CARTESIAN_POINT ( 'NONE',  ( 1.300000000000002709, 2.499999999999997780, 0.000000000000000000 ) ) ;
#1386 = CARTESIAN_POINT ( 'NONE',  ( 17.85000000000000497, 1.035533905932728871, -2.500000000000011546 ) ) ;
#1387 = FACE_OUTER_BOUND ( 'NONE', #731, .T. ) ;
#1388 = ORIENTED_EDGE ( 'NONE', *, *, #6998, .F. ) ;
#1389 = VERTEX_POINT ( 'NONE', #1640 ) ;
#1390 = CARTESIAN_POINT ( 'NONE',  ( 1.275000000000002132, 2.543301270189220809, 1.053469879313102542 ) ) ;
#1391 = ORIENTED_EDGE ( 'NONE', *, *, #5755, .F. ) ;
#1392 = CARTESIAN_POINT ( 'NONE',  ( 3.400000000000000355, 1.400343491548884600, 1.400343491548899033 ) ) ;
#1393 = CARTESIAN_POINT ( 'NONE',  ( 14.90000000000000213, -1.980384757729360068, -2.425271854633450283E-16 ) ) ;
#1394 = CARTESIAN_POINT ( 'NONE',  ( -0.3249999999999989009, 2.543301270189221253, 0.000000000000000000 ) ) ;
#1395 = DIRECTION ( 'NONE',  ( -1.000000000000000000, 2.168404344971009361E-16, 0.000000000000000000 ) ) ;
#1396 = CARTESIAN_POINT ( 'NONE',  ( -12.50000000000000000, -2.874999999999995115, 0.000000000000000000 ) ) ;
#1397 = CARTESIAN_POINT ( 'NONE',  ( 7.650000000000005684, -1.980384757729360068, -0.8203022253684516540 ) ) ;
#1398 = CARTESIAN_POINT ( 'NONE',  ( 3.950000000000001954, 0.8203022253684377763, -1.980384757729346301 ) ) ;
#1399 = CARTESIAN_POINT ( 'NONE',  ( 4.300000000000005151, -1.372470695792103624E-14, -2.500000000000011546 ) ) ;
#1400 = CARTESIAN_POINT ( 'NONE',  ( 7.825000000000003730, 1.053469879313087443, 2.543301270189234575 ) ) ;
#1401 = CARTESIAN_POINT ( 'NONE',  ( 16.82500000000000284, -2.543301270189248786, -3.114645759804644720E-16 ) ) ;
#1402 = CARTESIAN_POINT ( 'NONE',  ( 0.8000000000000020428, 1.400343491548885044, -1.400343491548898811 ) ) ;
#1403 = CARTESIAN_POINT ( 'NONE',  ( 15.05000000000000604, 0.8203022253684377763, -1.980384757729346301 ) ) ;
#1404 = CARTESIAN_POINT ( 'NONE',  ( -6.365262841816284656, 2.874999999999992006, 0.000000000000000000 ) ) ;
#1405 = ORIENTED_EDGE ( 'NONE', *, *, #6302, .T. ) ;
#1406 = CARTESIAN_POINT ( 'NONE',  ( 1.350000000000004086, -0.8203022253684651988, -1.980384757729346301 ) ) ;
#1407 = CARTESIAN_POINT ( 'NONE',  ( 17.92500000000000071, 1.053469879313086999, -2.543301270189235019 ) ) ;
#1408 = CARTESIAN_POINT ( 'NONE',  ( 5.200000000000000178, -1.400343491548913022, 1.400343491548898589 ) ) ;
#1409 = CARTESIAN_POINT ( 'NONE',  ( 10.00000000000000533, -1.980384757729360068, -2.425271854633450283E-16 ) ) ;
#1410 = CARTESIAN_POINT ( 'NONE',  ( 20.50000000000000000, -1.267509437117510519E-14, -2.500000000000010658 ) ) ;
#1411 = CARTESIAN_POINT ( 'NONE',  ( 11.10000000000000142, -1.375652421508278441E-14, -1.980384757729346301 ) ) ;
#1412 = CYLINDRICAL_SURFACE ( 'NONE', #4631, 2.500000000000010658 ) ;
#1413 = CARTESIAN_POINT ( 'NONE',  ( -1.093290131144163402, 2.042052523544252374, 2.450935444863294510 ) ) ;
#1414 = ADVANCED_FACE ( 'NONE', ( #6383, #419 ), #4105, .T. ) ;
#1415 = LINE ( 'NONE', #2084, #1067 ) ;
#1416 = CARTESIAN_POINT ( 'NONE',  ( 12.20000000000000639, -1.424157858600947694E-14, 1.980384757729346301 ) ) ;
#1417 = VERTEX_POINT ( 'NONE', #2222 ) ;
#1418 = ORIENTED_EDGE ( 'NONE', *, *, #1505, .F. ) ;
#1419 = CARTESIAN_POINT ( 'NONE',  ( 15.25000000000000178, 1.980384757729332312, -0.8203022253684513210 ) ) ;
#1420 = CARTESIAN_POINT ( 'NONE',  ( 20.43030937862602769, -0.3685125981061837530, 2.145979633873227765 ) ) ;
#1421 = CARTESIAN_POINT ( 'NONE',  ( 0.7321897803211399047, -0.5903339960690222599, -2.034158859918943740 ) ) ;
#1422 = CARTESIAN_POINT ( 'NONE',  ( 18.10000000000000142, 1.767766952966362659, 1.767766952966377536 ) ) ;
#1423 = DIRECTION ( 'NONE',  ( 1.000000000000000000, -0.000000000000000000, -0.000000000000000000 ) ) ;
#1424 = ORIENTED_EDGE ( 'NONE', *, *, #5519, .F. ) ;
#1425 = EDGE_LOOP ( 'NONE', ( #3467, #4821, #6448, #3, #3262, #1429, #1044, #4891, #2839 ) ) ;
#1426 = AXIS2_PLACEMENT_3D ( 'NONE', #4260, #4341, #6067 ) ;
#1427 =( BOUNDED_CURVE ( )  B_SPLINE_CURVE ( 2, ( #1150, #83, #559, #1816, #7231, #2326, #5454, #2393, #6601 ),
 .UNSPECIFIED., .F., .F. ) 
 B_SPLINE_CURVE_WITH_KNOTS ( ( 3, 2, 2, 2, 3 ),
 ( 0.1481481481481481399, 0.1527777777777777901, 0.1574074074074074403, 0.1620370370370369795, 0.1666666666666666297 ),
 .UNSPECIFIED. ) 
 CURVE ( )  GEOMETRIC_REPRESENTATION_ITEM ( )  RATIONAL_B_SPLINE_CURVE ( ( 1.000000000000000000, 0.9238795325112867385, 1.000000000000000000, 0.9238795325112867385, 1.000000000000000000, 0.9238795325112867385, 1.000000000000000000, 0.9238795325112867385, 1.000000000000000000 ) ) 
 REPRESENTATION_ITEM ( '' )  );
#1428 = CARTESIAN_POINT ( 'NONE',  ( 0.3750000000000037748, 2.543301270189220809, -1.053469879313100765 ) ) ;
#1429 = ORIENTED_EDGE ( 'NONE', *, *, #7215, .T. ) ;
#1430 = CARTESIAN_POINT ( 'NONE',  ( 1.600000000000000755, 1.400343491548885044, -1.400343491548898811 ) ) ;
#1431 = CARTESIAN_POINT ( 'NONE',  ( 13.94999999999999929, -0.8203022253684665310, 1.980384757729345857 ) ) ;
#1432 = CARTESIAN_POINT ( 'NONE',  ( 19.85000000000000853, 0.8203022253684377763, -1.980384757729346301 ) ) ;
#1433 = CARTESIAN_POINT ( 'NONE',  ( 0.1500000000000042688, 0.8203022253684378873, 1.980384757729345857 ) ) ;
#1434 = DIRECTION ( 'NONE',  ( -0.000000000000000000, 1.000000000000000000, -0.000000000000000000 ) ) ;
#1435 = AXIS2_PLACEMENT_3D ( 'NONE', #5456, #7196, #6641 ) ;
#1436 = CARTESIAN_POINT ( 'NONE',  ( 7.350000000000005862, 0.8203022253684378873, 1.980384757729345857 ) ) ;
#1437 = CARTESIAN_POINT ( 'NONE',  ( 4.050000000000001599, 1.980384757729332312, -0.8203022253684513210 ) ) ;
#1438 = DIRECTION ( 'NONE',  ( 1.000000000000000000, -0.000000000000000000, -0.000000000000000000 ) ) ;
#1439 = AXIS2_PLACEMENT_3D ( 'NONE', #4715, #6002, #4823 ) ;
#1440 = CARTESIAN_POINT ( 'NONE',  ( 7.025000000000003020, 1.053469879313087443, 2.543301270189234575 ) ) ;
#1441 = CARTESIAN_POINT ( 'NONE',  ( 16.02500000000000568, -2.543301270189248786, -3.114645759804644720E-16 ) ) ;
#1442 = CARTESIAN_POINT ( 'NONE',  ( 20.50000000000000000, -1.267509437117510519E-14, 0.000000000000000000 ) ) ;
#1443 = CARTESIAN_POINT ( 'NONE',  ( 15.75000000000000711, -0.8203022253684651988, -1.980384757729346301 ) ) ;
#1444 = AXIS2_PLACEMENT_3D ( 'NONE', #7729, #7616, #1684 ) ;
#1445 = B_SPLINE_CURVE_WITH_KNOTS ( 'NONE', 3,
 ( #4709, #3492, #4672, #2318, #6403, #5143, #6362, #1073 ),
 .UNSPECIFIED., .F., .F.,
 ( 4, 2, 2, 4 ),
 ( 0.01138139700900868065, 0.01183591542582333733, 0.01229043384263799402, 0.01319947067626730565 ),
 .UNSPECIFIED. ) ;
#1446 = CARTESIAN_POINT ( 'NONE',  ( 3.300000000000004263, -1.767766952966390637, -1.767766952966377092 ) ) ;
#1447 = CARTESIAN_POINT ( 'NONE',  ( 3.400000000000003908, -1.424157858600947694E-14, 1.980384757729346301 ) ) ;
#1448 = CARTESIAN_POINT ( 'NONE',  ( 16.92500000000000071, -2.543301270189249674, -1.053469879313101210 ) ) ;
#1449 = CARTESIAN_POINT ( 'NONE',  ( 4.200000000000001954, 1.400343491548884600, 1.400343491548899033 ) ) ;
#1450 = CARTESIAN_POINT ( 'NONE',  ( 10.25000000000000355, 0.8203022253684377763, -1.980384757729346301 ) ) ;
#1451 = FACE_OUTER_BOUND ( 'NONE', #6364, .T. ) ;
#1452 = CARTESIAN_POINT ( 'NONE',  ( 11.40000000000000213, 1.400343491548884600, 1.400343491548899033 ) ) ;
#1453 = FACE_OUTER_BOUND ( 'NONE', #6659, .T. ) ;
#1454 = DIRECTION ( 'NONE',  ( 1.000000000000000000, 0.000000000000000000, -1.224646799147353207E-16 ) ) ;
#1455 = CARTESIAN_POINT ( 'NONE',  ( 6.850000000000004086, 2.499999999999997780, 1.035533905932744414 ) ) ;
#1456 = CARTESIAN_POINT ( 'NONE',  ( 11.05000000000000604, 0.8203022253684377763, -1.980384757729346301 ) ) ;
#1457 = VERTEX_POINT ( 'NONE', #4141 ) ;
#1458 = VERTEX_POINT ( 'NONE', #4612 ) ;
#1459 = CARTESIAN_POINT ( 'NONE',  ( 12.80000000000000249, 1.400343491548885044, -1.400343491548898811 ) ) ;
#1460 = EDGE_CURVE ( 'NONE', #6495, #2280, #5297, .T. ) ;
#1461 = CARTESIAN_POINT ( 'NONE',  ( 0.6668131815144724417, -2.137130817215470824, -0.5858568260394079186 ) ) ;
#1462 = CARTESIAN_POINT ( 'NONE',  ( -12.50000000000000000, -2.874999999999995115, -6.411159703984926850 ) ) ;
#1463 = CARTESIAN_POINT ( 'NONE',  ( 11.60000000000000320, 1.767766952966363103, -1.767766952966377092 ) ) ;
#1464 = LINE ( 'NONE', #5654, #3429 ) ;
#1465 = VERTEX_POINT ( 'NONE', #7168 ) ;
#1466 = CARTESIAN_POINT ( 'NONE',  ( 10.50000000000000178, -1.767766952966390637, -1.767766952966377092 ) ) ;
#1467 = ORIENTED_EDGE ( 'NONE', *, *, #2360, .T. ) ;
#1468 = EDGE_CURVE ( 'NONE', #2509, #4038, #211, .T. ) ;
#1469 = CARTESIAN_POINT ( 'NONE',  ( 2.700000000000001066, -1.424157858600947694E-14, 1.980384757729346301 ) ) ;
#1470 = EDGE_CURVE ( 'NONE', #874, #3969, #6883, .T. ) ;
#1471 = CARTESIAN_POINT ( 'NONE',  ( 13.60000000000000142, 1.400343491548885044, -1.400343491548898811 ) ) ;
#1472 = CARTESIAN_POINT ( 'NONE',  ( 14.95000000000000462, -0.8203022253684651988, -1.980384757729346301 ) ) ;
#1473 = CARTESIAN_POINT ( 'NONE',  ( 0.2500000000000037192, -0.8203022253684664200, 1.980384757729345857 ) ) ;
#1474 = CARTESIAN_POINT ( 'NONE',  ( -12.50000000000000000, 2.695312499999992006, 0.000000000000000000 ) ) ;
#1475 = CARTESIAN_POINT ( 'NONE',  ( 3.800000000000001155, -1.400343491548912578, -1.400343491548898811 ) ) ;
#1476 =( BOUNDED_SURFACE ( )  B_SPLINE_SURFACE ( 3, 1, ( 
 ( #978, #388 ),
 ( #2778, #2856 ),
 ( #7579, #4586 ),
 ( #3992, #3483 ),
 ( #5283, #1020 ),
 ( #6392, #5248 ),
 ( #7620, #5883 ) ),
 .UNSPECIFIED., .T., .F., .F. ) 
 B_SPLINE_SURFACE_WITH_KNOTS ( ( 4, 3, 4 ),
 ( 2, 2 ),
 ( 0.000000000000000000, 0.5000000000000000000, 1.000000000000000000 ),
 ( 0.000000000000000000, 1.000000000000000000 ),
 .UNSPECIFIED. ) 
 GEOMETRIC_REPRESENTATION_ITEM ( )  RATIONAL_B_SPLINE_SURFACE ( (
 ( 1.000000000000000000, 1.000000000000000000),
 ( 0.3333333333333333703, 0.3333333333333333703),
 ( 0.3333333333333333703, 0.3333333333333333703),
 ( 1.000000000000000000, 1.000000000000000000),
 ( 0.3333333333333333703, 0.3333333333333333703),
 ( 0.3333333333333333703, 0.3333333333333333703),
 ( 1.000000000000000000, 1.000000000000000000) ) ) 
 REPRESENTATION_ITEM ( '' )  SURFACE ( )  );
#1477 = CARTESIAN_POINT ( 'NONE',  ( 7.700000000000003730, 2.499999999999997780, 0.000000000000000000 ) ) ;
#1478 = CARTESIAN_POINT ( 'NONE',  ( 7.975000000000002309, -2.543301270189249674, 1.053469879313100099 ) ) ;
#1479 = VERTEX_POINT ( 'NONE', #7285 ) ;
#1480 = CARTESIAN_POINT ( 'NONE',  ( 12.70000000000000107, -1.375652421508278441E-14, -1.980384757729346301 ) ) ;
#1481 = CARTESIAN_POINT ( 'NONE',  ( 5.625000000000002665, -2.543301270189249674, 1.053469879313100099 ) ) ;
#1482 = CARTESIAN_POINT ( 'NONE',  ( 17.07500000000000284, 1.053469879313086999, -2.543301270189235019 ) ) ;
#1483 = CARTESIAN_POINT ( 'NONE',  ( 0.7704326669627784563, 0.6464513585756719305, -1.930561980514119647 ) ) ;
#1484 = CARTESIAN_POINT ( 'NONE',  ( 16.20000000000000639, -1.424157858600947694E-14, 1.980384757729346301 ) ) ;
#1485 = CARTESIAN_POINT ( 'NONE',  ( 13.65000000000000391, -2.500000000000026201, 1.035533905932742194 ) ) ;
#1486 = CARTESIAN_POINT ( 'NONE',  ( 2.350000000000004530, 1.980384757729332312, -0.8203022253684513210 ) ) ;
#1487 = CARTESIAN_POINT ( 'NONE',  ( 16.52500000000000568, 2.543301270189220809, 1.053469879313102542 ) ) ;
#1488 = CARTESIAN_POINT ( 'NONE',  ( 4.650000000000002132, -0.8203022253684651988, -1.980384757729346301 ) ) ;
#1489 = CARTESIAN_POINT ( 'NONE',  ( 6.650000000000004796, -0.8203022253684664200, 1.980384757729345857 ) ) ;
#1490 = CYLINDRICAL_SURFACE ( 'NONE', #5125, 2.500000000000010658 ) ;
#1491 = CARTESIAN_POINT ( 'NONE',  ( 8.650000000000002132, -0.8203022253684651988, -1.980384757729346301 ) ) ;
#1492 = CARTESIAN_POINT ( 'NONE',  ( 20.50000000000000000, -1.236893267138826574E-14, 2.500000000000010658 ) ) ;
#1493 = CARTESIAN_POINT ( 'NONE',  ( 20.50000000000000000, -1.267509437117510519E-14, 0.000000000000000000 ) ) ;
#1494 = AXIS2_PLACEMENT_3D ( 'NONE', #6409, #4012, #6486 ) ;
#1495 = PLANE ( 'NONE',  #6060 ) ;
#1496 = CARTESIAN_POINT ( 'NONE',  ( 10.65000000000000746, -0.8203022253684664200, 1.980384757729345857 ) ) ;
#1497 = ORIENTED_EDGE ( 'NONE', *, *, #7410, .F. ) ;
#1498 = ORIENTED_EDGE ( 'NONE', *, *, #5377, .T. ) ;
#1499 = CARTESIAN_POINT ( 'NONE',  ( 14.40000000000000213, 1.400343491548885044, -1.400343491548898811 ) ) ;
#1500 = AXIS2_PLACEMENT_3D ( 'NONE', #1059, #5093, #7058 ) ;
#1501 = CARTESIAN_POINT ( 'NONE',  ( 0.5894515059854946726, -1.356619687458023860, 1.918457367118289181 ) ) ;
#1502 = CARTESIAN_POINT ( 'NONE',  ( 19.85000000000000142, -0.8203022253684651988, -1.980384757729346301 ) ) ;
#1503 = CARTESIAN_POINT ( 'NONE',  ( 14.05000000000000426, 2.499999999999997780, -1.035533905932742638 ) ) ;
#1504 = ORIENTED_EDGE ( 'NONE', *, *, #5728, .F. ) ;
#1505 = EDGE_CURVE ( 'NONE', #1458, #1155, #4407, .T. ) ;
#1506 = CARTESIAN_POINT ( 'NONE',  ( 0.5000000000000002220, -2.184465970885666852, 1.259047450927254230 ) ) ;
#1507 = ORIENTED_EDGE ( 'NONE', *, *, #7650, .T. ) ;
#1508 = CARTESIAN_POINT ( 'NONE',  ( 1.199999999999999734, -1.400343491548913022, 1.400343491548898589 ) ) ;
#1509 = DIRECTION ( 'NONE',  ( 0.000000000000000000, 0.000000000000000000, 1.000000000000000000 ) ) ;
#1510 = CARTESIAN_POINT ( 'NONE',  ( 16.15000000000000568, 0.8203022253684378873, 1.980384757729345857 ) ) ;
#1511 = CARTESIAN_POINT ( 'NONE',  ( 16.65000000000000568, 1.035533905932729315, 2.500000000000011102 ) ) ;
#1512 = FACE_OUTER_BOUND ( 'NONE', #3185, .T. ) ;
#1513 = CARTESIAN_POINT ( 'NONE',  ( 17.65000000000000213, -2.500000000000025757, -1.035533905932743082 ) ) ;
#1514 = DIRECTION ( 'NONE',  ( 1.000000000000000000, -1.771000290586995670E-16, 0.000000000000000000 ) ) ;
#1515 = EDGE_CURVE ( 'NONE', #2579, #1974, #5176, .T. ) ;
#1516 = CARTESIAN_POINT ( 'NONE',  ( 10.22500000000000320, -1.434498467178515336E-14, 2.543301270189235019 ) ) ;
#1517 = EDGE_LOOP ( 'NONE', ( #6532, #1714, #2235, #7235 ) ) ;
#1518 = CARTESIAN_POINT ( 'NONE',  ( 9.950000000000002842, -0.8203022253684665310, 1.980384757729345857 ) ) ;
#1519 = CARTESIAN_POINT ( 'NONE',  ( 6.075000000000001954, 2.543301270189221253, 0.000000000000000000 ) ) ;
#1520 = CARTESIAN_POINT ( 'NONE',  ( 14.17500000000000249, 1.053469879313087443, 2.543301270189234575 ) ) ;
#1521 = CARTESIAN_POINT ( 'NONE',  ( 18.40000000000000213, -1.767766952966391303, 1.767766952966376870 ) ) ;
#1522 =( BOUNDED_CURVE ( )  B_SPLINE_CURVE ( 2, ( #6676, #7272, #7310, #6761, #1385, #6244, #2676, #285, #206 ),
 .UNSPECIFIED., .F., .T. ) 
 B_SPLINE_CURVE_WITH_KNOTS ( ( 3, 2, 2, 2, 3 ),
 ( 0.8796296296296296502, 0.8842592592592593004, 0.8888888888888888395, 0.8935185185185184897, 0.8981481481481481399 ),
 .UNSPECIFIED. ) 
 CURVE ( )  GEOMETRIC_REPRESENTATION_ITEM ( )  RATIONAL_B_SPLINE_CURVE ( ( 1.000000000000000000, 0.9238795325112867385, 1.000000000000000000, 0.9238795325112867385, 1.000000000000000000, 0.9238795325112867385, 1.000000000000000000, 0.9238795325112867385, 1.000000000000000000 ) ) 
 REPRESENTATION_ITEM ( '' )  );
#1523 = CARTESIAN_POINT ( 'NONE',  ( 12.40000000000000391, -1.980384757729360068, -2.425271854633450283E-16 ) ) ;
#1524 = CARTESIAN_POINT ( 'NONE',  ( 19.25000000000000355, -2.500000000000026201, 1.035533905932742194 ) ) ;
#1525 = EDGE_CURVE ( 'NONE', #3099, #4169, #3205, .T. ) ;
#1526 = CARTESIAN_POINT ( 'NONE',  ( 19.60000000000000142, -1.400343491548913022, 1.400343491548898589 ) ) ;
#1527 = CARTESIAN_POINT ( 'NONE',  ( 15.02500000000000391, 1.053469879313087443, 2.543301270189234575 ) ) ;
#1528 = CARTESIAN_POINT ( 'NONE',  ( 1.400000000000001910, -1.400343491548912578, -1.400343491548898811 ) ) ;
#1529 = CARTESIAN_POINT ( 'NONE',  ( 6.900000000000004796, -1.400343491548912578, -1.400343491548898811 ) ) ;
#1530 = CARTESIAN_POINT ( 'NONE',  ( 20.50000000000000000, -1.980384757729360068, -2.425271854633450283E-16 ) ) ;
#1531 = CARTESIAN_POINT ( 'NONE',  ( 9.400000000000002132, -1.400343491548912578, -1.400343491548898811 ) ) ;
#1532 = CARTESIAN_POINT ( 'NONE',  ( -12.50000000000000000, 2.695312499999990674, 0.000000000000000000 ) ) ;
#1533 = DIRECTION ( 'NONE',  ( 1.000000000000000000, -0.000000000000000000, -0.000000000000000000 ) ) ;
#1534 = CARTESIAN_POINT ( 'NONE',  ( 13.00000000000000533, -1.424157858600947694E-14, 1.980384757729346301 ) ) ;
#1535 = ORIENTED_EDGE ( 'NONE', *, *, #184, .T. ) ;
#1536 = ORIENTED_EDGE ( 'NONE', *, *, #1998, .T. ) ;
#1537 = CARTESIAN_POINT ( 'NONE',  ( 13.70000000000000107, 1.980384757729332312, 0.000000000000000000 ) ) ;
#1538 = CYLINDRICAL_SURFACE ( 'NONE', #6129, 2.500000000000010658 ) ;
#1539 = CARTESIAN_POINT ( 'NONE',  ( 18.60000000000000142, 1.400343491548884600, 1.400343491548899033 ) ) ;
#1540 = CARTESIAN_POINT ( 'NONE',  ( 17.20000000000000284, 1.767766952966363103, -1.767766952966377092 ) ) ;
#1541 = ORIENTED_EDGE ( 'NONE', *, *, #7721, .T. ) ;
#1542 = CARTESIAN_POINT ( 'NONE',  ( 0.2750000000000044076, 1.053469879313086999, -2.543301270189235019 ) ) ;
#1543 = EDGE_LOOP ( 'NONE', ( #3795, #7553, #5070, #1297 ) ) ;
#1544 = CARTESIAN_POINT ( 'NONE',  ( 1.450000000000000400, -0.8203022253684651988, -1.980384757729346301 ) ) ;
#1545 = DIRECTION ( 'NONE',  ( 1.000000000000000000, -0.000000000000000000, -0.000000000000000000 ) ) ;
#1546 = CARTESIAN_POINT ( 'NONE',  ( 17.25000000000000355, -1.980384757729360290, -0.8203022253684516540 ) ) ;
#1547 = CARTESIAN_POINT ( 'NONE',  ( 0.6500000000000047962, 0.8203022253684377763, -1.980384757729346301 ) ) ;
#1548 = DIRECTION ( 'NONE',  ( -1.000000000000000000, 0.000000000000000000, 0.000000000000000000 ) ) ;
#1549 = CARTESIAN_POINT ( 'NONE',  ( 1.250000000000001110, -1.980384757729360512, 0.8203022253684509879 ) ) ;
#1550 = AXIS2_PLACEMENT_3D ( 'NONE', #2818, #943, #3363 ) ;
#1551 = CARTESIAN_POINT ( 'NONE',  ( 7.825000000000003730, -1.434498467178515336E-14, 2.543301270189235019 ) ) ;
#1552 = VERTEX_POINT ( 'NONE', #2445 ) ;
#1553 = CARTESIAN_POINT ( 'NONE',  ( 11.95000000000000284, 0.8203022253684377763, -1.980384757729346301 ) ) ;
#1554 = AXIS2_PLACEMENT_3D ( 'NONE', #2608, #1438, #5005 ) ;
#1555 = CARTESIAN_POINT ( 'NONE',  ( 3.825000000000001954, 1.053469879313087443, 2.543301270189234575 ) ) ;
#1556 = CARTESIAN_POINT ( 'NONE',  ( 20.50000000000000000, -1.236893267138826574E-14, 2.500000000000010658 ) ) ;
#1557 = EDGE_CURVE ( 'NONE', #5118, #4047, #603, .T. ) ;
#1558 = EDGE_CURVE ( 'NONE', #2009, #1856, #1906, .T. ) ;
#1559 = CARTESIAN_POINT ( 'NONE',  ( 12.60000000000000497, -1.375652421508278441E-14, -1.980384757729346301 ) ) ;
#1560 = DIRECTION ( 'NONE',  ( 0.000000000000000000, 0.000000000000000000, -1.000000000000000000 ) ) ;
#1561 = VECTOR ( 'NONE', #204, 1000.000000000000000 ) ;
#1562 = CARTESIAN_POINT ( 'NONE',  ( 18.80000000000000071, -1.400343491548913022, 1.400343491548898589 ) ) ;
#1563 = CARTESIAN_POINT ( 'NONE',  ( 13.77500000000000213, -1.798385574751181437, -1.798385574751167892 ) ) ;
#1564 = EDGE_CURVE ( 'NONE', #7390, #1856, #6306, .T. ) ;
#1565 = CARTESIAN_POINT ( 'NONE',  ( 0.8000000000000020428, 1.400343491548885044, -1.400343491548898811 ) ) ;
#1566 = CARTESIAN_POINT ( 'NONE',  ( 20.50000000000001066, -1.583812234532444574, -1.216874748565367703 ) ) ;
#1567 = VECTOR ( 'NONE', #2295, 999.9999999999998863 ) ;
#1568 = CARTESIAN_POINT ( 'NONE',  ( 5.550000000000004263, 1.980384757729332312, -0.8203022253684513210 ) ) ;
#1569 = CARTESIAN_POINT ( 'NONE',  ( -2.242002949036139725, 1.458216942100650115, 3.437990047775828728 ) ) ;
#1570 = CARTESIAN_POINT ( 'NONE',  ( 9.800000000000000711, 1.400343491548884600, 1.400343491548899033 ) ) ;
#1571 = CARTESIAN_POINT ( 'NONE',  ( -0.4661919746328942460, 2.499999999999996891, 1.484280771488420969 ) ) ;
#1572 = DIRECTION ( 'NONE',  ( 1.000000000000000000, -2.168404344971008621E-16, 0.000000000000000000 ) ) ;
#1573 = CARTESIAN_POINT ( 'NONE',  ( 8.100000000000004974, 1.400343491548884600, 1.400343491548899033 ) ) ;
#1574 = ORIENTED_EDGE ( 'NONE', *, *, #3188, .F. ) ;
#1575 = VERTEX_POINT ( 'NONE', #5467 ) ;
#1576 = CARTESIAN_POINT ( 'NONE',  ( 10.00000000000000178, -1.400343491548913022, 1.400343491548898589 ) ) ;
#1577 = CARTESIAN_POINT ( 'NONE',  ( 20.50000000000000000, -1.267509437117510519E-14, 0.000000000000000000 ) ) ;
#1578 = CARTESIAN_POINT ( 'NONE',  ( 16.85000000000000497, 1.980384757729332312, -0.8203022253684514320 ) ) ;
#1579 = CARTESIAN_POINT ( 'NONE',  ( 4.100000000000006750, 1.400343491548884600, 1.400343491548899033 ) ) ;
#1580 = CARTESIAN_POINT ( 'NONE',  ( -0.3749999999999986122, 2.499999999999996003, 0.000000000000000000 ) ) ;
#1581 = CARTESIAN_POINT ( 'NONE',  ( 17.75000000000000355, 1.980384757729331868, 0.8203022253684526532 ) ) ;
#1582 = ORIENTED_EDGE ( 'NONE', *, *, #7569, .F. ) ;
#1583 = CARTESIAN_POINT ( 'NONE',  ( 5.350000000000004086, 2.499999999999997780, 1.035533905932744414 ) ) ;
#1584 = ORIENTED_EDGE ( 'NONE', *, *, #6270, .F. ) ;
#1585 = CARTESIAN_POINT ( 'NONE',  ( 20.80000000000000426, 1.400343491548885044, -1.400343491548898811 ) ) ;
#1586 = CARTESIAN_POINT ( 'NONE',  ( 11.40000000000000391, -1.372470695792103782E-14, -2.500000000000011546 ) ) ;
#1587 = CARTESIAN_POINT ( 'NONE',  ( 15.05000000000000604, 0.8203022253684377763, -1.980384757729346301 ) ) ;
#1588 = DIRECTION ( 'NONE',  ( 0.000000000000000000, 0.000000000000000000, 1.000000000000000000 ) ) ;
#1589 = LINE ( 'NONE', #4603, #2384 ) ;
#1590 = CARTESIAN_POINT ( 'NONE',  ( 17.80000000000000426, -1.372470695792103782E-14, -2.500000000000011546 ) ) ;
#1591 = CARTESIAN_POINT ( 'NONE',  ( -12.50000000000000000, 2.190461453405093462, -7.694275704778615221 ) ) ;
#1592 = CARTESIAN_POINT ( 'NONE',  ( 9.375000000000001776, 1.053469879313087443, 2.543301270189234575 ) ) ;
#1593 = ORIENTED_EDGE ( 'NONE', *, *, #6156, .T. ) ;
#1594 = CARTESIAN_POINT ( 'NONE',  ( 10.40000000000000213, 1.400343491548885044, -1.400343491548898811 ) ) ;
#1595 = CARTESIAN_POINT ( 'NONE',  ( 4.275000000000004796, -1.372205551982422560E-14, -2.543301270189235019 ) ) ;
#1596 = CARTESIAN_POINT ( 'NONE',  ( 1.800000000000002709, -1.372470695792103782E-14, -2.500000000000011546 ) ) ;
#1597 = CARTESIAN_POINT ( 'NONE',  ( 14.10000000000000497, -1.400343491548912578, -1.400343491548898811 ) ) ;
#1598 = CARTESIAN_POINT ( 'NONE',  ( 13.80000000000000249, -1.767766952966390637, -1.767766952966377092 ) ) ;
#1599 = CARTESIAN_POINT ( 'NONE',  ( 0.1500000000000042688, 0.8203022253684378873, 1.980384757729345857 ) ) ;
#1600 = ADVANCED_FACE ( 'NONE', ( #3155 ), #1060, .T. ) ;
#1601 = CARTESIAN_POINT ( 'NONE',  ( 13.07500000000000284, -1.372205551982422560E-14, -2.543301270189235019 ) ) ;
#1602 = CARTESIAN_POINT ( 'NONE',  ( -0.04999999999999796274, 0.8203022253684377763, -1.980384757729346301 ) ) ;
#1603 = FACE_OUTER_BOUND ( 'NONE', #2936, .T. ) ;
#1604 = CARTESIAN_POINT ( 'NONE',  ( 5.000000000000004441, -1.424157858600947694E-14, 1.980384757729346301 ) ) ;
#1605 = CARTESIAN_POINT ( 'NONE',  ( 16.85000000000000497, -2.500000000000025757, -1.035533905932743082 ) ) ;
#1606 = CARTESIAN_POINT ( 'NONE',  ( 6.550000000000001599, 1.980384757729331868, 0.8203022253684526532 ) ) ;
#1607 = CARTESIAN_POINT ( 'NONE',  ( -1.093290131144163402, 2.042052523544252374, 2.450935444863294510 ) ) ;
#1608 = CARTESIAN_POINT ( 'NONE',  ( 16.25000000000000355, 1.035533905932728871, -2.500000000000011546 ) ) ;
#1609 = EDGE_CURVE ( 'NONE', #3368, #5343, #5715, .T. ) ;
#1610 = CARTESIAN_POINT ( 'NONE',  ( 7.400000000000005684, -1.424157858600947694E-14, 1.980384757729346301 ) ) ;
#1611 = ORIENTED_EDGE ( 'NONE', *, *, #5920, .T. ) ;
#1612 = EDGE_CURVE ( 'NONE', #2465, #6209, #1014, .T. ) ;
#1613 =( BOUNDED_CURVE ( )  B_SPLINE_CURVE ( 2, ( #2424, #7264, #6553, #5995, #619, #703, #5330, #119, #7223 ),
 .UNSPECIFIED., .F., .F. ) 
 B_SPLINE_CURVE_WITH_KNOTS ( ( 3, 2, 2, 2, 3 ),
 ( 0.5648148148148147696, 0.5694444444444444198, 0.5740740740740740700, 0.5787037037037037202, 0.5833333333333333703 ),
 .UNSPECIFIED. ) 
 CURVE ( )  GEOMETRIC_REPRESENTATION_ITEM ( )  RATIONAL_B_SPLINE_CURVE ( ( 1.000000000000000000, 0.9238795325112867385, 1.000000000000000000, 0.9238795325112867385, 1.000000000000000000, 0.9238795325112867385, 1.000000000000000000, 0.9238795325112867385, 1.000000000000000000 ) ) 
 REPRESENTATION_ITEM ( '' )  );
#1614 = VERTEX_POINT ( 'NONE', #2688 ) ;
#1615 = CARTESIAN_POINT ( 'NONE',  ( 9.450000000000002842, -0.8203022253684651988, -1.980384757729346301 ) ) ;
#1616 = CARTESIAN_POINT ( 'NONE',  ( 18.30000000000000426, -1.433703035749471672E-14, 2.500000000000011546 ) ) ;
#1617 = CARTESIAN_POINT ( 'NONE',  ( 17.94999999999999929, -0.8203022253684665310, 1.980384757729345857 ) ) ;
#1618 = CARTESIAN_POINT ( 'NONE',  ( 2.600000000000004974, -1.424157858600947694E-14, 1.980384757729346301 ) ) ;
#1619 = AXIS2_PLACEMENT_3D ( 'NONE', #7002, #3380, #7554 ) ;
#1620 = DIRECTION ( 'NONE',  ( -2.168404344971008868E-16, -1.000000000000000000, 0.000000000000000000 ) ) ;
#1621 = CARTESIAN_POINT ( 'NONE',  ( 15.65000000000000036, -1.980384757729360512, 0.8203022253684509879 ) ) ;
#1622 = VERTEX_POINT ( 'NONE', #1399 ) ;
#1623 = ADVANCED_FACE ( 'NONE', ( #885 ), #3196, .T. ) ;
#1624 = VECTOR ( 'NONE', #3488, 1000.000000000000000 ) ;
#1625 = CARTESIAN_POINT ( 'NONE',  ( 12.85000000000000320, -2.500000000000026201, 1.035533905932742194 ) ) ;
#1626 = EDGE_LOOP ( 'NONE', ( #553, #5144, #5648, #3367 ) ) ;
#1627 = FACE_OUTER_BOUND ( 'NONE', #3448, .T. ) ;
#1628 = CARTESIAN_POINT ( 'NONE',  ( 19.20000000000000284, -2.500000000000025757, -3.061616997868397439E-16 ) ) ;
#1629 = CARTESIAN_POINT ( 'NONE',  ( 15.25000000000000888, 1.980384757729331868, 0.8203022253684526532 ) ) ;
#1630 = DIRECTION ( 'NONE',  ( -1.000000000000000000, -0.000000000000000000, -0.000000000000000000 ) ) ;
#1631 = CARTESIAN_POINT ( 'NONE',  ( 14.20000000000000462, -1.433703035749471672E-14, 2.500000000000011546 ) ) ;
#1632 = CARTESIAN_POINT ( 'NONE',  ( 0.000000000000000000, 1.400343491548885044, -1.400343491548898811 ) ) ;
#1633 = AXIS2_PLACEMENT_3D ( 'NONE', #1376, #2666, #3765 ) ;
#1634 = FACE_BOUND ( 'NONE', #3967, .T. ) ;
#1635 = CARTESIAN_POINT ( 'NONE',  ( 10.47500000000000320, -2.543301270189249674, -1.053469879313101210 ) ) ;
#1636 = ORIENTED_EDGE ( 'NONE', *, *, #411, .T. ) ;
#1637 = CARTESIAN_POINT ( 'NONE',  ( 7.800000000000001599, -1.400343491548912578, -1.400343491548898811 ) ) ;
#1638 = CARTESIAN_POINT ( 'NONE',  ( 4.825000000000003730, -2.543301270189249674, 1.053469879313100099 ) ) ;
#1639 = CARTESIAN_POINT ( 'NONE',  ( 14.20000000000000639, -1.375652421508278441E-14, -1.980384757729346301 ) ) ;
#1640 = CARTESIAN_POINT ( 'NONE',  ( -6.480578308508357033, 2.874999999999989342, 7.472085020746197144E-16 ) ) ;
#1641 = CARTESIAN_POINT ( 'NONE',  ( 15.00000000000000355, -1.433703035749471672E-14, 2.500000000000011546 ) ) ;
#1642 = CARTESIAN_POINT ( 'NONE',  ( 20.40000000000000213, -1.400343491548913022, 1.400343491548898589 ) ) ;
#1643 = CARTESIAN_POINT ( 'NONE',  ( 15.32500000000000284, -2.543301270189249674, -1.053469879313101210 ) ) ;
#1644 = CARTESIAN_POINT ( 'NONE',  ( 2.450000000000000622, 1.980384757729332312, -0.8203022253684513210 ) ) ;
#1645 = CARTESIAN_POINT ( 'NONE',  ( 1.800000000000003153, -1.767766952966390637, -1.767766952966377092 ) ) ;
#1646 = CARTESIAN_POINT ( 'NONE',  ( 7.500000000000005329, -1.400343491548913022, 1.400343491548898589 ) ) ;
#1647 = CARTESIAN_POINT ( 'NONE',  ( -5.351831346082827956, 1.419973154983646291, 5.097775524381500389 ) ) ;
#1648 = CARTESIAN_POINT ( 'NONE',  ( 5.750000000000002665, 1.980384757729331868, 0.8203022253684526532 ) ) ;
#1649 = CARTESIAN_POINT ( 'NONE',  ( 0.4999999999999590328, 2.499999999999981792, -0.1529309013582384469 ) ) ;
#1650 = FACE_OUTER_BOUND ( 'NONE', #6671, .T. ) ;
#1651 = CARTESIAN_POINT ( 'NONE',  ( 8.950000000000004619, 0.8203022253684378873, 1.980384757729345857 ) ) ;
#1652 = ORIENTED_EDGE ( 'NONE', *, *, #630, .T. ) ;
#1653 = CARTESIAN_POINT ( 'NONE',  ( 9.150000000000002132, -0.8203022253684664200, 1.980384757729345857 ) ) ;
#1654 = CARTESIAN_POINT ( 'NONE',  ( 0.5536704222378374673, -0.1467672594106037010, 2.407040101820398625 ) ) ;
#1655 = CARTESIAN_POINT ( 'NONE',  ( 17.60000000000000142, 1.400343491548885044, -1.400343491548898811 ) ) ;
#1656 = ADVANCED_FACE ( 'NONE', ( #809 ), #3789, .T. ) ;
#1657 = CARTESIAN_POINT ( 'NONE',  ( 4.050000000000005151, 1.980384757729331868, 0.8203022253684526532 ) ) ;
#1658 = CARTESIAN_POINT ( 'NONE',  ( -8.956206739499513958, 13.71078647393870753, -8.319974813676779490 ) ) ;
#1659 = CARTESIAN_POINT ( 'NONE',  ( 16.85000000000000497, 1.980384757729332312, -0.8203022253684513210 ) ) ;
#1660 = ORIENTED_EDGE ( 'NONE', *, *, #6844, .T. ) ;
#1661 = CARTESIAN_POINT ( 'NONE',  ( 20.17500000000000071, -1.798385574751181437, -1.798385574751167892 ) ) ;
#1662 = VERTEX_POINT ( 'NONE', #2138 ) ;
#1663 = DIRECTION ( 'NONE',  ( 1.000000000000000000, -0.000000000000000000, -0.000000000000000000 ) ) ;
#1664 = CARTESIAN_POINT ( 'NONE',  ( 3.150000000000003464, -1.035533905932757959, 2.500000000000011102 ) ) ;
#1665 = CARTESIAN_POINT ( 'NONE',  ( 13.00000000000000533, -1.424157858600947694E-14, 1.980384757729346301 ) ) ;
#1666 = CARTESIAN_POINT ( 'NONE',  ( 20.50000000000000000, -1.236893267138826574E-14, 2.500000000000010658 ) ) ;
#1667 = CARTESIAN_POINT ( 'NONE',  ( -12.50000000000000000, 2.768745557924652712, 0.000000000000000000 ) ) ;
#1668 = CARTESIAN_POINT ( 'NONE',  ( 1.100000000000000311, -1.424157858600947694E-14, 1.980384757729346301 ) ) ;
#1669 = DIRECTION ( 'NONE',  ( 2.168404344971008868E-16, 1.000000000000000000, -0.000000000000000000 ) ) ;
#1670 = CARTESIAN_POINT ( 'NONE',  ( 6.775000000000003020, 2.543301270189220809, -1.053469879313100765 ) ) ;
#1671 = ORIENTED_EDGE ( 'NONE', *, *, #5691, .F. ) ;
#1672 = CARTESIAN_POINT ( 'NONE',  ( 7.450000000000001954, 0.8203022253684378873, 1.980384757729345857 ) ) ;
#1673 = CARTESIAN_POINT ( 'NONE',  ( 0.6250000000000039968, 1.053469879313087443, 2.543301270189234575 ) ) ;
#1674 = CARTESIAN_POINT ( 'NONE',  ( 20.50000000000000000, -1.267509437117510519E-14, 0.000000000000000000 ) ) ;
#1675 = TOROIDAL_SURFACE ( 'NONE', #6048, 9.754868579091857228, 2.704236467996663507 ) ;
#1676 = CARTESIAN_POINT ( 'NONE',  ( 11.60000000000000675, -1.980384757729360068, -2.425271854633450283E-16 ) ) ;
#1677 = CARTESIAN_POINT ( 'NONE',  ( 1.300000000000002265, 1.767766952966362659, 1.767766952966377536 ) ) ;
#1678 = EDGE_CURVE ( 'NONE', #5896, #1614, #5353, .T. ) ;
#1679 = B_SPLINE_CURVE_WITH_KNOTS ( 'NONE', 3,
 ( #2267, #2895, #3362, #1689 ),
 .UNSPECIFIED., .F., .F.,
 ( 4, 4 ),
 ( 1.758948871162621486E-17, 0.001095405860129520376 ),
 .UNSPECIFIED. ) ;
#1680 = CARTESIAN_POINT ( 'NONE',  ( 0.1000000000000063338, 1.400343491548884600, 1.400343491548899033 ) ) ;
#1681 = VECTOR ( 'NONE', #1042, 1000.000000000000000 ) ;
#1682 = CARTESIAN_POINT ( 'NONE',  ( 14.57500000000000462, -1.798385574751181437, -1.798385574751167892 ) ) ;
#1683 = CARTESIAN_POINT ( 'NONE',  ( 0.9000000000000014655, 1.980384757729332312, 0.000000000000000000 ) ) ;
#1684 = DIRECTION ( 'NONE',  ( 0.000000000000000000, 0.000000000000000000, 1.000000000000000000 ) ) ;
#1685 = CARTESIAN_POINT ( 'NONE',  ( 2.400000000000006128, 1.980384757729332312, 0.000000000000000000 ) ) ;
#1686 = CARTESIAN_POINT ( 'NONE',  ( 4.700000000000002842, -1.433703035749471672E-14, 2.500000000000011546 ) ) ;
#1687 = CIRCLE ( 'NONE', #6951, 2.499999999999998668 ) ;
#1688 = CARTESIAN_POINT ( 'NONE',  ( 7.600000000000000533, -1.400343491548913022, 1.400343491548898589 ) ) ;
#1689 = CARTESIAN_POINT ( 'NONE',  ( -7.619666505508622123, 2.042052523544252374, -6.139222040369234357 ) ) ;
#1690 = CARTESIAN_POINT ( 'NONE',  ( -12.50000000000000000, 0.000000000000000000, 0.000000000000000000 ) ) ;
#1691 = CARTESIAN_POINT ( 'NONE',  ( 6.900000000000004796, -1.400343491548912578, -1.400343491548898811 ) ) ;
#1692 = ORIENTED_EDGE ( 'NONE', *, *, #989, .F. ) ;
#1693 = AXIS2_PLACEMENT_3D ( 'NONE', #1442, #6740, #4380 ) ;
#1694 = CARTESIAN_POINT ( 'NONE',  ( 10.75000000000000355, -0.8203022253684664200, 1.980384757729345857 ) ) ;
#1695 = DIRECTION ( 'NONE',  ( 0.000000000000000000, 0.000000000000000000, 1.000000000000000000 ) ) ;
#1696 = CARTESIAN_POINT ( 'NONE',  ( 16.55000000000000071, -1.980384757729360068, -0.8203022253684516540 ) ) ;
#1697 = CARTESIAN_POINT ( 'NONE',  ( 3.550000000000005151, -1.980384757729360512, 0.8203022253684510989 ) ) ;
#1698 = AXIS2_PLACEMENT_3D ( 'NONE', #6813, #2527, #3827 ) ;
#1699 = CARTESIAN_POINT ( 'NONE',  ( 0.5000000000000017764, -5.547365066045066406, 0.6904642090818100542 ) ) ;
#1700 = CARTESIAN_POINT ( 'NONE',  ( 17.10000000000000142, -1.424157858600947694E-14, 1.980384757729346301 ) ) ;
#1701 = VERTEX_POINT ( 'NONE', #4417 ) ;
#1702 = ADVANCED_FACE ( 'NONE', ( #6220 ), #4488, .T. ) ;
#1703 = CARTESIAN_POINT ( 'NONE',  ( 19.27500000000000568, -2.543301270189248786, -3.114645759804644720E-16 ) ) ;
#1704 = ORIENTED_EDGE ( 'NONE', *, *, #6212, .F. ) ;
#1705 = CARTESIAN_POINT ( 'NONE',  ( 19.50000000000000355, -1.424157858600947694E-14, 1.980384757729346301 ) ) ;
#1706 = CARTESIAN_POINT ( 'NONE',  ( 11.45000000000000284, 1.035533905932728871, -2.500000000000011546 ) ) ;
#1707 = CARTESIAN_POINT ( 'NONE',  ( 12.90000000000000568, 1.400343491548884600, 1.400343491548899033 ) ) ;
#1708 = DIRECTION ( 'NONE',  ( 0.000000000000000000, 0.000000000000000000, 1.000000000000000000 ) ) ;
#1709 = CARTESIAN_POINT ( 'NONE',  ( 7.600000000000002309, 2.499999999999997780, 0.000000000000000000 ) ) ;
#1710 = CARTESIAN_POINT ( 'NONE',  ( -12.50000000000000000, -2.625674005841378555, 0.000000000000000000 ) ) ;
#1711 = CARTESIAN_POINT ( 'NONE',  ( 14.35000000000000320, -2.500000000000026201, 1.035533905932742194 ) ) ;
#1712 = EDGE_CURVE ( 'NONE', #3417, #4481, #5938, .T. ) ;
#1713 = CARTESIAN_POINT ( 'NONE',  ( 7.325000000000003730, -1.798385574751181437, -1.798385574751167892 ) ) ;
#1714 = ORIENTED_EDGE ( 'NONE', *, *, #7215, .F. ) ;
#1715 = CARTESIAN_POINT ( 'NONE',  ( 8.000000000000001776, 1.400343491548885044, -1.400343491548898811 ) ) ;
#1716 = CARTESIAN_POINT ( 'NONE',  ( 2.075000000000003730, 2.543301270189221253, 0.000000000000000000 ) ) ;
#1717 = CARTESIAN_POINT ( 'NONE',  ( -12.50000000000000000, 2.042052523544252374, 0.000000000000000000 ) ) ;
#1718 = CARTESIAN_POINT ( 'NONE',  ( 9.850000000000006750, -0.8203022253684665310, 1.980384757729345857 ) ) ;
#1719 = CARTESIAN_POINT ( 'NONE',  ( -0.6372531902387384983, -2.374244799338302236, 1.843873128551944962 ) ) ;
#1720 = CARTESIAN_POINT ( 'NONE',  ( 18.10000000000000142, -1.980384757729360068, -2.425271854633450283E-16 ) ) ;
#1721 = CARTESIAN_POINT ( 'NONE',  ( 9.525000000000005684, -1.053469879313116087, 2.543301270189234575 ) ) ;
#1722 = CARTESIAN_POINT ( 'NONE',  ( 20.27500000000001279, 1.053469879313086999, -2.543301270189235019 ) ) ;
#1723 = CARTESIAN_POINT ( 'NONE',  ( 0.8000000000000027089, 1.980384757729330536, 0.000000000000000000 ) ) ;
#1724 = CARTESIAN_POINT ( 'NONE',  ( 20.45000000000009521, -1.980384757729360290, -0.8203022253699721045 ) ) ;
#1725 = CARTESIAN_POINT ( 'NONE',  ( 8.000000000000001776, 1.400343491548885044, -1.400343491548898811 ) ) ;
#1726 = CARTESIAN_POINT ( 'NONE',  ( 11.85000000000000320, -1.035533905932757959, 2.500000000000011102 ) ) ;
#1727 = DIRECTION ( 'NONE',  ( 0.000000000000000000, 0.000000000000000000, 1.000000000000000000 ) ) ;
#1728 =( BOUNDED_CURVE ( )  B_SPLINE_CURVE ( 2, ( #6340, #1009, #967, #378, #4652, #7050, #1125, #1090, #5199 ),
 .UNSPECIFIED., .F., .F. ) 
 B_SPLINE_CURVE_WITH_KNOTS ( ( 3, 2, 2, 2, 3 ),
 ( 0.2500000000000000000, 0.2546296296296296502, 0.2592592592592592449, 0.2638888888888888951, 0.2685185185185185452 ),
 .UNSPECIFIED. ) 
 CURVE ( )  GEOMETRIC_REPRESENTATION_ITEM ( )  RATIONAL_B_SPLINE_CURVE ( ( 1.000000000000000000, 0.9238795325112867385, 1.000000000000000000, 0.9238795325112867385, 1.000000000000000000, 0.9238795325112867385, 1.000000000000000000, 0.9238795325112867385, 1.000000000000000000 ) ) 
 REPRESENTATION_ITEM ( '' )  );
#1729 = CARTESIAN_POINT ( 'NONE',  ( 8.550000000000006040, -0.8203022253684651988, -1.980384757729346301 ) ) ;
#1730 = ORIENTED_EDGE ( 'NONE', *, *, #6248, .F. ) ;
#1731 = CARTESIAN_POINT ( 'NONE',  ( 11.32500000000000284, -1.798385574751181437, -1.798385574751167892 ) ) ;
#1732 = CARTESIAN_POINT ( 'NONE',  ( 11.15000000000000213, 0.8203022253684377763, -1.980384757729346301 ) ) ;
#1733 = CARTESIAN_POINT ( 'NONE',  ( 19.90000000000000213, -1.433703035749471672E-14, 2.500000000000011546 ) ) ;
#1734 = CARTESIAN_POINT ( 'NONE',  ( 4.500000000000003553, -1.400343491548912578, -1.400343491548898811 ) ) ;
#1735 = CARTESIAN_POINT ( 'NONE',  ( 0.9000000000000013545, -1.767766952966390637, -1.767766952966377092 ) ) ;
#1736 = CARTESIAN_POINT ( 'NONE',  ( 17.94999999999999929, -0.8203022253684664200, 1.980384757729345857 ) ) ;
#1737 = EDGE_LOOP ( 'NONE', ( #755, #2096 ) ) ;
#1738 = EDGE_LOOP ( 'NONE', ( #5405, #3497, #2637, #3377 ) ) ;
#1739 = CARTESIAN_POINT ( 'NONE',  ( 18.85000000000000142, -1.980384757729360512, 0.8203022253684509879 ) ) ;
#1740 = CARTESIAN_POINT ( 'NONE',  ( 0.5000000000000022204, 2.499999999999993339, 3.065751858972787366E-12 ) ) ;
#1741 = CARTESIAN_POINT ( 'NONE',  ( 13.60000000000000497, 1.980384757729332312, 0.000000000000000000 ) ) ;
#1742 = LINE ( 'NONE', #4682, #1747 ) ;
#1743 = CARTESIAN_POINT ( 'NONE',  ( 7.650000000000002132, 2.499999999999997780, 1.035533905932744414 ) ) ;
#1744 = CARTESIAN_POINT ( 'NONE',  ( 0.9000000000000050182, -2.500000000000025757, -3.061616997868397439E-16 ) ) ;
#1745 = CARTESIAN_POINT ( 'NONE',  ( -8.266735362446919311, -2.176544298399715860, -6.452135290758436170 ) ) ;
#1746 = LINE ( 'NONE', #6373, #1926 ) ;
#1747 = VECTOR ( 'NONE', #999, 1000.000000000000000 ) ;
#1748 = CARTESIAN_POINT ( 'NONE',  ( 4.375000000000003553, 2.543301270189220809, -1.053469879313100765 ) ) ;
#1749 = ORIENTED_EDGE ( 'NONE', *, *, #5755, .T. ) ;
#1750 = CARTESIAN_POINT ( 'NONE',  ( 9.500000000000001776, -1.375652421508278441E-14, -1.980384757729346301 ) ) ;
#1751 = CARTESIAN_POINT ( 'NONE',  ( 0.02500000000000418554, -2.543301270189249674, 1.053469879313100099 ) ) ;
#1752 = CARTESIAN_POINT ( 'NONE',  ( 0.5000000000000002220, 1.651141276004712388, 1.884392629957745369 ) ) ;
#1753 = AXIS2_PLACEMENT_3D ( 'NONE', #4939, #5518, #152 ) ;
#1754 = CARTESIAN_POINT ( 'NONE',  ( 9.050000000000006040, -0.8203022253684665310, 1.980384757729345857 ) ) ;
#1755 = EDGE_CURVE ( 'NONE', #7047, #7623, #6181, .T. ) ;
#1756 = DIRECTION ( 'NONE',  ( -1.000000000000000000, 1.734723475976808080E-16, 0.000000000000000000 ) ) ;
#1757 = LOCAL_TIME ( 14, 23, 12.00000000000000000, #7250 ) ;
#1758 = CARTESIAN_POINT ( 'NONE',  ( 11.57500000000000284, 1.798385574751153904, -1.798385574751167892 ) ) ;
#1759 = CARTESIAN_POINT ( 'NONE',  ( 20.42500000000000426, 2.543301270189221253, 0.000000000000000000 ) ) ;
#1760 = CARTESIAN_POINT ( 'NONE',  ( -12.50000000000000000, -2.695312500000008438, 0.000000000000000000 ) ) ;
#1761 = CARTESIAN_POINT ( 'NONE',  ( 3.400000000000003908, -1.372470695792103782E-14, -2.500000000000011546 ) ) ;
#1762 = EDGE_CURVE ( 'NONE', #1974, #2579, #2180, .T. ) ;
#1763 = DIRECTION ( 'NONE',  ( 0.000000000000000000, 0.000000000000000000, -1.000000000000000000 ) ) ;
#1764 = CARTESIAN_POINT ( 'NONE',  ( 5.500000000000005329, 1.400343491548885044, -1.400343491548898811 ) ) ;
#1765 = CARTESIAN_POINT ( 'NONE',  ( 10.82500000000000284, 2.543301270189221253, 0.000000000000000000 ) ) ;
#1766 = CARTESIAN_POINT ( 'NONE',  ( 8.200000000000001066, 1.400343491548884600, 1.400343491548899033 ) ) ;
#1767 = CARTESIAN_POINT ( 'NONE',  ( -8.652598279357878397, -4.000000000000007105, 4.711708202218398869E-16 ) ) ;
#1768 =( BOUNDED_SURFACE ( )  B_SPLINE_SURFACE ( 1, 2, ( 
 ( #6963, #1147, #1585, #3970, #6449, #2283, #1078, #1036, #483, #6368, #7116, #7078, #7595, #3458, #3418, #4091, #445, #5820, #996, #7708, #2831, #3531, #4126, #6522, #2911, #4679, #5858, #5225, #1705, #7633, #2246, #7040, #1114, #5784, #2872, #5263, #404, #3498, #5897, #2792, #5300, #1739, #2322, #5932, #4714, #5186, #1298, #6719, #5491, #6672, #4904, #6121, #3686, #5451, #3058, #80, #2467, #2389, #1342, #7190, #4863, #707, #7154, #3727, #1258, #665, #2429, #6084, #3602, #1184, #2948, #6041, #3100, #124, #7268, #4822, #2511, #7307, #7227, #5334, #1928, #4781, #1811, #7746, #6635, #4316, #2352, #1849, #5963, #1889, #4748, #4196, #1774, #4158, #5, #3644, #6597, #6558, #1219, #4276, #3568, #586, #2980, #5369, #6001, #623, #3018, #5406, #40, #4231, #6283, #7510, #3216, #1419, #6877, #5650, #244, #6161, #5568, #2591, #6758, #3139, #5025, #3885, #203, #2632, #909, #787, #7432, #6914, #1499, #4989, #3772, #5527, #2674, #4399, #2010, #3294, #748, #160, #7391, #3257, #4510, #5693, #1537, #6799, #7475, #3809, #2088, #3177, #6202, #831, #2550, #5606, #2049, #4947, #3921, #7350, #1969, #4439, #283, #6839, #1459, #3848, #4356, #2712, #5064, #6242, #868, #4474, #322, #5101, #2125, #1382, #1105, #2200, #4706, #5289, #7698, #4081, #1068, #5216, #6398, #2860, #4591, #5772, #3369, #2273, #3333, #6992, #2236, #2745, #4039, #7662, #393, #1732, #354, #6437, #4630, #5888, #6319, #5253, #2783, #1694, #5140, #7547, #435, #7108, #2160, #3449, #4666, #5810, #2822, #514, #949, #5733, #4547, #6953, #1576, #2312, #3961, #6477, #3407, #6358, #985, #2901, #5175, #7585, #3487, #1615, #4000, #5849, #7624, #1025, #7030, #1653, #7065, #474, #6662, #3090, #6588, #5990, #5360, #3634, #2419, #5398, #1839, #3009, #3594, #579, #31, #3524, #5922, #7218, #1766, #4266, #2458, #6515, #696, #4813, #4894, #1174, #4222, #4852, #110, #1286, #72, #6075, #7297, #7258, #6626, #1248, #6032, #653, #3559, #2500, #2972, #3047, #1880, #546, #4116, #5441, #3674, #615, #5481, #4774, #2346, #1140, #2938, #5327, #7736, #4739, #7146, #4151, #6550, #5954, #7774, #2381, #7180, #1803, #4189, #1209, #899, #2078, #3283, #3716, #1997, #3165, #3128, #7422, #4464, #150, #4388, #7339, #1408, #6747, #6709, #736, #2538, #4979, #5680, #310, #4936, #1372, #1959, #1488, #6867, #2702, #3874, #3798, #4345, #6273, #6112, #5091, #1449, #6787, #1332, #1917, #3761, #2038, #3246, #4427, #6150, #4306, #820, #7462, #5516, #6191, #2582, #274, #6827, #3206, #776, #5556, #194, #7380, #5596, #233, #5051, #2621, #5014, #3840, #6232, #857, #5639, #2661, #4535, #2735, #4501, #1644, #3357, #973, #2262, #7501, #2115, #6346, #2228, #3477, #5839, #503, #5761, #6428, #6942, #1056, #5127, #2150, #2773, #6905, #383, #3987, #1528, #5877, #3910, #6309, #6387, #4618, #1015, #5166, #2812, #937, #1683, #4030, #1565, #3398, #3950, #3439, #7573, #2189, #3322, #4657, #4581, #2890, #6468, #1095, #5243, #7020, #5802, #6981, #464, #1602, #425 ),
 ( #5721, #5206, #7615, #2851, #344, #7055, #7652, #4071, #7537, #3625, #22, #5390, #2409, #4800, #4731, #3664, #1759, #7209, #3037, #1722, #1276, #3586, #3002, #4766, #6023, #5948, #3514, #6062, #605, #643, #5429, #1830, #7171, #2302, #4696, #4178, #4213, #6579, #1163, #6616, #7099, #7247, #1239, #7728, #1201, #4144, #61, #571, #7137, #6505, #2447, #3548, #686, #4255, #6653, #4840, #1869, #5981, #5351, #5279, #2964, #6541, #2338, #7689, #4108, #7765, #1131, #5913, #538, #2930, #2373, #5318, #1793, #813, #6778, #2653, #6266, #2030, #2531, #6223, #1908, #7287, #4970, #1482, #6698, #224, #6820, #5470, #1401, #3834, #3079, #7372, #6103, #3198, #2070, #7330, #5043, #7454, #143, #3791, #4928, #98, #1952, #5589, #1441, #852, #6183, #2489, #2610, #4419, #5008, #4337, #3866, #1987, #3237, #4458, #5549, #3749, #5631, #7412, #2575, #727, #6739, #1363, #1322, #4884, #4379, #267, #6143, #6861, #4296, #3120, #3705, #5508, #770, #3157, #187, #890, #6898, #2694, #5085, #1520, #3277, #5670, #7494, #3903, #302, #2109, #4493, #6549, #7216, #5326, #1837, #5921, #2937, #3558, #513, #1173, #4773, #5288, #4264, #29, #6587, #1802, #5989, #7179, #7773, #4738, #4188, #7697, #2311, #3593, #545, #651, #6624, #2900, #4850, #1208, #1284, #7735, #614, #1246, #6660, #3045, #4220, #2456, #3672, #3632, #3008, #5397, #2418, #4811, #2345, #4705, #7145, #6030, #5439, #7107, #1731, #70, #7256, #2380, #1877, #5953, #6514, #4115, #1139, #3523, #1765, #4150, #578, #2971, #5359, #7562, #3862, #1635, #5627, #6376, #7603, #3310, #1516, #6970, #5749, #336, #6261, #5665, #2690, #6857, #3234, #5117, #3977, #297, #2727, #1004, #886, #7528, #7009, #1592, #5081, #3273, #264, #2763, #4489, #2105, #3388, #849, #2649, #7490, #3348, #4606, #5792, #4020, #6894, #2177, #3899, #4568, #6297, #925, #5710, #5040, #2140, #4525, #7450, #2067, #4455, #1478, #6930, #373, #1551, #3939, #6336, #963, #2801, #5157, #412, #5195, #2216, #5342, #1713, #491, #7641, #1193, #2291, #4789, #5380, #12, #4168, #1154, #5308, #1670, #4134, #2398, #2880, #5972, #2992, #3466, #4723, #5270, #3426, #7678, #6530, #4755, #6568, #2329, #5829, #3538, #7754, #2362, #4059, #7198, #453, #3577, #1821, #1121, #7089, #7161, #5940, #5904, #6459, #5865, #4686, #4648, #1043, #2920, #1782, #4099, #529, #595, #1086, #7719, #6416, #2838, #6494, #3505, #5232, #563, #7126, #1748, #2253, #7046, #2956, #3067, #6727, #212, #2561, #4997, #2475, #3147, #1265, #5536, #1858, #6643, #7276, #4203, #4873, #716, #1228, #2598, #3615, #6011, #3106, #1351, #5497, #88, #7317, #631, #6171, #6131, #3652, #132, #673, #172, #1897, #6049, #5415, #6767, #4284, #7401, #3186, #5577, #1977, #3735, #2521, #6683, #758, #1308, #5459, #3693, #4957, #3026, #6091, #4913, #48, #1938, #7358, #4324, #6606, #2437, #4364, #1390, #3780, #4830, #798, #7237, #4244, #839, #6210, #3890, #402, #5614, #6919, #5739, #4408, #5698, #2752, #2018, #6288, #1428, #914, #1542, #3300 ) ),
 .UNSPECIFIED., .F., .F., .F. ) 
 B_SPLINE_SURFACE_WITH_KNOTS ( ( 2, 2 ),
 ( 3, 2, 2, 2, 2, 2, 2, 2, 2, 2, 2, 2, 2, 2, 2, 2, 2, 2, 2, 2, 2, 2, 2, 2, 2, 2, 2, 2, 2, 2, 2, 2, 2, 2, 2, 2, 2, 2, 2, 2, 2, 2, 2, 2, 2, 2, 2, 2, 2, 2, 2, 2, 2, 2, 2, 2, 2, 2, 2, 2, 2, 2, 2, 2, 2, 2, 2, 2, 2, 2, 2, 2, 2, 2, 2, 2, 2, 2, 2, 2, 2, 2, 2, 2, 2, 2, 2, 2, 2, 2, 2, 2, 2, 2, 2, 2, 2, 2, 2, 2, 2, 2, 2, 2, 2, 2, 2, 2, 2, 2, 2, 2, 2, 2, 2, 2, 2, 2, 2, 2, 2, 2, 2, 2, 2, 2, 2, 2, 2, 2, 2, 2, 2, 2, 2, 2, 2, 2, 2, 2, 2, 2, 2, 2, 2, 2, 2, 2, 2, 2, 2, 2, 2, 2, 2, 2, 2, 2, 2, 2, 2, 2, 2, 2, 2, 2, 2, 2, 2, 2, 2, 2, 2, 2, 2, 2, 2, 2, 2, 2, 2, 2, 2, 2, 2, 2, 2, 2, 2, 2, 2, 2, 2, 2, 2, 2, 2, 2, 2, 2, 2, 2, 2, 2, 2, 2, 2, 2, 2, 2, 3 ),
 ( 0.000000000000000000, 1.000000000000000000 ),
 ( 0.000000000000000000, 0.004629629629629629373, 0.009259259259259258745, 0.01388888888888888812, 0.01851851851851851749, 0.02314814814814814686, 0.02777777777777777624, 0.03240740740740740561, 0.03703703703703703498, 0.04166666666666666435, 0.04629629629629629373, 0.05092592592592592310, 0.05555555555555555247, 0.06018518518518518184, 0.06481481481481481122, 0.06944444444444444753, 0.07407407407407406996, 0.07870370370370370627, 0.08333333333333332871, 0.08796296296296296502, 0.09259259259259258745, 0.09722222222222222376, 0.1018518518518518462, 0.1064814814814814825, 0.1111111111111111049, 0.1157407407407407413, 0.1203703703703703637, 0.1250000000000000000, 0.1296296296296296224, 0.1342592592592592726, 0.1388888888888888951, 0.1435185185185185175, 0.1481481481481481399, 0.1527777777777777901, 0.1574074074074074125, 0.1620370370370370350, 0.1666666666666666574, 0.1712962962962963076, 0.1759259259259259300, 0.1805555555555555525, 0.1851851851851851749, 0.1898148148148148251, 0.1944444444444444475, 0.1990740740740740700, 0.2037037037037036924, 0.2083333333333333426, 0.2129629629629629650, 0.2175925925925925875, 0.2222222222222222099, 0.2268518518518518601, 0.2314814814814814825, 0.2361111111111111049, 0.2407407407407407274, 0.2453703703703703776, 0.2500000000000000000, 0.2546296296296296502, 0.2592592592592592449, 0.2638888888888888951, 0.2685185185185185452, 0.2731481481481481399, 0.2777777777777777901, 0.2824074074074073848, 0.2870370370370370350, 0.2916666666666666852, 0.2962962962962962798, 0.3009259259259259300, 0.3055555555555555802, 0.3101851851851851749, 0.3148148148148148251, 0.3194444444444444198, 0.3240740740740740700, 0.3287037037037037202, 0.3333333333333333148, 0.3379629629629629650, 0.3425925925925926152, 0.3472222222222222099, 0.3518518518518518601, 0.3564814814814814548, 0.3611111111111111049, 0.3657407407407407551, 0.3703703703703703498, 0.3750000000000000000, 0.3796296296296296502, 0.3842592592592592449, 0.3888888888888888951, 0.3935185185185185452, 0.3981481481481481399, 0.4027777777777777901, 0.4074074074074073848, 0.4120370370370370350, 0.4166666666666666852, 0.4212962962962962798, 0.4259259259259259300, 0.4305555555555555802, 0.4351851851851851749, 0.4398148148148148251, 0.4444444444444444198, 0.4490740740740740700, 0.4537037037037037202, 0.4583333333333333148, 0.4629629629629629650, 0.4675925925925926152, 0.4722222222222222099, 0.4768518518518518601, 0.4814814814814814548, 0.4861111111111111049, 0.4907407407407407551, 0.4953703703703703498, 0.5000000000000000000, 0.5046296296296296502, 0.5092592592592593004, 0.5138888888888888395, 0.5185185185185184897, 0.5231481481481481399, 0.5277777777777777901, 0.5324074074074074403, 0.5370370370370370905, 0.5416666666666666297, 0.5462962962962962798, 0.5509259259259259300, 0.5555555555555555802, 0.5601851851851852304, 0.5648148148148147696, 0.5694444444444444198, 0.5740740740740740700, 0.5787037037037037202, 0.5833333333333333703, 0.5879629629629629095, 0.5925925925925925597, 0.5972222222222222099, 0.6018518518518518601, 0.6064814814814815103, 0.6111111111111111605, 0.6157407407407406996, 0.6203703703703703498, 0.6250000000000000000, 0.6296296296296296502, 0.6342592592592593004, 0.6388888888888888395, 0.6435185185185184897, 0.6481481481481481399, 0.6527777777777777901, 0.6574074074074074403, 0.6620370370370370905, 0.6666666666666666297, 0.6712962962962962798, 0.6759259259259259300, 0.6805555555555555802, 0.6851851851851852304, 0.6898148148148147696, 0.6944444444444444198, 0.6990740740740740700, 0.7037037037037037202, 0.7083333333333333703, 0.7129629629629629095, 0.7175925925925925597, 0.7222222222222222099, 0.7268518518518518601, 0.7314814814814815103, 0.7361111111111111605, 0.7407407407407406996, 0.7453703703703703498, 0.7500000000000000000, 0.7546296296296296502, 0.7592592592592593004, 0.7638888888888888395, 0.7685185185185184897, 0.7731481481481481399, 0.7777777777777777901, 0.7824074074074074403, 0.7870370370370370905, 0.7916666666666666297, 0.7962962962962962798, 0.8009259259259259300, 0.8055555555555555802, 0.8101851851851852304, 0.8148148148148147696, 0.8194444444444444198, 0.8240740740740740700, 0.8287037037037037202, 0.8333333333333333703, 0.8379629629629629095, 0.8425925925925925597, 0.8472222222222222099, 0.8518518518518518601, 0.8564814814814815103, 0.8611111111111111605, 0.8657407407407406996, 0.8703703703703703498, 0.8750000000000000000, 0.8796296296296296502, 0.8842592592592593004, 0.8888888888888888395, 0.8935185185185184897, 0.8981481481481481399, 0.9027777777777777901, 0.9074074074074074403, 0.9120370370370370905, 0.9166666666666666297, 0.9212962962962962798, 0.9259259259259259300, 0.9305555555555555802, 0.9351851851851852304, 0.9398148148148147696, 0.9444444444444444198, 0.9490740740740740700, 0.9537037037037037202, 0.9583333333333333703, 0.9629629629629629095, 0.9675925925925925597, 0.9722222222222222099 ),
 .UNSPECIFIED. ) 
 GEOMETRIC_REPRESENTATION_ITEM ( )  RATIONAL_B_SPLINE_SURFACE ( (
 ( 1.000000000000000000, 0.9238795325112867385, 1.000000000000000000, 0.9238795325112867385, 1.000000000000000000, 0.9238795325112867385, 1.000000000000000000, 0.9238795325112867385, 1.000000000000000000, 0.9238795325112867385, 1.000000000000000000, 0.9238795325112867385, 1.000000000000000000, 0.9238795325112867385, 1.000000000000000000, 0.9238795325112867385, 1.000000000000000000, 0.9238795325112867385, 1.000000000000000000, 0.9238795325112867385, 1.000000000000000000, 0.9238795325112867385, 1.000000000000000000, 0.9238795325112867385, 1.000000000000000000, 0.9238795325112867385, 1.000000000000000000, 0.9238795325112867385, 1.000000000000000000, 0.9238795325112867385, 1.000000000000000000, 0.9238795325112867385, 1.000000000000000000, 0.9238795325112867385, 1.000000000000000000, 0.9238795325112867385, 1.000000000000000000, 0.9238795325112867385, 1.000000000000000000, 0.9238795325112867385, 1.000000000000000000, 0.9238795325112867385, 1.000000000000000000, 0.9238795325112867385, 1.000000000000000000, 0.9238795325112867385, 1.000000000000000000, 0.9238795325112867385, 1.000000000000000000, 0.9238795325112867385, 1.000000000000000000, 0.9238795325112867385, 1.000000000000000000, 0.9238795325112867385, 1.000000000000000000, 0.9238795325112867385, 1.000000000000000000, 0.9238795325112867385, 1.000000000000000000, 0.9238795325112867385, 1.000000000000000000, 0.9238795325112867385, 1.000000000000000000, 0.9238795325112867385, 1.000000000000000000, 0.9238795325112867385, 1.000000000000000000, 0.9238795325112867385, 1.000000000000000000, 0.9238795325112867385, 1.000000000000000000, 0.9238795325112867385, 1.000000000000000000, 0.9238795325112867385, 1.000000000000000000, 0.9238795325112867385, 1.000000000000000000, 0.9238795325112867385, 1.000000000000000000, 0.9238795325112867385, 1.000000000000000000, 0.9238795325112867385, 1.000000000000000000, 0.9238795325112867385, 1.000000000000000000, 0.9238795325112867385, 1.000000000000000000, 0.9238795325112867385, 1.000000000000000000, 0.9238795325112867385, 1.000000000000000000, 0.9238795325112867385, 1.000000000000000000, 0.9238795325112867385, 1.000000000000000000, 0.9238795325112867385, 1.000000000000000000, 0.9238795325112867385, 1.000000000000000000, 0.9238795325112867385, 1.000000000000000000, 0.9238795325112867385, 1.000000000000000000, 0.9238795325112867385, 1.000000000000000000, 0.9238795325112867385, 1.000000000000000000, 0.9238795325112867385, 1.000000000000000000, 0.9238795325112867385, 1.000000000000000000, 0.9238795325112867385, 1.000000000000000000, 0.9238795325112867385, 1.000000000000000000, 0.9238795325112867385, 1.000000000000000000, 0.9238795325112867385, 1.000000000000000000, 0.9238795325112867385, 1.000000000000000000, 0.9238795325112867385, 1.000000000000000000, 0.9238795325112867385, 1.000000000000000000, 0.9238795325112867385, 1.000000000000000000, 0.9238795325112867385, 1.000000000000000000, 0.9238795325112867385, 1.000000000000000000, 0.9238795325112867385, 1.000000000000000000, 0.9238795325112867385, 1.000000000000000000, 0.9238795325112867385, 1.000000000000000000, 0.9238795325112867385, 1.000000000000000000, 0.9238795325112867385, 1.000000000000000000, 0.9238795325112867385, 1.000000000000000000, 0.9238795325112867385, 1.000000000000000000, 0.9238795325112867385, 1.000000000000000000, 0.9238795325112867385, 1.000000000000000000, 0.9238795325112867385, 1.000000000000000000, 0.9238795325112867385, 1.000000000000000000, 0.9238795325112867385, 1.000000000000000000, 0.9238795325112867385, 1.000000000000000000, 0.9238795325112867385, 1.000000000000000000, 0.9238795325112867385, 1.000000000000000000, 0.9238795325112867385, 1.000000000000000000, 0.9238795325112867385, 1.000000000000000000, 0.9238795325112867385, 1.000000000000000000, 0.9238795325112867385, 1.000000000000000000, 0.9238795325112867385, 1.000000000000000000, 0.9238795325112867385, 1.000000000000000000, 0.9238795325112867385, 1.000000000000000000, 0.9238795325112867385, 1.000000000000000000, 0.9238795325112867385, 1.000000000000000000, 0.9238795325112867385, 1.000000000000000000, 0.9238795325112867385, 1.000000000000000000, 0.9238795325112867385, 1.000000000000000000, 0.9238795325112867385, 1.000000000000000000, 0.9238795325112867385, 1.000000000000000000, 0.9238795325112867385, 1.000000000000000000, 0.9238795325112867385, 1.000000000000000000, 0.9238795325112867385, 1.000000000000000000, 0.9238795325112867385, 1.000000000000000000, 0.9238795325112867385, 1.000000000000000000, 0.9238795325112867385, 1.000000000000000000, 0.9238795325112867385, 1.000000000000000000, 0.9238795325112867385, 1.000000000000000000, 0.9238795325112867385, 1.000000000000000000, 0.9238795325112867385, 1.000000000000000000, 0.9238795325112867385, 1.000000000000000000, 0.9238795325112867385, 1.000000000000000000, 0.9238795325112867385, 1.000000000000000000, 0.9238795325112867385, 1.000000000000000000, 0.9238795325112867385, 1.000000000000000000, 0.9238795325112867385, 1.000000000000000000, 0.9238795325112867385, 1.000000000000000000, 0.9238795325112867385, 1.000000000000000000, 0.9238795325112867385, 1.000000000000000000, 0.9238795325112867385, 1.000000000000000000, 0.9238795325112867385, 1.000000000000000000, 0.9238795325112867385, 1.000000000000000000, 0.9238795325112867385, 1.000000000000000000, 0.9238795325112867385, 1.000000000000000000, 0.9238795325112867385, 1.000000000000000000, 0.9238795325112867385, 1.000000000000000000, 0.9238795325112867385, 1.000000000000000000, 0.9238795325112867385, 1.000000000000000000, 0.9238795325112867385, 1.000000000000000000, 0.9238795325112867385, 1.000000000000000000, 0.9238795325112867385, 1.000000000000000000, 0.9238795325112867385, 1.000000000000000000, 0.9238795325112867385, 1.000000000000000000, 0.9238795325112867385, 1.000000000000000000, 0.9238795325112867385, 1.000000000000000000, 0.9238795325112867385, 1.000000000000000000, 0.9238795325112867385, 1.000000000000000000, 0.9238795325112867385, 1.000000000000000000, 0.9238795325112867385, 1.000000000000000000, 0.9238795325112867385, 1.000000000000000000, 0.9238795325112867385, 1.000000000000000000, 0.9238795325112867385, 1.000000000000000000, 0.9238795325112867385, 1.000000000000000000, 0.9238795325112867385, 1.000000000000000000, 0.9238795325112867385, 1.000000000000000000, 0.9238795325112867385, 1.000000000000000000, 0.9238795325112867385, 1.000000000000000000, 0.9238795325112867385, 1.000000000000000000, 0.9238795325112867385, 1.000000000000000000, 0.9238795325112867385, 1.000000000000000000, 0.9238795325112867385, 1.000000000000000000, 0.9238795325112867385, 1.000000000000000000, 0.9238795325112867385, 1.000000000000000000, 0.9238795325112867385, 1.000000000000000000, 0.9238795325112867385, 1.000000000000000000, 0.9238795325112867385, 1.000000000000000000, 0.9238795325112867385, 1.000000000000000000, 0.9238795325112867385, 1.000000000000000000, 0.9238795325112867385, 1.000000000000000000, 0.9238795325112867385, 1.000000000000000000, 0.9238795325112867385, 1.000000000000000000, 0.9238795325112867385, 1.000000000000000000, 0.9238795325112867385, 1.000000000000000000, 0.9238795325112867385, 1.000000000000000000, 0.9238795325112867385, 1.000000000000000000, 0.9238795325112867385, 1.000000000000000000, 0.9238795325112867385, 1.000000000000000000, 0.9238795325112867385, 1.000000000000000000, 0.9238795325112867385, 1.000000000000000000, 0.9238795325112867385, 1.000000000000000000, 0.9238795325112867385, 1.000000000000000000, 0.9238795325112867385, 1.000000000000000000, 0.9238795325112867385, 1.000000000000000000, 0.9238795325112867385, 1.000000000000000000, 0.9238795325112867385, 1.000000000000000000, 0.9238795325112867385, 1.000000000000000000, 0.9238795325112867385, 1.000000000000000000, 0.9238795325112867385, 1.000000000000000000, 0.9238795325112867385, 1.000000000000000000, 0.9238795325112867385, 1.000000000000000000, 0.9238795325112867385, 1.000000000000000000, 0.9238795325112867385, 1.000000000000000000, 0.9238795325112867385, 1.000000000000000000, 0.9238795325112867385, 1.000000000000000000, 0.9238795325112867385, 1.000000000000000000, 0.9238795325112867385, 1.000000000000000000, 0.9238795325112867385, 1.000000000000000000, 0.9238795325112867385, 1.000000000000000000, 0.9238795325112867385, 1.000000000000000000, 0.9238795325112867385, 1.000000000000000000, 0.9238795325112867385, 1.000000000000000000, 0.9238795325112867385, 1.000000000000000000, 0.9238795325112867385, 1.000000000000000000, 0.9238795325112867385, 1.000000000000000000, 0.9238795325112867385, 1.000000000000000000, 0.9238795325112867385, 1.000000000000000000, 0.9238795325112867385, 1.000000000000000000, 0.9238795325112867385, 1.000000000000000000, 0.9238795325112867385, 1.000000000000000000, 0.9238795325112867385, 1.000000000000000000, 0.9238795325112867385, 1.000000000000000000, 0.9238795325112867385, 1.000000000000000000, 0.9238795325112867385, 1.000000000000000000, 0.9238795325112867385, 1.000000000000000000, 0.9238795325112867385, 1.000000000000000000, 0.9238795325112867385, 1.000000000000000000, 0.9238795325112867385, 1.000000000000000000, 0.9238795325112867385, 1.000000000000000000, 0.9238795325112867385, 1.000000000000000000, 0.9238795325112867385, 1.000000000000000000, 0.9238795325112867385, 1.000000000000000000, 0.9238795325112867385, 1.000000000000000000, 0.9238795325112867385, 1.000000000000000000, 0.9238795325112867385, 1.000000000000000000, 0.9238795325112867385, 1.000000000000000000, 0.9238795325112867385, 1.000000000000000000),
 ( 1.000000000000000000, 0.9238795325112867385, 1.000000000000000000, 0.9238795325112867385, 1.000000000000000000, 0.9238795325112867385, 1.000000000000000000, 0.9238795325112867385, 1.000000000000000000, 0.9238795325112867385, 1.000000000000000000, 0.9238795325112867385, 1.000000000000000000, 0.9238795325112867385, 1.000000000000000000, 0.9238795325112867385, 1.000000000000000000, 0.9238795325112867385, 1.000000000000000000, 0.9238795325112867385, 1.000000000000000000, 0.9238795325112867385, 1.000000000000000000, 0.9238795325112867385, 1.000000000000000000, 0.9238795325112867385, 1.000000000000000000, 0.9238795325112867385, 1.000000000000000000, 0.9238795325112867385, 1.000000000000000000, 0.9238795325112867385, 1.000000000000000000, 0.9238795325112867385, 1.000000000000000000, 0.9238795325112867385, 1.000000000000000000, 0.9238795325112867385, 1.000000000000000000, 0.9238795325112867385, 1.000000000000000000, 0.9238795325112867385, 1.000000000000000000, 0.9238795325112867385, 1.000000000000000000, 0.9238795325112867385, 1.000000000000000000, 0.9238795325112867385, 1.000000000000000000, 0.9238795325112867385, 1.000000000000000000, 0.9238795325112867385, 1.000000000000000000, 0.9238795325112867385, 1.000000000000000000, 0.9238795325112867385, 1.000000000000000000, 0.9238795325112867385, 1.000000000000000000, 0.9238795325112867385, 1.000000000000000000, 0.9238795325112867385, 1.000000000000000000, 0.9238795325112867385, 1.000000000000000000, 0.9238795325112867385, 1.000000000000000000, 0.9238795325112867385, 1.000000000000000000, 0.9238795325112867385, 1.000000000000000000, 0.9238795325112867385, 1.000000000000000000, 0.9238795325112867385, 1.000000000000000000, 0.9238795325112867385, 1.000000000000000000, 0.9238795325112867385, 1.000000000000000000, 0.9238795325112867385, 1.000000000000000000, 0.9238795325112867385, 1.000000000000000000, 0.9238795325112867385, 1.000000000000000000, 0.9238795325112867385, 1.000000000000000000, 0.9238795325112867385, 1.000000000000000000, 0.9238795325112867385, 1.000000000000000000, 0.9238795325112867385, 1.000000000000000000, 0.9238795325112867385, 1.000000000000000000, 0.9238795325112867385, 1.000000000000000000, 0.9238795325112867385, 1.000000000000000000, 0.9238795325112867385, 1.000000000000000000, 0.9238795325112867385, 1.000000000000000000, 0.9238795325112867385, 1.000000000000000000, 0.9238795325112867385, 1.000000000000000000, 0.9238795325112867385, 1.000000000000000000, 0.9238795325112867385, 1.000000000000000000, 0.9238795325112867385, 1.000000000000000000, 0.9238795325112867385, 1.000000000000000000, 0.9238795325112867385, 1.000000000000000000, 0.9238795325112867385, 1.000000000000000000, 0.9238795325112867385, 1.000000000000000000, 0.9238795325112867385, 1.000000000000000000, 0.9238795325112867385, 1.000000000000000000, 0.9238795325112867385, 1.000000000000000000, 0.9238795325112867385, 1.000000000000000000, 0.9238795325112867385, 1.000000000000000000, 0.9238795325112867385, 1.000000000000000000, 0.9238795325112867385, 1.000000000000000000, 0.9238795325112867385, 1.000000000000000000, 0.9238795325112867385, 1.000000000000000000, 0.9238795325112867385, 1.000000000000000000, 0.9238795325112867385, 1.000000000000000000, 0.9238795325112867385, 1.000000000000000000, 0.9238795325112867385, 1.000000000000000000, 0.9238795325112867385, 1.000000000000000000, 0.9238795325112867385, 1.000000000000000000, 0.9238795325112867385, 1.000000000000000000, 0.9238795325112867385, 1.000000000000000000, 0.9238795325112867385, 1.000000000000000000, 0.9238795325112867385, 1.000000000000000000, 0.9238795325112867385, 1.000000000000000000, 0.9238795325112867385, 1.000000000000000000, 0.9238795325112867385, 1.000000000000000000, 0.9238795325112867385, 1.000000000000000000, 0.9238795325112867385, 1.000000000000000000, 0.9238795325112867385, 1.000000000000000000, 0.9238795325112867385, 1.000000000000000000, 0.9238795325112867385, 1.000000000000000000, 0.9238795325112867385, 1.000000000000000000, 0.9238795325112867385, 1.000000000000000000, 0.9238795325112867385, 1.000000000000000000, 0.9238795325112867385, 1.000000000000000000, 0.9238795325112867385, 1.000000000000000000, 0.9238795325112867385, 1.000000000000000000, 0.9238795325112867385, 1.000000000000000000, 0.9238795325112867385, 1.000000000000000000, 0.9238795325112867385, 1.000000000000000000, 0.9238795325112867385, 1.000000000000000000, 0.9238795325112867385, 1.000000000000000000, 0.9238795325112867385, 1.000000000000000000, 0.9238795325112867385, 1.000000000000000000, 0.9238795325112867385, 1.000000000000000000, 0.9238795325112867385, 1.000000000000000000, 0.9238795325112867385, 1.000000000000000000, 0.9238795325112867385, 1.000000000000000000, 0.9238795325112867385, 1.000000000000000000, 0.9238795325112867385, 1.000000000000000000, 0.9238795325112867385, 1.000000000000000000, 0.9238795325112867385, 1.000000000000000000, 0.9238795325112867385, 1.000000000000000000, 0.9238795325112867385, 1.000000000000000000, 0.9238795325112867385, 1.000000000000000000, 0.9238795325112867385, 1.000000000000000000, 0.9238795325112867385, 1.000000000000000000, 0.9238795325112867385, 1.000000000000000000, 0.9238795325112867385, 1.000000000000000000, 0.9238795325112867385, 1.000000000000000000, 0.9238795325112867385, 1.000000000000000000, 0.9238795325112867385, 1.000000000000000000, 0.9238795325112867385, 1.000000000000000000, 0.9238795325112867385, 1.000000000000000000, 0.9238795325112867385, 1.000000000000000000, 0.9238795325112867385, 1.000000000000000000, 0.9238795325112867385, 1.000000000000000000, 0.9238795325112867385, 1.000000000000000000, 0.9238795325112867385, 1.000000000000000000, 0.9238795325112867385, 1.000000000000000000, 0.9238795325112867385, 1.000000000000000000, 0.9238795325112867385, 1.000000000000000000, 0.9238795325112867385, 1.000000000000000000, 0.9238795325112867385, 1.000000000000000000, 0.9238795325112867385, 1.000000000000000000, 0.9238795325112867385, 1.000000000000000000, 0.9238795325112867385, 1.000000000000000000, 0.9238795325112867385, 1.000000000000000000, 0.9238795325112867385, 1.000000000000000000, 0.9238795325112867385, 1.000000000000000000, 0.9238795325112867385, 1.000000000000000000, 0.9238795325112867385, 1.000000000000000000, 0.9238795325112867385, 1.000000000000000000, 0.9238795325112867385, 1.000000000000000000, 0.9238795325112867385, 1.000000000000000000, 0.9238795325112867385, 1.000000000000000000, 0.9238795325112867385, 1.000000000000000000, 0.9238795325112867385, 1.000000000000000000, 0.9238795325112867385, 1.000000000000000000, 0.9238795325112867385, 1.000000000000000000, 0.9238795325112867385, 1.000000000000000000, 0.9238795325112867385, 1.000000000000000000, 0.9238795325112867385, 1.000000000000000000, 0.9238795325112867385, 1.000000000000000000, 0.9238795325112867385, 1.000000000000000000, 0.9238795325112867385, 1.000000000000000000, 0.9238795325112867385, 1.000000000000000000, 0.9238795325112867385, 1.000000000000000000, 0.9238795325112867385, 1.000000000000000000, 0.9238795325112867385, 1.000000000000000000, 0.9238795325112867385, 1.000000000000000000, 0.9238795325112867385, 1.000000000000000000, 0.9238795325112867385, 1.000000000000000000, 0.9238795325112867385, 1.000000000000000000, 0.9238795325112867385, 1.000000000000000000, 0.9238795325112867385, 1.000000000000000000, 0.9238795325112867385, 1.000000000000000000, 0.9238795325112867385, 1.000000000000000000, 0.9238795325112867385, 1.000000000000000000, 0.9238795325112867385, 1.000000000000000000, 0.9238795325112867385, 1.000000000000000000, 0.9238795325112867385, 1.000000000000000000, 0.9238795325112867385, 1.000000000000000000, 0.9238795325112867385, 1.000000000000000000, 0.9238795325112867385, 1.000000000000000000, 0.9238795325112867385, 1.000000000000000000, 0.9238795325112867385, 1.000000000000000000, 0.9238795325112867385, 1.000000000000000000, 0.9238795325112867385, 1.000000000000000000, 0.9238795325112867385, 1.000000000000000000, 0.9238795325112867385, 1.000000000000000000, 0.9238795325112867385, 1.000000000000000000, 0.9238795325112867385, 1.000000000000000000, 0.9238795325112867385, 1.000000000000000000, 0.9238795325112867385, 1.000000000000000000, 0.9238795325112867385, 1.000000000000000000, 0.9238795325112867385, 1.000000000000000000, 0.9238795325112867385, 1.000000000000000000, 0.9238795325112867385, 1.000000000000000000, 0.9238795325112867385, 1.000000000000000000, 0.9238795325112867385, 1.000000000000000000, 0.9238795325112867385, 1.000000000000000000, 0.9238795325112867385, 1.000000000000000000, 0.9238795325112867385, 1.000000000000000000, 0.9238795325112867385, 1.000000000000000000, 0.9238795325112867385, 1.000000000000000000, 0.9238795325112867385, 1.000000000000000000, 0.9238795325112867385, 1.000000000000000000, 0.9238795325112867385, 1.000000000000000000, 0.9238795325112867385, 1.000000000000000000, 0.9238795325112867385, 1.000000000000000000, 0.9238795325112867385, 1.000000000000000000, 0.9238795325112867385, 1.000000000000000000, 0.9238795325112867385, 1.000000000000000000, 0.9238795325112867385, 1.000000000000000000, 0.9238795325112867385, 1.000000000000000000, 0.9238795325112867385, 1.000000000000000000, 0.9238795325112867385, 1.000000000000000000, 0.9238795325112867385, 1.000000000000000000, 0.9238795325112867385, 1.000000000000000000, 0.9238795325112867385, 1.000000000000000000, 0.9238795325112867385, 1.000000000000000000, 0.9238795325112867385, 1.000000000000000000, 0.9238795325112867385, 1.000000000000000000) ) ) 
 REPRESENTATION_ITEM ( '' )  SURFACE ( )  );
#1769 = CARTESIAN_POINT ( 'NONE',  ( 9.200000000000002842, 2.499999999999997780, 0.000000000000000000 ) ) ;
#1770 = DIRECTION ( 'NONE',  ( 0.000000000000000000, 0.000000000000000000, -1.000000000000000000 ) ) ;
#1771 = CARTESIAN_POINT ( 'NONE',  ( 15.50000000000000711, -1.400343491548913022, 1.400343491548898589 ) ) ;
#1772 = ORIENTED_EDGE ( 'NONE', *, *, #3574, .T. ) ;
#1773 = ORIENTED_EDGE ( 'NONE', *, *, #5795, .F. ) ;
#1774 = CARTESIAN_POINT ( 'NONE',  ( 16.30000000000000071, -1.424157858600947694E-14, 1.980384757729346301 ) ) ;
#1775 = CARTESIAN_POINT ( 'NONE',  ( 11.65000000000000213, 2.499999999999997780, 1.035533905932744414 ) ) ;
#1776 = CARTESIAN_POINT ( 'NONE',  ( 12.05000000000000604, 1.980384757729331868, 0.8203022253684526532 ) ) ;
#1777 = CARTESIAN_POINT ( 'NONE',  ( 8.850000000000003197, -2.500000000000026201, 1.035533905932742194 ) ) ;
#1778 = CARTESIAN_POINT ( 'NONE',  ( 7.500000000000003553, 1.767766952966363103, -1.767766952966377092 ) ) ;
#1779 = CARTESIAN_POINT ( 'NONE',  ( -1.093290131144177391, 2.042052523544252374, -2.450935444863358015 ) ) ;
#1780 = ORIENTED_EDGE ( 'NONE', *, *, #6270, .T. ) ;
#1781 = CARTESIAN_POINT ( 'NONE',  ( 17.70000000000000639, 1.400343491548884600, 1.400343491548899033 ) ) ;
#1782 = CARTESIAN_POINT ( 'NONE',  ( 5.025000000000004796, -1.372205551982422560E-14, -2.543301270189235019 ) ) ;
#1783 = ORIENTED_EDGE ( 'NONE', *, *, #1755, .F. ) ;
#1784 = CARTESIAN_POINT ( 'NONE',  ( 4.450000000000002842, -1.980384757729360512, 0.8203022253684510989 ) ) ;
#1785 = CARTESIAN_POINT ( 'NONE',  ( 0.4750000000000031974, 2.543301270189221253, 0.000000000000000000 ) ) ;
#1786 = CARTESIAN_POINT ( 'NONE',  ( 4.600000000000003197, -1.433703035749471672E-14, 2.500000000000011546 ) ) ;
#1787 = CARTESIAN_POINT ( 'NONE',  ( 9.900000000000005684, -1.400343491548913022, 1.400343491548898589 ) ) ;
#1788 = CARTESIAN_POINT ( 'NONE',  ( 16.00000000000000355, -1.767766952966391303, 1.767766952966376870 ) ) ;
#1789 = EDGE_CURVE ( 'NONE', #6107, #4862, #1814, .T. ) ;
#1790 = ADVANCED_FACE ( 'NONE', ( #3231 ), #5626, .T. ) ;
#1791 = AXIS2_PLACEMENT_3D ( 'NONE', #1710, #5411, #4786 ) ;
#1792 = CARTESIAN_POINT ( 'NONE',  ( 10.12500000000000355, 2.543301270189220809, 1.053469879313102542 ) ) ;
#1793 = CARTESIAN_POINT ( 'NONE',  ( 17.62500000000000355, -2.543301270189248786, -3.114645759804644720E-16 ) ) ;
#1794 = CARTESIAN_POINT ( 'NONE',  ( 5.500000000000001776, -1.767766952966391303, 1.767766952966376870 ) ) ;
#1795 = CARTESIAN_POINT ( 'NONE',  ( 19.30000000000000426, 1.400343491548884600, 1.400343491548899033 ) ) ;
#1796 = CALENDAR_DATE ( 2026, 26, 6 ) ;
#1797 = CARTESIAN_POINT ( 'NONE',  ( 10.45000000000000462, -2.500000000000026201, 1.035533905932742194 ) ) ;
#1798 = VECTOR ( 'NONE', #2998, 1000.000000000000000 ) ;
#1799 = CARTESIAN_POINT ( 'NONE',  ( 4.000000000000003553, 1.980384757729332312, 0.000000000000000000 ) ) ;
#1800 = ORIENTED_EDGE ( 'NONE', *, *, #4846, .T. ) ;
#1801 = ADVANCED_FACE ( 'NONE', ( #7449 ), #7577, .T. ) ;
#1802 = CARTESIAN_POINT ( 'NONE',  ( 13.07500000000000284, 1.053469879313086999, -2.543301270189235019 ) ) ;
#1803 = CARTESIAN_POINT ( 'NONE',  ( 5.950000000000001066, -0.8203022253684664200, 1.980384757729345857 ) ) ;
#1804 = DIRECTION ( 'NONE',  ( 1.224646799147353207E-16, 0.000000000000000000, -1.000000000000000000 ) ) ;
#1805 = CARTESIAN_POINT ( 'NONE',  ( 1.600000000000004086, 1.980384757729332312, 0.000000000000000000 ) ) ;
#1806 = CARTESIAN_POINT ( 'NONE',  ( 20.50000000000000000, -1.980384757729360068, -2.425271854633450283E-16 ) ) ;
#1807 = CARTESIAN_POINT ( 'NONE',  ( 13.25000000000000711, -1.980384757729360290, -0.8203022253684516540 ) ) ;
#1808 = VERTEX_POINT ( 'NONE', #3861 ) ;
#1809 = AXIS2_PLACEMENT_3D ( 'NONE', #3341, #1545, #7634 ) ;
#1810 = ORIENTED_EDGE ( 'NONE', *, *, #7420, .T. ) ;
#1811 = CARTESIAN_POINT ( 'NONE',  ( 16.80000000000000071, 1.400343491548885044, -1.400343491548898811 ) ) ;
#1812 = CARTESIAN_POINT ( 'NONE',  ( 11.55000000000000071, 2.499999999999997780, -1.035533905932742638 ) ) ;
#1813 = CARTESIAN_POINT ( 'NONE',  ( 13.85000000000000320, -0.8203022253684664200, 1.980384757729345857 ) ) ;
#1814 =( BOUNDED_CURVE ( )  B_SPLINE_CURVE ( 2, ( #2065, #6776, #5586, #6817, #1477, #962, #6335, #2762, #220 ),
 .UNSPECIFIED., .F., .F. ) 
 B_SPLINE_CURVE_WITH_KNOTS ( ( 3, 2, 2, 2, 3 ),
 ( 0.5833333333333333703, 0.5879629629629629095, 0.5925925925925925597, 0.5972222222222222099, 0.6018518518518518601 ),
 .UNSPECIFIED. ) 
 CURVE ( )  GEOMETRIC_REPRESENTATION_ITEM ( )  RATIONAL_B_SPLINE_CURVE ( ( 1.000000000000000000, 0.9238795325112867385, 1.000000000000000000, 0.9238795325112867385, 1.000000000000000000, 0.9238795325112867385, 1.000000000000000000, 0.9238795325112867385, 1.000000000000000000 ) ) 
 REPRESENTATION_ITEM ( '' )  );
#1815 = CARTESIAN_POINT ( 'NONE',  ( 20.50000000000000000, -1.236893267138826574E-14, 2.500000000000010658 ) ) ;
#1816 = CARTESIAN_POINT ( 'NONE',  ( 3.550000000000001155, 2.499999999999997780, -1.035533905932742638 ) ) ;
#1817 = AXIS2_PLACEMENT_3D ( 'NONE', #2490, #3121, #5509 ) ;
#1818 = B_SPLINE_CURVE_WITH_KNOTS ( 'NONE', 3,
 ( #4984, #6753, #1964, #1378, #6155, #1292, #659, #6080, #782, #3052 ),
 .UNSPECIFIED., .F., .F.,
 ( 4, 2, 2, 2, 4 ),
 ( 1.135136374879583394E-16, 0.0004844202354127527142, 0.0009688404708253919124, 0.001453260706238030135, 0.001937680941650668899 ),
 .UNSPECIFIED. ) ;
#1819 = CARTESIAN_POINT ( 'NONE',  ( 20.49999999999999645, -0.5120134172183902210, -2.036625213579669857 ) ) ;
#1820 = CARTESIAN_POINT ( 'NONE',  ( 16.80000000000000426, 1.980384757729332312, 0.000000000000000000 ) ) ;
#1821 = CARTESIAN_POINT ( 'NONE',  ( 5.625000000000003553, -2.543301270189248786, -3.114645759804644720E-16 ) ) ;
#1822 = VERTEX_POINT ( 'NONE', #6259 ) ;
#1823 = CARTESIAN_POINT ( 'NONE',  ( 5.450000000000001954, -0.8203022253684651988, -1.980384757729346301 ) ) ;
#1824 = CARTESIAN_POINT ( 'NONE',  ( 1.375000000000001332, 1.798385574751153682, 1.798385574751168337 ) ) ;
#1825 = CARTESIAN_POINT ( 'NONE',  ( 4.350000000000006750, -1.980384757729360512, 0.8203022253684509879 ) ) ;
#1826 = CARTESIAN_POINT ( 'NONE',  ( 15.80000000000000426, 1.767766952966362659, 1.767766952966377536 ) ) ;
#1827 = CARTESIAN_POINT ( 'NONE',  ( 9.800000000000004263, -1.424157858600947694E-14, 1.980384757729346301 ) ) ;
#1828 = DIRECTION ( 'NONE',  ( 2.168404344971008868E-16, 1.000000000000000000, -0.000000000000000000 ) ) ;
#1829 = CARTESIAN_POINT ( 'NONE',  ( 11.27500000000000391, -2.543301270189248786, -3.114645759804644720E-16 ) ) ;
#1830 = CARTESIAN_POINT ( 'NONE',  ( 19.67500000000000426, 2.543301270189220809, 1.053469879313102542 ) ) ;
#1831 = CARTESIAN_POINT ( 'NONE',  ( 0.5000000000000002220, -2.500000000000023093, -0.3272492347488076825 ) ) ;
#1832 = CARTESIAN_POINT ( 'NONE',  ( 18.75000000000000355, -1.980384757729360512, 0.8203022253684510989 ) ) ;
#1833 = DIRECTION ( 'NONE',  ( 0.000000000000000000, 0.000000000000000000, 1.000000000000000000 ) ) ;
#1834 = EDGE_CURVE ( 'NONE', #1575, #2494, #6438, .T. ) ;
#1835 = CARTESIAN_POINT ( 'NONE',  ( 5.750000000000004441, 0.8203022253684378873, 1.980384757729345857 ) ) ;
#1836 = DIRECTION ( 'NONE',  ( -0.4999999999999951150, 1.060575238724910366E-16, -0.8660254037844414832 ) ) ;
#1837 = CARTESIAN_POINT ( 'NONE',  ( 13.62500000000000533, -2.543301270189248786, -3.114645759804644720E-16 ) ) ;
#1838 = CARTESIAN_POINT ( 'NONE',  ( 20.27500000000000568, -1.372205551982422560E-14, -2.543301270189235019 ) ) ;
#1839 = CARTESIAN_POINT ( 'NONE',  ( 8.600000000000001421, -1.400343491548912578, -1.400343491548898811 ) ) ;
#1840 = CARTESIAN_POINT ( 'NONE',  ( -1.093290131144165178, -2.042052523544255482, -2.450935444863311385 ) ) ;
#1841 = CARTESIAN_POINT ( 'NONE',  ( 13.00000000000000178, 1.400343491548884600, 1.400343491548899033 ) ) ;
#1842 = CARTESIAN_POINT ( 'NONE',  ( 0.8500000000000035305, 1.980384757729331868, 0.8203022253684526532 ) ) ;
#1843 = EDGE_CURVE ( 'NONE', #444, #5011, #924, .T. ) ;
#1844 = ADVANCED_FACE ( 'NONE', ( #7008 ), #4685, .T. ) ;
#1845 = LINE ( 'NONE', #2463, #1181 ) ;
#1846 = CARTESIAN_POINT ( 'NONE',  ( 14.95000000000000462, -0.8203022253684651988, -1.980384757729346301 ) ) ;
#1847 = VERTEX_POINT ( 'NONE', #3424 ) ;
#1848 = ORIENTED_EDGE ( 'NONE', *, *, #680, .T. ) ;
#1849 = CARTESIAN_POINT ( 'NONE',  ( 16.55000000000000071, -1.980384757729360290, -0.8203022253684516540 ) ) ;
#1850 = DIRECTION ( 'NONE',  ( -1.000000000000000000, 1.771000290586996903E-16, 0.000000000000000000 ) ) ;
#1851 = CARTESIAN_POINT ( 'NONE',  ( 11.00000000000000711, -1.375652421508278441E-14, -1.980384757729346301 ) ) ;
#1852 = CARTESIAN_POINT ( 'NONE',  ( 20.39498494426668174, 0.6011978949200911249, 2.126914590527363647 ) ) ;
#1853 = CARTESIAN_POINT ( 'NONE',  ( 9.500000000000003553, -1.433703035749471672E-14, 2.500000000000011546 ) ) ;
#1854 = ADVANCED_FACE ( 'NONE', ( #410 ), #5269, .T. ) ;
#1855 = CARTESIAN_POINT ( 'NONE',  ( 20.12936887396076813, -2.470631126039271486, -0.2570764009278596052 ) ) ;
#1856 = VERTEX_POINT ( 'NONE', #1591 ) ;
#1857 = CARTESIAN_POINT ( 'NONE',  ( 17.00000000000000355, -1.424157858600947694E-14, 1.980384757729346301 ) ) ;
#1858 = CARTESIAN_POINT ( 'NONE',  ( 3.725000000000002753, 1.798385574751153682, 1.798385574751168337 ) ) ;
#1859 = ORIENTED_EDGE ( 'NONE', *, *, #3717, .T. ) ;
#1860 = CARTESIAN_POINT ( 'NONE',  ( 4.150000000000001243, 1.980384757729331868, 0.8203022253684526532 ) ) ;
#1861 = CARTESIAN_POINT ( 'NONE',  ( 20.55000000000000782, -0.8203022253684651988, -1.980384757729346301 ) ) ;
#1862 = CARTESIAN_POINT ( 'NONE',  ( 1.550000000000006484, 1.980384757729332312, -0.8203022253684513210 ) ) ;
#1863 = DIRECTION ( 'NONE',  ( -1.000000000000000000, 3.469446951953616161E-16, 0.000000000000000000 ) ) ;
#1864 = CARTESIAN_POINT ( 'NONE',  ( 8.200000000000006395, -1.424157858600947694E-14, 1.980384757729346301 ) ) ;
#1865 = CARTESIAN_POINT ( 'NONE',  ( 7.450000000000001954, 0.8203022253684378873, 1.980384757729345857 ) ) ;
#1866 = DIRECTION ( 'NONE',  ( 0.000000000000000000, 0.000000000000000000, 1.000000000000000000 ) ) ;
#1867 = CARTESIAN_POINT ( 'NONE',  ( 11.47500000000000320, -1.372205551982422560E-14, -2.543301270189235019 ) ) ;
#1868 = AXIS2_PLACEMENT_3D ( 'NONE', #2593, #2675, #6801 ) ;
#1869 = CARTESIAN_POINT ( 'NONE',  ( 18.42500000000000426, -2.543301270189248786, -3.114645759804644720E-16 ) ) ;
#1870 = CARTESIAN_POINT ( 'NONE',  ( 8.200000000000002842, -1.372470695792103782E-14, -2.500000000000011546 ) ) ;
#1871 = CARTESIAN_POINT ( 'NONE',  ( 20.30000000000000426, -1.400343491548913022, 1.400343491548898589 ) ) ;
#1872 = FACE_OUTER_BOUND ( 'NONE', #7431, .T. ) ;
#1873 = ORIENTED_EDGE ( 'NONE', *, *, #1557, .F. ) ;
#1874 = APPROVAL_PERSON_ORGANIZATION ( #3004, #4086, #4805 ) ;
#1875 = CARTESIAN_POINT ( 'NONE',  ( 4.100000000000006750, 1.400343491548884600, 1.400343491548899033 ) ) ;
#1876 = ORIENTED_EDGE ( 'NONE', *, *, #6841, .T. ) ;
#1877 = CARTESIAN_POINT ( 'NONE',  ( 11.12500000000000355, -1.798385574751182103, 1.798385574751167670 ) ) ;
#1878 = CARTESIAN_POINT ( 'NONE',  ( 5.100000000000004086, -1.372470695792103624E-14, -2.500000000000011546 ) ) ;
#1879 = CC_DESIGN_PERSON_AND_ORGANIZATION_ASSIGNMENT ( #2341, #2450, ( #7498 ) ) ;
#1880 = CARTESIAN_POINT ( 'NONE',  ( 7.000000000000000888, -1.400343491548912578, -1.400343491548898811 ) ) ;
#1881 = DIRECTION ( 'NONE',  ( 1.000000000000000000, -1.778671531248330463E-16, 0.000000000000000000 ) ) ;
#1882 = CARTESIAN_POINT ( 'NONE',  ( 12.30000000000000249, -1.424157858600947694E-14, 1.980384757729346301 ) ) ;
#1883 = DIRECTION ( 'NONE',  ( 2.168404344971008868E-16, 1.000000000000000000, -0.000000000000000000 ) ) ;
#1884 = CARTESIAN_POINT ( 'NONE',  ( 8.550000000000004263, 1.035533905932729315, 2.500000000000011102 ) ) ;
#1885 = DIRECTION ( 'NONE',  ( -2.168404344971008868E-16, -1.000000000000000000, 0.000000000000000000 ) ) ;
#1886 = CARTESIAN_POINT ( 'NONE',  ( 14.65000000000000746, -0.8203022253684664200, 1.980384757729345857 ) ) ;
#1887 = VERTEX_POINT ( 'NONE', #7560 ) ;
#1888 = EDGE_LOOP ( 'NONE', ( #4194, #6160, #6913, #2599 ) ) ;
#1889 = CARTESIAN_POINT ( 'NONE',  ( 16.45000000000000284, -1.980384757729360512, 0.8203022253684509879 ) ) ;
#1890 = ADVANCED_FACE ( 'NONE', ( #2176, #1634 ), #2328, .T. ) ;
#1891 = CARTESIAN_POINT ( 'NONE',  ( 6.800000000000004263, 1.767766952966363103, -1.767766952966377092 ) ) ;
#1892 = CARTESIAN_POINT ( 'NONE',  ( 6.150000000000002132, 1.035533905932729315, 2.500000000000011102 ) ) ;
#1893 = CARTESIAN_POINT ( 'NONE',  ( 0.5000000000000009992, 1.385658696841724158, 2.080853184601664019 ) ) ;
#1894 = CARTESIAN_POINT ( 'NONE',  ( 20.10000000000000497, -1.767766952966390637, -1.767766952966377092 ) ) ;
#1895 = CARTESIAN_POINT ( 'NONE',  ( 20.32508308004323894, -1.673567510211823928, -1.546110847325917970 ) ) ;
#1896 = CARTESIAN_POINT ( 'NONE',  ( 19.15000000000000568, 1.980384757729332312, -0.8203022253684513210 ) ) ;
#1897 = CARTESIAN_POINT ( 'NONE',  ( 2.625000000000002220, -1.372205551982422560E-14, -2.543301270189235019 ) ) ;
#1898 = VERTEX_POINT ( 'NONE', #3976 ) ;
#1899 = CARTESIAN_POINT ( 'NONE',  ( 6.400000000000001243, 1.400343491548885044, -1.400343491548898811 ) ) ;
#1900 = CARTESIAN_POINT ( 'NONE',  ( 15.10000000000000142, -1.375652421508278441E-14, -1.980384757729346301 ) ) ;
#1901 = CARTESIAN_POINT ( 'NONE',  ( 20.15000000000000568, 0.8203022253684378873, 1.980384757729345857 ) ) ;
#1902 = CARTESIAN_POINT ( 'NONE',  ( 3.850000000000005862, 0.8203022253684377763, -1.980384757729346301 ) ) ;
#1903 = CARTESIAN_POINT ( 'NONE',  ( 8.550000000000004263, 2.499999999999997780, 1.035533905932744414 ) ) ;
#1904 = CARTESIAN_POINT ( 'NONE',  ( 7.250000000000005329, 1.980384757729331868, 0.8203022253684526532 ) ) ;
#1905 = CARTESIAN_POINT ( 'NONE',  ( 5.250000000000001776, -1.980384757729360512, 0.8203022253684509879 ) ) ;
#1906 = LINE ( 'NONE', #768, #1920 ) ;
#1907 = CARTESIAN_POINT ( 'NONE',  ( 7.875000000000003553, -1.434498467178515336E-14, 2.543301270189235019 ) ) ;
#1908 = CARTESIAN_POINT ( 'NONE',  ( 17.22500000000000497, 2.543301270189221253, 0.000000000000000000 ) ) ;
#1909 = CARTESIAN_POINT ( 'NONE',  ( 17.80000000000000782, -1.424157858600947694E-14, 1.980384757729346301 ) ) ;
#1910 = CARTESIAN_POINT ( 'NONE',  ( 12.25000000000000355, -1.035533905932756404, -2.500000000000011546 ) ) ;
#1911 = EDGE_LOOP ( 'NONE', ( #4745, #3057 ) ) ;
#1912 = CARTESIAN_POINT ( 'NONE',  ( 3.950000000000005507, 1.980384757729332312, -0.8203022253684513210 ) ) ;
#1913 = CARTESIAN_POINT ( 'NONE',  ( 19.85000000000000853, 0.8203022253684377763, -1.980384757729346301 ) ) ;
#1914 = CLOSED_SHELL ( 'NONE', ( #4283, #5748, #3512, #4761, #5058, #4869, #4333, #1600, #1211, #2573, #5966, #2269, #7511, #4615, #4385, #792, #1182, #3897, #3425, #884, #6110, #3768, #6695, #320, #3395, #1702, #5957, #6584, #1037, #2332, #1844, #4475, #1854, #6636, #2183, #1623, #4580, #5998, #7026, #2092, #598, #118, #3178, #6010, #3481, #3905, #6548, #2908, #4905, #6591, #2403, #5646, #1656, #4190, #1790, #7659, #2174, #779, #7561, #5529, #7270, #6401, #4224, #542, #5293, #5379, #947, #59, #5677, #5911, #5587, #733, #7753, #928, #7123, #7305, #1256, #2226, #2899, #980, #1801, #6492, #6990, #2560, #7124, #3814, #6456 ) ) ;
#1915 = CARTESIAN_POINT ( 'NONE',  ( 11.90000000000000036, -1.375652421508278441E-14, -1.980384757729346301 ) ) ;
#1916 = CARTESIAN_POINT ( 'NONE',  ( 17.87500000000000355, -1.372205551982422560E-14, -2.543301270189235019 ) ) ;
#1917 = CARTESIAN_POINT ( 'NONE',  ( 4.050000000000001599, 1.980384757729332312, -0.8203022253684513210 ) ) ;
#1918 = CARTESIAN_POINT ( 'NONE',  ( 10.85000000000000497, -1.980384757729360290, -0.8203022253684516540 ) ) ;
#1919 = DIRECTION ( 'NONE',  ( -0.000000000000000000, 1.000000000000000000, -0.000000000000000000 ) ) ;
#1920 = VECTOR ( 'NONE', #96, 1000.000000000000114 ) ;
#1921 = CARTESIAN_POINT ( 'NONE',  ( 12.95000000000000107, 1.980384757729331868, 0.8203022253684526532 ) ) ;
#1922 = CARTESIAN_POINT ( 'NONE',  ( -12.50000000000000000, 3.640624999999995115, 0.000000000000000000 ) ) ;
#1923 = CARTESIAN_POINT ( 'NONE',  ( 0.5000000000000017764, 1.767766952964734184, 1.767766952967998240 ) ) ;
#1924 = CARTESIAN_POINT ( 'NONE',  ( 15.25000000000000888, 1.980384757729331868, 0.8203022253684526532 ) ) ;
#1925 = ORIENTED_EDGE ( 'NONE', *, *, #1937, .T. ) ;
#1926 = VECTOR ( 'NONE', #1153, 1000.000000000000000 ) ;
#1927 = ORIENTED_EDGE ( 'NONE', *, *, #3554, .F. ) ;
#1928 = CARTESIAN_POINT ( 'NONE',  ( 16.90000000000000213, 1.980384757729332312, 0.000000000000000000 ) ) ;
#1929 = CARTESIAN_POINT ( 'NONE',  ( 7.100000000000004086, -1.433703035749471672E-14, 2.500000000000011546 ) ) ;
#1930 = CARTESIAN_POINT ( 'NONE',  ( 20.35624698333959515, 1.534991652186968203, 1.643467024600797854 ) ) ;
#1931 = CARTESIAN_POINT ( 'NONE',  ( -18.51942169149164386, 2.695312499999992006, 0.000000000000000000 ) ) ;
#1932 = CARTESIAN_POINT ( 'NONE',  ( 19.50000000000000355, 1.767766952966363103, -1.767766952966377092 ) ) ;
#1933 = TOROIDAL_SURFACE ( 'NONE', #933, 2.859374999999997780, 0.3593750000000000000 ) ;
#1934 = CARTESIAN_POINT ( 'NONE',  ( -4.761334409864218742, 1.305429970462444134, -4.814878827679891060 ) ) ;
#1935 = ORIENTED_EDGE ( 'NONE', *, *, #7077, .T. ) ;
#1936 = CARTESIAN_POINT ( 'NONE',  ( 18.55000000000000426, 0.8203022253684378873, 1.980384757729345857 ) ) ;
#1937 = EDGE_CURVE ( 'NONE', #7294, #7047, #1066, .T. ) ;
#1938 = CARTESIAN_POINT ( 'NONE',  ( 1.575000000000003286, -2.543301270189249674, 1.053469879313100099 ) ) ;
#1939 = EDGE_LOOP ( 'NONE', ( #228, #1652, #1034, #337 ) ) ;
#1940 = CARTESIAN_POINT ( 'NONE',  ( 6.550000000000000711, 1.980384757729331868, 0.8203022253684526532 ) ) ;
#1941 = CIRCLE ( 'NONE', #1817, 6.231472203984925073 ) ;
#1942 = CARTESIAN_POINT ( 'NONE',  ( 15.70000000000000284, -1.980384757729360068, -2.425271854633450283E-16 ) ) ;
#1943 = CARTESIAN_POINT ( 'NONE',  ( 18.45000000000000284, 1.980384757729331868, 0.8203022253684526532 ) ) ;
#1944 = CARTESIAN_POINT ( 'NONE',  ( 2.750000000000006661, -1.980384757729360512, 0.8203022253684509879 ) ) ;
#1945 = CARTESIAN_POINT ( 'NONE',  ( 7.500000000000003553, -1.372470695792103624E-14, -2.500000000000011546 ) ) ;
#1946 = CARTESIAN_POINT ( 'NONE',  ( 5.850000000000004086, -0.8203022253684665310, 1.980384757729345857 ) ) ;
#1947 = CARTESIAN_POINT ( 'NONE',  ( 5.200000000000000178, -1.400343491548913022, 1.400343491548898589 ) ) ;
#1948 = CARTESIAN_POINT ( 'NONE',  ( 10.10000000000000320, 2.499999999999997780, 0.000000000000000000 ) ) ;
#1949 = CIRCLE ( 'NONE', #4698, 8.000000000000000000 ) ;
#1950 = EDGE_CURVE ( 'NONE', #2639, #1808, #4097, .T. ) ;
#1951 = CARTESIAN_POINT ( 'NONE',  ( 6.625000000000003553, -1.053469879313114532, -2.543301270189235019 ) ) ;
#1952 = CARTESIAN_POINT ( 'NONE',  ( 16.12500000000000355, -1.798385574751181437, -1.798385574751167892 ) ) ;
#1953 = CARTESIAN_POINT ( 'NONE',  ( 18.30000000000000426, -1.433703035749471672E-14, 2.500000000000011546 ) ) ;
#1954 = CARTESIAN_POINT ( 'NONE',  ( 15.45000000000000462, -0.8203022253684665310, 1.980384757729345857 ) ) ;
#1955 = SHAPE_DEFINITION_REPRESENTATION ( #6228, #2617 ) ;
#1956 = ORIENTED_EDGE ( 'NONE', *, *, #5145, .T. ) ;
#1957 = CARTESIAN_POINT ( 'NONE',  ( 0.5500000000000052625, -0.8203022253684651988, -1.980384757729346301 ) ) ;
#1958 = CARTESIAN_POINT ( 'NONE',  ( 17.02500000000000568, -1.053469879313114532, -2.543301270189235019 ) ) ;
#1959 = CARTESIAN_POINT ( 'NONE',  ( 4.700000000000002842, -1.375652421508278441E-14, -1.980384757729346301 ) ) ;
#1960 = CARTESIAN_POINT ( 'NONE',  ( 10.50000000000000533, 1.400343491548884600, 1.400343491548899033 ) ) ;
#1961 = CARTESIAN_POINT ( 'NONE',  ( -12.50000000000000000, 2.042052523544252374, 0.000000000000000000 ) ) ;
#1962 = CARTESIAN_POINT ( 'NONE',  ( 12.70000000000000107, -1.375652421508278441E-14, -1.980384757729346301 ) ) ;
#1963 = CARTESIAN_POINT ( 'NONE',  ( 6.450000000000004619, -2.500000000000026201, 1.035533905932742194 ) ) ;
#1964 = CARTESIAN_POINT ( 'NONE',  ( 20.11012133927112799, -1.520963256325549295, -1.977944213193251422 ) ) ;
#1965 = CYLINDRICAL_SURFACE ( 'NONE', #306, 2.500000000000010658 ) ;
#1966 = CARTESIAN_POINT ( 'NONE',  ( 11.10000000000000497, 1.400343491548885044, -1.400343491548898811 ) ) ;
#1967 = ORIENTED_EDGE ( 'NONE', *, *, #7079, .T. ) ;
#1968 = ORIENTED_EDGE ( 'NONE', *, *, #5624, .T. ) ;
#1969 = CARTESIAN_POINT ( 'NONE',  ( 13.00000000000000178, 1.400343491548884600, 1.400343491548899033 ) ) ;
#1970 = CARTESIAN_POINT ( 'NONE',  ( 14.80000000000000426, 2.499999999999997780, 0.000000000000000000 ) ) ;
#1971 = CYLINDRICAL_SURFACE ( 'NONE', #3996, 2.500000000000010658 ) ;
#1972 = CARTESIAN_POINT ( 'NONE',  ( 17.70000000000000284, -2.500000000000025757, -3.061616997868397439E-16 ) ) ;
#1973 = CARTESIAN_POINT ( 'NONE',  ( 17.15000000000000568, 1.035533905932728871, -2.500000000000011546 ) ) ;
#1974 = VERTEX_POINT ( 'NONE', #2879 ) ;
#1975 = VERTEX_POINT ( 'NONE', #7716 ) ;
#1976 =( BOUNDED_CURVE ( )  B_SPLINE_CURVE ( 2, ( #76, #3133, #3171, #5562, #2462, #4857, #6666, #1884, #3680 ),
 .UNSPECIFIED., .F., .F. ) 
 B_SPLINE_CURVE_WITH_KNOTS ( ( 3, 2, 2, 2, 3 ),
 ( 0.3703703703703703498, 0.3750000000000000000, 0.3796296296296296502, 0.3842592592592593004, 0.3888888888888888395 ),
 .UNSPECIFIED. ) 
 CURVE ( )  GEOMETRIC_REPRESENTATION_ITEM ( )  RATIONAL_B_SPLINE_CURVE ( ( 1.000000000000000000, 0.9238795325112867385, 1.000000000000000000, 0.9238795325112867385, 1.000000000000000000, 0.9238795325112867385, 1.000000000000000000, 0.9238795325112867385, 1.000000000000000000 ) ) 
 REPRESENTATION_ITEM ( '' )  );
#1977 = CARTESIAN_POINT ( 'NONE',  ( 2.225000000000004974, -1.434498467178515336E-14, 2.543301270189235019 ) ) ;
#1978 = VERTEX_POINT ( 'NONE', #6493 ) ;
#1979 = CARTESIAN_POINT ( 'NONE',  ( 3.100000000000001865, -1.375652421508278441E-14, -1.980384757729346301 ) ) ;
#1980 = CARTESIAN_POINT ( 'NONE',  ( 16.15000000000000213, 1.980384757729331868, 0.8203022253684526532 ) ) ;
#1981 = CARTESIAN_POINT ( 'NONE',  ( 20.45000000000000639, -1.980384757729360290, -0.8203022253684516540 ) ) ;
#1982 = CARTESIAN_POINT ( 'NONE',  ( 0.05000000000000490163, 1.980384757729331868, 0.8203022253684526532 ) ) ;
#1983 = CARTESIAN_POINT ( 'NONE',  ( 5.650000000000006573, 1.980384757729331868, 0.8203022253684526532 ) ) ;
#1984 = CARTESIAN_POINT ( 'NONE',  ( 4.599999999999999645, -1.400343491548912578, -1.400343491548898811 ) ) ;
#1985 = DIRECTION ( 'NONE',  ( 0.000000000000000000, 0.000000000000000000, -1.000000000000000000 ) ) ;
#1986 = CARTESIAN_POINT ( 'NONE',  ( 7.525000000000002132, 1.053469879313086999, -2.543301270189235019 ) ) ;
#1987 = CARTESIAN_POINT ( 'NONE',  ( 15.57500000000000284, 2.543301270189220809, -1.053469879313100765 ) ) ;
#1988 = CARTESIAN_POINT ( 'NONE',  ( 4.100000000000003197, -2.500000000000025757, -3.061616997868397439E-16 ) ) ;
#1989 = EDGE_CURVE ( 'NONE', #3223, #4008, #6945, .T. ) ;
#1990 = VECTOR ( 'NONE', #710, 1000.000000000000000 ) ;
#1991 = CARTESIAN_POINT ( 'NONE',  ( 16.75000000000000711, 1.980384757729332312, -0.8203022253684514320 ) ) ;
#1992 = CARTESIAN_POINT ( 'NONE',  ( -8.956206739499515734, 0.5858326306829682029, 7.148309552310840864 ) ) ;
#1993 = VERTEX_POINT ( 'NONE', #7122 ) ;
#1994 = CARTESIAN_POINT ( 'NONE',  ( 2.100000000000004530, -1.400343491548912578, -1.400343491548898811 ) ) ;
#1995 = AXIS2_PLACEMENT_3D ( 'NONE', #2168, #4559, #4050 ) ;
#1996 = CARTESIAN_POINT ( 'NONE',  ( 16.67500000000000071, -1.434498467178515336E-14, 2.543301270189235019 ) ) ;
#1997 = CARTESIAN_POINT ( 'NONE',  ( 5.600000000000000533, 1.400343491548885044, -1.400343491548898811 ) ) ;
#1998 = EDGE_CURVE ( 'NONE', #6718, #2280, #1746, .T. ) ;
#1999 = CARTESIAN_POINT ( 'NONE',  ( 7.950000000000006395, 1.980384757729332312, -0.8203022253684513210 ) ) ;
#2000 = PLANE ( 'NONE',  #4872 ) ;
#2001 = CARTESIAN_POINT ( 'NONE',  ( 14.45000000000000107, 1.980384757729332312, -0.8203022253684513210 ) ) ;
#2002 = CARTESIAN_POINT ( 'NONE',  ( -17.39758100322455192, -2.610785383146994043, 0.000000000000000000 ) ) ;
#2003 = CIRCLE ( 'NONE', #2996, 6.775000000000006573 ) ;
#2004 = CARTESIAN_POINT ( 'NONE',  ( 15.40000000000000391, -1.372470695792103782E-14, -2.500000000000011546 ) ) ;
#2005 = CARTESIAN_POINT ( 'NONE',  ( 11.35000000000000497, -1.035533905932756404, -2.500000000000011546 ) ) ;
#2006 = CARTESIAN_POINT ( 'NONE',  ( 11.60000000000000675, -1.980384757729360068, -2.425271854633450283E-16 ) ) ;
#2007 = ORIENTED_EDGE ( 'NONE', *, *, #549, .T. ) ;
#2008 = APPROVAL_PERSON_ORGANIZATION ( #3589, #2698, #7175 ) ;
#2009 = VERTEX_POINT ( 'NONE', #4058 ) ;
#2010 = CARTESIAN_POINT ( 'NONE',  ( 14.10000000000000142, -1.980384757729360068, -2.425271854633450283E-16 ) ) ;
#2011 = CARTESIAN_POINT ( 'NONE',  ( 14.90000000000000391, 1.767766952966362659, 1.767766952966377536 ) ) ;
#2012 = CARTESIAN_POINT ( 'NONE',  ( -10.00000000000000178, 3.640624999999994671, 3.061616997868382155E-16 ) ) ;
#2013 = CARTESIAN_POINT ( 'NONE',  ( -12.50000000000000000, 2.874999999999992006, -6.411159703984925073 ) ) ;
#2014 = CARTESIAN_POINT ( 'NONE',  ( 11.85000000000000497, 1.035533905932729315, 2.500000000000011102 ) ) ;
#2015 = CARTESIAN_POINT ( 'NONE',  ( 3.000000000000002665, 1.767766952966362659, 1.767766952966377536 ) ) ;
#2016 = ORIENTED_EDGE ( 'NONE', *, *, #1133, .F. ) ;
#2017 = ORIENTED_EDGE ( 'NONE', *, *, #7469, .T. ) ;
#2018 = CARTESIAN_POINT ( 'NONE',  ( 0.4750000000000031974, 2.543301270189220809, 1.053469879313102542 ) ) ;
#2019 = VERTEX_POINT ( 'NONE', #5231 ) ;
#2020 = DIRECTION ( 'NONE',  ( -1.000000000000000000, 0.000000000000000000, 0.000000000000000000 ) ) ;
#2021 = CARTESIAN_POINT ( 'NONE',  ( 13.40000000000000213, -1.400343491548912578, -1.400343491548898811 ) ) ;
#2022 = CARTESIAN_POINT ( 'NONE',  ( 20.50000000000000355, -1.400343491548912578, -1.400343491548898811 ) ) ;
#2023 = CARTESIAN_POINT ( 'NONE',  ( 20.50000000000000000, -1.267509437117510519E-14, 0.000000000000000000 ) ) ;
#2024 = CARTESIAN_POINT ( 'NONE',  ( 3.900000000000004352, -1.767766952966391303, 1.767766952966376870 ) ) ;
#2025 = CARTESIAN_POINT ( 'NONE',  ( 7.700000000000005507, -1.400343491548912578, -1.400343491548898811 ) ) ;
#2026 = CARTESIAN_POINT ( 'NONE',  ( 3.499999999999999556, -1.424157858600947694E-14, 1.980384757729346301 ) ) ;
#2027 =( BOUNDED_CURVE ( )  B_SPLINE_CURVE ( 2, ( #1099, #5881, #3912, #467, #4621, #1605, #2776, #7023, #5168 ),
 .UNSPECIFIED., .F., .F. ) 
 B_SPLINE_CURVE_WITH_KNOTS ( ( 3, 2, 2, 2, 3 ),
 ( 0.7592592592592593004, 0.7638888888888888395, 0.7685185185185184897, 0.7731481481481481399, 0.7777777777777777901 ),
 .UNSPECIFIED. ) 
 CURVE ( )  GEOMETRIC_REPRESENTATION_ITEM ( )  RATIONAL_B_SPLINE_CURVE ( ( 1.000000000000000000, 0.9238795325112867385, 1.000000000000000000, 0.9238795325112867385, 1.000000000000000000, 0.9238795325112867385, 1.000000000000000000, 0.9238795325112867385, 1.000000000000000000 ) ) 
 REPRESENTATION_ITEM ( '' )  );
#2028 = CARTESIAN_POINT ( 'NONE',  ( 10.95000000000000107, 1.035533905932729315, 2.500000000000011102 ) ) ;
#2029 = CARTESIAN_POINT ( 'NONE',  ( 8.525000000000005684, 2.543301270189220809, 1.053469879313102542 ) ) ;
#2030 = CARTESIAN_POINT ( 'NONE',  ( 17.37500000000000355, 1.053469879313087443, 2.543301270189234575 ) ) ;
#2031 = DIRECTION ( 'NONE',  ( 0.000000000000000000, -1.000000000000000000, 0.000000000000000000 ) ) ;
#2032 = CARTESIAN_POINT ( 'NONE',  ( 15.90000000000000391, 1.400343491548885044, -1.400343491548898811 ) ) ;
#2033 = CARTESIAN_POINT ( 'NONE',  ( 3.050000000000004263, -1.035533905932757959, 2.500000000000011102 ) ) ;
#2034 = ORIENTED_EDGE ( 'NONE', *, *, #4524, .F. ) ;
#2035 = CARTESIAN_POINT ( 'NONE',  ( 3.300000000000004263, 1.400343491548884600, 1.400343491548899033 ) ) ;
#2036 = EDGE_CURVE ( 'NONE', #6377, #6557, #2955, .T. ) ;
#2037 = CARTESIAN_POINT ( 'NONE',  ( 15.92500000000000249, -1.053469879313116087, 2.543301270189234575 ) ) ;
#2038 = CARTESIAN_POINT ( 'NONE',  ( 3.950000000000001954, 0.8203022253684377763, -1.980384757729346301 ) ) ;
#2039 = CARTESIAN_POINT ( 'NONE',  ( 10.55000000000000604, 0.8203022253684378873, 1.980384757729345857 ) ) ;
#2040 = CARTESIAN_POINT ( 'NONE',  ( -12.50000000000000000, 2.874999999999992006, 7.009737158183716232 ) ) ;
#2041 = CARTESIAN_POINT ( 'NONE',  ( 9.200000000000001066, -1.400343491548913022, 1.400343491548898589 ) ) ;
#2042 = CARTESIAN_POINT ( 'NONE',  ( 6.600000000000003197, -1.767766952966390637, -1.767766952966377092 ) ) ;
#2043 = CARTESIAN_POINT ( 'NONE',  ( 15.30000000000000426, -2.500000000000025757, -3.061616997868397439E-16 ) ) ;
#2044 = CARTESIAN_POINT ( 'NONE',  ( 6.250000000000002665, -1.035533905932757959, 2.500000000000011102 ) ) ;
#2045 = EDGE_CURVE ( 'NONE', #1662, #2009, #3546, .T. ) ;
#2046 = CARTESIAN_POINT ( 'NONE',  ( 12.40000000000000391, -1.980384757729360068, -2.425271854633450283E-16 ) ) ;
#2047 = ORIENTED_EDGE ( 'NONE', *, *, #5146, .T. ) ;
#2048 = ORIENTED_EDGE ( 'NONE', *, *, #3143, .F. ) ;
#2049 = CARTESIAN_POINT ( 'NONE',  ( 13.20000000000000107, -1.400343491548913022, 1.400343491548898589 ) ) ;
#2050 = AXIS2_PLACEMENT_3D ( 'NONE', #1493, #1533, #5686 ) ;
#2051 = CARTESIAN_POINT ( 'NONE',  ( 0.6297205460441198666, -2.164087910443181162, 0.7179307136948726020 ) ) ;
#2052 = CARTESIAN_POINT ( 'NONE',  ( 17.50000000000000355, -1.433703035749471672E-14, 2.500000000000011546 ) ) ;
#2053 = CARTESIAN_POINT ( 'NONE',  ( 18.15000000000000213, 1.035533905932729315, 2.500000000000011102 ) ) ;
#2054 = DIRECTION ( 'NONE',  ( 0.000000000000000000, 0.000000000000000000, 1.000000000000000000 ) ) ;
#2055 = ORIENTED_EDGE ( 'NONE', *, *, #1755, .T. ) ;
#2056 = CARTESIAN_POINT ( 'NONE',  ( 0.5000000000000003331, -1.999167105995472093, 1.536366799937294303 ) ) ;
#2057 = EDGE_LOOP ( 'NONE', ( #4156, #3414, #7632, #7277, #6876, #7076 ) ) ;
#2058 = CARTESIAN_POINT ( 'NONE',  ( 2.750000000000002665, -0.8203022253684665310, 1.980384757729345857 ) ) ;
#2059 = CARTESIAN_POINT ( 'NONE',  ( 15.60000000000000320, -1.400343491548913022, 1.400343491548898589 ) ) ;
#2060 = CARTESIAN_POINT ( 'NONE',  ( 15.70000000000000639, -1.400343491548912578, -1.400343491548898811 ) ) ;
#2061 = CARTESIAN_POINT ( 'NONE',  ( 0.2000000000000057288, -1.424157858600947694E-14, 1.980384757729346301 ) ) ;
#2062 = CARTESIAN_POINT ( 'NONE',  ( 20.50000000000000000, -1.267509437117510519E-14, -2.500000000000010658 ) ) ;
#2063 = AXIS2_PLACEMENT_3D ( 'NONE', #6893, #2726, #1985 ) ;
#2064 = CARTESIAN_POINT ( 'NONE',  ( 2.450000000000000622, 1.980384757729332312, -0.8203022253684513210 ) ) ;
#2065 = CARTESIAN_POINT ( 'NONE',  ( 7.900000000000003908, -1.433703035749471672E-14, 2.500000000000011546 ) ) ;
#2066 = VECTOR ( 'NONE', #5264, 1000.000000000000000 ) ;
#2067 = CARTESIAN_POINT ( 'NONE',  ( 8.075000000000004619, -2.543301270189249674, -1.053469879313101210 ) ) ;
#2068 = CARTESIAN_POINT ( 'NONE',  ( 11.85000000000000320, -0.8203022253684651988, -1.980384757729346301 ) ) ;
#2069 = CARTESIAN_POINT ( 'NONE',  ( 8.925000000000002487, -2.543301270189249674, -1.053469879313101210 ) ) ;
#2070 = CARTESIAN_POINT ( 'NONE',  ( 16.52500000000000568, 1.798385574751153682, 1.798385574751168337 ) ) ;
#2071 = CARTESIAN_POINT ( 'NONE',  ( 4.050000000000005151, -2.500000000000026201, 1.035533905932742194 ) ) ;
#2072 =( BOUNDED_CURVE ( )  B_SPLINE_CURVE ( 2, ( #6088, #6723, #7273, #4320, #248, #1346, #1894 ),
 .UNSPECIFIED., .F., .F. ) 
 B_SPLINE_CURVE_WITH_KNOTS ( ( 3, 2, 2, 3 ),
 ( 0.9074074074074074403, 0.9120370370370369795, 0.9166666666666666297, 0.9212962962962962798 ),
 .UNSPECIFIED. ) 
 CURVE ( )  GEOMETRIC_REPRESENTATION_ITEM ( )  RATIONAL_B_SPLINE_CURVE ( ( 1.000000000000000000, 0.9238795325112867385, 1.000000000000000000, 0.9238795325112867385, 1.000000000000000000, 0.9238795325112867385, 1.000000000000000000 ) ) 
 REPRESENTATION_ITEM ( '' )  );
#2073 = CARTESIAN_POINT ( 'NONE',  ( 18.20000000000000284, -1.375652421508278441E-14, -1.980384757729346301 ) ) ;
#2074 = TOROIDAL_SURFACE ( 'NONE', #3190, 6.411159703984926850, 0.1796875000000000000 ) ;
#2075 = CARTESIAN_POINT ( 'NONE',  ( 9.000000000000003553, -1.372470695792103782E-14, -2.500000000000011546 ) ) ;
#2076 = CARTESIAN_POINT ( 'NONE',  ( 1.400000000000005462, -1.375652421508278441E-14, -1.980384757729346301 ) ) ;
#2077 = CARTESIAN_POINT ( 'NONE',  ( 16.37500000000000355, 1.798385574751153904, -1.798385574751167892 ) ) ;
#2078 = CARTESIAN_POINT ( 'NONE',  ( 5.750000000000002665, 1.980384757729331868, 0.8203022253684526532 ) ) ;
#2079 = CARTESIAN_POINT ( 'NONE',  ( 9.550000000000006040, 1.980384757729332312, -0.8203022253684513210 ) ) ;
#2080 = EDGE_CURVE ( 'NONE', #1575, #773, #2300, .T. ) ;
#2081 = CARTESIAN_POINT ( 'NONE',  ( 11.34999999999999964, 1.980384757729331868, 0.8203022253684526532 ) ) ;
#2082 = CARTESIAN_POINT ( 'NONE',  ( 20.50000000000000000, -1.267509437117510519E-14, 0.000000000000000000 ) ) ;
#2083 = FACE_BOUND ( 'NONE', #2562, .T. ) ;
#2084 = CARTESIAN_POINT ( 'NONE',  ( 20.50000000000000000, -1.267509437117510519E-14, -2.500000000000010658 ) ) ;
#2085 = CARTESIAN_POINT ( 'NONE',  ( 10.40000000000000391, 1.980384757729332312, 0.000000000000000000 ) ) ;
#2086 = ORIENTED_EDGE ( 'NONE', *, *, #221, .F. ) ;
#2087 = ORIENTED_EDGE ( 'NONE', *, *, #174, .T. ) ;
#2088 = CARTESIAN_POINT ( 'NONE',  ( 13.50000000000000178, -1.375652421508278441E-14, -1.980384757729346301 ) ) ;
#2089 = EDGE_CURVE ( 'NONE', #4974, #3202, #7602, .T. ) ;
#2090 = CARTESIAN_POINT ( 'NONE',  ( 17.25000000000000711, 2.499999999999997780, 1.035533905932744414 ) ) ;
#2091 = CARTESIAN_POINT ( 'NONE',  ( 19.30000000000000071, 1.980384757729332312, 0.000000000000000000 ) ) ;
#2092 = ADVANCED_FACE ( 'NONE', ( #6529 ), #4605, .T. ) ;
#2093 = CARTESIAN_POINT ( 'NONE',  ( 2.800000000000003819, 1.767766952966363103, -1.767766952966377092 ) ) ;
#2094 = ORIENTED_EDGE ( 'NONE', *, *, #5156, .F. ) ;
#2095 = CARTESIAN_POINT ( 'NONE',  ( 0.5000000000000003331, -0.6543697108982162725, 2.434931691670799925 ) ) ;
#2096 = ORIENTED_EDGE ( 'NONE', *, *, #6058, .F. ) ;
#2097 = CARTESIAN_POINT ( 'NONE',  ( 1.300000000000002487, -1.980384757729360068, -2.425271854633450283E-16 ) ) ;
#2098 = CARTESIAN_POINT ( 'NONE',  ( 3.250000000000002665, -2.500000000000026201, 1.035533905932742194 ) ) ;
#2099 = CARTESIAN_POINT ( 'NONE',  ( 17.80000000000000782, -1.424157858600947694E-14, 1.980384757729346301 ) ) ;
#2100 = CARTESIAN_POINT ( 'NONE',  ( 0.4500000000000060063, -1.980384757729360290, -0.8203022253684516540 ) ) ;
#2101 = DIRECTION ( 'NONE',  ( -0.000000000000000000, 1.000000000000000000, -0.000000000000000000 ) ) ;
#2102 = EDGE_CURVE ( 'NONE', #7356, #4607, #6119, .T. ) ;
#2103 = CARTESIAN_POINT ( 'NONE',  ( 2.000000000000001776, -1.400343491548913022, 1.400343491548898589 ) ) ;
#2104 = DIRECTION ( 'NONE',  ( 0.000000000000000000, 0.000000000000000000, -1.000000000000000000 ) ) ;
#2105 = CARTESIAN_POINT ( 'NONE',  ( 9.075000000000002842, 1.053469879313086999, -2.543301270189235019 ) ) ;
#2106 = ORIENTED_EDGE ( 'NONE', *, *, #4063, .T. ) ;
#2107 = CARTESIAN_POINT ( 'NONE',  ( 10.80000000000000071, -1.400343491548913022, 1.400343491548898589 ) ) ;
#2108 = CARTESIAN_POINT ( 'NONE',  ( 4.725000000000004086, -1.053469879313116087, 2.543301270189234575 ) ) ;
#2109 = CARTESIAN_POINT ( 'NONE',  ( 13.87500000000000711, 1.053469879313086999, -2.543301270189235019 ) ) ;
#2110 = DIRECTION ( 'NONE',  ( 0.000000000000000000, 0.000000000000000000, -1.000000000000000000 ) ) ;
#2111 = CARTESIAN_POINT ( 'NONE',  ( 13.40000000000000568, -1.375652421508278441E-14, -1.980384757729346301 ) ) ;
#2112 = CARTESIAN_POINT ( 'NONE',  ( 8.750000000000003553, -2.500000000000026201, 1.035533905932742194 ) ) ;
#2113 = CARTESIAN_POINT ( 'NONE',  ( 1.200000000000006617, -1.980384757729360068, -2.425271854633450283E-16 ) ) ;
#2114 = CARTESIAN_POINT ( 'NONE',  ( 13.27500000000000213, 2.543301270189221253, 0.000000000000000000 ) ) ;
#2115 = CARTESIAN_POINT ( 'NONE',  ( 2.200000000000000622, -1.400343491548912578, -1.400343491548898811 ) ) ;
#2116 = CARTESIAN_POINT ( 'NONE',  ( 6.150000000000004796, -0.8203022253684651988, -1.980384757729346301 ) ) ;
#2117 = CARTESIAN_POINT ( 'NONE',  ( -0.4661919746328981873, -2.500000000000002220, 1.484280771488460049 ) ) ;
#2118 = CARTESIAN_POINT ( 'NONE',  ( 9.300000000000000711, -1.980384757729360068, -2.425271854633450283E-16 ) ) ;
#2119 = CARTESIAN_POINT ( 'NONE',  ( 18.75000000000000355, 1.035533905932728871, -2.500000000000011546 ) ) ;
#2120 = CARTESIAN_POINT ( 'NONE',  ( 10.60000000000000320, -1.767766952966390637, -1.767766952966377092 ) ) ;
#2121 = TOROIDAL_SURFACE ( 'NONE', #2613, 6.411159703984925073, 0.1796875000000000000 ) ;
#2122 = CARTESIAN_POINT ( 'NONE',  ( 10.95000000000000462, -0.8203022253684651988, -1.980384757729346301 ) ) ;
#2123 = VERTEX_POINT ( 'NONE', #4240 ) ;
#2124 = VERTEX_POINT ( 'NONE', #2517 ) ;
#2125 = CARTESIAN_POINT ( 'NONE',  ( 12.30000000000000249, -1.424157858600947694E-14, 1.980384757729346301 ) ) ;
#2126 = DIRECTION ( 'NONE',  ( -0.000000000000000000, 1.000000000000000000, -0.000000000000000000 ) ) ;
#2127 = CARTESIAN_POINT ( 'NONE',  ( 19.40000000000000213, 1.400343491548884600, 1.400343491548899033 ) ) ;
#2128 = CARTESIAN_POINT ( 'NONE',  ( 17.50000000000000355, -1.433703035749471672E-14, 2.500000000000011546 ) ) ;
#2129 = ORIENTED_EDGE ( 'NONE', *, *, #3603, .F. ) ;
#2130 = EDGE_CURVE ( 'NONE', #6886, #6718, #663, .T. ) ;
#2131 = CARTESIAN_POINT ( 'NONE',  ( -12.50000000000000000, -4.102566777143634563E-15, 0.000000000000000000 ) ) ;
#2132 = VERTEX_POINT ( 'NONE', #6565 ) ;
#2133 = CARTESIAN_POINT ( 'NONE',  ( 2.850000000000002753, -1.980384757729360512, 0.8203022253684510989 ) ) ;
#2134 = CARTESIAN_POINT ( 'NONE',  ( -12.50000000000000000, 2.695312499999990674, 0.000000000000000000 ) ) ;
#2135 = CARTESIAN_POINT ( 'NONE',  ( 16.25000000000000711, -0.8203022253684664200, 1.980384757729345857 ) ) ;
#2136 = DIRECTION ( 'NONE',  ( 1.000000000000000000, 0.000000000000000000, 0.000000000000000000 ) ) ;
#2137 = DIRECTION ( 'NONE',  ( 0.000000000000000000, 0.000000000000000000, -1.000000000000000000 ) ) ;
#2138 = CARTESIAN_POINT ( 'NONE',  ( -12.50000000000000000, 2.874999999999992006, 7.009737158183716232 ) ) ;
#2139 = EDGE_CURVE ( 'NONE', #4713, #1217, #5341, .T. ) ;
#2140 = CARTESIAN_POINT ( 'NONE',  ( 8.225000000000003197, -1.372205551982422560E-14, -2.543301270189235019 ) ) ;
#2141 = ORIENTED_EDGE ( 'NONE', *, *, #1324, .F. ) ;
#2142 = CARTESIAN_POINT ( 'NONE',  ( 11.55000000000000071, -0.8203022253684665310, 1.980384757729345857 ) ) ;
#2143 = CARTESIAN_POINT ( 'NONE',  ( 4.075000000000001954, -2.543301270189248786, -3.114645759804644720E-16 ) ) ;
#2144 = CARTESIAN_POINT ( 'NONE',  ( 3.500000000000003109, -1.372470695792103624E-14, -2.500000000000011546 ) ) ;
#2145 = EDGE_CURVE ( 'NONE', #1808, #5490, #6165, .T. ) ;
#2146 = CARTESIAN_POINT ( 'NONE',  ( 13.20000000000000639, -1.980384757729360068, -2.425271854633450283E-16 ) ) ;
#2147 = CARTESIAN_POINT ( 'NONE',  ( 19.40000000000000568, -1.767766952966390637, -1.767766952966377092 ) ) ;
#2148 = CARTESIAN_POINT ( 'NONE',  ( 19.20000000000000284, 1.400343491548885044, -1.400343491548898811 ) ) ;
#2149 = CARTESIAN_POINT ( 'NONE',  ( 14.02500000000000213, 2.543301270189220809, -1.053469879313100765 ) ) ;
#2150 = CARTESIAN_POINT ( 'NONE',  ( 1.650000000000002576, 1.980384757729332312, -0.8203022253684513210 ) ) ;
#2151 = DIRECTION ( 'NONE',  ( -0.000000000000000000, 1.000000000000000000, -0.000000000000000000 ) ) ;
#2152 = CARTESIAN_POINT ( 'NONE',  ( 5.300000000000006040, -1.400343491548912578, -1.400343491548898811 ) ) ;
#2153 = CARTESIAN_POINT ( 'NONE',  ( -6.203318485686116546, 1.637743055973171380, 5.492784768398997208 ) ) ;
#2154 = CARTESIAN_POINT ( 'NONE',  ( 9.650000000000000355, 1.980384757729332312, -0.8203022253684513210 ) ) ;
#2155 = CARTESIAN_POINT ( 'NONE',  ( 11.95000000000000284, -2.500000000000026201, 1.035533905932742194 ) ) ;
#2156 = DIRECTION ( 'NONE',  ( 0.000000000000000000, 0.000000000000000000, 1.000000000000000000 ) ) ;
#2157 = CARTESIAN_POINT ( 'NONE',  ( 9.150000000000005684, -1.980384757729360512, 0.8203022253684509879 ) ) ;
#2158 = ORIENTED_EDGE ( 'NONE', *, *, #7701, .T. ) ;
#2159 = ORIENTED_EDGE ( 'NONE', *, *, #4186, .F. ) ;
#2160 = CARTESIAN_POINT ( 'NONE',  ( 10.50000000000000000, 1.980384757729332312, 0.000000000000000000 ) ) ;
#2161 = DIRECTION ( 'NONE',  ( 0.000000000000000000, 0.000000000000000000, -1.000000000000000000 ) ) ;
#2162 = CARTESIAN_POINT ( 'NONE',  ( 16.94999999999999929, 1.980384757729331868, 0.8203022253684526532 ) ) ;
#2163 = CARTESIAN_POINT ( 'NONE',  ( 4.550000000000005151, -0.8203022253684651988, -1.980384757729346301 ) ) ;
#2164 = CARTESIAN_POINT ( 'NONE',  ( 17.50000000000000000, -1.375652421508278441E-14, -1.980384757729346301 ) ) ;
#2165 = ORIENTED_EDGE ( 'NONE', *, *, #7711, .F. ) ;
#2166 = CARTESIAN_POINT ( 'NONE',  ( 10.60000000000000320, -1.372470695792103782E-14, -2.500000000000011546 ) ) ;
#2167 = ORIENTED_EDGE ( 'NONE', *, *, #7469, .F. ) ;
#2168 = CARTESIAN_POINT ( 'NONE',  ( -7.443854296502132151, -2.695312500000009770, 0.000000000000000000 ) ) ;
#2169 = CARTESIAN_POINT ( 'NONE',  ( -12.50000000000000000, -2.874999999999995559, 0.000000000000000000 ) ) ;
#2170 = CARTESIAN_POINT ( 'NONE',  ( 14.85000000000000675, -1.980384757729360290, -0.8203022253684516540 ) ) ;
#2171 = DIRECTION ( 'NONE',  ( -0.000000000000000000, 1.000000000000000000, -0.000000000000000000 ) ) ;
#2172 = DIRECTION ( 'NONE',  ( 2.168404344971008868E-16, 1.000000000000000000, -0.000000000000000000 ) ) ;
#2173 = CARTESIAN_POINT ( 'NONE',  ( 1.450000000000000400, -0.8203022253684651988, -1.980384757729346301 ) ) ;
#2174 = ADVANCED_FACE ( 'NONE', ( #593 ), #7274, .T. ) ;
#2175 = AXIS2_PLACEMENT_3D ( 'NONE', #1063, #541, #3446 ) ;
#2176 = FACE_OUTER_BOUND ( 'NONE', #7064, .T. ) ;
#2177 = CARTESIAN_POINT ( 'NONE',  ( 8.575000000000004619, 1.053469879313087443, 2.543301270189234575 ) ) ;
#2178 = EDGE_LOOP ( 'NONE', ( #7546, #4275, #5512, #4362 ) ) ;
#2179 = CARTESIAN_POINT ( 'NONE',  ( 12.40000000000000213, -1.400343491548913022, 1.400343491548898589 ) ) ;
#2180 = CIRCLE ( 'NONE', #4933, 4.897581003224554586 ) ;
#2181 = CARTESIAN_POINT ( 'NONE',  ( 3.375000000000003109, -1.798385574751181437, -1.798385574751167892 ) ) ;
#2182 = DIRECTION ( 'NONE',  ( 1.000000000000000000, -0.000000000000000000, -0.000000000000000000 ) ) ;
#2183 = ADVANCED_FACE ( 'NONE', ( #5376 ), #2395, .T. ) ;
#2184 = CARTESIAN_POINT ( 'NONE',  ( 14.60000000000000497, -1.424157858600947694E-14, 1.980384757729346301 ) ) ;
#2185 = DIRECTION ( 'NONE',  ( 0.000000000000000000, 0.000000000000000000, -1.000000000000000000 ) ) ;
#2186 = AXIS2_PLACEMENT_3D ( 'NONE', #4400, #6800, #5128 ) ;
#2187 = CARTESIAN_POINT ( 'NONE',  ( 18.50000000000000355, 1.980384757729332312, 0.000000000000000000 ) ) ;
#2188 = CARTESIAN_POINT ( 'NONE',  ( 14.62500000000000355, -1.053469879313114532, -2.543301270189235019 ) ) ;
#2189 = CARTESIAN_POINT ( 'NONE',  ( 0.5500000000000020428, -1.980384757729360290, -0.8203022253684516540 ) ) ;
#2190 = CARTESIAN_POINT ( 'NONE',  ( -12.50000000000000000, 2.695312499999992006, 0.000000000000000000 ) ) ;
#2191 = AXIS2_PLACEMENT_3D ( 'NONE', #5464, #4172, #1315 ) ;
#2192 = CARTESIAN_POINT ( 'NONE',  ( 5.050000000000006040, -0.8203022253684664200, 1.980384757729345857 ) ) ;
#2193 = DIRECTION ( 'NONE',  ( -1.000000000000000000, 0.000000000000000000, 0.000000000000000000 ) ) ;
#2194 = EDGE_CURVE ( 'NONE', #5343, #4363, #3584, .T. ) ;
#2195 = CARTESIAN_POINT ( 'NONE',  ( 10.15000000000000036, -1.980384757729360290, -0.8203022253684516540 ) ) ;
#2196 = CARTESIAN_POINT ( 'NONE',  ( 16.45000000000000284, 2.499999999999997780, 1.035533905932744414 ) ) ;
#2197 = CARTESIAN_POINT ( 'NONE',  ( 8.250000000000005329, -0.8203022253684664200, 1.980384757729345857 ) ) ;
#2198 = ORIENTED_EDGE ( 'NONE', *, *, #6226, .F. ) ;
#2199 = VERTEX_POINT ( 'NONE', #1263 ) ;
#2200 = CARTESIAN_POINT ( 'NONE',  ( 12.15000000000000036, 1.980384757729331868, 0.8203022253684526532 ) ) ;
#2201 = FACE_OUTER_BOUND ( 'NONE', #2243, .T. ) ;
#2202 = CARTESIAN_POINT ( 'NONE',  ( 19.65000000000000213, -1.980384757729360512, 0.8203022253684510989 ) ) ;
#2203 = CARTESIAN_POINT ( 'NONE',  ( 2.650000000000006573, -0.8203022253684665310, 1.980384757729345857 ) ) ;
#2204 = CARTESIAN_POINT ( 'NONE',  ( -12.50000000000000000, -4.102566777143634563E-15, 0.000000000000000000 ) ) ;
#2205 = CARTESIAN_POINT ( 'NONE',  ( 15.35000000000000497, 1.980384757729331868, 0.8203022253684526532 ) ) ;
#2206 = ORIENTED_EDGE ( 'NONE', *, *, #3995, .F. ) ;
#2207 = CARTESIAN_POINT ( 'NONE',  ( 20.12500000000000355, -2.543301270189249674, -1.053469879313101210 ) ) ;
#2208 = ORIENTED_EDGE ( 'NONE', *, *, #1468, .F. ) ;
#2209 = CYLINDRICAL_SURFACE ( 'NONE', #1619, 2.500000000000010658 ) ;
#2210 = CARTESIAN_POINT ( 'NONE',  ( 18.60000000000000142, -1.372470695792103782E-14, -2.500000000000011546 ) ) ;
#2211 = CARTESIAN_POINT ( 'NONE',  ( 17.70000000000000639, 1.400343491548884600, 1.400343491548899033 ) ) ;
#2212 = CARTESIAN_POINT ( 'NONE',  ( 20.50000000000000000, -1.267509437117510519E-14, 0.000000000000000000 ) ) ;
#2213 = CARTESIAN_POINT ( 'NONE',  ( 4.600000000000003197, -1.433703035749471672E-14, 2.500000000000011546 ) ) ;
#2214 = CARTESIAN_POINT ( 'NONE',  ( 1.150000000000001910, -0.8203022253684664200, 1.980384757729345857 ) ) ;
#2215 = CARTESIAN_POINT ( 'NONE',  ( 20.50000000000000000, -1.267509437117510519E-14, -2.500000000000010658 ) ) ;
#2216 = CARTESIAN_POINT ( 'NONE',  ( 7.425000000000002487, -1.372205551982422560E-14, -2.543301270189235019 ) ) ;
#2217 = ORIENTED_EDGE ( 'NONE', *, *, #2503, .F. ) ;
#2218 = CARTESIAN_POINT ( 'NONE',  ( 7.900000000000000355, -1.375652421508278441E-14, -1.980384757729346301 ) ) ;
#2219 = CARTESIAN_POINT ( 'NONE',  ( 5.975000000000003197, 1.798385574751153904, -1.798385574751167892 ) ) ;
#2220 = CARTESIAN_POINT ( 'NONE',  ( -12.50000000000000000, -2.042052523544255482, 7.842684634639458530 ) ) ;
#2221 = CARTESIAN_POINT ( 'NONE',  ( 14.15000000000000568, -0.8203022253684651988, -1.980384757729346301 ) ) ;
#2222 = CARTESIAN_POINT ( 'NONE',  ( 5.100000000000004086, -1.372470695792103624E-14, -2.500000000000011546 ) ) ;
#2223 = CARTESIAN_POINT ( 'NONE',  ( 15.30000000000000426, -1.767766952966390637, -1.767766952966377092 ) ) ;
#2224 = CARTESIAN_POINT ( 'NONE',  ( -0.1999999999999953204, -1.375652421508278441E-14, -1.980384757729346301 ) ) ;
#2225 =( BOUNDED_CURVE ( )  B_SPLINE_CURVE ( 2, ( #5373, #2356, #4785, #2953, #2470, #6005, #4752, #4095, #1853 ),
 .UNSPECIFIED., .F., .T. ) 
 B_SPLINE_CURVE_WITH_KNOTS ( ( 3, 2, 2, 2, 3 ),
 ( 0.4907407407407407551, 0.4953703703703703498, 0.5000000000000000000, 0.5046296296296296502, 0.5092592592592593004 ),
 .UNSPECIFIED. ) 
 CURVE ( )  GEOMETRIC_REPRESENTATION_ITEM ( )  RATIONAL_B_SPLINE_CURVE ( ( 1.000000000000000000, 0.9238795325112867385, 1.000000000000000000, 0.9238795325112867385, 1.000000000000000000, 0.9238795325112867385, 1.000000000000000000, 0.9238795325112867385, 1.000000000000000000 ) ) 
 REPRESENTATION_ITEM ( '' )  );
#2226 = ADVANCED_FACE ( 'NONE', ( #3649 ), #5683, .T. ) ;
#2227 = CARTESIAN_POINT ( 'NONE',  ( 15.72500000000000320, 2.543301270189220809, 1.053469879313102542 ) ) ;
#2228 = CARTESIAN_POINT ( 'NONE',  ( 2.100000000000000977, -1.980384757729360068, -2.425271854633450283E-16 ) ) ;
#2229 = LINE ( 'NONE', #5803, #6957 ) ;
#2230 = CARTESIAN_POINT ( 'NONE',  ( 6.000000000000005329, -1.980384757729360068, -2.425271854633450283E-16 ) ) ;
#2231 = CARTESIAN_POINT ( 'NONE',  ( 7.550000000000002487, -0.8203022253684664200, 1.980384757729345857 ) ) ;
#2232 = CARTESIAN_POINT ( 'NONE',  ( 9.500000000000003553, -1.433703035749471672E-14, 2.500000000000011546 ) ) ;
#2233 = CARTESIAN_POINT ( 'NONE',  ( -17.55614570349786874, -2.875000000000007105, 6.191992651811304687E-16 ) ) ;
#2234 = CARTESIAN_POINT ( 'NONE',  ( 6.950000000000005507, -0.8203022253684651988, -1.980384757729346301 ) ) ;
#2235 = ORIENTED_EDGE ( 'NONE', *, *, #4975, .T. ) ;
#2236 = CARTESIAN_POINT ( 'NONE',  ( 11.40000000000000213, 1.400343491548884600, 1.400343491548899033 ) ) ;
#2237 = CYLINDRICAL_SURFACE ( 'NONE', #5994, 2.500000000000010658 ) ;
#2238 = CARTESIAN_POINT ( 'NONE',  ( 17.69999999999999929, 1.980384757729332312, 0.000000000000000000 ) ) ;
#2239 = CARTESIAN_POINT ( 'NONE',  ( 2.250000000000005773, 0.8203022253684377763, -1.980384757729346301 ) ) ;
#2240 = AXIS2_PLACEMENT_3D ( 'NONE', #5818, #30, #2457 ) ;
#2241 = CARTESIAN_POINT ( 'NONE',  ( -12.50000000000000178, -3.640625000000006661, 0.000000000000000000 ) ) ;
#2242 = CARTESIAN_POINT ( 'NONE',  ( 15.00000000000000355, -1.400343491548912578, -1.400343491548898811 ) ) ;
#2243 = EDGE_LOOP ( 'NONE', ( #7127, #6092, #3292, #3929 ) ) ;
#2244 = CARTESIAN_POINT ( 'NONE',  ( 19.32500000000000284, -2.543301270189249674, -1.053469879313101210 ) ) ;
#2245 = VERTEX_POINT ( 'NONE', #6679 ) ;
#2246 = CARTESIAN_POINT ( 'NONE',  ( 19.40000000000000213, 1.400343491548884600, 1.400343491548899033 ) ) ;
#2247 = DIRECTION ( 'NONE',  ( -1.000000000000000000, 2.168404344971008868E-16, 0.000000000000000000 ) ) ;
#2248 = CARTESIAN_POINT ( 'NONE',  ( 13.80000000000000604, -1.424157858600947694E-14, 1.980384757729346301 ) ) ;
#2249 = CARTESIAN_POINT ( 'NONE',  ( 2.800000000000003819, 2.499999999999997780, 0.000000000000000000 ) ) ;
#2250 = CARTESIAN_POINT ( 'NONE',  ( 4.350000000000003197, 2.499999999999997780, -1.035533905932742638 ) ) ;
#2251 = CARTESIAN_POINT ( 'NONE',  ( 1.750000000000001332, 1.980384757729331868, 0.8203022253684526532 ) ) ;
#2252 = DIRECTION ( 'NONE',  ( 1.000000000000000000, -0.000000000000000000, -0.000000000000000000 ) ) ;
#2253 = CARTESIAN_POINT ( 'NONE',  ( 4.325000000000002842, 1.798385574751153904, -1.798385574751167892 ) ) ;
#2254 = ORIENTED_EDGE ( 'NONE', *, *, #6446, .T. ) ;
#2255 = CARTESIAN_POINT ( 'NONE',  ( 8.100000000000001421, 1.980384757729332312, 0.000000000000000000 ) ) ;
#2256 = CARTESIAN_POINT ( 'NONE',  ( 1.325000000000003064, 2.543301270189220809, 1.053469879313102542 ) ) ;
#2257 = DIRECTION ( 'NONE',  ( 1.000000000000000000, -0.000000000000000000, 0.000000000000000000 ) ) ;
#2258 = CARTESIAN_POINT ( 'NONE',  ( 12.95000000000000462, 0.8203022253684378873, 1.980384757729345857 ) ) ;
#2259 = CARTESIAN_POINT ( 'NONE',  ( -12.50000000000000000, -3.954236467996654181, 0.000000000000000000 ) ) ;
#2260 = CARTESIAN_POINT ( 'NONE',  ( 0.2000000000000057288, -1.424157858600947694E-14, 1.980384757729346301 ) ) ;
#2261 = CARTESIAN_POINT ( 'NONE',  ( 15.47500000000000320, -1.372205551982422560E-14, -2.543301270189235019 ) ) ;
#2262 = CARTESIAN_POINT ( 'NONE',  ( 2.299999999999999822, -1.375652421508278441E-14, -1.980384757729346301 ) ) ;
#2263 = DIRECTION ( 'NONE',  ( 0.000000000000000000, 0.000000000000000000, 1.000000000000000000 ) ) ;
#2264 = CARTESIAN_POINT ( 'NONE',  ( 6.700000000000004619, -1.400343491548913022, 1.400343491548898589 ) ) ;
#2265 = CARTESIAN_POINT ( 'NONE',  ( 4.600000000000003197, 1.767766952966362659, 1.767766952966377536 ) ) ;
#2266 = CARTESIAN_POINT ( 'NONE',  ( 5.350000000000000533, -1.980384757729360290, -0.8203022253684516540 ) ) ;
#2267 = CARTESIAN_POINT ( 'NONE',  ( -8.589467622627234178, 2.190461453405093462, -6.626433063622181763 ) ) ;
#2268 = CARTESIAN_POINT ( 'NONE',  ( 18.75000000000000355, 2.499999999999997780, -1.035533905932742638 ) ) ;
#2269 = ADVANCED_FACE ( 'NONE', ( #3888 ), #2679, .T. ) ;
#2270 =( BOUNDED_CURVE ( )  B_SPLINE_CURVE ( 2, ( #2757, #4600, #446, #7483, #4484, #2098, #7596, #1664, #7555 ),
 .UNSPECIFIED., .F., .F. ) 
 B_SPLINE_CURVE_WITH_KNOTS ( ( 3, 2, 2, 2, 3 ),
 ( 0.7870370370370370905, 0.7916666666666666297, 0.7962962962962962798, 0.8009259259259259300, 0.8055555555555555802 ),
 .UNSPECIFIED. ) 
 CURVE ( )  GEOMETRIC_REPRESENTATION_ITEM ( )  RATIONAL_B_SPLINE_CURVE ( ( 1.000000000000000000, 0.9238795325112867385, 1.000000000000000000, 0.9238795325112867385, 1.000000000000000000, 0.9238795325112867385, 1.000000000000000000, 0.9238795325112867385, 1.000000000000000000 ) ) 
 REPRESENTATION_ITEM ( '' )  );
#2271 = CARTESIAN_POINT ( 'NONE',  ( 7.650000000000005684, -1.980384757729360290, -0.8203022253684516540 ) ) ;
#2272 = VERTEX_POINT ( 'NONE', #3261 ) ;
#2273 = CARTESIAN_POINT ( 'NONE',  ( 11.55000000000000071, -0.8203022253684664200, 1.980384757729345857 ) ) ;
#2274 = CARTESIAN_POINT ( 'NONE',  ( 16.30000000000000071, -1.424157858600947694E-14, 1.980384757729346301 ) ) ;
#2275 = CARTESIAN_POINT ( 'NONE',  ( 3.900000000000004352, 1.400343491548885044, -1.400343491548898811 ) ) ;
#2276 = EDGE_CURVE ( 'NONE', #2452, #4974, #6976, .T. ) ;
#2277 = EDGE_CURVE ( 'NONE', #3223, #4589, #1464, .T. ) ;
#2278 = DIRECTION ( 'NONE',  ( -1.000000000000000000, 2.168404344971008621E-16, 0.000000000000000000 ) ) ;
#2279 = CARTESIAN_POINT ( 'NONE',  ( 18.00000000000000355, -1.400343491548913022, 1.400343491548898589 ) ) ;
#2280 = VERTEX_POINT ( 'NONE', #286 ) ;
#2281 = LINE ( 'NONE', #5440, #3116 ) ;
#2282 = ORIENTED_EDGE ( 'NONE', *, *, #3134, .F. ) ;
#2283 = CARTESIAN_POINT ( 'NONE',  ( 20.65000000000000213, -0.8203022253684651988, -1.980384757729346301 ) ) ;
#2284 = CARTESIAN_POINT ( 'NONE',  ( 19.59999999999999787, 1.767766952966363103, -1.767766952966377092 ) ) ;
#2285 = CARTESIAN_POINT ( 'NONE',  ( 12.40000000000000391, -1.980384757729360068, -2.425271854633450283E-16 ) ) ;
#2286 = DIRECTION ( 'NONE',  ( 1.000000000000000000, -0.000000000000000000, -0.000000000000000000 ) ) ;
#2287 = FACE_OUTER_BOUND ( 'NONE', #6240, .T. ) ;
#2288 = CARTESIAN_POINT ( 'NONE',  ( 4.900000000000003020, -2.500000000000025757, -3.061616997868397439E-16 ) ) ;
#2289 = CARTESIAN_POINT ( 'NONE',  ( 14.60000000000000320, -1.372470695792103782E-14, -2.500000000000011546 ) ) ;
#2290 = AXIS2_PLACEMENT_3D ( 'NONE', #44, #4096, #7195 ) ;
#2291 = CARTESIAN_POINT ( 'NONE',  ( 7.125000000000002665, -1.798385574751182103, 1.798385574751167670 ) ) ;
#2292 = VERTEX_POINT ( 'NONE', #2636 ) ;
#2293 = CARTESIAN_POINT ( 'NONE',  ( 9.200000000000001066, -1.400343491548913022, 1.400343491548898589 ) ) ;
#2294 = CARTESIAN_POINT ( 'NONE',  ( -0.1749999999999981293, 1.053469879313087443, 2.543301270189234575 ) ) ;
#2295 = DIRECTION ( 'NONE',  ( 0.000000000000000000, 0.7071067811865467956, 0.7071067811865483499 ) ) ;
#2296 = AXIS2_PLACEMENT_3D ( 'NONE', #5917, #3590, #4036 ) ;
#2297 = CARTESIAN_POINT ( 'NONE',  ( 11.50000000000000533, -1.400343491548913022, 1.400343491548898589 ) ) ;
#2298 = CARTESIAN_POINT ( 'NONE',  ( 15.95000000000000284, -1.035533905932757959, 2.500000000000011102 ) ) ;
#2299 = CARTESIAN_POINT ( 'NONE',  ( 18.30000000000000071, -1.375652421508278441E-14, -1.980384757729346301 ) ) ;
#2300 = CIRCLE ( 'NONE', #805, 5.056145703497867849 ) ;
#2301 = CARTESIAN_POINT ( 'NONE',  ( 12.37500000000000355, 1.798385574751153904, -1.798385574751167892 ) ) ;
#2302 = CARTESIAN_POINT ( 'NONE',  ( 19.57500000000000639, 2.543301270189220809, -1.053469879313100765 ) ) ;
#2303 = CARTESIAN_POINT ( 'NONE',  ( 20.50000000000000355, -1.928781646964585983, -0.5185402752754120215 ) ) ;
#2304 = CARTESIAN_POINT ( 'NONE',  ( 20.25000000000000355, -0.8203022253684665310, 1.980384757729345857 ) ) ;
#2305 = AXIS2_PLACEMENT_3D ( 'NONE', #3722, #3803, #5019 ) ;
#2306 = CARTESIAN_POINT ( 'NONE',  ( 8.450000000000001066, -1.980384757729360512, 0.8203022253684509879 ) ) ;
#2307 = CARTESIAN_POINT ( 'NONE',  ( 12.10000000000000320, -1.767766952966390637, -1.767766952966377092 ) ) ;
#2308 = DIRECTION ( 'NONE',  ( 1.000000000000000000, 0.000000000000000000, 0.000000000000000000 ) ) ;
#2309 = CARTESIAN_POINT ( 'NONE',  ( 9.500000000000005329, 1.400343491548885044, -1.400343491548898811 ) ) ;
#2310 = ORIENTED_EDGE ( 'NONE', *, *, #7133, .F. ) ;
#2311 = CARTESIAN_POINT ( 'NONE',  ( 12.72500000000000320, -1.798385574751182103, 1.798385574751167670 ) ) ;
#2312 = CARTESIAN_POINT ( 'NONE',  ( 9.950000000000001066, -0.8203022253684664200, 1.980384757729345857 ) ) ;
#2313 = EDGE_CURVE ( 'NONE', #2988, #4607, #45, .T. ) ;
#2314 = CARTESIAN_POINT ( 'NONE',  ( 2.100000000000000977, 1.767766952966362659, 1.767766952966377536 ) ) ;
#2315 =( BOUNDED_CURVE ( )  B_SPLINE_CURVE ( 2, ( #6961, #6250, #876, #1583, #6366, #288, #5071, #7480, #1878 ),
 .UNSPECIFIED., .F., .F. ) 
 B_SPLINE_CURVE_WITH_KNOTS ( ( 3, 2, 2, 2, 3 ),
 ( 0.6944444444444444198, 0.6990740740740740700, 0.7037037037037037202, 0.7083333333333333703, 0.7129629629629629095 ),
 .UNSPECIFIED. ) 
 CURVE ( )  GEOMETRIC_REPRESENTATION_ITEM ( )  RATIONAL_B_SPLINE_CURVE ( ( 1.000000000000000000, 0.9238795325112867385, 1.000000000000000000, 0.9238795325112867385, 1.000000000000000000, 0.9238795325112867385, 1.000000000000000000, 0.9238795325112867385, 1.000000000000000000 ) ) 
 REPRESENTATION_ITEM ( '' )  );
#2316 = CARTESIAN_POINT ( 'NONE',  ( 3.000000000000006217, -1.375652421508278441E-14, -1.980384757729346301 ) ) ;
#2317 = AXIS2_PLACEMENT_3D ( 'NONE', #679, #3031, #7204 ) ;
#2318 = CARTESIAN_POINT ( 'NONE',  ( 0.3417821225143639619, 2.499999999999995559, 0.5844688581182599929 ) ) ;
#2319 = CARTESIAN_POINT ( 'NONE',  ( 18.05000000000000426, -1.980384757729360512, 0.8203022253684509879 ) ) ;
#2320 = VERTEX_POINT ( 'NONE', #6286 ) ;
#2321 = EDGE_LOOP ( 'NONE', ( #4261, #2522, #3889, #6046 ) ) ;
#2322 = CARTESIAN_POINT ( 'NONE',  ( 18.80000000000000071, -1.400343491548913022, 1.400343491548898589 ) ) ;
#2323 = EDGE_CURVE ( 'NONE', #202, #3256, #7437, .T. ) ;
#2324 = CARTESIAN_POINT ( 'NONE',  ( 14.40000000000000568, 1.980384757729332312, 0.000000000000000000 ) ) ;
#2325 = DIRECTION ( 'NONE',  ( -2.168404344971008868E-16, -1.000000000000000000, 0.000000000000000000 ) ) ;
#2326 = CARTESIAN_POINT ( 'NONE',  ( 3.650000000000003908, 2.499999999999997780, 1.035533905932744414 ) ) ;
#2327 = CARTESIAN_POINT ( 'NONE',  ( 0.5000000000000009992, -1.584320469484819441E-12, -2.500000000000005773 ) ) ;
#2328 = PLANE ( 'NONE',  #3175 ) ;
#2329 = CARTESIAN_POINT ( 'NONE',  ( 6.075000000000005507, 2.543301270189220809, 1.053469879313102542 ) ) ;
#2330 = VERTEX_POINT ( 'NONE', #6246 ) ;
#2331 = CARTESIAN_POINT ( 'NONE',  ( 8.950000000000001066, 1.980384757729331868, 0.8203022253684526532 ) ) ;
#2332 = ADVANCED_FACE ( 'NONE', ( #1387 ), #912, .T. ) ;
#2333 = CARTESIAN_POINT ( 'NONE',  ( 2.225000000000001421, 1.053469879313087443, 2.543301270189234575 ) ) ;
#2334 = CARTESIAN_POINT ( 'NONE',  ( 0.5000000000000002220, 1.522939751566912303, 1.989436505712824710 ) ) ;
#2335 = CARTESIAN_POINT ( 'NONE',  ( 9.250000000000005329, -1.980384757729360068, -0.8203022253684516540 ) ) ;
#2336 = DIRECTION ( 'NONE',  ( 2.168404344971008868E-16, 1.000000000000000000, -0.000000000000000000 ) ) ;
#2337 = CARTESIAN_POINT ( 'NONE',  ( 10.32500000000000284, -1.053469879313116087, 2.543301270189234575 ) ) ;
#2338 = CARTESIAN_POINT ( 'NONE',  ( 18.12500000000000355, 1.798385574751153682, 1.798385574751168337 ) ) ;
#2339 = CARTESIAN_POINT ( 'NONE',  ( 1.850000000000004308, -1.035533905932756404, -2.500000000000011546 ) ) ;
#2340 = LINE ( 'NONE', #4733, #2747 ) ;
#2341 = PERSON_AND_ORGANIZATION ( #5706, #4250 ) ;
#2342 = CARTESIAN_POINT ( 'NONE',  ( 20.50000000000000000, -1.267509437117510519E-14, 0.000000000000000000 ) ) ;
#2343 = CARTESIAN_POINT ( 'NONE',  ( 5.550000000000004263, 1.980384757729332312, -0.8203022253684513210 ) ) ;
#2344 = CARTESIAN_POINT ( 'NONE',  ( 1.943375672974045232, -1.267509437117510361E-14, -1.208835420335691409E-14 ) ) ;
#2345 = CARTESIAN_POINT ( 'NONE',  ( 11.62500000000000355, 2.543301270189221253, 0.000000000000000000 ) ) ;
#2346 = CARTESIAN_POINT ( 'NONE',  ( 6.600000000000001421, 1.400343491548884600, 1.400343491548899033 ) ) ;
#2347 = CARTESIAN_POINT ( 'NONE',  ( -3.918252245605449602, -1.246404682397478370, -4.388304836408593701 ) ) ;
#2348 = CARTESIAN_POINT ( 'NONE',  ( 5.700000000000003730, -2.500000000000025757, -3.061616997868397439E-16 ) ) ;
#2349 = CARTESIAN_POINT ( 'NONE',  ( 16.20000000000000639, -1.424157858600947694E-14, 1.980384757729346301 ) ) ;
#2350 = ORIENTED_EDGE ( 'NONE', *, *, #7721, .F. ) ;
#2351 = VERTEX_POINT ( 'NONE', #5611 ) ;
#2352 = CARTESIAN_POINT ( 'NONE',  ( 16.60000000000000497, -1.400343491548912578, -1.400343491548898811 ) ) ;
#2353 = CARTESIAN_POINT ( 'NONE',  ( 11.80000000000000249, -1.433703035749471672E-14, 2.500000000000011546 ) ) ;
#2354 = CARTESIAN_POINT ( 'NONE',  ( 14.25000000000000888, 0.8203022253684377763, -1.980384757729346301 ) ) ;
#2355 = CARTESIAN_POINT ( 'NONE',  ( 20.36141102554776339, 1.418246014476912231, 1.738648948813348083 ) ) ;
#2356 = CARTESIAN_POINT ( 'NONE',  ( 9.850000000000003197, -1.035533905932756404, -2.500000000000011546 ) ) ;
#2357 = CARTESIAN_POINT ( 'NONE',  ( 0.5000000000000003331, 0.3272492347472227836, -2.500000000000216271 ) ) ;
#2358 = CARTESIAN_POINT ( 'NONE',  ( 1.950000000000003730, 1.035533905932728871, -2.500000000000011546 ) ) ;
#2359 = EDGE_CURVE ( 'NONE', #4047, #6875, #2612, .T. ) ;
#2360 = EDGE_CURVE ( 'NONE', #241, #1458, #3299, .T. ) ;
#2361 = VECTOR ( 'NONE', #3263, 1000.000000000000000 ) ;
#2362 = CARTESIAN_POINT ( 'NONE',  ( 5.875000000000003553, 1.053469879313086999, -2.543301270189235019 ) ) ;
#2363 = ORIENTED_EDGE ( 'NONE', *, *, #4638, .T. ) ;
#2364 = CARTESIAN_POINT ( 'NONE',  ( 9.650000000000000355, 1.980384757729332312, -0.8203022253684514320 ) ) ;
#2365 = CARTESIAN_POINT ( 'NONE',  ( 1.475000000000004086, -1.434498467178515336E-14, 2.543301270189235019 ) ) ;
#2366 = FACE_OUTER_BOUND ( 'NONE', #5136, .T. ) ;
#2367 = TOROIDAL_SURFACE ( 'NONE', #6766, 9.754868579091855452, 2.704236467996664395 ) ;
#2368 = CARTESIAN_POINT ( 'NONE',  ( 8.650000000000005684, 0.8203022253684377763, -1.980384757729346301 ) ) ;
#2369 = CARTESIAN_POINT ( 'NONE',  ( -12.50000000000000000, 3.640624999999995115, 0.000000000000000000 ) ) ;
#2370 = EDGE_CURVE ( 'NONE', #7001, #2272, #4211, .T. ) ;
#2371 = AXIS2_PLACEMENT_3D ( 'NONE', #5055, #5018, #903 ) ;
#2372 = CARTESIAN_POINT ( 'NONE',  ( 10.72500000000000320, 1.053469879313086999, -2.543301270189235019 ) ) ;
#2373 = CARTESIAN_POINT ( 'NONE',  ( 17.72500000000000497, -1.798385574751181437, -1.798385574751167892 ) ) ;
#2374 = CARTESIAN_POINT ( 'NONE',  ( 0.5000000000000002220, -1.259047450928175715, -2.184465970885110853 ) ) ;
#2375 = CARTESIAN_POINT ( 'NONE',  ( 19.80000000000000426, -1.375652421508278441E-14, -1.980384757729346301 ) ) ;
#2376 = COORDINATED_UNIVERSAL_TIME_OFFSET ( 6, 0, .BEHIND. ) ;
#2377 = CARTESIAN_POINT ( 'NONE',  ( 18.95000000000000284, 1.035533905932729315, 2.500000000000011102 ) ) ;
#2378 = CARTESIAN_POINT ( 'NONE',  ( 6.600000000000004974, -1.424157858600947694E-14, 1.980384757729346301 ) ) ;
#2379 = VERTEX_POINT ( 'NONE', #5853 ) ;
#2380 = CARTESIAN_POINT ( 'NONE',  ( 11.17500000000000604, -2.543301270189249674, 1.053469879313100099 ) ) ;
#2381 = CARTESIAN_POINT ( 'NONE',  ( 6.050000000000001599, -1.980384757729360512, 0.8203022253684509879 ) ) ;
#2382 = DIRECTION ( 'NONE',  ( 1.000000000000000000, -0.000000000000000000, -0.000000000000000000 ) ) ;
#2383 = CARTESIAN_POINT ( 'NONE',  ( 0.9000000000000050182, 1.400343491548884600, 1.400343491548899033 ) ) ;
#2384 = VECTOR ( 'NONE', #526, 1000.000000000000000 ) ;
#2385 = CARTESIAN_POINT ( 'NONE',  ( 0.5039143384758292266, 1.648324567422169817, 1.877621206564254130 ) ) ;
#2386 = CARTESIAN_POINT ( 'NONE',  ( 13.30000000000000604, -1.400343491548912578, -1.400343491548898811 ) ) ;
#2387 = VERTEX_POINT ( 'NONE', #4085 ) ;
#2388 = ORIENTED_EDGE ( 'NONE', *, *, #6927, .T. ) ;
#2389 = CARTESIAN_POINT ( 'NONE',  ( 18.05000000000000426, -1.980384757729360512, 0.8203022253684509879 ) ) ;
#2390 = CARTESIAN_POINT ( 'NONE',  ( -12.50000000000000000, -2.610785383146994931, 0.000000000000000000 ) ) ;
#2391 = CARTESIAN_POINT ( 'NONE',  ( 12.80000000000000604, 1.980384757729332312, 0.000000000000000000 ) ) ;
#2392 = DIRECTION ( 'NONE',  ( 1.000000000000000000, -0.000000000000000000, -0.000000000000000000 ) ) ;
#2393 = CARTESIAN_POINT ( 'NONE',  ( 3.750000000000003553, 1.035533905932729315, 2.500000000000011102 ) ) ;
#2394 = DIRECTION ( 'NONE',  ( -1.000000000000000000, 1.771000290586996903E-16, 0.000000000000000000 ) ) ;
#2395 = CYLINDRICAL_SURFACE ( 'NONE', #1435, 2.500000000000010658 ) ;
#2396 = CARTESIAN_POINT ( 'NONE',  ( 19.40000000000000924, -1.424157858600947694E-14, 1.980384757729346301 ) ) ;
#2397 =( BOUNDED_CURVE ( )  B_SPLINE_CURVE ( 2, ( #3598, #5402, #4154, #1178, #3563 ),
 .UNSPECIFIED., .F., .F. ) 
 B_SPLINE_CURVE_WITH_KNOTS ( ( 3, 2, 3 ),
 ( 0.01851851851850789404, 0.02314814814813490745, 0.02777777777776192086 ),
 .UNSPECIFIED. ) 
 CURVE ( )  GEOMETRIC_REPRESENTATION_ITEM ( )  RATIONAL_B_SPLINE_CURVE ( ( 1.000000000000174527, 0.9238795325111119894, 1.000000000000000000, 0.9238795325115474188, 0.9999999999997393196 ) ) 
 REPRESENTATION_ITEM ( '' )  );
#2398 = CARTESIAN_POINT ( 'NONE',  ( 6.675000000000003375, 1.053469879313086999, -2.543301270189235019 ) ) ;
#2399 = ORIENTED_EDGE ( 'NONE', *, *, #7328, .F. ) ;
#2400 = CARTESIAN_POINT ( 'NONE',  ( 5.200000000000000178, -1.400343491548913022, 1.400343491548898589 ) ) ;
#2401 = CARTESIAN_POINT ( 'NONE',  ( 0.6750000000000020428, -1.434498467178515336E-14, 2.543301270189235019 ) ) ;
#2402 = CARTESIAN_POINT ( 'NONE',  ( 3.550000000000005151, -1.980384757729360512, 0.8203022253684509879 ) ) ;
#2403 = ADVANCED_FACE ( 'NONE', ( #7628 ), #3965, .T. ) ;
#2404 = CARTESIAN_POINT ( 'NONE',  ( 9.450000000000004619, 0.8203022253684377763, -1.980384757729346301 ) ) ;
#2405 = CARTESIAN_POINT ( 'NONE',  ( 20.50000000000000000, -1.283210069615358107, -1.545128695567664412 ) ) ;
#2406 = CIRCLE ( 'NONE', #1791, 6.245515272181226152 ) ;
#2407 = CARTESIAN_POINT ( 'NONE',  ( 11.37500000000000355, -1.798385574751181437, -1.798385574751167892 ) ) ;
#2408 = EDGE_CURVE ( 'NONE', #7226, #2977, #2928, .T. ) ;
#2409 = CARTESIAN_POINT ( 'NONE',  ( 20.62500000000000355, -1.434498467178515336E-14, 2.543301270189235019 ) ) ;
#2410 = CARTESIAN_POINT ( 'NONE',  ( 5.550000000000002487, -2.500000000000026201, 1.035533905932742194 ) ) ;
#2411 = EDGE_CURVE ( 'NONE', #3427, #4665, #1445, .T. ) ;
#2412 = CARTESIAN_POINT ( 'NONE',  ( 19.45000000000000639, -0.8203022253684665310, 1.980384757729345857 ) ) ;
#2413 = APPROVAL_ROLE ( '' ) ;
#2414 = DIRECTION ( 'NONE',  ( -2.168404344971008868E-16, -1.000000000000000000, 0.000000000000000000 ) ) ;
#2415 = VECTOR ( 'NONE', #7506, 1000.000000000000000 ) ;
#2416 = CARTESIAN_POINT ( 'NONE',  ( 6.100000000000004974, -1.400343491548912578, -1.400343491548898811 ) ) ;
#2417 = EDGE_LOOP ( 'NONE', ( #662, #5928, #7037, #6962, #4772, #3653 ) ) ;
#2418 = CARTESIAN_POINT ( 'NONE',  ( 11.72500000000000497, 1.798385574751153682, 1.798385574751168337 ) ) ;
#2419 = CARTESIAN_POINT ( 'NONE',  ( 8.700000000000001066, -1.375652421508278441E-14, -1.980384757729346301 ) ) ;
#2420 = ADVANCED_FACE ( 'NONE', ( #517 ), #1933, .T. ) ;
#2421 = CARTESIAN_POINT ( 'NONE',  ( 18.30000000000000426, -1.433703035749471672E-14, 2.500000000000011546 ) ) ;
#2422 = CARTESIAN_POINT ( 'NONE',  ( 13.25000000000000178, -1.980384757729360512, 0.8203022253684509879 ) ) ;
#2423 = CARTESIAN_POINT ( 'NONE',  ( 1.300000000000006040, -1.400343491548912578, -1.400343491548898811 ) ) ;
#2424 = CARTESIAN_POINT ( 'NONE',  ( 8.300000000000004263, -1.372470695792103624E-14, -2.500000000000011546 ) ) ;
#2425 = CARTESIAN_POINT ( 'NONE',  ( 14.05000000000000604, -1.980384757729360290, -0.8203022253684516540 ) ) ;
#2426 = ORIENTED_EDGE ( 'NONE', *, *, #5442, .T. ) ;
#2427 = CIRCLE ( 'NONE', #2933, 0.3593749999999985567 ) ;
#2428 = ORIENTED_EDGE ( 'NONE', *, *, #459, .F. ) ;
#2429 = CARTESIAN_POINT ( 'NONE',  ( 17.60000000000000142, 1.400343491548885044, -1.400343491548898811 ) ) ;
#2430 = CARTESIAN_POINT ( 'NONE',  ( 11.35000000000000497, 0.8203022253684378873, 1.980384757729345857 ) ) ;
#2431 = CARTESIAN_POINT ( 'NONE',  ( 20.31299981094080920, 2.199219068423764689, 0.6456287882602035344 ) ) ;
#2432 = CARTESIAN_POINT ( 'NONE',  ( 20.50000000000000000, -1.236893267138826574E-14, 2.500000000000010658 ) ) ;
#2433 = AXIS2_PLACEMENT_3D ( 'NONE', #1760, #3626, #6542 ) ;
#2434 = CARTESIAN_POINT ( 'NONE',  ( -12.50000000000000000, -2.625674005841378555, 0.000000000000000000 ) ) ;
#2435 = CARTESIAN_POINT ( 'NONE',  ( 2.000000000000001776, 1.767766952966363103, -1.767766952966377092 ) ) ;
#2436 = CARTESIAN_POINT ( 'NONE',  ( 17.65000000000000568, 1.980384757729331868, 0.8203022253684526532 ) ) ;
#2437 = CARTESIAN_POINT ( 'NONE',  ( 1.375000000000004885, 1.053469879313087443, 2.543301270189234575 ) ) ;
#2438 = ORIENTED_EDGE ( 'NONE', *, *, #3471, .F. ) ;
#2439 = CARTESIAN_POINT ( 'NONE',  ( 5.950000000000000178, -0.8203022253684665310, 1.980384757729345857 ) ) ;
#2440 = CARTESIAN_POINT ( 'NONE',  ( 18.40000000000000568, 1.980384757729332312, 0.000000000000000000 ) ) ;
#2441 = CARTESIAN_POINT ( 'NONE',  ( 1.600000000000004086, 1.980384757729332312, 0.000000000000000000 ) ) ;
#2442 = CARTESIAN_POINT ( 'NONE',  ( 15.65000000000000391, 2.499999999999997780, -1.035533905932742638 ) ) ;
#2443 = CARTESIAN_POINT ( 'NONE',  ( 11.75000000000000711, -0.8203022253684651988, -1.980384757729346301 ) ) ;
#2444 = CARTESIAN_POINT ( 'NONE',  ( 7.500000000000001776, -1.424157858600947694E-14, 1.980384757729346301 ) ) ;
#2445 = CARTESIAN_POINT ( 'NONE',  ( -12.50000000000000000, 2.625674005841375447, 6.245515272181225264 ) ) ;
#2446 = CARTESIAN_POINT ( 'NONE',  ( 12.12500000000000533, -2.543301270189249674, -1.053469879313101210 ) ) ;
#2447 = CARTESIAN_POINT ( 'NONE',  ( 18.72500000000000497, 1.798385574751153904, -1.798385574751167892 ) ) ;
#2448 = CARTESIAN_POINT ( 'NONE',  ( -12.50000000000000000, -4.102566777143634563E-15, 0.000000000000000000 ) ) ;
#2449 = CARTESIAN_POINT ( 'NONE',  ( -1.093290131144177391, -2.042052523544255482, 2.450935444863366897 ) ) ;
#2450 = PERSON_AND_ORGANIZATION_ROLE ( 'design_owner' ) ;
#2451 = CARTESIAN_POINT ( 'NONE',  ( 0.7999999999999978240, 1.967286723531489034, -0.2615471183314758696 ) ) ;
#2452 = VERTEX_POINT ( 'NONE', #3453 ) ;
#2453 = CARTESIAN_POINT ( 'NONE',  ( 5.700000000000005507, 1.400343491548884600, 1.400343491548899033 ) ) ;
#2454 = ORIENTED_EDGE ( 'NONE', *, *, #1762, .F. ) ;
#2455 = EDGE_CURVE ( 'NONE', #2019, #6367, #2905, .T. ) ;
#2456 = CARTESIAN_POINT ( 'NONE',  ( 11.97500000000000142, -2.543301270189249674, 1.053469879313100099 ) ) ;
#2457 = DIRECTION ( 'NONE',  ( 0.000000000000000000, 0.000000000000000000, -1.000000000000000000 ) ) ;
#2458 = CARTESIAN_POINT ( 'NONE',  ( 8.100000000000001421, 1.980384757729332312, 0.000000000000000000 ) ) ;
#2459 = CARTESIAN_POINT ( 'NONE',  ( -3.058742298471682997, -1.283459631551324032, -3.928520927121679218 ) ) ;
#2460 = CARTESIAN_POINT ( 'NONE',  ( 13.50000000000000178, -1.375652421508278441E-14, -1.980384757729346301 ) ) ;
#2461 = CARTESIAN_POINT ( 'NONE',  ( 2.000000000000005329, -1.980384757729360068, -2.425271854633450283E-16 ) ) ;
#2462 = CARTESIAN_POINT ( 'NONE',  ( 8.400000000000002132, 2.499999999999997780, 0.000000000000000000 ) ) ;
#2463 = CARTESIAN_POINT ( 'NONE',  ( 20.50000000000000000, -1.236893267138826574E-14, 2.500000000000010658 ) ) ;
#2464 = CARTESIAN_POINT ( 'NONE',  ( 16.10000000000000497, 1.400343491548884600, 1.400343491548899033 ) ) ;
#2465 = VERTEX_POINT ( 'NONE', #5258 ) ;
#2466 = VERTEX_POINT ( 'NONE', #990 ) ;
#2467 = CARTESIAN_POINT ( 'NONE',  ( 18.10000000000000142, -1.980384757729360068, -2.425271854633450283E-16 ) ) ;
#2468 = CARTESIAN_POINT ( 'NONE',  ( 20.47240585508077260, -1.346627769434010302, 1.657564331064217189 ) ) ;
#2469 = CARTESIAN_POINT ( 'NONE',  ( 15.00000000000000355, -1.433703035749471672E-14, 2.500000000000011546 ) ) ;
#2470 = CARTESIAN_POINT ( 'NONE',  ( 9.700000000000004619, -2.500000000000025757, -3.061616997868397439E-16 ) ) ;
#2471 = DIRECTION ( 'NONE',  ( 1.000000000000000000, -0.000000000000000000, -0.000000000000000000 ) ) ;
#2472 = CARTESIAN_POINT ( 'NONE',  ( 20.50000000000000000, -1.267509437117510519E-14, 0.000000000000000000 ) ) ;
#2473 = ORIENTED_EDGE ( 'NONE', *, *, #5678, .F. ) ;
#2474 = CARTESIAN_POINT ( 'NONE',  ( 19.30000000000000426, 1.400343491548884600, 1.400343491548899033 ) ) ;
#2475 = CARTESIAN_POINT ( 'NONE',  ( 3.925000000000004707, -1.798385574751182103, 1.798385574751167670 ) ) ;
#2476 = ORIENTED_EDGE ( 'NONE', *, *, #1085, .T. ) ;
#2477 = CARTESIAN_POINT ( 'NONE',  ( 3.750000000000000000, -1.980384757729360068, -0.8203022253684516540 ) ) ;
#2478 = CARTESIAN_POINT ( 'NONE',  ( 15.05000000000000071, -0.8203022253684651988, -1.980384757729346301 ) ) ;
#2479 = CARTESIAN_POINT ( 'NONE',  ( 20.40000000000000568, -1.980384757729360068, -2.425271854633450283E-16 ) ) ;
#2480 = CARTESIAN_POINT ( 'NONE',  ( 3.300000000000004263, 1.400343491548884600, 1.400343491548899033 ) ) ;
#2481 = CARTESIAN_POINT ( 'NONE',  ( 0.5000000000000009992, 1.385658696841724158, 2.080853184601664019 ) ) ;
#2482 = DESIGN_CONTEXT ( 'detailed design', #4770, 'design' ) ;
#2483 = CARTESIAN_POINT ( 'NONE',  ( 6.100000000000004974, -1.400343491548912578, -1.400343491548898811 ) ) ;
#2484 = CARTESIAN_POINT ( 'NONE',  ( 3.150000000000000355, 0.8203022253684377763, -1.980384757729346301 ) ) ;
#2485 = AXIS2_PLACEMENT_3D ( 'NONE', #481, #3496, #4010 ) ;
#2486 = CARTESIAN_POINT ( 'NONE',  ( 15.80000000000000426, -1.433703035749471672E-14, 2.500000000000011546 ) ) ;
#2487 = CARTESIAN_POINT ( 'NONE',  ( 8.275000000000002132, -1.372205551982422560E-14, -2.543301270189235019 ) ) ;
#2488 = CIRCLE ( 'NONE', #2990, 7.694275704778610780 ) ;
#2489 = CARTESIAN_POINT ( 'NONE',  ( 15.87500000000000533, -1.053469879313116087, 2.543301270189234575 ) ) ;
#2490 = CARTESIAN_POINT ( 'NONE',  ( -12.50000000000000000, 2.695312499999992006, 0.000000000000000000 ) ) ;
#2491 = CARTESIAN_POINT ( 'NONE',  ( 16.55000000000000426, -0.8203022253684651988, -1.980384757729346301 ) ) ;
#2492 = DATE_AND_TIME ( #4734, #875 ) ;
#2493 = CARTESIAN_POINT ( 'NONE',  ( -8.956206739499513958, 14.88245173530464882, 5.976644290944900462 ) ) ;
#2494 = VERTEX_POINT ( 'NONE', #7550 ) ;
#2495 = CARTESIAN_POINT ( 'NONE',  ( 4.500000000000003553, -1.400343491548912578, -1.400343491548898811 ) ) ;
#2496 = ORIENTED_EDGE ( 'NONE', *, *, #981, .F. ) ;
#2497 = CARTESIAN_POINT ( 'NONE',  ( 12.00000000000000178, 1.400343491548885044, -1.400343491548898811 ) ) ;
#2498 = CARTESIAN_POINT ( 'NONE',  ( 18.07500000000000284, 2.543301270189221253, 0.000000000000000000 ) ) ;
#2499 = AXIS2_PLACEMENT_3D ( 'NONE', #3462, #7083, #2835 ) ;
#2500 = CARTESIAN_POINT ( 'NONE',  ( 7.150000000000002132, 0.8203022253684377763, -1.980384757729346301 ) ) ;
#2501 = CARTESIAN_POINT ( 'NONE',  ( 9.700000000000004619, 1.400343491548884600, 1.400343491548899033 ) ) ;
#2502 = DIRECTION ( 'NONE',  ( 0.000000000000000000, -1.000000000000000000, 0.000000000000000000 ) ) ;
#2503 = EDGE_CURVE ( 'NONE', #6684, #2245, #5827, .T. ) ;
#2504 = CARTESIAN_POINT ( 'NONE',  ( 11.95000000000000284, 0.8203022253684377763, -1.980384757729346301 ) ) ;
#2505 = CARTESIAN_POINT ( 'NONE',  ( 0.8000000000000027089, 1.980384757729330536, 0.000000000000000000 ) ) ;
#2506 = CARTESIAN_POINT ( 'NONE',  ( 9.000000000000003553, -1.372470695792103782E-14, -2.500000000000011546 ) ) ;
#2507 = DIRECTION ( 'NONE',  ( 1.000000000000000000, -2.168404344971009115E-16, 0.000000000000000000 ) ) ;
#2508 = CARTESIAN_POINT ( 'NONE',  ( 15.05000000000000604, 0.8203022253684377763, -1.980384757729346301 ) ) ;
#2509 = VERTEX_POINT ( 'NONE', #952 ) ;
#2510 = ORIENTED_EDGE ( 'NONE', *, *, #5104, .T. ) ;
#2511 = CARTESIAN_POINT ( 'NONE',  ( 17.10000000000000142, -1.424157858600947694E-14, 1.980384757729346301 ) ) ;
#2512 = LINE ( 'NONE', #7308, #1561 ) ;
#2513 = CARTESIAN_POINT ( 'NONE',  ( 20.24456437738248837, 1.998271055712740552, -1.256092187402356730 ) ) ;
#2514 = CARTESIAN_POINT ( 'NONE',  ( 17.90000000000000213, -1.372470695792103624E-14, -2.500000000000011546 ) ) ;
#2515 = ADVANCED_FACE ( 'NONE', ( #358 ), #4006, .T. ) ;
#2516 = CARTESIAN_POINT ( 'NONE',  ( 0.5000000000000004441, -2.500000000000023537, 0.000000000000000000 ) ) ;
#2517 = CARTESIAN_POINT ( 'NONE',  ( 6.700000000000002842, -1.372470695792103624E-14, -2.500000000000011546 ) ) ;
#2518 = ORIENTED_EDGE ( 'NONE', *, *, #184, .F. ) ;
#2519 = CARTESIAN_POINT ( 'NONE',  ( 19.10000000000000497, 1.400343491548885044, -1.400343491548898811 ) ) ;
#2520 =( BOUNDED_CURVE ( )  B_SPLINE_CURVE ( 2, ( #3158, #4971, #853, #5714, #1988, #2071, #891, #3238, #5632 ),
 .UNSPECIFIED., .F., .F. ) 
 B_SPLINE_CURVE_WITH_KNOTS ( ( 3, 2, 2, 2, 3 ),
 ( 0.7500000000000000000, 0.7546296296296296502, 0.7592592592592593004, 0.7638888888888888395, 0.7685185185185184897 ),
 .UNSPECIFIED. ) 
 CURVE ( )  GEOMETRIC_REPRESENTATION_ITEM ( )  RATIONAL_B_SPLINE_CURVE ( ( 1.000000000000000000, 0.9238795325112867385, 1.000000000000000000, 0.9238795325112867385, 1.000000000000000000, 0.9238795325112867385, 1.000000000000000000, 0.9238795325112867385, 1.000000000000000000 ) ) 
 REPRESENTATION_ITEM ( '' )  );
#2521 = CARTESIAN_POINT ( 'NONE',  ( 2.125000000000001776, 1.798385574751153682, 1.798385574751168337 ) ) ;
#2522 = ORIENTED_EDGE ( 'NONE', *, *, #5519, .T. ) ;
#2523 = CARTESIAN_POINT ( 'NONE',  ( 6.600000000000001421, 1.400343491548884600, 1.400343491548899033 ) ) ;
#2524 = CARTESIAN_POINT ( 'NONE',  ( 15.65000000000000036, -1.980384757729360512, 0.8203022253684510989 ) ) ;
#2525 = CARTESIAN_POINT ( 'NONE',  ( 18.10000000000000497, -1.400343491548912578, -1.400343491548898811 ) ) ;
#2526 = CARTESIAN_POINT ( 'NONE',  ( 2.950000000000004174, -0.8203022253684651988, -1.980384757729346301 ) ) ;
#2527 = DIRECTION ( 'NONE',  ( 1.000000000000000000, -0.000000000000000000, -0.000000000000000000 ) ) ;
#2528 = CARTESIAN_POINT ( 'NONE',  ( 7.050000000000006040, 0.8203022253684377763, -1.980384757729346301 ) ) ;
#2529 = CARTESIAN_POINT ( 'NONE',  ( 2.850000000000002309, -1.980384757729360512, 0.8203022253684509879 ) ) ;
#2530 = CARTESIAN_POINT ( 'NONE',  ( 7.375000000000002665, -1.798385574751181437, -1.798385574751167892 ) ) ;
#2531 = CARTESIAN_POINT ( 'NONE',  ( 17.32500000000000284, 1.798385574751153682, 1.798385574751168337 ) ) ;
#2532 = DIRECTION ( 'NONE',  ( 2.168404344971008868E-16, 1.000000000000000000, -0.000000000000000000 ) ) ;
#2533 = CARTESIAN_POINT ( 'NONE',  ( 15.60000000000000675, -1.980384757729360068, -2.425271854633450283E-16 ) ) ;
#2534 = CARTESIAN_POINT ( 'NONE',  ( 0.7999999999999977129, 1.916614198270649716, -0.5149892840420217111 ) ) ;
#2535 = ORIENTED_EDGE ( 'NONE', *, *, #5876, .F. ) ;
#2536 = CARTESIAN_POINT ( 'NONE',  ( 0.8500000000000034195, 1.980384757729331868, 0.8203022253684526532 ) ) ;
#2537 = CARTESIAN_POINT ( 'NONE',  ( 18.12500000000000000, 2.543301270189220809, 1.053469879313102542 ) ) ;
#2538 = CARTESIAN_POINT ( 'NONE',  ( 5.000000000000000888, 1.400343491548884600, 1.400343491548899033 ) ) ;
#2539 = CARTESIAN_POINT ( 'NONE',  ( 9.400000000000005684, -1.375652421508278441E-14, -1.980384757729346301 ) ) ;
#2540 = DIRECTION ( 'NONE',  ( 0.000000000000000000, 0.000000000000000000, -1.000000000000000000 ) ) ;
#2541 = CIRCLE ( 'NONE', #2798, 3.847401720642124268 ) ;
#2542 = CARTESIAN_POINT ( 'NONE',  ( 14.80000000000000071, -1.400343491548913022, 1.400343491548898589 ) ) ;
#2543 = CARTESIAN_POINT ( 'NONE',  ( 20.50000000000000000, -1.267509437117510519E-14, -2.500000000000010658 ) ) ;
#2544 = FACE_OUTER_BOUND ( 'NONE', #4409, .T. ) ;
#2545 = FACE_OUTER_BOUND ( 'NONE', #3521, .T. ) ;
#2546 = CARTESIAN_POINT ( 'NONE',  ( 12.10000000000000497, 1.400343491548884600, 1.400343491548899033 ) ) ;
#2547 = ORIENTED_EDGE ( 'NONE', *, *, #6998, .T. ) ;
#2548 = VECTOR ( 'NONE', #3537, 1000.000000000000000 ) ;
#2549 = ORIENTED_EDGE ( 'NONE', *, *, #6458, .F. ) ;
#2550 = CARTESIAN_POINT ( 'NONE',  ( 13.30000000000000249, -1.980384757729360068, -2.425271854633450283E-16 ) ) ;
#2551 = CARTESIAN_POINT ( 'NONE',  ( 14.70000000000000284, 1.767766952966363103, -1.767766952966377092 ) ) ;
#2552 = CARTESIAN_POINT ( 'NONE',  ( 0.6422277165183011283, -2.240446355750967289, 0.2842788203811724701 ) ) ;
#2553 = CARTESIAN_POINT ( 'NONE',  ( 0.5000000000000011102, -1.240403621052787593E-14, 2.500000000000005773 ) ) ;
#2554 = CARTESIAN_POINT ( 'NONE',  ( 17.95000000000000284, 2.499999999999997780, -1.035533905932742638 ) ) ;
#2555 = AXIS2_PLACEMENT_3D ( 'NONE', #4270, #4899, #3536 ) ;
#2556 = DIRECTION ( 'NONE',  ( -1.000000000000000000, 0.000000000000000000, 0.000000000000000000 ) ) ;
#2557 = UNCERTAINTY_MEASURE_WITH_UNIT (LENGTH_MEASURE( 1.000000000000000082E-05 ), #5473, 'distance_accuracy_value', 'NONE');
#2558 = VERTEX_POINT ( 'NONE', #5777 ) ;
#2559 = CARTESIAN_POINT ( 'NONE',  ( 18.60000000000000497, -1.424157858600947694E-14, 1.980384757729346301 ) ) ;
#2560 = ADVANCED_FACE ( 'NONE', ( #1030 ), #7035, .T. ) ;
#2561 = CARTESIAN_POINT ( 'NONE',  ( 4.025000000000003908, -2.543301270189248786, -3.114645759804644720E-16 ) ) ;
#2562 = EDGE_LOOP ( 'NONE', ( #2363, #2678 ) ) ;
#2563 = CARTESIAN_POINT ( 'NONE',  ( 6.200000000000001066, -1.400343491548912578, -1.400343491548898811 ) ) ;
#2564 = AXIS2_PLACEMENT_3D ( 'NONE', #7574, #1016, #426 ) ;
#2565 = CARTESIAN_POINT ( 'NONE',  ( 15.15000000000000213, 0.8203022253684377763, -1.980384757729346301 ) ) ;
#2566 = CARTESIAN_POINT ( 'NONE',  ( 19.75000000000000711, -0.8203022253684651988, -1.980384757729346301 ) ) ;
#2567 = DIRECTION ( 'NONE',  ( 1.000000000000000000, -2.161407978480074449E-16, 0.000000000000000000 ) ) ;
#2568 = CARTESIAN_POINT ( 'NONE',  ( 11.20000000000000107, -1.767766952966391303, 1.767766952966376870 ) ) ;
#2569 = CARTESIAN_POINT ( 'NONE',  ( 6.250000000000005329, 0.8203022253684377763, -1.980384757729346301 ) ) ;
#2570 = CARTESIAN_POINT ( 'NONE',  ( 2.399999999999999467, 1.400343491548885044, -1.400343491548898811 ) ) ;
#2571 =( BOUNDED_CURVE ( )  B_SPLINE_CURVE ( 2, ( #2713, #4440, #6915, #7395, #6243, #2090, #7512, #910, #7476 ),
 .UNSPECIFIED., .F., .T. ) 
 B_SPLINE_CURVE_WITH_KNOTS ( ( 3, 2, 2, 2, 3 ),
 ( 0.7777777777777777901, 0.7824074074074074403, 0.7870370370370369795, 0.7916666666666666297, 0.7962962962962962798 ),
 .UNSPECIFIED. ) 
 CURVE ( )  GEOMETRIC_REPRESENTATION_ITEM ( )  RATIONAL_B_SPLINE_CURVE ( ( 1.000000000000000000, 0.9238795325112867385, 1.000000000000000000, 0.9238795325112867385, 1.000000000000000000, 0.9238795325112867385, 1.000000000000000000, 0.9238795325112867385, 1.000000000000000000 ) ) 
 REPRESENTATION_ITEM ( '' )  );
#2572 = CARTESIAN_POINT ( 'NONE',  ( 10.05000000000000426, 2.499999999999997780, -1.035533905932742638 ) ) ;
#2573 = ADVANCED_FACE ( 'NONE', ( #5180 ), #6622, .T. ) ;
#2574 = CARTESIAN_POINT ( 'NONE',  ( 9.175000000000002487, 1.798385574751153904, -1.798385574751167892 ) ) ;
#2575 = CARTESIAN_POINT ( 'NONE',  ( 15.22500000000000497, -2.543301270189248786, -3.114645759804644720E-16 ) ) ;
#2576 = CARTESIAN_POINT ( 'NONE',  ( 18.64999999999999858, -1.035533905932756404, -2.500000000000011546 ) ) ;
#2577 = CARTESIAN_POINT ( 'NONE',  ( 15.10000000000000497, 1.400343491548885044, -1.400343491548898811 ) ) ;
#2578 = CARTESIAN_POINT ( 'NONE',  ( 9.500000000000001776, -1.767766952966391303, 1.767766952966376870 ) ) ;
#2579 = VERTEX_POINT ( 'NONE', #5364 ) ;
#2580 = CARTESIAN_POINT ( 'NONE',  ( 3.100000000000005418, 1.400343491548885044, -1.400343491548898811 ) ) ;
#2581 = CARTESIAN_POINT ( 'NONE',  ( 16.17500000000000071, -1.798385574751181437, -1.798385574751167892 ) ) ;
#2582 = CARTESIAN_POINT ( 'NONE',  ( 3.499999999999999556, -1.424157858600947694E-14, 1.980384757729346301 ) ) ;
#2583 = CARTESIAN_POINT ( 'NONE',  ( 8.100000000000004974, 1.400343491548884600, 1.400343491548899033 ) ) ;
#2584 = DIRECTION ( 'NONE',  ( 1.000000000000000000, 0.000000000000000000, 1.224646799147353207E-16 ) ) ;
#2585 = CARTESIAN_POINT ( 'NONE',  ( 12.55000000000000071, -1.980384757729360290, -0.8203022253684516540 ) ) ;
#2586 = CARTESIAN_POINT ( 'NONE',  ( 6.300000000000003375, -1.433703035749471672E-14, 2.500000000000011546 ) ) ;
#2587 = CARTESIAN_POINT ( 'NONE',  ( 6.550000000000002487, -1.035533905932756404, -2.500000000000011546 ) ) ;
#2588 = CARTESIAN_POINT ( 'NONE',  ( 10.15000000000000568, -0.8203022253684651988, -1.980384757729346301 ) ) ;
#2589 = ORIENTED_EDGE ( 'NONE', *, *, #3758, .F. ) ;
#2590 = ORIENTED_EDGE ( 'NONE', *, *, #4956, .T. ) ;
#2591 = CARTESIAN_POINT ( 'NONE',  ( 14.94999999999999929, -1.980384757729360290, -0.8203022253684516540 ) ) ;
#2592 = CARTESIAN_POINT ( 'NONE',  ( 6.950000000000001954, 2.499999999999997780, 1.035533905932744414 ) ) ;
#2593 = CARTESIAN_POINT ( 'NONE',  ( -12.50000000000000000, -2.695312499999995115, 0.000000000000000000 ) ) ;
#2594 = CARTESIAN_POINT ( 'NONE',  ( 20.30000000000000071, -1.424157858600947694E-14, 1.980384757729346301 ) ) ;
#2595 = CARTESIAN_POINT ( 'NONE',  ( 14.25000000000000533, 1.035533905932729315, 2.500000000000011102 ) ) ;
#2596 = ORIENTED_EDGE ( 'NONE', *, *, #5335, .F. ) ;
#2597 = ORIENTED_EDGE ( 'NONE', *, *, #5826, .T. ) ;
#2598 = CARTESIAN_POINT ( 'NONE',  ( 3.375000000000002665, -1.053469879313114532, -2.543301270189235019 ) ) ;
#2599 = ORIENTED_EDGE ( 'NONE', *, *, #1564, .F. ) ;
#2600 = CARTESIAN_POINT ( 'NONE',  ( -12.50000000000000000, -2.695312500000008438, 0.000000000000000000 ) ) ;
#2601 = CARTESIAN_POINT ( 'NONE',  ( 13.55000000000000071, 0.8203022253684377763, -1.980384757729346301 ) ) ;
#2602 = CARTESIAN_POINT ( 'NONE',  ( 20.05000000000000782, 1.980384757729331868, 0.8203022253684526532 ) ) ;
#2603 = SPHERICAL_SURFACE ( 'NONE', #3239, 8.000000000000000000 ) ;
#2604 = FACE_OUTER_BOUND ( 'NONE', #3891, .T. ) ;
#2605 = CARTESIAN_POINT ( 'NONE',  ( 8.100000000000004974, 1.400343491548884600, 1.400343491548899033 ) ) ;
#2606 = CARTESIAN_POINT ( 'NONE',  ( 3.000000000000002665, -1.400343491548912578, -1.400343491548898811 ) ) ;
#2607 = EDGE_CURVE ( 'NONE', #7481, #1993, #7443, .T. ) ;
#2608 = CARTESIAN_POINT ( 'NONE',  ( 20.50000000000000000, -1.267509437117510519E-14, 0.000000000000000000 ) ) ;
#2609 = CARTESIAN_POINT ( 'NONE',  ( 9.325000000000002842, 2.543301270189220809, 1.053469879313102542 ) ) ;
#2610 = CARTESIAN_POINT ( 'NONE',  ( 15.82500000000000639, -1.434498467178515336E-14, 2.543301270189235019 ) ) ;
#2611 = CARTESIAN_POINT ( 'NONE',  ( 18.35000000000000497, -1.035533905932757959, 2.500000000000011102 ) ) ;
#2612 =( BOUNDED_CURVE ( )  B_SPLINE_CURVE ( 2, ( #2677, #6323, #2015, #168, #5069, #7478, #2093, #3777, #7355 ),
 .UNSPECIFIED., .F., .F. ) 
 B_SPLINE_CURVE_WITH_KNOTS ( ( 3, 2, 2, 2, 3 ),
 ( 0.8055555555555555802, 0.8101851851851852304, 0.8148148148148147696, 0.8194444444444444198, 0.8240740740740740700 ),
 .UNSPECIFIED. ) 
 CURVE ( )  GEOMETRIC_REPRESENTATION_ITEM ( )  RATIONAL_B_SPLINE_CURVE ( ( 1.000000000000000000, 0.9238795325112867385, 1.000000000000000000, 0.9238795325112867385, 1.000000000000000000, 0.9238795325112867385, 1.000000000000000000, 0.9238795325112867385, 1.000000000000000000 ) ) 
 REPRESENTATION_ITEM ( '' )  );
#2613 = AXIS2_PLACEMENT_3D ( 'NONE', #4557, #252, #4480 ) ;
#2614 = EDGE_CURVE ( 'NONE', #4674, #6107, #1613, .T. ) ;
#2615 = CARTESIAN_POINT ( 'NONE',  ( 17.40000000000000568, -1.375652421508278441E-14, -1.980384757729346301 ) ) ;
#2616 = ORIENTED_EDGE ( 'NONE', *, *, #6882, .F. ) ;
#2617 = ADVANCED_BREP_SHAPE_REPRESENTATION ( '59935K81_Ball Joint Rod End', ( #242, #2841, #5399, #6633 ), #3378 ) ;
#2618 = CARTESIAN_POINT ( 'NONE',  ( 1.100000000000003642, -1.400343491548913022, 1.400343491548898589 ) ) ;
#2619 = AXIS2_PLACEMENT_3D ( 'NONE', #3370, #5141, #5290 ) ;
#2620 = CARTESIAN_POINT ( 'NONE',  ( 16.97500000000000497, -1.798385574751181437, -1.798385574751167892 ) ) ;
#2621 = CARTESIAN_POINT ( 'NONE',  ( 2.950000000000001510, -1.980384757729360290, -0.8203022253684516540 ) ) ;
#2622 = CARTESIAN_POINT ( 'NONE',  ( 7.850000000000004974, 0.8203022253684377763, -1.980384757729346301 ) ) ;
#2623 = CARTESIAN_POINT ( 'NONE',  ( 12.40000000000000391, 2.499999999999997780, 0.000000000000000000 ) ) ;
#2624 = CARTESIAN_POINT ( 'NONE',  ( 9.950000000000001066, -0.8203022253684664200, 1.980384757729345857 ) ) ;
#2625 = CARTESIAN_POINT ( 'NONE',  ( 6.600000000000003197, -1.372470695792103782E-14, -2.500000000000011546 ) ) ;
#2626 = AXIS2_PLACEMENT_3D ( 'NONE', #5445, #2974, #4898 ) ;
#2627 = CARTESIAN_POINT ( 'NONE',  ( 14.35000000000000320, -1.035533905932757959, 2.500000000000011102 ) ) ;
#2628 = CARTESIAN_POINT ( 'NONE',  ( 7.050000000000001599, -1.035533905932757959, 2.500000000000011102 ) ) ;
#2629 = CARTESIAN_POINT ( 'NONE',  ( 12.85000000000000497, 1.980384757729331868, 0.8203022253684526532 ) ) ;
#2630 = ORIENTED_EDGE ( 'NONE', *, *, #3331, .T. ) ;
#2631 = ORIENTED_EDGE ( 'NONE', *, *, #1318, .F. ) ;
#2632 = CARTESIAN_POINT ( 'NONE',  ( 14.65000000000000213, 0.8203022253684378873, 1.980384757729345857 ) ) ;
#2633 = FACE_OUTER_BOUND ( 'NONE', #3726, .T. ) ;
#2634 = CARTESIAN_POINT ( 'NONE',  ( 20.10000000000000497, 1.980384757729332312, 0.000000000000000000 ) ) ;
#2635 = CARTESIAN_POINT ( 'NONE',  ( 19.40000000000000568, -1.372470695792103782E-14, -2.500000000000011546 ) ) ;
#2636 = CARTESIAN_POINT ( 'NONE',  ( -18.68341920263155131, 2.768745557924654044, 0.000000000000000000 ) ) ;
#2637 = ORIENTED_EDGE ( 'NONE', *, *, #1515, .T. ) ;
#2638 = CARTESIAN_POINT ( 'NONE',  ( 10.20000000000000284, -1.433703035749471672E-14, 2.500000000000011546 ) ) ;
#2639 = VERTEX_POINT ( 'NONE', #6668 ) ;
#2640 = CARTESIAN_POINT ( 'NONE',  ( 1.100000000000000311, -1.424157858600947694E-14, 1.980384757729346301 ) ) ;
#2641 = CARTESIAN_POINT ( 'NONE',  ( 13.05000000000000071, 0.8203022253684378873, 1.980384757729345857 ) ) ;
#2642 = CARTESIAN_POINT ( 'NONE',  ( 17.50000000000000355, 1.400343491548885044, -1.400343491548898811 ) ) ;
#2643 = CARTESIAN_POINT ( 'NONE',  ( 0.7500000000000041078, 1.980384757729332312, -0.8203022253684513210 ) ) ;
#2644 = CARTESIAN_POINT ( 'NONE',  ( 11.40000000000000391, -1.767766952966390637, -1.767766952966377092 ) ) ;
#2645 = CARTESIAN_POINT ( 'NONE',  ( 6.650000000000004796, -0.8203022253684665310, 1.980384757729345857 ) ) ;
#2646 = CARTESIAN_POINT ( 'NONE',  ( 3.700000000000001954, -1.980384757729360068, -2.425271854633450283E-16 ) ) ;
#2647 = DIRECTION ( 'NONE',  ( 1.000000000000000000, 0.000000000000000000, -1.224646799147343346E-16 ) ) ;
#2648 = CIRCLE ( 'NONE', #3639, 0.1796875000000010270 ) ;
#2649 = CARTESIAN_POINT ( 'NONE',  ( 8.925000000000004263, -1.798385574751181437, -1.798385574751167892 ) ) ;
#2650 = CARTESIAN_POINT ( 'NONE',  ( 11.65000000000000036, -1.980384757729360512, 0.8203022253684510989 ) ) ;
#2651 = EDGE_CURVE ( 'NONE', #3683, #7178, #1161, .T. ) ;
#2652 = CARTESIAN_POINT ( 'NONE',  ( 6.725000000000003197, 1.053469879313086999, -2.543301270189235019 ) ) ;
#2653 = CARTESIAN_POINT ( 'NONE',  ( 17.47500000000000142, -1.053469879313116087, 2.543301270189234575 ) ) ;
#2654 = DIRECTION ( 'NONE',  ( 1.000000000000000000, 1.224646799147353207E-16, 0.000000000000000000 ) ) ;
#2655 = CARTESIAN_POINT ( 'NONE',  ( 17.30000000000000782, -1.400343491548912578, -1.400343491548898811 ) ) ;
#2656 = CARTESIAN_POINT ( 'NONE',  ( 19.10000000000000497, -1.433703035749471672E-14, 2.500000000000011546 ) ) ;
#2657 = CARTESIAN_POINT ( 'NONE',  ( 0.6500000000000047962, 0.8203022253684377763, -1.980384757729346301 ) ) ;
#2658 = EDGE_CURVE ( 'NONE', #6513, #4958, #4257, .T. ) ;
#2659 = ADVANCED_FACE ( 'NONE', ( #3013 ), #4689, .T. ) ;
#2660 = CARTESIAN_POINT ( 'NONE',  ( 15.97500000000000320, -1.798385574751182103, 1.798385574751167670 ) ) ;
#2661 = CARTESIAN_POINT ( 'NONE',  ( 2.649999999999999911, 0.8203022253684378873, 1.980384757729345857 ) ) ;
#2662 = CARTESIAN_POINT ( 'NONE',  ( 10.95000000000000462, -0.8203022253684651988, -1.980384757729346301 ) ) ;
#2663 = FACE_OUTER_BOUND ( 'NONE', #4157, .T. ) ;
#2664 = CARTESIAN_POINT ( 'NONE',  ( 10.70000000000000107, -1.424157858600947694E-14, 1.980384757729346301 ) ) ;
#2665 = EDGE_CURVE ( 'NONE', #281, #1978, #3056, .T. ) ;
#2666 = DIRECTION ( 'NONE',  ( -1.000000000000000000, 0.000000000000000000, 0.000000000000000000 ) ) ;
#2667 = CARTESIAN_POINT ( 'NONE',  ( -12.50000000000000000, -2.695312500000008438, 0.000000000000000000 ) ) ;
#2668 = CLOSED_SHELL ( 'NONE', ( #3415, #6979, #2659, #7066, #2991, #4238, #5576, #550, #6900, #4139, #7614, #641, #2515, #1890, #3801, #4005, #6854, #3179 ) ) ;
#2669 = CARTESIAN_POINT ( 'NONE',  ( 11.10000000000000142, -1.767766952966391303, 1.767766952966376870 ) ) ;
#2670 = CARTESIAN_POINT ( 'NONE',  ( 11.45000000000000462, -0.8203022253684664200, 1.980384757729345857 ) ) ;
#2671 = VERTEX_POINT ( 'NONE', #5487 ) ;
#2672 = EDGE_CURVE ( 'NONE', #4363, #6847, #2397, .T. ) ;
#2673 = EDGE_LOOP ( 'NONE', ( #1504, #1535, #2510, #584 ) ) ;
#2674 = CARTESIAN_POINT ( 'NONE',  ( 14.20000000000000107, -1.400343491548912578, -1.400343491548898811 ) ) ;
#2675 = DIRECTION ( 'NONE',  ( 0.000000000000000000, -1.000000000000000000, 0.000000000000000000 ) ) ;
#2676 = CARTESIAN_POINT ( 'NONE',  ( 1.200000000000003064, 1.767766952966363103, -1.767766952966377092 ) ) ;
#2677 = CARTESIAN_POINT ( 'NONE',  ( 3.100000000000001865, -1.433703035749471672E-14, 2.500000000000011546 ) ) ;
#2678 = ORIENTED_EDGE ( 'NONE', *, *, #5736, .T. ) ;
#2679 = CONICAL_SURFACE ( 'NONE', #6690, 1732.050807568899927, 1.047197551196603404 ) ;
#2680 = CARTESIAN_POINT ( 'NONE',  ( -12.50000000000000000, -2.874999999999995115, 6.411159703984926850 ) ) ;
#2681 = ORIENTED_EDGE ( 'NONE', *, *, #1834, .F. ) ;
#2682 = CARTESIAN_POINT ( 'NONE',  ( 0.8000000000000020428, 1.400343491548885044, -1.400343491548898811 ) ) ;
#2683 = CARTESIAN_POINT ( 'NONE',  ( 17.65000000000000568, 1.980384757729331868, 0.8203022253684526532 ) ) ;
#2684 = CARTESIAN_POINT ( 'NONE',  ( 1.050000000000005818, -0.8203022253684664200, 1.980384757729345857 ) ) ;
#2685 = FACE_OUTER_BOUND ( 'NONE', #7741, .T. ) ;
#2686 = CIRCLE ( 'NONE', #3551, 0.1796875000000010270 ) ;
#2687 = CARTESIAN_POINT ( 'NONE',  ( 0.6500000000000012434, -0.8203022253684651988, -1.980384757729346301 ) ) ;
#2688 = CARTESIAN_POINT ( 'NONE',  ( 11.00000000000000355, -1.433703035749471672E-14, 2.500000000000011546 ) ) ;
#2689 = AXIS2_PLACEMENT_3D ( 'NONE', #3750, #6144, #7413 ) ;
#2690 = CARTESIAN_POINT ( 'NONE',  ( 9.925000000000002487, 1.798385574751153904, -1.798385574751167892 ) ) ;
#2691 = ORIENTED_EDGE ( 'NONE', *, *, #2651, .F. ) ;
#2692 = CARTESIAN_POINT ( 'NONE',  ( 12.55000000000000249, -1.980384757729360068, -0.8203022253684516540 ) ) ;
#2693 = CARTESIAN_POINT ( 'NONE',  ( 3.525000000000003464, 1.053469879313086999, -2.543301270189235019 ) ) ;
#2694 = CARTESIAN_POINT ( 'NONE',  ( 14.27500000000000213, -1.053469879313116087, 2.543301270189234575 ) ) ;
#2695 = DIRECTION ( 'NONE',  ( 0.000000000000000000, 0.000000000000000000, 1.000000000000000000 ) ) ;
#2696 = CARTESIAN_POINT ( 'NONE',  ( 12.25000000000000711, -0.8203022253684665310, 1.980384757729345857 ) ) ;
#2697 = VECTOR ( 'NONE', #4920, 1000.000000000000000 ) ;
#2698 = APPROVAL ( #6544, 'UNSPECIFIED' ) ;
#2699 = CARTESIAN_POINT ( 'NONE',  ( 13.70000000000000462, -2.500000000000025757, -3.061616997868397439E-16 ) ) ;
#2700 = CARTESIAN_POINT ( 'NONE',  ( 2.700000000000004619, -1.400343491548913022, 1.400343491548898589 ) ) ;
#2701 = CARTESIAN_POINT ( 'NONE',  ( 14.37500000000000178, -1.798385574751182103, 1.798385574751167670 ) ) ;
#2702 = CARTESIAN_POINT ( 'NONE',  ( 4.550000000000001599, -1.980384757729360290, -0.8203022253684516540 ) ) ;
#2703 = CARTESIAN_POINT ( 'NONE',  ( 6.550000000000006040, 0.8203022253684378873, 1.980384757729345857 ) ) ;
#2704 = CARTESIAN_POINT ( 'NONE',  ( -1.500931964807119323, 1.773493599369581286, 2.882371739434677060 ) ) ;
#2705 = CARTESIAN_POINT ( 'NONE',  ( 11.50000000000000178, -1.424157858600947694E-14, 1.980384757729346301 ) ) ;
#2706 = CARTESIAN_POINT ( 'NONE',  ( 6.400000000000003020, -1.767766952966391303, 1.767766952966376870 ) ) ;
#2707 = CARTESIAN_POINT ( 'NONE',  ( 1.943375672974045232, -1.267509437117510519E-14, 1.208835420335691409E-14 ) ) ;
#2708 = EDGE_CURVE ( 'NONE', #4704, #3417, #7583, .T. ) ;
#2709 = CARTESIAN_POINT ( 'NONE',  ( 12.80000000000000604, 1.980384757729332312, 0.000000000000000000 ) ) ;
#2710 = ORIENTED_EDGE ( 'NONE', *, *, #680, .F. ) ;
#2711 = ORIENTED_EDGE ( 'NONE', *, *, #5193, .F. ) ;
#2712 = CARTESIAN_POINT ( 'NONE',  ( 12.65000000000000036, -0.8203022253684651988, -1.980384757729346301 ) ) ;
#2713 = CARTESIAN_POINT ( 'NONE',  ( 17.00000000000000355, -1.372470695792103782E-14, -2.500000000000011546 ) ) ;
#2714 = CARTESIAN_POINT ( 'NONE',  ( 17.50000000000000000, -1.375652421508278441E-14, -1.980384757729346301 ) ) ;
#2715 = EDGE_CURVE ( 'NONE', #2465, #480, #1845, .T. ) ;
#2716 = CARTESIAN_POINT ( 'NONE',  ( 12.80000000000000249, -2.500000000000025757, -3.061616997868397439E-16 ) ) ;
#2717 = ORIENTED_EDGE ( 'NONE', *, *, #1222, .F. ) ;
#2718 = DIRECTION ( 'NONE',  ( -1.224646799147353207E-16, 2.655529440325959183E-32, 1.000000000000000000 ) ) ;
#2719 = ORIENTED_EDGE ( 'NONE', *, *, #2145, .F. ) ;
#2720 = CARTESIAN_POINT ( 'NONE',  ( 3.350000000000002753, 1.980384757729331868, 0.8203022253684526532 ) ) ;
#2721 = CARTESIAN_POINT ( 'NONE',  ( 19.35000000000000142, -1.035533905932756404, -2.500000000000011546 ) ) ;
#2722 = CARTESIAN_POINT ( 'NONE',  ( 15.35000000000000853, 0.8203022253684378873, 1.980384757729345857 ) ) ;
#2723 = CARTESIAN_POINT ( 'NONE',  ( -0.1499999999999939437, 0.8203022253684377763, -1.980384757729346301 ) ) ;
#2724 = CARTESIAN_POINT ( 'NONE',  ( -0.2371366449944599109, -2.500000000000001776, -1.286398674659430474 ) ) ;
#2725 = DIRECTION ( 'NONE',  ( 0.000000000000000000, 0.000000000000000000, -1.000000000000000000 ) ) ;
#2726 = DIRECTION ( 'NONE',  ( 1.000000000000000000, -0.000000000000000000, -0.000000000000000000 ) ) ;
#2727 = CARTESIAN_POINT ( 'NONE',  ( 9.625000000000003553, -2.543301270189248786, -3.114645759804644720E-16 ) ) ;
#2728 = ORIENTED_EDGE ( 'NONE', *, *, #5678, .T. ) ;
#2729 = CARTESIAN_POINT ( 'NONE',  ( 11.15000000000000213, 0.8203022253684377763, -1.980384757729346301 ) ) ;
#2730 = CARTESIAN_POINT ( 'NONE',  ( 4.575000000000002842, 1.798385574751153682, 1.798385574751168337 ) ) ;
#2731 = CARTESIAN_POINT ( 'NONE',  ( 13.90000000000000568, -1.400343491548913022, 1.400343491548898589 ) ) ;
#2732 = CARTESIAN_POINT ( 'NONE',  ( 13.60000000000000497, -1.767766952966391303, 1.767766952966376870 ) ) ;
#2733 = CARTESIAN_POINT ( 'NONE',  ( 19.35000000000000142, 1.980384757729331868, 0.8203022253684526532 ) ) ;
#2734 = CARTESIAN_POINT ( 'NONE',  ( 14.82500000000000284, 2.543301270189220809, -1.053469879313100765 ) ) ;
#2735 = CARTESIAN_POINT ( 'NONE',  ( 2.549999999999999822, 1.980384757729331868, 0.8203022253684526532 ) ) ;
#2736 = DIRECTION ( 'NONE',  ( 1.000000000000000000, 0.000000000000000000, -1.224646799147343346E-16 ) ) ;
#2737 = CARTESIAN_POINT ( 'NONE',  ( 5.900000000000005684, -1.400343491548913022, 1.400343491548898589 ) ) ;
#2738 = DIRECTION ( 'NONE',  ( 1.000000000000000000, -0.000000000000000000, -0.000000000000000000 ) ) ;
#2739 = CARTESIAN_POINT ( 'NONE',  ( 10.00000000000000178, -1.400343491548913022, 1.400343491548898589 ) ) ;
#2740 = CARTESIAN_POINT ( 'NONE',  ( 9.300000000000002487, 2.499999999999997780, 0.000000000000000000 ) ) ;
#2741 = CARTESIAN_POINT ( 'NONE',  ( 15.10000000000000320, -1.433703035749471672E-14, 2.500000000000011546 ) ) ;
#2742 = CARTESIAN_POINT ( 'NONE',  ( 9.700000000000004619, 1.400343491548884600, 1.400343491548899033 ) ) ;
#2743 = VERTEX_POINT ( 'NONE', #6197 ) ;
#2744 = ORIENTED_EDGE ( 'NONE', *, *, #2102, .F. ) ;
#2745 = CARTESIAN_POINT ( 'NONE',  ( 11.34999999999999964, 1.980384757729331868, 0.8203022253684526532 ) ) ;
#2746 = EDGE_CURVE ( 'NONE', #86, #5460, #1415, .T. ) ;
#2747 = VECTOR ( 'NONE', #4803, 1000.000000000000000 ) ;
#2748 = CARTESIAN_POINT ( 'NONE',  ( -12.50000000000000000, -2.625674005841378555, 0.000000000000000000 ) ) ;
#2749 = CARTESIAN_POINT ( 'NONE',  ( 17.44999999999999929, -0.8203022253684651988, -1.980384757729346301 ) ) ;
#2750 = ORIENTED_EDGE ( 'NONE', *, *, #5624, .F. ) ;
#2751 = VECTOR ( 'NONE', #4191, 999.9999999999998863 ) ;
#2752 = CARTESIAN_POINT ( 'NONE',  ( 0.5250000000000045741, 1.798385574751153682, 1.798385574751168337 ) ) ;
#2753 = EDGE_LOOP ( 'NONE', ( #2630, #3406, #5666, #3274 ) ) ;
#2754 = EDGE_CURVE ( 'NONE', #5931, #7472, #2863, .T. ) ;
#2755 = CARTESIAN_POINT ( 'NONE',  ( 1.700000000000000178, 1.980384757729332312, 0.000000000000000000 ) ) ;
#2756 = EDGE_CURVE ( 'NONE', #5793, #7357, #5546, .T. ) ;
#2757 = CARTESIAN_POINT ( 'NONE',  ( 3.500000000000003109, -1.372470695792103624E-14, -2.500000000000011546 ) ) ;
#2758 = CARTESIAN_POINT ( 'NONE',  ( 16.60000000000000497, -1.375652421508278441E-14, -1.980384757729346301 ) ) ;
#2759 = CARTESIAN_POINT ( 'NONE',  ( 2.600000000000000977, -1.372470695792103782E-14, -2.500000000000011546 ) ) ;
#2760 = CARTESIAN_POINT ( 'NONE',  ( 4.550000000000002487, 1.035533905932729315, 2.500000000000011102 ) ) ;
#2761 = CARTESIAN_POINT ( 'NONE',  ( 17.80000000000000426, -1.372470695792103782E-14, -2.500000000000011546 ) ) ;
#2762 = CARTESIAN_POINT ( 'NONE',  ( 7.550000000000003375, 1.035533905932728871, -2.500000000000011546 ) ) ;
#2763 = CARTESIAN_POINT ( 'NONE',  ( 9.175000000000004263, 2.543301270189220809, -1.053469879313100765 ) ) ;
#2764 = EDGE_LOOP ( 'NONE', ( #5060, #6460, #2728, #2399 ) ) ;
#2765 = CARTESIAN_POINT ( 'NONE',  ( 10.05000000000000249, -1.980384757729360512, 0.8203022253684510989 ) ) ;
#2766 = CARTESIAN_POINT ( 'NONE',  ( 3.675000000000001155, 2.543301270189221253, 0.000000000000000000 ) ) ;
#2767 = DIRECTION ( 'NONE',  ( 0.000000000000000000, -0.000000000000000000, -1.000000000000000000 ) ) ;
#2768 = CARTESIAN_POINT ( 'NONE',  ( 13.15000000000000568, -1.980384757729360512, 0.8203022253684510989 ) ) ;
#2769 = CARTESIAN_POINT ( 'NONE',  ( 0.6000000000000034195, 1.767766952966362659, 1.767766952966377536 ) ) ;
#2770 = CARTESIAN_POINT ( 'NONE',  ( 19.05000000000000071, -0.8203022253684651988, -1.980384757729346301 ) ) ;
#2771 =( BOUNDED_CURVE ( )  B_SPLINE_CURVE ( 2, ( #6063, #4767, #1794, #2410, #4145, #23, #3706, #4801, #1164 ),
 .UNSPECIFIED., .F., .F. ) 
 B_SPLINE_CURVE_WITH_KNOTS ( ( 3, 2, 2, 2, 3 ),
 ( 0.2407407407407406996, 0.2453703703703703498, 0.2500000000000000000, 0.2546296296296296502, 0.2592592592592593004 ),
 .UNSPECIFIED. ) 
 CURVE ( )  GEOMETRIC_REPRESENTATION_ITEM ( )  RATIONAL_B_SPLINE_CURVE ( ( 1.000000000000000000, 0.9238795325112867385, 1.000000000000000000, 0.9238795325112867385, 1.000000000000000000, 0.9238795325112867385, 1.000000000000000000, 0.9238795325112867385, 1.000000000000000000 ) ) 
 REPRESENTATION_ITEM ( '' )  );
#2772 = CARTESIAN_POINT ( 'NONE',  ( 15.22500000000000497, -2.543301270189249674, 1.053469879313100099 ) ) ;
#2773 = CARTESIAN_POINT ( 'NONE',  ( 1.600000000000000755, 1.400343491548885044, -1.400343491548898811 ) ) ;
#2774 = CARTESIAN_POINT ( 'NONE',  ( -12.50000000000000000, 2.695312499999990674, 0.000000000000000000 ) ) ;
#2775 = CARTESIAN_POINT ( 'NONE',  ( 5.350000000000006750, -0.8203022253684651988, -1.980384757729346301 ) ) ;
#2776 = CARTESIAN_POINT ( 'NONE',  ( 16.90000000000000213, -1.767766952966390637, -1.767766952966377092 ) ) ;
#2777 = CARTESIAN_POINT ( 'NONE',  ( 8.600000000000001421, -1.400343491548912578, -1.400343491548898811 ) ) ;
#2778 = CARTESIAN_POINT ( 'NONE',  ( 0.5000000000000017764, 5.547365066045038873, -0.6904642090818104982 ) ) ;
#2779 = CARTESIAN_POINT ( 'NONE',  ( 15.25000000000000178, -2.500000000000026201, 1.035533905932742194 ) ) ;
#2780 = CARTESIAN_POINT ( 'NONE',  ( 8.850000000000004974, 1.980384757729331868, 0.8203022253684526532 ) ) ;
#2781 = ORIENTED_EDGE ( 'NONE', *, *, #6446, .F. ) ;
#2782 = ORIENTED_EDGE ( 'NONE', *, *, #4856, .F. ) ;
#2783 = CARTESIAN_POINT ( 'NONE',  ( 10.80000000000000071, -1.400343491548913022, 1.400343491548898589 ) ) ;
#2784 = CARTESIAN_POINT ( 'NONE',  ( 4.750000000000005329, -2.500000000000026201, 1.035533905932742194 ) ) ;
#2785 = CARTESIAN_POINT ( 'NONE',  ( 19.10000000000000142, -1.375652421508278441E-14, -1.980384757729346301 ) ) ;
#2786 = CARTESIAN_POINT ( 'NONE',  ( 4.900000000000004796, 1.400343491548884600, 1.400343491548899033 ) ) ;
#2787 = DIRECTION ( 'NONE',  ( 0.000000000000000000, 0.000000000000000000, 1.000000000000000000 ) ) ;
#2788 = CARTESIAN_POINT ( 'NONE',  ( 15.70000000000000284, -1.980384757729360068, -2.425271854633450283E-16 ) ) ;
#2789 = ORIENTED_EDGE ( 'NONE', *, *, #2999, .T. ) ;
#2790 = CARTESIAN_POINT ( 'NONE',  ( -12.50000000000000000, 2.874999999999990674, 0.000000000000000000 ) ) ;
#2791 = ORIENTED_EDGE ( 'NONE', *, *, #2455, .F. ) ;
#2792 = CARTESIAN_POINT ( 'NONE',  ( 18.94999999999999929, -1.980384757729360290, -0.8203022253684516540 ) ) ;
#2793 = CARTESIAN_POINT ( 'NONE',  ( 19.10000000000000142, -1.767766952966391303, 1.767766952966376870 ) ) ;
#2794 = CARTESIAN_POINT ( 'NONE',  ( 15.85000000000000675, 0.8203022253684377763, -1.980384757729346301 ) ) ;
#2795 = CARTESIAN_POINT ( 'NONE',  ( -12.50000000000000000, -2.874999999999995115, 0.000000000000000000 ) ) ;
#2796 = DIRECTION ( 'NONE',  ( 0.000000000000000000, 0.000000000000000000, -1.000000000000000000 ) ) ;
#2797 = DIRECTION ( 'NONE',  ( 0.000000000000000000, 0.000000000000000000, 1.000000000000000000 ) ) ;
#2798 = AXIS2_PLACEMENT_3D ( 'NONE', #7104, #4112, #5213 ) ;
#2799 = CARTESIAN_POINT ( 'NONE',  ( 14.50000000000000178, -1.767766952966390637, -1.767766952966377092 ) ) ;
#2800 = EDGE_CURVE ( 'NONE', #1614, #3184, #5609, .T. ) ;
#2801 = CARTESIAN_POINT ( 'NONE',  ( 7.625000000000003553, 2.543301270189221253, 0.000000000000000000 ) ) ;
#2802 = ORIENTED_EDGE ( 'NONE', *, *, #161, .T. ) ;
#2803 = CARTESIAN_POINT ( 'NONE',  ( 7.600000000000000533, -1.400343491548913022, 1.400343491548898589 ) ) ;
#2804 = CARTESIAN_POINT ( 'NONE',  ( 4.175000000000001599, -1.798385574751181437, -1.798385574751167892 ) ) ;
#2805 = CARTESIAN_POINT ( 'NONE',  ( 1.450000000000003286, -1.035533905932757959, 2.500000000000011102 ) ) ;
#2806 = CARTESIAN_POINT ( 'NONE',  ( 12.80000000000000604, 1.980384757729332312, 0.000000000000000000 ) ) ;
#2807 = CARTESIAN_POINT ( 'NONE',  ( 16.25000000000000355, -1.035533905932756404, -2.500000000000011546 ) ) ;
#2808 = AXIS2_PLACEMENT_3D ( 'NONE', #4536, #2151, #6943 ) ;
#2809 = CARTESIAN_POINT ( 'NONE',  ( 7.400000000000002132, -1.372470695792103782E-14, -2.500000000000011546 ) ) ;
#2810 = CARTESIAN_POINT ( 'NONE',  ( 20.35000000000000497, -0.8203022253684664200, 1.980384757729345857 ) ) ;
#2811 = CARTESIAN_POINT ( 'NONE',  ( 13.02500000000000391, -1.053469879313114532, -2.543301270189235019 ) ) ;
#2812 = CARTESIAN_POINT ( 'NONE',  ( 1.000000000000000888, 1.400343491548884600, 1.400343491548899033 ) ) ;
#2813 = AXIS2_PLACEMENT_3D ( 'NONE', #2774, #3440, #6469 ) ;
#2814 = CARTESIAN_POINT ( 'NONE',  ( 5.600000000000005862, 1.980384757729332312, 0.000000000000000000 ) ) ;
#2815 = CARTESIAN_POINT ( 'NONE',  ( -2.235530510889778721, -1.460251244224025635, 3.433746294905428265 ) ) ;
#2816 = CARTESIAN_POINT ( 'NONE',  ( 6.000000000000001776, -1.400343491548913022, 1.400343491548898589 ) ) ;
#2817 = CARTESIAN_POINT ( 'NONE',  ( 7.350000000000004086, -2.500000000000025757, -1.035533905932743082 ) ) ;
#2818 = CARTESIAN_POINT ( 'NONE',  ( -12.50000000000000000, 2.695312499999992006, -6.411159703984925073 ) ) ;
#2819 =( BOUNDED_CURVE ( )  B_SPLINE_CURVE ( 2, ( #5229, #7599, #6967, #2250, #6333, #2876, #4645, #2760, #2213 ),
 .UNSPECIFIED., .F., .F. ) 
 B_SPLINE_CURVE_WITH_KNOTS ( ( 3, 2, 2, 2, 3 ),
 ( 0.1851851851851851194, 0.1898148148148147696, 0.1944444444444444198, 0.1990740740740740700, 0.2037037037037037202 ),
 .UNSPECIFIED. ) 
 CURVE ( )  GEOMETRIC_REPRESENTATION_ITEM ( )  RATIONAL_B_SPLINE_CURVE ( ( 1.000000000000000000, 0.9238795325112867385, 1.000000000000000000, 0.9238795325112867385, 1.000000000000000000, 0.9238795325112867385, 1.000000000000000000, 0.9238795325112867385, 1.000000000000000000 ) ) 
 REPRESENTATION_ITEM ( '' )  );
#2820 = CARTESIAN_POINT ( 'NONE',  ( 9.050000000000006040, -0.8203022253684664200, 1.980384757729345857 ) ) ;
#2821 = ORIENTED_EDGE ( 'NONE', *, *, #5532, .F. ) ;
#2822 = CARTESIAN_POINT ( 'NONE',  ( 10.30000000000000249, -1.375652421508278441E-14, -1.980384757729346301 ) ) ;
#2823 = CARTESIAN_POINT ( 'NONE',  ( 4.900000000000000355, -1.767766952966390637, -1.767766952966377092 ) ) ;
#2824 = CARTESIAN_POINT ( 'NONE',  ( 18.55000000000000071, 1.980384757729331868, 0.8203022253684526532 ) ) ;
#2825 = CARTESIAN_POINT ( 'NONE',  ( 2.350000000000004974, 1.980384757729332312, -0.8203022253684514320 ) ) ;
#2826 = CARTESIAN_POINT ( 'NONE',  ( 0.5000000000000017764, 2.776047672361568353, -4.852170578285128322 ) ) ;
#2827 = CARTESIAN_POINT ( 'NONE',  ( 17.44999999999999929, -0.8203022253684651988, -1.980384757729346301 ) ) ;
#2828 = ORIENTED_EDGE ( 'NONE', *, *, #2800, .T. ) ;
#2829 = CARTESIAN_POINT ( 'NONE',  ( 19.92500000000000426, -1.053469879313116087, 2.543301270189234575 ) ) ;
#2830 = ORIENTED_EDGE ( 'NONE', *, *, #3959, .T. ) ;
#2831 = CARTESIAN_POINT ( 'NONE',  ( 19.90000000000000213, -1.375652421508278441E-14, -1.980384757729346301 ) ) ;
#2832 = DIRECTION ( 'NONE',  ( 0.000000000000000000, 0.000000000000000000, -1.000000000000000000 ) ) ;
#2833 = CARTESIAN_POINT ( 'NONE',  ( 14.50000000000000533, 1.400343491548884600, 1.400343491548899033 ) ) ;
#2834 = CARTESIAN_POINT ( 'NONE',  ( 2.750000000000002665, 2.499999999999997780, -1.035533905932742638 ) ) ;
#2835 = DIRECTION ( 'NONE',  ( 0.000000000000000000, 0.000000000000000000, 1.000000000000000000 ) ) ;
#2836 = CARTESIAN_POINT ( 'NONE',  ( 0.4000000000000010214, -1.400343491548913022, 1.400343491548898589 ) ) ;
#2837 = CARTESIAN_POINT ( 'NONE',  ( 20.50000000000000000, -1.267509437117510519E-14, 0.000000000000000000 ) ) ;
#2838 = CARTESIAN_POINT ( 'NONE',  ( 4.675000000000002487, -1.053469879313116087, 2.543301270189234575 ) ) ;
#2839 = ORIENTED_EDGE ( 'NONE', *, *, #5727, .F. ) ;
#2840 = CARTESIAN_POINT ( 'NONE',  ( 9.400000000000002132, -1.400343491548912578, -1.400343491548898811 ) ) ;
#2841 = MANIFOLD_SOLID_BREP ( 'Fillet4', #5672 ) ;
#2842 = CARTESIAN_POINT ( 'NONE',  ( 5.825000000000002842, -1.053469879313114532, -2.543301270189235019 ) ) ;
#2843 = CARTESIAN_POINT ( 'NONE',  ( 1.600000000000004086, -2.500000000000025757, -3.061616997868397439E-16 ) ) ;
#2844 = EDGE_CURVE ( 'NONE', #3427, #1993, #6677, .T. ) ;
#2845 = CARTESIAN_POINT ( 'NONE',  ( 14.85000000000000675, -1.980384757729360068, -0.8203022253684516540 ) ) ;
#2846 = DIRECTION ( 'NONE',  ( 0.000000000000000000, 0.000000000000000000, 1.000000000000000000 ) ) ;
#2847 = CARTESIAN_POINT ( 'NONE',  ( 15.35000000000000320, -1.035533905932756404, -2.500000000000011546 ) ) ;
#2848 = CARTESIAN_POINT ( 'NONE',  ( 18.94999999999999929, -1.980384757729360290, -0.8203022253684516540 ) ) ;
#2849 = CARTESIAN_POINT ( 'NONE',  ( 13.62500000000000711, -2.543301270189249674, 1.053469879313100099 ) ) ;
#2850 = EDGE_CURVE ( 'NONE', #5567, #5148, #4015, .T. ) ;
#2851 = CARTESIAN_POINT ( 'NONE',  ( 21.07500000000000284, 1.053469879313086999, -2.543301270189235019 ) ) ;
#2852 = CARTESIAN_POINT ( 'NONE',  ( 1.700000000000003508, -2.500000000000025757, -3.061616997868397439E-16 ) ) ;
#2853 = CARTESIAN_POINT ( 'NONE',  ( 6.450000000000005507, 1.980384757729331868, 0.8203022253684526532 ) ) ;
#2854 = SPHERICAL_SURFACE ( 'NONE', #1500, 6.775000000000003020 ) ;
#2855 = CARTESIAN_POINT ( 'NONE',  ( 5.450000000000001954, -0.8203022253684651988, -1.980384757729346301 ) ) ;
#2856 = CARTESIAN_POINT ( 'NONE',  ( -8.956206739499513958, 14.88245173530464882, 5.976644290944900462 ) ) ;
#2857 = CARTESIAN_POINT ( 'NONE',  ( -12.50000000000000000, -2.695312499999995115, -6.411159703984926850 ) ) ;
#2858 = CARTESIAN_POINT ( 'NONE',  ( 8.800000000000006040, 1.980384757729332312, 0.000000000000000000 ) ) ;
#2859 = ORIENTED_EDGE ( 'NONE', *, *, #468, .T. ) ;
#2860 = CARTESIAN_POINT ( 'NONE',  ( 11.75000000000000533, -1.980384757729360290, -0.8203022253684516540 ) ) ;
#2861 = CARTESIAN_POINT ( 'NONE',  ( 1.950000000000003730, 2.499999999999997780, -1.035533905932742638 ) ) ;
#2862 = CARTESIAN_POINT ( 'NONE',  ( 16.25000000000000000, 0.8203022253684378873, 1.980384757729345857 ) ) ;
#2863 =( BOUNDED_CURVE ( )  B_SPLINE_CURVE ( 2, ( #3172, #2044, #6715, #826, #3723, #3767, #3804, #2587, #3212 ),
 .UNSPECIFIED., .F., .T. ) 
 B_SPLINE_CURVE_WITH_KNOTS ( ( 3, 2, 2, 2, 3 ),
 ( 0.2777777777777777901, 0.2824074074074074403, 0.2870370370370369795, 0.2916666666666666297, 0.2962962962962962798 ),
 .UNSPECIFIED. ) 
 CURVE ( )  GEOMETRIC_REPRESENTATION_ITEM ( )  RATIONAL_B_SPLINE_CURVE ( ( 1.000000000000000000, 0.9238795325112867385, 1.000000000000000000, 0.9238795325112867385, 1.000000000000000000, 0.9238795325112867385, 1.000000000000000000, 0.9238795325112867385, 1.000000000000000000 ) ) 
 REPRESENTATION_ITEM ( '' )  );
#2864 = CARTESIAN_POINT ( 'NONE',  ( 5.100000000000004086, -1.400343491548913022, 1.400343491548898589 ) ) ;
#2865 = CIRCLE ( 'NONE', #7255, 6.411159703984926850 ) ;
#2866 = DIRECTION ( 'NONE',  ( 0.000000000000000000, 0.000000000000000000, -1.000000000000000000 ) ) ;
#2867 = CARTESIAN_POINT ( 'NONE',  ( 16.30000000000000071, -1.424157858600947694E-14, 1.980384757729346301 ) ) ;
#2868 = ORIENTED_EDGE ( 'NONE', *, *, #7181, .F. ) ;
#2869 = AXIS2_PLACEMENT_3D ( 'NONE', #196, #5598, #2584 ) ;
#2870 = DIRECTION ( 'NONE',  ( 1.000000000000000000, -0.000000000000000000, -0.000000000000000000 ) ) ;
#2871 = ORIENTED_EDGE ( 'NONE', *, *, #19, .F. ) ;
#2872 = CARTESIAN_POINT ( 'NONE',  ( 19.20000000000000284, 1.400343491548885044, -1.400343491548898811 ) ) ;
#2873 = LINE ( 'NONE', #7709, #2066 ) ;
#2874 = CARTESIAN_POINT ( 'NONE',  ( 13.30000000000000604, -1.400343491548912578, -1.400343491548898811 ) ) ;
#2875 = DIRECTION ( 'NONE',  ( 0.000000000000000000, 1.000000000000000000, -0.000000000000000000 ) ) ;
#2876 = CARTESIAN_POINT ( 'NONE',  ( 4.450000000000002842, 2.499999999999997780, 1.035533905932744414 ) ) ;
#2877 = CARTESIAN_POINT ( 'NONE',  ( 4.950000000000001954, -2.500000000000025757, -1.035533905932743082 ) ) ;
#2878 = CC_DESIGN_APPROVAL ( #4086, ( #5254 ) ) ;
#2879 = CARTESIAN_POINT ( 'NONE',  ( -17.39758100322455547, 2.610785383146977612, 0.000000000000000000 ) ) ;
#2880 = CARTESIAN_POINT ( 'NONE',  ( 6.625000000000004441, -1.372205551982422560E-14, -2.543301270189235019 ) ) ;
#2881 = ORIENTED_EDGE ( 'NONE', *, *, #3717, .F. ) ;
#2882 = CARTESIAN_POINT ( 'NONE',  ( 8.500000000000000000, -1.980384757729360068, -2.425271854633450283E-16 ) ) ;
#2883 = CARTESIAN_POINT ( 'NONE',  ( 0.07500000000000214828, -2.543301270189248786, -3.114645759804644720E-16 ) ) ;
#2884 = CARTESIAN_POINT ( 'NONE',  ( -8.589467622627234178, -1.376936759056590631E-14, 0.000000000000000000 ) ) ;
#2885 = CARTESIAN_POINT ( 'NONE',  ( 11.15000000000000746, 1.980384757729332312, -0.8203022253684514320 ) ) ;
#2886 = CARTESIAN_POINT ( 'NONE',  ( 16.05000000000000426, -2.500000000000026201, 1.035533905932742194 ) ) ;
#2887 = CARTESIAN_POINT ( 'NONE',  ( 18.75000000000000355, -0.8203022253684664200, 1.980384757729345857 ) ) ;
#2888 = EDGE_CURVE ( 'NONE', #7472, #5567, #4802, .T. ) ;
#2889 = CARTESIAN_POINT ( 'NONE',  ( 10.82500000000000284, 2.543301270189220809, -1.053469879313100765 ) ) ;
#2890 = CARTESIAN_POINT ( 'NONE',  ( 0.3499999999999995892, -0.8203022253684664200, 1.980384757729345857 ) ) ;
#2891 = DIRECTION ( 'NONE',  ( 0.000000000000000000, 0.000000000000000000, 1.000000000000000000 ) ) ;
#2892 = CARTESIAN_POINT ( 'NONE',  ( 3.100000000000005418, 1.400343491548885044, -1.400343491548898811 ) ) ;
#2893 = CARTESIAN_POINT ( 'NONE',  ( 19.15000000000000568, 1.980384757729332312, -0.8203022253684514320 ) ) ;
#2894 = CARTESIAN_POINT ( 'NONE',  ( 6.700000000000001066, -1.424157858600947694E-14, 1.980384757729346301 ) ) ;
#2895 = CARTESIAN_POINT ( 'NONE',  ( -8.266735362446709701, 2.176544298399702981, -6.452135290758323372 ) ) ;
#2896 = CARTESIAN_POINT ( 'NONE',  ( -15.00000000000000000, -4.000000000000005329, 0.000000000000000000 ) ) ;
#2897 = CARTESIAN_POINT ( 'NONE',  ( 9.250000000000005329, -1.980384757729360290, -0.8203022253684516540 ) ) ;
#2898 = ORIENTED_EDGE ( 'NONE', *, *, #7034, .F. ) ;
#2899 = ADVANCED_FACE ( 'NONE', ( #3253, #3135 ), #1495, .T. ) ;
#2900 = CARTESIAN_POINT ( 'NONE',  ( 12.47500000000000320, 2.543301270189220809, 1.053469879313102542 ) ) ;
#2901 = CARTESIAN_POINT ( 'NONE',  ( 9.650000000000000355, 1.980384757729332312, -0.8203022253684513210 ) ) ;
#2902 = CARTESIAN_POINT ( 'NONE',  ( 4.600000000000003197, -1.433703035749471672E-14, 2.500000000000011546 ) ) ;
#2903 = B_SPLINE_CURVE_WITH_KNOTS ( 'NONE', 3,
 ( #4147, #6545, #2451, #2534, #3124, #3753, #3628, #4806, #7376, #4217 ),
 .UNSPECIFIED., .F., .F.,
 ( 4, 2, 2, 2, 4 ),
 ( 0.000000000000000000, 0.0003917340486918043595, 0.0007834680973836086106, 0.001175202146075412808, 0.001566936194767216788 ),
 .UNSPECIFIED. ) ;
#2904 = CARTESIAN_POINT ( 'NONE',  ( 3.700000000000005507, -1.400343491548912578, -1.400343491548898811 ) ) ;
#2905 = LINE ( 'NONE', #478, #3183 ) ;
#2906 = CARTESIAN_POINT ( 'NONE',  ( 15.80000000000000071, -1.400343491548912578, -1.400343491548898811 ) ) ;
#2907 = ORIENTED_EDGE ( 'NONE', *, *, #790, .F. ) ;
#2908 = ADVANCED_FACE ( 'NONE', ( #2545 ), #1965, .T. ) ;
#2909 = CARTESIAN_POINT ( 'NONE',  ( -12.50000000000000000, -2.695312499999995115, 6.231472203984926850 ) ) ;
#2910 = ORIENTED_EDGE ( 'NONE', *, *, #5773, .F. ) ;
#2911 = CARTESIAN_POINT ( 'NONE',  ( 19.70000000000000284, -1.980384757729360068, -2.425271854633450283E-16 ) ) ;
#2912 = CARTESIAN_POINT ( 'NONE',  ( -0.8517465326039085349, 2.217184983342354698, -2.160459355956945160 ) ) ;
#2913 = CARTESIAN_POINT ( 'NONE',  ( 12.20000000000000639, -1.424157858600947694E-14, 1.980384757729346301 ) ) ;
#2914 =( BOUNDED_CURVE ( )  B_SPLINE_CURVE ( 2, ( #6394, #431, #2120, #4183, #7176, #1797, #609, #6583, #7769 ),
 .UNSPECIFIED., .F., .F. ) 
 B_SPLINE_CURVE_WITH_KNOTS ( ( 3, 2, 2, 2, 3 ),
 ( 0.4537037037037037202, 0.4583333333333333148, 0.4629629629629629650, 0.4675925925925926152, 0.4722222222222222099 ),
 .UNSPECIFIED. ) 
 CURVE ( )  GEOMETRIC_REPRESENTATION_ITEM ( )  RATIONAL_B_SPLINE_CURVE ( ( 1.000000000000000000, 0.9238795325112867385, 1.000000000000000000, 0.9238795325112867385, 1.000000000000000000, 0.9238795325112867385, 1.000000000000000000, 0.9238795325112867385, 1.000000000000000000 ) ) 
 REPRESENTATION_ITEM ( '' )  );
#2915 = DIRECTION ( 'NONE',  ( -0.000000000000000000, 1.000000000000000000, -0.000000000000000000 ) ) ;
#2916 = CARTESIAN_POINT ( 'NONE',  ( 13.05000000000000249, 1.035533905932728871, -2.500000000000011546 ) ) ;
#2917 = CARTESIAN_POINT ( 'NONE',  ( 17.00000000000000355, -1.767766952966390637, -1.767766952966377092 ) ) ;
#2918 = DIRECTION ( 'NONE',  ( 1.000000000000000000, -2.573190495840610889E-16, 0.000000000000000000 ) ) ;
#2919 = VECTOR ( 'NONE', #1836, 1000.000000000000000 ) ;
#2920 = CARTESIAN_POINT ( 'NONE',  ( 5.075000000000002842, 1.053469879313086999, -2.543301270189235019 ) ) ;
#2921 = ORIENTED_EDGE ( 'NONE', *, *, #7170, .T. ) ;
#2922 = CARTESIAN_POINT ( 'NONE',  ( 7.300000000000000711, 1.980384757729332312, 0.000000000000000000 ) ) ;
#2923 = CARTESIAN_POINT ( 'NONE',  ( 1.875000000000001776, -1.372205551982422560E-14, -2.543301270189235019 ) ) ;
#2924 = CARTESIAN_POINT ( 'NONE',  ( -6.316580797368456679, -2.768745557924672251, 7.572504534289003273E-16 ) ) ;
#2925 = CIRCLE ( 'NONE', #5049, 0.3593750000000003331 ) ;
#2926 = CARTESIAN_POINT ( 'NONE',  ( 10.45000000000000639, 1.980384757729331868, 0.8203022253684526532 ) ) ;
#2927 = CARTESIAN_POINT ( 'NONE',  ( 15.90000000000000391, -1.433703035749471672E-14, 2.500000000000011546 ) ) ;
#2928 = CIRCLE ( 'NONE', #3927, 2.859374999999997335 ) ;
#2929 = CARTESIAN_POINT ( 'NONE',  ( 12.42500000000000426, 2.543301270189220809, -1.053469879313100765 ) ) ;
#2930 = CARTESIAN_POINT ( 'NONE',  ( 17.77500000000000924, -1.053469879313114532, -2.543301270189235019 ) ) ;
#2931 = DIRECTION ( 'NONE',  ( 0.000000000000000000, -1.000000000000000000, 0.000000000000000000 ) ) ;
#2932 = CARTESIAN_POINT ( 'NONE',  ( -12.50000000000000000, -2.500000000000002220, 0.000000000000000000 ) ) ;
#2933 = AXIS2_PLACEMENT_3D ( 'NONE', #405, #291, #6922 ) ;
#2934 = CARTESIAN_POINT ( 'NONE',  ( 13.40000000000000213, -1.433703035749471672E-14, 2.500000000000011546 ) ) ;
#2935 = CARTESIAN_POINT ( 'NONE',  ( 5.200000000000004619, -1.980384757729360068, -2.425271854633450283E-16 ) ) ;
#2936 = EDGE_LOOP ( 'NONE', ( #5952, #6316, #7402, #5174 ) ) ;
#2937 = CARTESIAN_POINT ( 'NONE',  ( 13.52500000000000391, -1.798385574751182103, 1.798385574751167670 ) ) ;
#2938 = CARTESIAN_POINT ( 'NONE',  ( 6.500000000000000888, 1.980384757729332312, 0.000000000000000000 ) ) ;
#2939 = CARTESIAN_POINT ( 'NONE',  ( -12.50000000000000000, 2.695312499999990674, 0.000000000000000000 ) ) ;
#2940 = EDGE_CURVE ( 'NONE', #6355, #444, #5067, .T. ) ;
#2941 = EDGE_CURVE ( 'NONE', #1194, #3592, #7718, .T. ) ;
#2942 = CARTESIAN_POINT ( 'NONE',  ( 5.500000000000003553, -1.433703035749471672E-14, 2.500000000000011546 ) ) ;
#2943 = TOROIDAL_SURFACE ( 'NONE', #6706, 6.411159703984926850, 0.1796875000000000000 ) ;
#2944 = CARTESIAN_POINT ( 'NONE',  ( 0.5290727873793121816, 0.7961028403573816581, 2.322320331998003695 ) ) ;
#2945 = CARTESIAN_POINT ( 'NONE',  ( 15.15000000000000036, 0.8203022253684377763, -1.980384757729346301 ) ) ;
#2946 = EDGE_LOOP ( 'NONE', ( #7529, #7545, #5534, #191, #2086 ) ) ;
#2947 = ORIENTED_EDGE ( 'NONE', *, *, #1460, .F. ) ;
#2948 = CARTESIAN_POINT ( 'NONE',  ( 17.40000000000000213, -1.400343491548912578, -1.400343491548898811 ) ) ;
#2949 = CARTESIAN_POINT ( 'NONE',  ( -12.50000000000000000, -4.102566777143634563E-15, 0.000000000000000000 ) ) ;
#2950 = CARTESIAN_POINT ( 'NONE',  ( 13.65000000000000568, 1.980384757729331868, 0.8203022253684526532 ) ) ;
#2951 = EDGE_CURVE ( 'NONE', #454, #5031, #4027, .T. ) ;
#2952 = CARTESIAN_POINT ( 'NONE',  ( 20.28172355630898238, 2.309509325976637939, -0.2525742637357745735 ) ) ;
#2953 = CARTESIAN_POINT ( 'NONE',  ( 9.750000000000001776, -2.500000000000025757, -1.035533905932743082 ) ) ;
#2954 = CARTESIAN_POINT ( 'NONE',  ( 16.80000000000000426, -1.767766952966391303, 1.767766952966376870 ) ) ;
#2955 = LINE ( 'NONE', #4133, #1681 ) ;
#2956 = CARTESIAN_POINT ( 'NONE',  ( 4.225000000000003197, -1.372205551982422560E-14, -2.543301270189235019 ) ) ;
#2957 = ORIENTED_EDGE ( 'NONE', *, *, #2455, .T. ) ;
#2958 = CARTESIAN_POINT ( 'NONE',  ( 9.449999999999999289, -0.8203022253684651988, -1.980384757729346301 ) ) ;
#2959 = CARTESIAN_POINT ( 'NONE',  ( 0.7250000000000034195, -1.053469879313116087, 2.543301270189234575 ) ) ;
#2960 = LINE ( 'NONE', #5347, #1320 ) ;
#2961 = CARTESIAN_POINT ( 'NONE',  ( 11.40000000000000568, -1.424157858600947694E-14, 1.980384757729346301 ) ) ;
#2962 = CARTESIAN_POINT ( 'NONE',  ( 1.250000000000001110, 2.499999999999997780, 1.035533905932744414 ) ) ;
#2963 = CARTESIAN_POINT ( 'NONE',  ( 10.22500000000000320, 1.053469879313087443, 2.543301270189234575 ) ) ;
#2964 = CARTESIAN_POINT ( 'NONE',  ( 18.22500000000000497, -1.434498467178515336E-14, 2.543301270189235019 ) ) ;
#2965 = CARTESIAN_POINT ( 'NONE',  ( -7.943492629553329465, 2.125377416303090516, 6.290200229030316059 ) ) ;
#2966 = CARTESIAN_POINT ( 'NONE',  ( 14.20000000000000462, -1.433703035749471672E-14, 2.500000000000011546 ) ) ;
#2967 = CARTESIAN_POINT ( 'NONE',  ( 0.000000000000000000, 0.000000000000000000, 0.000000000000000000 ) ) ;
#2968 = DIRECTION ( 'NONE',  ( 0.000000000000000000, 0.000000000000000000, -1.000000000000000000 ) ) ;
#2969 = CARTESIAN_POINT ( 'NONE',  ( 4.800000000000006040, 1.980384757729332312, 0.000000000000000000 ) ) ;
#2970 = CARTESIAN_POINT ( 'NONE',  ( 20.80000000000000426, 1.980384757729332312, 0.000000000000000000 ) ) ;
#2971 = CARTESIAN_POINT ( 'NONE',  ( 10.67500000000000426, 1.053469879313086999, -2.543301270189235019 ) ) ;
#2972 = CARTESIAN_POINT ( 'NONE',  ( 7.100000000000000533, -1.375652421508278441E-14, -1.980384757729346301 ) ) ;
#2973 = CARTESIAN_POINT ( 'NONE',  ( 0.5499999999997993161, 1.035533905936218302, 2.499999999998309796 ) ) ;
#2974 = DIRECTION ( 'NONE',  ( 2.168404344971008868E-16, 1.000000000000000000, -0.000000000000000000 ) ) ;
#2975 = CARTESIAN_POINT ( 'NONE',  ( 5.100000000000004086, 1.767766952966363103, -1.767766952966377092 ) ) ;
#2976 = CARTESIAN_POINT ( 'NONE',  ( 13.55000000000000604, 1.980384757729332312, -0.8203022253684513210 ) ) ;
#2977 = VERTEX_POINT ( 'NONE', #1337 ) ;
#2978 = EDGE_CURVE ( 'NONE', #3592, #7720, #5191, .T. ) ;
#2979 = ORIENTED_EDGE ( 'NONE', *, *, #2607, .F. ) ;
#2980 = CARTESIAN_POINT ( 'NONE',  ( 15.80000000000000071, -1.400343491548912578, -1.400343491548898811 ) ) ;
#2981 = CARTESIAN_POINT ( 'NONE',  ( 11.50000000000000355, 1.767766952966363103, -1.767766952966377092 ) ) ;
#2982 = CARTESIAN_POINT ( 'NONE',  ( 11.70000000000000639, -1.400343491548912578, -1.400343491548898811 ) ) ;
#2983 = CIRCLE ( 'NONE', #2485, 7.694275704778615221 ) ;
#2984 = DIRECTION ( 'NONE',  ( 1.000000000000000000, -0.000000000000000000, 0.000000000000000000 ) ) ;
#2985 = FACE_OUTER_BOUND ( 'NONE', #2057, .T. ) ;
#2986 = CARTESIAN_POINT ( 'NONE',  ( 1.100000000000003864, -1.372470695792103624E-14, -2.500000000000011546 ) ) ;
#2987 = DIRECTION ( 'NONE',  ( 1.000000000000000000, -0.000000000000000000, -0.000000000000000000 ) ) ;
#2988 = VERTEX_POINT ( 'NONE', #1413 ) ;
#2989 = CARTESIAN_POINT ( 'NONE',  ( 18.90000000000000568, -1.400343491548912578, -1.400343491548898811 ) ) ;
#2990 = AXIS2_PLACEMENT_3D ( 'NONE', #4707, #7548, #2161 ) ;
#2991 = ADVANCED_FACE ( 'NONE', ( #3766 ), #5943, .T. ) ;
#2992 = CARTESIAN_POINT ( 'NONE',  ( 6.525000000000003020, -1.798385574751181437, -1.798385574751167892 ) ) ;
#2993 = ORIENTED_EDGE ( 'NONE', *, *, #6365, .F. ) ;
#2994 = CARTESIAN_POINT ( 'NONE',  ( 3.900000000000000799, -1.375652421508278441E-14, -1.980384757729346301 ) ) ;
#2995 = CARTESIAN_POINT ( 'NONE',  ( 0.8250000000000027311, -2.543301270189249674, 1.053469879313100099 ) ) ;
#2996 = AXIS2_PLACEMENT_3D ( 'NONE', #3480, #6471, #2193 ) ;
#2997 = CARTESIAN_POINT ( 'NONE',  ( 8.950000000000004619, 0.8203022253684378873, 1.980384757729345857 ) ) ;
#2998 = DIRECTION ( 'NONE',  ( 1.000000000000000000, -0.000000000000000000, -0.000000000000000000 ) ) ;
#2999 = EDGE_CURVE ( 'NONE', #444, #2465, #6422, .T. ) ;
#3000 = LOCAL_TIME ( 14, 23, 12.00000000000000000, #2376 ) ;
#3001 = CARTESIAN_POINT ( 'NONE',  ( 10.37500000000000178, -1.798385574751182103, 1.798385574751167670 ) ) ;
#3002 = CARTESIAN_POINT ( 'NONE',  ( 20.12500000000000355, -1.798385574751181437, -1.798385574751167892 ) ) ;
#3003 = CARTESIAN_POINT ( 'NONE',  ( 19.00000000000000711, -1.375652421508278441E-14, -1.980384757729346301 ) ) ;
#3004 = PERSON_AND_ORGANIZATION ( #5706, #4250 ) ;
#3005 = CARTESIAN_POINT ( 'NONE',  ( 12.05000000000000426, -2.500000000000026201, 1.035533905932742194 ) ) ;
#3006 = CARTESIAN_POINT ( 'NONE',  ( 5.000000000000004441, -1.424157858600947694E-14, 1.980384757729346301 ) ) ;
#3007 = EDGE_LOOP ( 'NONE', ( #1191, #2167, #147, #4285 ) ) ;
#3008 = CARTESIAN_POINT ( 'NONE',  ( 11.82500000000000462, -1.434498467178515336E-14, 2.543301270189235019 ) ) ;
#3009 = CARTESIAN_POINT ( 'NONE',  ( 8.550000000000002487, -1.980384757729360290, -0.8203022253684516540 ) ) ;
#3010 = CARTESIAN_POINT ( 'NONE',  ( 5.900000000000003908, -1.372470695792103624E-14, -2.500000000000011546 ) ) ;
#3011 = CARTESIAN_POINT ( 'NONE',  ( 14.05000000000000249, -1.980384757729360512, 0.8203022253684509879 ) ) ;
#3012 = CARTESIAN_POINT ( 'NONE',  ( 5.650000000000003908, -2.500000000000026201, 1.035533905932742194 ) ) ;
#3013 = FACE_OUTER_BOUND ( 'NONE', #3863, .T. ) ;
#3014 = CARTESIAN_POINT ( 'NONE',  ( 14.80000000000000604, -1.980384757729360068, -2.425271854633450283E-16 ) ) ;
#3015 = ORIENTED_EDGE ( 'NONE', *, *, #2194, .T. ) ;
#3016 =( BOUNDED_CURVE ( )  B_SPLINE_CURVE ( 2, ( #2638, #6885, #5656, #5030, #954, #4445, #1466, #3338, #2166 ),
 .UNSPECIFIED., .F., .T. ) 
 B_SPLINE_CURVE_WITH_KNOTS ( ( 3, 2, 2, 2, 3 ),
 ( 0.4629629629629629095, 0.4675925925925925597, 0.4722222222222222099, 0.4768518518518518601, 0.4814814814814814548 ),
 .UNSPECIFIED. ) 
 CURVE ( )  GEOMETRIC_REPRESENTATION_ITEM ( )  RATIONAL_B_SPLINE_CURVE ( ( 1.000000000000000000, 0.9238795325112867385, 1.000000000000000000, 0.9238795325112867385, 1.000000000000000000, 0.9238795325112867385, 1.000000000000000000, 0.9238795325112867385, 1.000000000000000000 ) ) 
 REPRESENTATION_ITEM ( '' )  );
#3017 = ORIENTED_EDGE ( 'NONE', *, *, #308, .T. ) ;
#3018 = CARTESIAN_POINT ( 'NONE',  ( 15.60000000000000320, -1.400343491548913022, 1.400343491548898589 ) ) ;
#3019 = CARTESIAN_POINT ( 'NONE',  ( 12.60000000000000320, 1.767766952966362659, 1.767766952966377536 ) ) ;
#3020 = CARTESIAN_POINT ( 'NONE',  ( 11.15000000000000746, 1.980384757729332312, -0.8203022253684513210 ) ) ;
#3021 = LINE ( 'NONE', #1223, #4617 ) ;
#3022 = CARTESIAN_POINT ( 'NONE',  ( 2.500000000000002220, -2.500000000000025757, -3.061616997868397439E-16 ) ) ;
#3023 = CARTESIAN_POINT ( 'NONE',  ( 17.50000000000000355, -1.433703035749471672E-14, 2.500000000000011546 ) ) ;
#3024 = CARTESIAN_POINT ( 'NONE',  ( -1.282837043398633137, 1.904620535319857311, -2.678881232160924331 ) ) ;
#3025 = CARTESIAN_POINT ( 'NONE',  ( 18.35000000000000497, 1.980384757729332312, -0.8203022253684513210 ) ) ;
#3026 = CARTESIAN_POINT ( 'NONE',  ( 1.775000000000002576, -1.053469879313114532, -2.543301270189235019 ) ) ;
#3027 = EDGE_LOOP ( 'NONE', ( #6083, #482 ) ) ;
#3028 = CARTESIAN_POINT ( 'NONE',  ( 4.599999999999999645, -1.400343491548912578, -1.400343491548898811 ) ) ;
#3029 = CARTESIAN_POINT ( 'NONE',  ( 0.9750000000000036415, -1.798385574751181437, -1.798385574751167892 ) ) ;
#3030 = CARTESIAN_POINT ( 'NONE',  ( 1.650000000000005462, 1.980384757729331868, 0.8203022253684526532 ) ) ;
#3031 = DIRECTION ( 'NONE',  ( -2.168404344971008868E-16, -1.000000000000000000, 0.000000000000000000 ) ) ;
#3032 = CARTESIAN_POINT ( 'NONE',  ( 10.55000000000000604, 0.8203022253684378873, 1.980384757729345857 ) ) ;
#3033 = CARTESIAN_POINT ( 'NONE',  ( 6.050000000000001599, -1.980384757729360512, 0.8203022253684509879 ) ) ;
#3034 = EDGE_CURVE ( 'NONE', #7623, #7001, #263, .T. ) ;
#3035 = CARTESIAN_POINT ( 'NONE',  ( 10.75000000000000178, 1.035533905932728871, -2.500000000000011546 ) ) ;
#3036 = CARTESIAN_POINT ( 'NONE',  ( 10.42500000000000426, -2.543301270189249674, 1.053469879313100099 ) ) ;
#3037 = CARTESIAN_POINT ( 'NONE',  ( 20.32500000000000284, 1.798385574751153904, -1.798385574751167892 ) ) ;
#3038 = CARTESIAN_POINT ( 'NONE',  ( 7.950000000000001954, -2.500000000000026201, 1.035533905932742194 ) ) ;
#3039 = CARTESIAN_POINT ( 'NONE',  ( 20.00000000000000711, 1.980384757729332312, 0.000000000000000000 ) ) ;
#3040 = APPLICATION_PROTOCOL_DEFINITION ( 'international standard', 'config_control_design', 1994, #4770 ) ;
#3041 = CARTESIAN_POINT ( 'NONE',  ( 12.30000000000000426, -1.372470695792103624E-14, -2.500000000000011546 ) ) ;
#3042 = ORIENTED_EDGE ( 'NONE', *, *, #697, .T. ) ;
#3043 = CARTESIAN_POINT ( 'NONE',  ( 6.550000000000006040, 0.8203022253684378873, 1.980384757729345857 ) ) ;
#3044 = CARTESIAN_POINT ( 'NONE',  ( 20.20000000000000639, -1.424157858600947694E-14, 1.980384757729346301 ) ) ;
#3045 = CARTESIAN_POINT ( 'NONE',  ( 12.07500000000000284, -2.543301270189249674, -1.053469879313101210 ) ) ;
#3046 = CARTESIAN_POINT ( 'NONE',  ( 19.67500000000000426, 2.543301270189221253, 0.000000000000000000 ) ) ;
#3047 = CARTESIAN_POINT ( 'NONE',  ( 7.050000000000002487, -0.8203022253684651988, -1.980384757729346301 ) ) ;
#3048 = VECTOR ( 'NONE', #4277, 1000.000000000000000 ) ;
#3049 = CARTESIAN_POINT ( 'NONE',  ( -12.50000000000000000, -2.875000000000008438, 0.000000000000000000 ) ) ;
#3050 = CARTESIAN_POINT ( 'NONE',  ( 12.35000000000000142, -0.8203022253684664200, 1.980384757729345857 ) ) ;
#3051 = CARTESIAN_POINT ( 'NONE',  ( 1.700000000000003508, 1.400343491548884600, 1.400343491548899033 ) ) ;
#3052 = CARTESIAN_POINT ( 'NONE',  ( 20.16339745962156016, -1.372858893272101821E-14, -2.436602540378453252 ) ) ;
#3053 = CARTESIAN_POINT ( 'NONE',  ( 20.50000000000000355, -1.994147039931124299, 0.3714212313821216305 ) ) ;
#3054 = CARTESIAN_POINT ( 'NONE',  ( 16.00000000000000711, 1.980384757729332312, 0.000000000000000000 ) ) ;
#3055 = ORIENTED_EDGE ( 'NONE', *, *, #6538, .T. ) ;
#3056 = CIRCLE ( 'NONE', #6571, 6.245515272181224375 ) ;
#3057 = ORIENTED_EDGE ( 'NONE', *, *, #6212, .T. ) ;
#3058 = CARTESIAN_POINT ( 'NONE',  ( 18.19999999999999929, -1.400343491548912578, -1.400343491548898811 ) ) ;
#3059 = CARTESIAN_POINT ( 'NONE',  ( 20.45136269229271164, -0.8895274655603899738, 1.964500026082760087 ) ) ;
#3060 = CARTESIAN_POINT ( 'NONE',  ( 20.38928697542127466, 0.7480278092694759851, 2.085751013194928394 ) ) ;
#3061 = CARTESIAN_POINT ( 'NONE',  ( 7.450000000000003730, 1.035533905932728871, -2.500000000000011546 ) ) ;
#3062 = CIRCLE ( 'NONE', #6837, 8.000000000000000000 ) ;
#3063 = CARTESIAN_POINT ( 'NONE',  ( 17.80000000000000426, -1.372470695792103782E-14, -2.500000000000011546 ) ) ;
#3064 = CARTESIAN_POINT ( 'NONE',  ( 20.20928519463672401, -2.237290935869706843, -0.8521717378916670027 ) ) ;
#3065 = CARTESIAN_POINT ( 'NONE',  ( 18.10000000000000497, -1.400343491548912578, -1.400343491548898811 ) ) ;
#3066 =( BOUNDED_CURVE ( )  B_SPLINE_CURVE ( 2, ( #4529, #2805, #6420, #6934, #2843, #4065, #3943, #3981, #1596 ),
 .UNSPECIFIED., .F., .F. ) 
 B_SPLINE_CURVE_WITH_KNOTS ( ( 3, 2, 2, 2, 3 ),
 ( 0.05555555555555558023, 0.06018518518518511939, 0.06481481481481476958, 0.06944444444444441977, 0.07407407407407406996 ),
 .UNSPECIFIED. ) 
 CURVE ( )  GEOMETRIC_REPRESENTATION_ITEM ( )  RATIONAL_B_SPLINE_CURVE ( ( 1.000000000000000000, 0.9238795325112867385, 1.000000000000000000, 0.9238795325112867385, 1.000000000000000000, 0.9238795325112867385, 1.000000000000000000, 0.9238795325112867385, 1.000000000000000000 ) ) 
 REPRESENTATION_ITEM ( '' )  );
#3067 = CARTESIAN_POINT ( 'NONE',  ( 4.175000000000005151, -1.053469879313114532, -2.543301270189235019 ) ) ;
#3068 = EDGE_LOOP ( 'NONE', ( #6596, #7304, #4446, #1783 ) ) ;
#3069 = CARTESIAN_POINT ( 'NONE',  ( 4.650000000000001243, -0.8203022253684651988, -1.980384757729346301 ) ) ;
#3070 = CARTESIAN_POINT ( 'NONE',  ( -0.4249999999999982681, 1.798385574751153904, -1.798385574751167892 ) ) ;
#3071 = B_SPLINE_CURVE_WITH_KNOTS ( 'NONE', 3,
 ( #3953, #5246, #2704, #7503, #1569, #5209, #7540, #7618, #6431, #4660, #1647, #2153, #4033, #347, #5130, #5764 ),
 .UNSPECIFIED., .F., .F.,
 ( 4, 2, 2, 2, 2, 2, 2, 4 ),
 ( 6.133173666733496745E-19, 0.0009732167545736433159, 0.001946433509147285548, 0.002919650263720927237, 0.003892867018294569360, 0.005839300527441851872, 0.006812517282015493995, 0.007785734036589133517 ),
 .UNSPECIFIED. ) ;
#3072 = CARTESIAN_POINT ( 'NONE',  ( 3.350000000000005862, 0.8203022253684378873, 1.980384757729345857 ) ) ;
#3073 = DIRECTION ( 'NONE',  ( 2.168404344971008868E-16, 1.000000000000000000, -0.000000000000000000 ) ) ;
#3074 = CARTESIAN_POINT ( 'NONE',  ( 6.500000000000005329, 1.400343491548884600, 1.400343491548899033 ) ) ;
#3075 = CARTESIAN_POINT ( 'NONE',  ( 6.900000000000001243, -1.980384757729360068, -2.425271854633450283E-16 ) ) ;
#3076 = CARTESIAN_POINT ( 'NONE',  ( 10.90000000000000391, 2.499999999999997780, 0.000000000000000000 ) ) ;
#3077 = EDGE_CURVE ( 'NONE', #1389, #4558, #1304, .T. ) ;
#3078 = CARTESIAN_POINT ( 'NONE',  ( 9.125000000000001776, 1.053469879313086999, -2.543301270189235019 ) ) ;
#3079 = CARTESIAN_POINT ( 'NONE',  ( 16.72500000000000497, -1.798385574751182103, 1.798385574751167670 ) ) ;
#3080 = DIRECTION ( 'NONE',  ( 1.000000000000000000, 0.000000000000000000, 1.224646799147354686E-16 ) ) ;
#3081 = CARTESIAN_POINT ( 'NONE',  ( 16.70000000000000639, 1.400343491548885044, -1.400343491548898811 ) ) ;
#3082 = SECURITY_CLASSIFICATION_LEVEL ( 'unclassified' ) ;
#3083 = DIRECTION ( 'NONE',  ( -0.000000000000000000, 1.000000000000000000, 0.000000000000000000 ) ) ;
#3084 = VERTEX_POINT ( 'NONE', #702 ) ;
#3085 = CARTESIAN_POINT ( 'NONE',  ( 5.900000000000005684, -1.400343491548913022, 1.400343491548898589 ) ) ;
#3086 = ORIENTED_EDGE ( 'NONE', *, *, #2139, .F. ) ;
#3087 = EDGE_CURVE ( 'NONE', #1887, #4589, #1818, .T. ) ;
#3088 = CARTESIAN_POINT ( 'NONE',  ( 12.50000000000000000, -1.980384757729360068, -2.425271854633450283E-16 ) ) ;
#3089 = DIRECTION ( 'NONE',  ( 2.168404344971008868E-16, 1.000000000000000000, -0.000000000000000000 ) ) ;
#3090 = CARTESIAN_POINT ( 'NONE',  ( 8.950000000000001066, 1.980384757729331868, 0.8203022253684526532 ) ) ;
#3091 = CARTESIAN_POINT ( 'NONE',  ( 9.500000000000005329, 1.400343491548885044, -1.400343491548898811 ) ) ;
#3092 = CARTESIAN_POINT ( 'NONE',  ( -7.619666505509210097, -2.042052523544255482, -6.139222040369705091 ) ) ;
#3093 = CARTESIAN_POINT ( 'NONE',  ( 12.05000000000000249, 1.980384757729332312, -0.8203022253684513210 ) ) ;
#3094 = CARTESIAN_POINT ( 'NONE',  ( 2.050000000000006484, -1.980384757729360068, -0.8203022253684516540 ) ) ;
#3095 = CARTESIAN_POINT ( 'NONE',  ( 15.70000000000000284, 1.767766952966362659, 1.767766952966377536 ) ) ;
#3096 = CARTESIAN_POINT ( 'NONE',  ( 0.5079895337882261996, 1.518340371679715473, 1.975149745673604684 ) ) ;
#3097 = CARTESIAN_POINT ( 'NONE',  ( 14.10000000000000497, -1.400343491548912578, -1.400343491548898811 ) ) ;
#3098 = ORIENTED_EDGE ( 'NONE', *, *, #129, .F. ) ;
#3099 = VERTEX_POINT ( 'NONE', #5446 ) ;
#3100 = CARTESIAN_POINT ( 'NONE',  ( 17.30000000000000426, -1.980384757729360068, -2.425271854633450283E-16 ) ) ;
#3101 = CARTESIAN_POINT ( 'NONE',  ( -0.4661919746328027636, 2.499999999999998668, -1.484280771487681783 ) ) ;
#3102 = CARTESIAN_POINT ( 'NONE',  ( 20.20402227146638552, 1.152228431847655665, -2.106194504326976968 ) ) ;
#3103 = CARTESIAN_POINT ( 'NONE',  ( 17.75000000000000711, -2.500000000000025757, -1.035533905932743082 ) ) ;
#3104 = LINE ( 'NONE', #7435, #7183 ) ;
#3105 = CARTESIAN_POINT ( 'NONE',  ( 16.95000000000000639, 0.8203022253684378873, 1.980384757729345857 ) ) ;
#3106 = CARTESIAN_POINT ( 'NONE',  ( 3.225000000000002309, -2.543301270189248786, -3.114645759804644720E-16 ) ) ;
#3107 = ORIENTED_EDGE ( 'NONE', *, *, #4809, .F. ) ;
#3108 = CARTESIAN_POINT ( 'NONE',  ( 6.350000000000001421, 0.8203022253684377763, -1.980384757729346301 ) ) ;
#3109 = CARTESIAN_POINT ( 'NONE',  ( 15.95000000000000284, 0.8203022253684377763, -1.980384757729346301 ) ) ;
#3110 = CARTESIAN_POINT ( 'NONE',  ( 20.20000000000000639, -1.424157858600947694E-14, 1.980384757729346301 ) ) ;
#3111 = CARTESIAN_POINT ( 'NONE',  ( 4.250000000000003553, -0.8203022253684664200, 1.980384757729345857 ) ) ;
#3112 = CARTESIAN_POINT ( 'NONE',  ( 4.150000000000004796, -1.035533905932756404, -2.500000000000011546 ) ) ;
#3113 = CARTESIAN_POINT ( 'NONE',  ( 7.500000000000005329, -1.400343491548913022, 1.400343491548898589 ) ) ;
#3114 = CARTESIAN_POINT ( 'NONE',  ( 4.900000000000001243, 1.980384757729332312, 0.000000000000000000 ) ) ;
#3115 =( BOUNDED_CURVE ( )  B_SPLINE_CURVE ( 2, ( #652, #1033, #6661, #71, #1285, #1625, #7670, #3456, #3416 ),
 .UNSPECIFIED., .F., .T. ) 
 B_SPLINE_CURVE_WITH_KNOTS ( ( 3, 2, 2, 2, 3 ),
 ( 0.3425925925925926152, 0.3472222222222222099, 0.3518518518518518601, 0.3564814814814814548, 0.3611111111111111049 ),
 .UNSPECIFIED. ) 
 CURVE ( )  GEOMETRIC_REPRESENTATION_ITEM ( )  RATIONAL_B_SPLINE_CURVE ( ( 1.000000000000000000, 0.9238795325112867385, 1.000000000000000000, 0.9238795325112867385, 1.000000000000000000, 0.9238795325112867385, 1.000000000000000000, 0.9238795325112867385, 1.000000000000000000 ) ) 
 REPRESENTATION_ITEM ( '' )  );
#3116 = VECTOR ( 'NONE', #2870, 1000.000000000000000 ) ;
#3117 = CARTESIAN_POINT ( 'NONE',  ( 16.10000000000000142, -1.767766952966390637, -1.767766952966377092 ) ) ;
#3118 = CARTESIAN_POINT ( 'NONE',  ( 7.725000000000002309, 2.543301270189220809, 1.053469879313102542 ) ) ;
#3119 = TOROIDAL_SURFACE ( 'NONE', #6630, 5.056145703497867849, 0.1796875000000000000 ) ;
#3120 = CARTESIAN_POINT ( 'NONE',  ( 14.67500000000000426, 1.053469879313086999, -2.543301270189235019 ) ) ;
#3121 = DIRECTION ( 'NONE',  ( -0.000000000000000000, 1.000000000000000000, -0.000000000000000000 ) ) ;
#3122 = CARTESIAN_POINT ( 'NONE',  ( 17.65000000000000568, 1.980384757729331868, 0.8203022253684526532 ) ) ;
#3123 = CALENDAR_DATE ( 2026, 26, 6 ) ;
#3124 = CARTESIAN_POINT ( 'NONE',  ( 0.7999999999999976019, 1.879171336619690491, -0.6383617552640000747 ) ) ;
#3125 = ORIENTED_EDGE ( 'NONE', *, *, #69, .T. ) ;
#3126 = CARTESIAN_POINT ( 'NONE',  ( 0.9500000000000063949, 0.8203022253684378873, 1.980384757729345857 ) ) ;
#3127 = CARTESIAN_POINT ( 'NONE',  ( 18.22500000000000142, 1.053469879313087443, 2.543301270189234575 ) ) ;
#3128 = CARTESIAN_POINT ( 'NONE',  ( 5.500000000000001776, -1.375652421508278441E-14, -1.980384757729346301 ) ) ;
#3129 = CARTESIAN_POINT ( 'NONE',  ( 8.600000000000004974, -1.375652421508278441E-14, -1.980384757729346301 ) ) ;
#3130 = FACE_OUTER_BOUND ( 'NONE', #13, .T. ) ;
#3131 = CARTESIAN_POINT ( 'NONE',  ( 12.80000000000000249, 1.400343491548885044, -1.400343491548898811 ) ) ;
#3132 = CARTESIAN_POINT ( 'NONE',  ( -12.50000000000000000, -4.102566777143634563E-15, 0.000000000000000000 ) ) ;
#3133 = CARTESIAN_POINT ( 'NONE',  ( 8.250000000000001776, 1.035533905932728871, -2.500000000000011546 ) ) ;
#3134 = EDGE_CURVE ( 'NONE', #5063, #3578, #1976, .T. ) ;
#3135 = FACE_OUTER_BOUND ( 'NONE', #1737, .T. ) ;
#3136 = CARTESIAN_POINT ( 'NONE',  ( 16.30000000000000426, -1.400343491548913022, 1.400343491548898589 ) ) ;
#3137 = EDGE_LOOP ( 'NONE', ( #2388, #1967, #5689, #7479 ) ) ;
#3138 = VERTEX_POINT ( 'NONE', #2506 ) ;
#3139 = CARTESIAN_POINT ( 'NONE',  ( 14.85000000000000497, -1.980384757729360512, 0.8203022253684509879 ) ) ;
#3140 = CARTESIAN_POINT ( 'NONE',  ( 18.70000000000000639, -1.372470695792103624E-14, -2.500000000000011546 ) ) ;
#3141 = CARTESIAN_POINT ( 'NONE',  ( 1.900000000000002354, -1.372470695792103624E-14, -2.500000000000011546 ) ) ;
#3142 = DIRECTION ( 'NONE',  ( 0.000000000000000000, 0.000000000000000000, 1.000000000000000000 ) ) ;
#3143 = EDGE_CURVE ( 'NONE', #828, #4038, #4310, .T. ) ;
#3144 = CARTESIAN_POINT ( 'NONE',  ( -12.50000000000000000, 2.042052523544252374, 0.000000000000000000 ) ) ;
#3145 = ORIENTED_EDGE ( 'NONE', *, *, #5145, .F. ) ;
#3146 = CARTESIAN_POINT ( 'NONE',  ( 18.15000000000000568, -0.8203022253684651988, -1.980384757729346301 ) ) ;
#3147 = CARTESIAN_POINT ( 'NONE',  ( 3.875000000000003553, -1.053469879313116087, 2.543301270189234575 ) ) ;
#3148 = ORIENTED_EDGE ( 'NONE', *, *, #3522, .F. ) ;
#3149 = CARTESIAN_POINT ( 'NONE',  ( 5.100000000000000533, -1.424157858600947694E-14, 1.980384757729346301 ) ) ;
#3150 = CARTESIAN_POINT ( 'NONE',  ( 13.85000000000000320, 0.8203022253684378873, 1.980384757729345857 ) ) ;
#3151 = CARTESIAN_POINT ( 'NONE',  ( 20.60000000000000853, -1.375652421508278441E-14, -1.980384757729346301 ) ) ;
#3152 = CARTESIAN_POINT ( 'NONE',  ( 3.400000000000003908, -1.424157858600947694E-14, 1.980384757729346301 ) ) ;
#3153 = CARTESIAN_POINT ( 'NONE',  ( 6.800000000000006040, -1.980384757729360068, -2.425271854633450283E-16 ) ) ;
#3154 = CARTESIAN_POINT ( 'NONE',  ( 2.549999999999999822, 1.980384757729331868, 0.8203022253684526532 ) ) ;
#3155 = FACE_OUTER_BOUND ( 'NONE', #6289, .T. ) ;
#3156 = CARTESIAN_POINT ( 'NONE',  ( 7.925000000000003375, -1.053469879313116087, 2.543301270189234575 ) ) ;
#3157 = CARTESIAN_POINT ( 'NONE',  ( 14.47500000000000320, -2.543301270189249674, -1.053469879313101210 ) ) ;
#3158 = CARTESIAN_POINT ( 'NONE',  ( 4.300000000000005151, -1.372470695792103624E-14, -2.500000000000011546 ) ) ;
#3159 =( BOUNDED_CURVE ( )  B_SPLINE_CURVE ( 2, ( #5434, #190, #2578, #5394, #26, #1241, #647, #65, #102 ),
 .UNSPECIFIED., .F., .F. ) 
 B_SPLINE_CURVE_WITH_KNOTS ( ( 3, 2, 2, 2, 3 ),
 ( 0.4259259259259259300, 0.4305555555555555802, 0.4351851851851851194, 0.4398148148148147696, 0.4444444444444444198 ),
 .UNSPECIFIED. ) 
 CURVE ( )  GEOMETRIC_REPRESENTATION_ITEM ( )  RATIONAL_B_SPLINE_CURVE ( ( 1.000000000000000000, 0.9238795325112867385, 1.000000000000000000, 0.9238795325112867385, 1.000000000000000000, 0.9238795325112867385, 1.000000000000000000, 0.9238795325112867385, 1.000000000000000000 ) ) 
 REPRESENTATION_ITEM ( '' )  );
#3160 = CARTESIAN_POINT ( 'NONE',  ( 18.05000000000001137, -1.980384757729360068, -0.8203022253684516540 ) ) ;
#3161 = COORDINATED_UNIVERSAL_TIME_OFFSET ( 6, 0, .BEHIND. ) ;
#3162 = ORIENTED_EDGE ( 'NONE', *, *, #4629, .F. ) ;
#3163 = CARTESIAN_POINT ( 'NONE',  ( 2.750000000000006661, -1.980384757729360512, 0.8203022253684509879 ) ) ;
#3164 = CARTESIAN_POINT ( 'NONE',  ( 16.22500000000000497, -1.053469879313114532, -2.543301270189235019 ) ) ;
#3165 = CARTESIAN_POINT ( 'NONE',  ( 5.550000000000000711, 0.8203022253684377763, -1.980384757729346301 ) ) ;
#3166 = CARTESIAN_POINT ( 'NONE',  ( 10.15000000000000568, -0.8203022253684651988, -1.980384757729346301 ) ) ;
#3167 = DIRECTION ( 'NONE',  ( 1.000000000000000000, -0.000000000000000000, -0.000000000000000000 ) ) ;
#3168 = AXIS2_PLACEMENT_3D ( 'NONE', #2342, #4735, #1763 ) ;
#3169 = CARTESIAN_POINT ( 'NONE',  ( 12.15000000000000036, 1.980384757729331868, 0.8203022253684526532 ) ) ;
#3170 = DIRECTION ( 'NONE',  ( -1.000000000000000000, 2.168404344971009361E-16, 0.000000000000000000 ) ) ;
#3171 = CARTESIAN_POINT ( 'NONE',  ( 8.300000000000004263, 1.767766952966363103, -1.767766952966377092 ) ) ;
#3172 = CARTESIAN_POINT ( 'NONE',  ( 6.200000000000001954, -1.433703035749471672E-14, 2.500000000000011546 ) ) ;
#3173 = CARTESIAN_POINT ( 'NONE',  ( 10.50000000000000533, 1.400343491548884600, 1.400343491548899033 ) ) ;
#3174 = ORIENTED_EDGE ( 'NONE', *, *, #222, .F. ) ;
#3175 = AXIS2_PLACEMENT_3D ( 'NONE', #3504, #4566, #3465 ) ;
#3176 = ORIENTED_EDGE ( 'NONE', *, *, #5285, .T. ) ;
#3177 = CARTESIAN_POINT ( 'NONE',  ( 13.45000000000000107, -0.8203022253684651988, -1.980384757729346301 ) ) ;
#3178 = ADVANCED_FACE ( 'NONE', ( #2544 ), #957, .T. ) ;
#3179 = ADVANCED_FACE ( 'NONE', ( #5110 ), #6317, .T. ) ;
#3180 = CARTESIAN_POINT ( 'NONE',  ( 6.750000000000003553, 1.035533905932728871, -2.500000000000011546 ) ) ;
#3181 = CARTESIAN_POINT ( 'NONE',  ( 9.850000000000003197, 1.035533905932728871, -2.500000000000011546 ) ) ;
#3182 = DIRECTION ( 'NONE',  ( 0.000000000000000000, 0.000000000000000000, -1.000000000000000000 ) ) ;
#3183 = VECTOR ( 'NONE', #3336, 1000.000000000000000 ) ;
#3184 = VERTEX_POINT ( 'NONE', #1586 ) ;
#3185 = EDGE_LOOP ( 'NONE', ( #5830, #7266, #2597, #7563 ) ) ;
#3186 = CARTESIAN_POINT ( 'NONE',  ( 2.325000000000004174, -1.798385574751182103, 1.798385574751167670 ) ) ;
#3187 = ORIENTED_EDGE ( 'NONE', *, *, #6783, .T. ) ;
#3188 = EDGE_CURVE ( 'NONE', #7226, #2280, #2427, .T. ) ;
#3189 = CARTESIAN_POINT ( 'NONE',  ( 3.300000000000000711, 1.980384757729332312, 0.000000000000000000 ) ) ;
#3190 = AXIS2_PLACEMENT_3D ( 'NONE', #771, #2031, #5086 ) ;
#3191 = CARTESIAN_POINT ( 'NONE',  ( 14.05000000000000249, -1.980384757729360512, 0.8203022253684510989 ) ) ;
#3192 = CARTESIAN_POINT ( 'NONE',  ( 20.75000000000000711, 1.980384757729332312, -0.8203022253684513210 ) ) ;
#3193 = CARTESIAN_POINT ( 'NONE',  ( 0.5000000000000378586, -2.500000000000019540, -0.1532212113166080691 ) ) ;
#3194 = CARTESIAN_POINT ( 'NONE',  ( 7.750000000000005329, -0.8203022253684651988, -1.980384757729346301 ) ) ;
#3195 = CARTESIAN_POINT ( 'NONE',  ( 4.200000000000001954, 1.400343491548884600, 1.400343491548899033 ) ) ;
#3196 = CYLINDRICAL_SURFACE ( 'NONE', #1554, 2.500000000000010658 ) ;
#3197 = CARTESIAN_POINT ( 'NONE',  ( 7.075000000000002842, -1.434498467178515336E-14, 2.543301270189235019 ) ) ;
#3198 = CARTESIAN_POINT ( 'NONE',  ( 16.57500000000000284, 1.053469879313087443, 2.543301270189234575 ) ) ;
#3199 = CARTESIAN_POINT ( 'NONE',  ( 16.50000000000000711, -1.400343491548912578, -1.400343491548898811 ) ) ;
#3200 = EDGE_CURVE ( 'NONE', #4363, #1887, #670, .T. ) ;
#3201 = CARTESIAN_POINT ( 'NONE',  ( 3.000000000000002220, -1.433703035749471672E-14, 2.500000000000011546 ) ) ;
#3202 = VERTEX_POINT ( 'NONE', #5075 ) ;
#3203 = CARTESIAN_POINT ( 'NONE',  ( 1.650000000000005462, 1.980384757729331868, 0.8203022253684526532 ) ) ;
#3204 = CARTESIAN_POINT ( 'NONE',  ( 18.42500000000000071, -2.543301270189249674, 1.053469879313100099 ) ) ;
#3205 =( BOUNDED_CURVE ( )  B_SPLINE_CURVE ( 2, ( #5979, #4335, #3703, #6059, #3076, #7369, #6141, #3035, #7327 ),
 .UNSPECIFIED., .F., .F. ) 
 B_SPLINE_CURVE_WITH_KNOTS ( ( 3, 2, 2, 2, 3 ),
 ( 0.4351851851851851749, 0.4398148148148148251, 0.4444444444444444198, 0.4490740740740740700, 0.4537037037037037202 ),
 .UNSPECIFIED. ) 
 CURVE ( )  GEOMETRIC_REPRESENTATION_ITEM ( )  RATIONAL_B_SPLINE_CURVE ( ( 1.000000000000000000, 0.9238795325112867385, 1.000000000000000000, 0.9238795325112867385, 1.000000000000000000, 0.9238795325112867385, 1.000000000000000000, 0.9238795325112867385, 1.000000000000000000 ) ) 
 REPRESENTATION_ITEM ( '' )  );
#3206 = CARTESIAN_POINT ( 'NONE',  ( 3.350000000000002753, 1.980384757729331868, 0.8203022253684526532 ) ) ;
#3207 = CARTESIAN_POINT ( 'NONE',  ( 9.300000000000006040, -1.400343491548912578, -1.400343491548898811 ) ) ;
#3208 = DIRECTION ( 'NONE',  ( 1.000000000000000000, -1.778671531248330463E-16, 0.000000000000000000 ) ) ;
#3209 = CARTESIAN_POINT ( 'NONE',  ( 10.45000000000000107, 1.980384757729332312, -0.8203022253684513210 ) ) ;
#3210 = DIRECTION ( 'NONE',  ( 1.000000000000000000, -0.000000000000000000, -0.000000000000000000 ) ) ;
#3211 = CARTESIAN_POINT ( 'NONE',  ( 14.40000000000000391, -1.767766952966391303, 1.767766952966376870 ) ) ;
#3212 = CARTESIAN_POINT ( 'NONE',  ( 6.600000000000003197, -1.372470695792103782E-14, -2.500000000000011546 ) ) ;
#3213 = CARTESIAN_POINT ( 'NONE',  ( 10.10000000000000497, -1.400343491548912578, -1.400343491548898811 ) ) ;
#3214 = ORIENTED_EDGE ( 'NONE', *, *, #6260, .F. ) ;
#3215 = ORIENTED_EDGE ( 'NONE', *, *, #892, .T. ) ;
#3216 = CARTESIAN_POINT ( 'NONE',  ( 15.30000000000000071, 1.980384757729332312, 0.000000000000000000 ) ) ;
#3217 = CARTESIAN_POINT ( 'NONE',  ( 10.15000000000000213, 1.035533905932729315, 2.500000000000011102 ) ) ;
#3218 = CARTESIAN_POINT ( 'NONE',  ( 20.45000000000012363, -1.980384757730711875, 0.8203022253670996244 ) ) ;
#3219 = CARTESIAN_POINT ( 'NONE',  ( 19.60000000000000142, 2.499999999999997780, 0.000000000000000000 ) ) ;
#3220 = CARTESIAN_POINT ( 'NONE',  ( 14.30000000000000249, -1.433703035749471672E-14, 2.500000000000011546 ) ) ;
#3221 = ORIENTED_EDGE ( 'NONE', *, *, #5783, .F. ) ;
#3222 = EDGE_CURVE ( 'NONE', #5848, #4596, #6696, .T. ) ;
#3223 = VERTEX_POINT ( 'NONE', #6330 ) ;
#3224 = CARTESIAN_POINT ( 'NONE',  ( 3.249999999999999556, 1.980384757729332312, -0.8203022253684514320 ) ) ;
#3225 = CARTESIAN_POINT ( 'NONE',  ( 13.15000000000000213, -0.8203022253684665310, 1.980384757729345857 ) ) ;
#3226 = CARTESIAN_POINT ( 'NONE',  ( 19.00000000000000711, -1.375652421508278441E-14, -1.980384757729346301 ) ) ;
#3227 = CARTESIAN_POINT ( 'NONE',  ( -12.50000000000000000, 0.000000000000000000, 0.000000000000000000 ) ) ;
#3228 = CARTESIAN_POINT ( 'NONE',  ( 11.50000000000000355, -1.372470695792103624E-14, -2.500000000000011546 ) ) ;
#3229 = CARTESIAN_POINT ( 'NONE',  ( 6.050000000000005151, -1.980384757729360068, -0.8203022253684516540 ) ) ;
#3230 = CARTESIAN_POINT ( 'NONE',  ( 4.250000000000000888, 0.8203022253684378873, 1.980384757729345857 ) ) ;
#3231 = FACE_OUTER_BOUND ( 'NONE', #158, .T. ) ;
#3232 = EDGE_CURVE ( 'NONE', #6377, #2019, #6578, .T. ) ;
#3233 = EDGE_CURVE ( 'NONE', #7491, #4047, #2270, .T. ) ;
#3234 = CARTESIAN_POINT ( 'NONE',  ( 9.825000000000004619, -1.372205551982422560E-14, -2.543301270189235019 ) ) ;
#3235 = CARTESIAN_POINT ( 'NONE',  ( 12.90000000000000213, 1.980384757729332312, 0.000000000000000000 ) ) ;
#3236 = CARTESIAN_POINT ( 'NONE',  ( 7.625000000000004441, 2.543301270189220809, -1.053469879313100765 ) ) ;
#3237 = CARTESIAN_POINT ( 'NONE',  ( 15.52500000000000391, 1.798385574751153904, -1.798385574751167892 ) ) ;
#3238 = CARTESIAN_POINT ( 'NONE',  ( 3.950000000000001954, -1.035533905932757959, 2.500000000000011102 ) ) ;
#3239 = AXIS2_PLACEMENT_3D ( 'NONE', #3227, #7406, #2136 ) ;
#3240 = CARTESIAN_POINT ( 'NONE',  ( 16.15000000000000568, 0.8203022253684378873, 1.980384757729345857 ) ) ;
#3241 = CARTESIAN_POINT ( 'NONE',  ( 19.45000000000000639, -1.035533905932756404, -2.500000000000011546 ) ) ;
#3242 = EDGE_CURVE ( 'NONE', #5896, #4169, #6888, .T. ) ;
#3243 = CARTESIAN_POINT ( 'NONE',  ( 0.7000000000000061728, 1.400343491548885044, -1.400343491548898811 ) ) ;
#3244 = AXIS2_PLACEMENT_3D ( 'NONE', #901, #7465, #859 ) ;
#3245 = CARTESIAN_POINT ( 'NONE',  ( 16.77500000000000568, -1.798385574751182103, 1.798385574751167670 ) ) ;
#3246 = CARTESIAN_POINT ( 'NONE',  ( 3.900000000000000799, -1.375652421508278441E-14, -1.980384757729346301 ) ) ;
#3247 = CARTESIAN_POINT ( 'NONE',  ( 8.500000000000005329, -1.400343491548912578, -1.400343491548898811 ) ) ;
#3248 = CARTESIAN_POINT ( 'NONE',  ( 12.60000000000000142, -1.433703035749471672E-14, 2.500000000000011546 ) ) ;
#3249 = CARTESIAN_POINT ( 'NONE',  ( 8.800000000000000711, 1.400343491548885044, -1.400343491548898811 ) ) ;
#3250 = DIRECTION ( 'NONE',  ( 1.000000000000000000, 0.000000000000000000, 1.224646799147353207E-16 ) ) ;
#3251 = LOCAL_TIME ( 14, 23, 12.00000000000000000, #4111 ) ;
#3252 = CARTESIAN_POINT ( 'NONE',  ( 16.20000000000000284, -1.372470695792103782E-14, -2.500000000000011546 ) ) ;
#3253 = FACE_BOUND ( 'NONE', #4569, .T. ) ;
#3254 = CARTESIAN_POINT ( 'NONE',  ( 12.50000000000000533, -1.400343491548912578, -1.400343491548898811 ) ) ;
#3255 = VERTEX_POINT ( 'NONE', #5786 ) ;
#3256 = VERTEX_POINT ( 'NONE', #917 ) ;
#3257 = CARTESIAN_POINT ( 'NONE',  ( 13.85000000000000320, 0.8203022253684378873, 1.980384757729345857 ) ) ;
#3258 = CARTESIAN_POINT ( 'NONE',  ( 0.5693197178270612557, -0.7182659302792021583, 2.273672275171691126 ) ) ;
#3259 = CARTESIAN_POINT ( 'NONE',  ( 20.49999999999999645, -1.267509437117510519E-14, 0.000000000000000000 ) ) ;
#3260 = CARTESIAN_POINT ( 'NONE',  ( 16.60000000000000497, -1.433703035749471672E-14, 2.500000000000011546 ) ) ;
#3261 = CARTESIAN_POINT ( 'NONE',  ( 13.90000000000000213, -1.372470695792103624E-14, -2.500000000000011546 ) ) ;
#3262 = ORIENTED_EDGE ( 'NONE', *, *, #1505, .T. ) ;
#3263 = DIRECTION ( 'NONE',  ( 1.000000000000000000, -0.000000000000000000, -0.000000000000000000 ) ) ;
#3264 = ORIENTED_EDGE ( 'NONE', *, *, #1324, .T. ) ;
#3265 = CARTESIAN_POINT ( 'NONE',  ( 2.200000000000000622, -1.400343491548912578, -1.400343491548898811 ) ) ;
#3266 = CARTESIAN_POINT ( 'NONE',  ( 15.50000000000000178, -1.424157858600947694E-14, 1.980384757729346301 ) ) ;
#3267 = CARTESIAN_POINT ( 'NONE',  ( 17.00000000000000355, -1.424157858600947694E-14, 1.980384757729346301 ) ) ;
#3268 = CC_DESIGN_PERSON_AND_ORGANIZATION_ASSIGNMENT ( #7211, #7140, ( #5254 ) ) ;
#3269 = SPHERICAL_SURFACE ( 'NONE', #4996, 5.549999999999999822 ) ;
#3270 = CARTESIAN_POINT ( 'NONE',  ( 13.15000000000000391, 1.035533905932728871, -2.500000000000011546 ) ) ;
#3271 = CARTESIAN_POINT ( 'NONE',  ( 4.150000000000001243, 1.980384757729331868, 0.8203022253684526532 ) ) ;
#3272 = CARTESIAN_POINT ( 'NONE',  ( -18.51942169149164030, -2.695312500000007105, 7.371665507203381155E-16 ) ) ;
#3273 = CARTESIAN_POINT ( 'NONE',  ( 9.275000000000005684, 2.543301270189220809, 1.053469879313102542 ) ) ;
#3274 = ORIENTED_EDGE ( 'NONE', *, *, #5870, .F. ) ;
#3275 = CARTESIAN_POINT ( 'NONE',  ( 12.25000000000000355, 0.8203022253684378873, 1.980384757729345857 ) ) ;
#3276 = CARTESIAN_POINT ( 'NONE',  ( 4.125000000000003553, -2.543301270189249674, -1.053469879313101210 ) ) ;
#3277 = CARTESIAN_POINT ( 'NONE',  ( 14.12500000000000355, 1.798385574751153682, 1.798385574751168337 ) ) ;
#3278 = EDGE_CURVE ( 'NONE', #7630, #328, #51, .T. ) ;
#3279 = CARTESIAN_POINT ( 'NONE',  ( 12.50000000000000533, -1.400343491548912578, -1.400343491548898811 ) ) ;
#3280 = CARTESIAN_POINT ( 'NONE',  ( 20.50000000000000000, -1.267509437117510519E-14, -2.500000000000010658 ) ) ;
#3281 = CARTESIAN_POINT ( 'NONE',  ( 3.200000000000005063, 1.980384757729332312, 0.000000000000000000 ) ) ;
#3282 = CARTESIAN_POINT ( 'NONE',  ( 14.12500000000000178, 2.543301270189220809, 1.053469879313102542 ) ) ;
#3283 = CARTESIAN_POINT ( 'NONE',  ( 5.700000000000001954, 1.980384757729332312, 0.000000000000000000 ) ) ;
#3284 = CARTESIAN_POINT ( 'NONE',  ( 6.200000000000005507, -1.375652421508278441E-14, -1.980384757729346301 ) ) ;
#3285 = DIRECTION ( 'NONE',  ( 8.659560562354932858E-17, -0.7071067811865474617, 0.7071067811865474617 ) ) ;
#3286 = CARTESIAN_POINT ( 'NONE',  ( 9.050000000000000711, 0.8203022253684378873, 1.980384757729345857 ) ) ;
#3287 = DIRECTION ( 'NONE',  ( 2.168404344971008868E-16, 1.000000000000000000, -0.000000000000000000 ) ) ;
#3288 = CARTESIAN_POINT ( 'NONE',  ( 15.40000000000000391, -1.767766952966390637, -1.767766952966377092 ) ) ;
#3289 = AXIS2_PLACEMENT_3D ( 'NONE', #84, #7354, #3182 ) ;
#3290 = CARTESIAN_POINT ( 'NONE',  ( 11.00000000000000355, -1.433703035749471672E-14, 2.500000000000011546 ) ) ;
#3291 = CARTESIAN_POINT ( 'NONE',  ( 12.90000000000000568, 1.400343491548884600, 1.400343491548899033 ) ) ;
#3292 = ORIENTED_EDGE ( 'NONE', *, *, #3603, .T. ) ;
#3293 = ORIENTED_EDGE ( 'NONE', *, *, #6248, .T. ) ;
#3294 = CARTESIAN_POINT ( 'NONE',  ( 14.05000000000000249, -1.980384757729360512, 0.8203022253684509879 ) ) ;
#3295 = CARTESIAN_POINT ( 'NONE',  ( 9.950000000000002842, 2.499999999999997780, -1.035533905932742638 ) ) ;
#3296 = CARTESIAN_POINT ( 'NONE',  ( 19.00000000000000355, -1.400343491548912578, -1.400343491548898811 ) ) ;
#3297 = CARTESIAN_POINT ( 'NONE',  ( 12.65000000000000391, -1.035533905932757959, 2.500000000000011102 ) ) ;
#3298 = VERTEX_POINT ( 'NONE', #4560 ) ;
#3299 = CIRCLE ( 'NONE', #5306, 7.694275704778610780 ) ;
#3300 = CARTESIAN_POINT ( 'NONE',  ( 0.2250000000000029754, -1.372205551982422560E-14, -2.543301270189235019 ) ) ;
#3301 = ORIENTED_EDGE ( 'NONE', *, *, #743, .F. ) ;
#3302 = CARTESIAN_POINT ( 'NONE',  ( 2.950000000000001066, -1.980384757729360068, -0.8203022253684516540 ) ) ;
#3303 = CARTESIAN_POINT ( 'NONE',  ( 18.45000000000000284, -2.500000000000025757, -1.035533905932743082 ) ) ;
#3304 = CARTESIAN_POINT ( 'NONE',  ( 15.60000000000000675, -1.980384757729360068, -2.425271854633450283E-16 ) ) ;
#3305 = CYLINDRICAL_SURFACE ( 'NONE', #4742, 2.500000000000010658 ) ;
#3306 = DIRECTION ( 'NONE',  ( 1.000000000000000000, -0.000000000000000000, -0.000000000000000000 ) ) ;
#3307 = CARTESIAN_POINT ( 'NONE',  ( 20.50000000000000000, -1.267509437117510519E-14, 0.000000000000000000 ) ) ;
#3308 = CARTESIAN_POINT ( 'NONE',  ( 20.50000000000000000, -1.267509437117510519E-14, -2.500000000000010658 ) ) ;
#3309 = AXIS2_PLACEMENT_3D ( 'NONE', #3620, #3073, #1863 ) ;
#3310 = CARTESIAN_POINT ( 'NONE',  ( 10.27500000000000746, -1.053469879313116087, 2.543301270189234575 ) ) ;
#3311 = ORIENTED_EDGE ( 'NONE', *, *, #451, .F. ) ;
#3312 = CARTESIAN_POINT ( 'NONE',  ( 10.30000000000000249, -1.375652421508278441E-14, -1.980384757729346301 ) ) ;
#3313 = CARTESIAN_POINT ( 'NONE',  ( 5.275000000000003908, 2.543301270189221253, 0.000000000000000000 ) ) ;
#3314 = DIRECTION ( 'NONE',  ( -1.000000000000000000, 2.168404344971008621E-16, 0.000000000000000000 ) ) ;
#3315 = CARTESIAN_POINT ( 'NONE',  ( 14.90000000000000746, -1.400343491548912578, -1.400343491548898811 ) ) ;
#3316 = AXIS2_PLACEMENT_3D ( 'NONE', #179, #5503, #6772 ) ;
#3317 = CARTESIAN_POINT ( 'NONE',  ( 19.50000000000000355, -1.372470695792103624E-14, -2.500000000000011546 ) ) ;
#3318 = CARTESIAN_POINT ( 'NONE',  ( 19.75000000000000711, -1.980384757729360290, -0.8203022253684516540 ) ) ;
#3319 = EDGE_CURVE ( 'NONE', #7604, #2320, #7688, .T. ) ;
#3320 =( BOUNDED_CURVE ( )  B_SPLINE_CURVE ( 2, ( #4152, #32, #1176, #4117, #5955, #7219, #5443, #4853, #3010 ),
 .UNSPECIFIED., .F., .F. ) 
 B_SPLINE_CURVE_WITH_KNOTS ( ( 3, 2, 2, 2, 3 ),
 ( 0.6574074074074074403, 0.6620370370370370905, 0.6666666666666666297, 0.6712962962962962798, 0.6759259259259259300 ),
 .UNSPECIFIED. ) 
 CURVE ( )  GEOMETRIC_REPRESENTATION_ITEM ( )  RATIONAL_B_SPLINE_CURVE ( ( 1.000000000000000000, 0.9238795325112867385, 1.000000000000000000, 0.9238795325112867385, 1.000000000000000000, 0.9238795325112867385, 1.000000000000000000, 0.9238795325112867385, 1.000000000000000000 ) ) 
 REPRESENTATION_ITEM ( '' )  );
#3321 = CARTESIAN_POINT ( 'NONE',  ( 14.67500000000000426, -1.372205551982422560E-14, -2.543301270189235019 ) ) ;
#3322 = CARTESIAN_POINT ( 'NONE',  ( 0.5000000000000004441, -1.980384757729360068, -2.425271854633450283E-16 ) ) ;
#3323 = CARTESIAN_POINT ( 'NONE',  ( 14.95000000000000462, 1.035533905932729315, 2.500000000000011102 ) ) ;
#3324 = CARTESIAN_POINT ( 'NONE',  ( 5.950000000000005507, -1.980384757729360512, 0.8203022253684509879 ) ) ;
#3325 = CARTESIAN_POINT ( 'NONE',  ( -5.338888840869118191, -1.417029315164846093, 5.091678115890180045 ) ) ;
#3326 = CARTESIAN_POINT ( 'NONE',  ( 10.55000000000000249, 1.980384757729331868, 0.8203022253684526532 ) ) ;
#3327 = CARTESIAN_POINT ( 'NONE',  ( 9.450000000000002842, 1.035533905932729315, 2.500000000000011102 ) ) ;
#3328 = ADVANCED_FACE ( 'NONE', ( #4013 ), #434, .T. ) ;
#3329 = CARTESIAN_POINT ( 'NONE',  ( 8.200000000000006395, -1.424157858600947694E-14, 1.980384757729346301 ) ) ;
#3330 = ORIENTED_EDGE ( 'NONE', *, *, #5048, .F. ) ;
#3331 = EDGE_CURVE ( 'NONE', #3184, #1701, #3833, .T. ) ;
#3332 = ORIENTED_EDGE ( 'NONE', *, *, #4009, .F. ) ;
#3333 = CARTESIAN_POINT ( 'NONE',  ( 11.50000000000000178, -1.424157858600947694E-14, 1.980384757729346301 ) ) ;
#3334 = FACE_OUTER_BOUND ( 'NONE', #887, .T. ) ;
#3335 = CARTESIAN_POINT ( 'NONE',  ( 18.00000000000000355, -1.400343491548913022, 1.400343491548898589 ) ) ;
#3336 = DIRECTION ( 'NONE',  ( 1.000000000000000000, -0.000000000000000000, -0.000000000000000000 ) ) ;
#3337 = ORIENTED_EDGE ( 'NONE', *, *, #3233, .F. ) ;
#3338 = CARTESIAN_POINT ( 'NONE',  ( 10.55000000000000426, -1.035533905932756404, -2.500000000000011546 ) ) ;
#3339 = ORIENTED_EDGE ( 'NONE', *, *, #6748, .T. ) ;
#3340 = FACE_OUTER_BOUND ( 'NONE', #7436, .T. ) ;
#3341 = CARTESIAN_POINT ( 'NONE',  ( 20.50000000000000000, -1.267509437117510519E-14, 0.000000000000000000 ) ) ;
#3342 = CARTESIAN_POINT ( 'NONE',  ( 17.90000000000000568, -1.400343491548913022, 1.400343491548898589 ) ) ;
#3343 = FACE_OUTER_BOUND ( 'NONE', #2764, .T. ) ;
#3344 = LINE ( 'NONE', #408, #1253 ) ;
#3345 = CIRCLE ( 'NONE', #7743, 12.12500000000000178 ) ;
#3346 = CARTESIAN_POINT ( 'NONE',  ( 1.300000000000002487, -1.980384757729360068, -2.425271854633450283E-16 ) ) ;
#3347 = CARTESIAN_POINT ( 'NONE',  ( 10.70000000000000284, 1.767766952966363103, -1.767766952966377092 ) ) ;
#3348 = CARTESIAN_POINT ( 'NONE',  ( 8.825000000000002842, -2.543301270189248786, -3.114645759804644720E-16 ) ) ;
#3349 = ORIENTED_EDGE ( 'NONE', *, *, #5773, .T. ) ;
#3350 = CARTESIAN_POINT ( 'NONE',  ( 10.15000000000000036, -1.980384757729360068, -0.8203022253684516540 ) ) ;
#3351 = CARTESIAN_POINT ( 'NONE',  ( 5.875000000000003553, -1.372205551982422560E-14, -2.543301270189235019 ) ) ;
#3352 = DIRECTION ( 'NONE',  ( 1.000000000000000000, -0.000000000000000000, -0.000000000000000000 ) ) ;
#3353 = CARTESIAN_POINT ( 'NONE',  ( 12.45000000000000639, -1.980384757729360068, -0.8203022253684516540 ) ) ;
#3354 = CARTESIAN_POINT ( 'NONE',  ( 0.5500000000000890843, 2.499999999998724132, 1.035533905934017618 ) ) ;
#3355 = CARTESIAN_POINT ( 'NONE',  ( -0.1499999999999939437, 0.8203022253684377763, -1.980384757729346301 ) ) ;
#3356 = CARTESIAN_POINT ( 'NONE',  ( 13.52500000000000391, -1.053469879313116087, 2.543301270189234575 ) ) ;
#3357 = CARTESIAN_POINT ( 'NONE',  ( 2.399999999999999467, 1.400343491548885044, -1.400343491548898811 ) ) ;
#3358 = CARTESIAN_POINT ( 'NONE',  ( -12.50000000000000000, 3.999999999999994671, 0.000000000000000000 ) ) ;
#3359 = CARTESIAN_POINT ( 'NONE',  ( 6.800000000000006040, -1.980384757729360068, -2.425271854633450283E-16 ) ) ;
#3360 = CARTESIAN_POINT ( 'NONE',  ( 4.400000000000004796, 1.767766952966363103, -1.767766952966377092 ) ) ;
#3361 = CARTESIAN_POINT ( 'NONE',  ( 11.20000000000000107, 1.400343491548885044, -1.400343491548898811 ) ) ;
#3362 = CARTESIAN_POINT ( 'NONE',  ( -7.943492629553159823, 2.125377416303274369, -6.290200229030086021 ) ) ;
#3363 = DIRECTION ( 'NONE',  ( 0.000000000000000000, 0.000000000000000000, -1.000000000000000000 ) ) ;
#3364 =( BOUNDED_CURVE ( )  B_SPLINE_CURVE ( 2, ( #2421, #6516, #3677, #3635, #6551, #5991, #3560, #654, #4775 ),
 .UNSPECIFIED., .F., .F. ) 
 B_SPLINE_CURVE_WITH_KNOTS ( ( 3, 2, 2, 2, 3 ),
 ( 0.1018518518518518462, 0.1064814814814814825, 0.1111111111111111049, 0.1157407407407407413, 0.1203703703703703637 ),
 .UNSPECIFIED. ) 
 CURVE ( )  GEOMETRIC_REPRESENTATION_ITEM ( )  RATIONAL_B_SPLINE_CURVE ( ( 1.000000000000000000, 0.9238795325112867385, 1.000000000000000000, 0.9238795325112867385, 1.000000000000000000, 0.9238795325112867385, 1.000000000000000000, 0.9238795325112867385, 1.000000000000000000 ) ) 
 REPRESENTATION_ITEM ( '' )  );
#3365 = CONICAL_SURFACE ( 'NONE', #4865, 1732.050807568899927, 1.047197551196603404 ) ;
#3366 = CARTESIAN_POINT ( 'NONE',  ( 7.850000000000004974, 0.8203022253684377763, -1.980384757729346301 ) ) ;
#3367 = ORIENTED_EDGE ( 'NONE', *, *, #1834, .T. ) ;
#3368 = VERTEX_POINT ( 'NONE', #7155 ) ;
#3369 = CARTESIAN_POINT ( 'NONE',  ( 11.60000000000000142, -1.400343491548913022, 1.400343491548898589 ) ) ;
#3370 = CARTESIAN_POINT ( 'NONE',  ( 20.50000000000000000, -1.267509437117510519E-14, 0.000000000000000000 ) ) ;
#3371 = CARTESIAN_POINT ( 'NONE',  ( 18.80000000000000071, -1.400343491548913022, 1.400343491548898589 ) ) ;
#3372 = EDGE_CURVE ( 'NONE', #7472, #2124, #2873, .T. ) ;
#3373 = B_SPLINE_CURVE_WITH_KNOTS ( 'NONE', 3,
 ( #6762, #4442, #4992, #3776, #713, #6166, #6845, #2516 ),
 .UNSPECIFIED., .F., .F.,
 ( 4, 2, 2, 4 ),
 ( 0.009566768066452577615, 0.01047408253773066122, 0.01092773977336970390, 0.01138139700900874483 ),
 .UNSPECIFIED. ) ;
#3374 = CARTESIAN_POINT ( 'NONE',  ( 3.950000000000005507, 1.980384757729332312, -0.8203022253684514320 ) ) ;
#3375 = CARTESIAN_POINT ( 'NONE',  ( 0.7500000000000039968, -2.500000000000026201, 1.035533905932742194 ) ) ;
#3376 = CARTESIAN_POINT ( 'NONE',  ( 16.05000000000000071, 1.980384757729332312, -0.8203022253684513210 ) ) ;
#3377 = ORIENTED_EDGE ( 'NONE', *, *, #5104, .F. ) ;
#3378 =( GEOMETRIC_REPRESENTATION_CONTEXT ( 3 ) GLOBAL_UNCERTAINTY_ASSIGNED_CONTEXT ( ( #2557 ) ) GLOBAL_UNIT_ASSIGNED_CONTEXT ( ( #5473, #3518, #64 ) ) REPRESENTATION_CONTEXT ( 'NONE', 'WORKASPACE' ) );
#3379 = VERTEX_POINT ( 'NONE', #3604 ) ;
#3380 = DIRECTION ( 'NONE',  ( 1.000000000000000000, -0.000000000000000000, -0.000000000000000000 ) ) ;
#3381 = CARTESIAN_POINT ( 'NONE',  ( 20.50000000000000000, -1.267509437117510519E-14, -2.500000000000010658 ) ) ;
#3382 = CARTESIAN_POINT ( 'NONE',  ( 17.30000000000000782, -1.400343491548912578, -1.400343491548898811 ) ) ;
#3383 = CARTESIAN_POINT ( 'NONE',  ( 16.30000000000000426, -1.372470695792103624E-14, -2.500000000000011546 ) ) ;
#3384 = DIRECTION ( 'NONE',  ( -2.168404344971008868E-16, -1.000000000000000000, 0.000000000000000000 ) ) ;
#3385 = EDGE_CURVE ( 'NONE', #6847, #213, #4377, .T. ) ;
#3386 = CARTESIAN_POINT ( 'NONE',  ( 0.4500000000000025646, -1.980384757729360512, 0.8203022253684509879 ) ) ;
#3387 = CARTESIAN_POINT ( 'NONE',  ( 14.55000000000000426, -1.035533905932756404, -2.500000000000011546 ) ) ;
#3388 = CARTESIAN_POINT ( 'NONE',  ( 9.025000000000003908, -1.372205551982422560E-14, -2.543301270189235019 ) ) ;
#3389 = VERTEX_POINT ( 'NONE', #5301 ) ;
#3390 = CARTESIAN_POINT ( 'NONE',  ( 8.800000000000000711, 1.400343491548885044, -1.400343491548898811 ) ) ;
#3391 = CARTESIAN_POINT ( 'NONE',  ( 4.025000000000003908, -2.543301270189249674, 1.053469879313100099 ) ) ;
#3392 = CARTESIAN_POINT ( 'NONE',  ( 3.750000000000003553, 2.499999999999997780, 1.035533905932744414 ) ) ;
#3393 = CARTESIAN_POINT ( 'NONE',  ( 15.00000000000000711, -1.375652421508278441E-14, -1.980384757729346301 ) ) ;
#3394 = CARTESIAN_POINT ( 'NONE',  ( 16.20000000000000284, -1.767766952966390637, -1.767766952966377092 ) ) ;
#3395 = ADVANCED_FACE ( 'NONE', ( #4782 ), #6637, .T. ) ;
#3396 = CARTESIAN_POINT ( 'NONE',  ( 20.00000000000000000, 1.400343491548885044, -1.400343491548898811 ) ) ;
#3397 = CARTESIAN_POINT ( 'NONE',  ( 12.82500000000000284, -2.543301270189249674, 1.053469879313100099 ) ) ;
#3398 = CARTESIAN_POINT ( 'NONE',  ( 0.7500000000000006661, 0.8203022253684377763, -1.980384757729346301 ) ) ;
#3399 = CARTESIAN_POINT ( 'NONE',  ( 4.850000000000004086, 1.980384757729331868, 0.8203022253684526532 ) ) ;
#3400 = CARTESIAN_POINT ( 'NONE',  ( -3.905123292404538482, -1.246123495870339548, 4.381516374633456223 ) ) ;
#3401 = CARTESIAN_POINT ( 'NONE',  ( 6.650000000000001243, 0.8203022253684378873, 1.980384757729345857 ) ) ;
#3402 = CARTESIAN_POINT ( 'NONE',  ( 7.500000000000003553, -1.372470695792103624E-14, -2.500000000000011546 ) ) ;
#3403 = CARTESIAN_POINT ( 'NONE',  ( 20.50000000000000000, -1.236893267138826574E-14, 2.500000000000010658 ) ) ;
#3404 = CARTESIAN_POINT ( 'NONE',  ( 7.200000000000004619, 1.980384757729332312, 0.000000000000000000 ) ) ;
#3405 = ORIENTED_EDGE ( 'NONE', *, *, #1035, .F. ) ;
#3406 = ORIENTED_EDGE ( 'NONE', *, *, #4574, .T. ) ;
#3407 = CARTESIAN_POINT ( 'NONE',  ( 9.800000000000000711, 1.400343491548884600, 1.400343491548899033 ) ) ;
#3408 = CARTESIAN_POINT ( 'NONE',  ( 4.700000000000002842, -1.767766952966391303, 1.767766952966376870 ) ) ;
#3409 = CARTESIAN_POINT ( 'NONE',  ( 19.35000000000000142, 1.980384757729331868, 0.8203022253684526532 ) ) ;
#3410 =( BOUNDED_CURVE ( )  B_SPLINE_CURVE ( 2, ( #527, #1151, #2917, #4200, #7715, #5937, #2954, #5610, #3648 ),
 .UNSPECIFIED., .F., .T. ) 
 B_SPLINE_CURVE_WITH_KNOTS ( ( 3, 2, 2, 2, 3 ),
 ( 0.1574074074074074125, 0.1620370370370370350, 0.1666666666666666574, 0.1712962962962963076, 0.1759259259259259300 ),
 .UNSPECIFIED. ) 
 CURVE ( )  GEOMETRIC_REPRESENTATION_ITEM ( )  RATIONAL_B_SPLINE_CURVE ( ( 1.000000000000000000, 0.9238795325112867385, 1.000000000000000000, 0.9238795325112867385, 1.000000000000000000, 0.9238795325112867385, 1.000000000000000000, 0.9238795325112867385, 1.000000000000000000 ) ) 
 REPRESENTATION_ITEM ( '' )  );
#3411 = CARTESIAN_POINT ( 'NONE',  ( 2.450000000000004174, 1.980384757729331868, 0.8203022253684526532 ) ) ;
#3412 = CARTESIAN_POINT ( 'NONE',  ( 0.5000000000000017764, 1.385658696841721049, 2.080853184601659134 ) ) ;
#3413 = CARTESIAN_POINT ( 'NONE',  ( 16.80000000000000071, 1.400343491548885044, -1.400343491548898811 ) ) ;
#3414 = ORIENTED_EDGE ( 'NONE', *, *, #1989, .T. ) ;
#3415 = ADVANCED_FACE ( 'NONE', ( #5964 ), #3935, .T. ) ;
#3416 = CARTESIAN_POINT ( 'NONE',  ( 12.70000000000000284, -1.433703035749471672E-14, 2.500000000000011546 ) ) ;
#3417 = VERTEX_POINT ( 'NONE', #6487 ) ;
#3418 = CARTESIAN_POINT ( 'NONE',  ( 20.20000000000000284, 1.400343491548884600, 1.400343491548899033 ) ) ;
#3419 = CARTESIAN_POINT ( 'NONE',  ( -12.50000000000000000, 3.640624999999995115, 0.000000000000000000 ) ) ;
#3420 = CARTESIAN_POINT ( 'NONE',  ( 14.75000000000000888, -1.980384757729360512, 0.8203022253684509879 ) ) ;
#3421 = CARTESIAN_POINT ( 'NONE',  ( 2.600000000000000977, -1.372470695792103782E-14, -2.500000000000011546 ) ) ;
#3422 = CARTESIAN_POINT ( 'NONE',  ( 13.00000000000000355, -1.372470695792103782E-14, -2.500000000000011546 ) ) ;
#3423 = CARTESIAN_POINT ( 'NONE',  ( 0.5999999999999998668, -1.400343491548912578, -1.400343491548898811 ) ) ;
#3424 = CARTESIAN_POINT ( 'NONE',  ( 9.100000000000003197, -1.372470695792103624E-14, -2.500000000000011546 ) ) ;
#3425 = ADVANCED_FACE ( 'NONE', ( #588 ), #3532, .T. ) ;
#3426 = CARTESIAN_POINT ( 'NONE',  ( 6.325000000000004619, -1.798385574751182103, 1.798385574751167670 ) ) ;
#3427 = VERTEX_POINT ( 'NONE', #1740 ) ;
#3428 = CARTESIAN_POINT ( 'NONE',  ( 9.700000000000002842, 1.980384757729332312, 0.000000000000000000 ) ) ;
#3429 = VECTOR ( 'NONE', #3851, 999.9999999999998863 ) ;
#3430 = CARTESIAN_POINT ( 'NONE',  ( 3.075000000000001510, -1.434498467178515336E-14, 2.543301270189235019 ) ) ;
#3431 = CARTESIAN_POINT ( 'NONE',  ( -18.51942169149164386, 2.874999999999992006, 0.000000000000000000 ) ) ;
#3432 = CARTESIAN_POINT ( 'NONE',  ( 14.75000000000000711, -1.980384757729360512, 0.8203022253684510989 ) ) ;
#3433 = CARTESIAN_POINT ( 'NONE',  ( -0.4661919746328981873, -2.500000000000002220, 1.484280771488460049 ) ) ;
#3434 = VECTOR ( 'NONE', #3459, 1000.000000000000000 ) ;
#3435 = CARTESIAN_POINT ( 'NONE',  ( 15.10000000000000142, -1.767766952966391303, 1.767766952966376870 ) ) ;
#3436 = CARTESIAN_POINT ( 'NONE',  ( 20.65000000000000213, -0.8203022253684651988, -1.980384757729346301 ) ) ;
#3437 = CARTESIAN_POINT ( 'NONE',  ( 14.72500000000000675, 1.053469879313086999, -2.543301270189235019 ) ) ;
#3438 = EDGE_CURVE ( 'NONE', #7389, #706, #6536, .T. ) ;
#3439 = CARTESIAN_POINT ( 'NONE',  ( 0.6500000000000012434, -0.8203022253684651988, -1.980384757729346301 ) ) ;
#3440 = DIRECTION ( 'NONE',  ( 2.168404344971008868E-16, 1.000000000000000000, -0.000000000000000000 ) ) ;
#3441 = AXIS2_PLACEMENT_3D ( 'NONE', #1057, #4582, #5207 ) ;
#3442 = CARTESIAN_POINT ( 'NONE',  ( 7.250000000000005329, 1.980384757729331868, 0.8203022253684526532 ) ) ;
#3443 = CARTESIAN_POINT ( 'NONE',  ( -1.979272043862164487, -1.550730370719197282, 3.260925509841341441 ) ) ;
#3444 = CARTESIAN_POINT ( 'NONE',  ( 5.600000000000000533, 1.400343491548885044, -1.400343491548898811 ) ) ;
#3445 = CARTESIAN_POINT ( 'NONE',  ( 9.250000000000003553, 2.499999999999997780, -1.035533905932742638 ) ) ;
#3446 = DIRECTION ( 'NONE',  ( 0.000000000000000000, 0.000000000000000000, -1.000000000000000000 ) ) ;
#3447 = CARTESIAN_POINT ( 'NONE',  ( 9.550000000000006040, 1.980384757729332312, -0.8203022253684513210 ) ) ;
#3448 = EDGE_LOOP ( 'NONE', ( #2159, #2821, #2691, #984, #5565, #3506, #964, #3883, #4472, #3301, #39, #786, #5961, #2549, #2868, #6476, #6324, #6989, #6027, #955, #7318, #747, #5612, #6586, #948, #1388, #4847, #830, #3818, #4637, #1391, #2993, #1692, #1497, #4355, #2282, #6169, #2094, #5196, #995, #4903, #250, #3332, #5771, #5578, #3145, #4779, #6657, #907, #1730, #2198, #7755, #6670, #4396, #2217, #2616, #2979, #4988 ) ) ;
#3449 = CARTESIAN_POINT ( 'NONE',  ( 10.45000000000000107, 1.980384757729332312, -0.8203022253684513210 ) ) ;
#3450 = CARTESIAN_POINT ( 'NONE',  ( 1.900000000000002354, 1.767766952966363103, -1.767766952966377092 ) ) ;
#3451 = CARTESIAN_POINT ( 'NONE',  ( 19.75000000000000355, -1.980384757729360068, -0.8203022253684516540 ) ) ;
#3452 = CARTESIAN_POINT ( 'NONE',  ( 5.200000000000004619, -1.980384757729360068, -2.425271854633450283E-16 ) ) ;
#3453 = CARTESIAN_POINT ( 'NONE',  ( 12.60000000000000142, -1.433703035749471672E-14, 2.500000000000011546 ) ) ;
#3454 = CARTESIAN_POINT ( 'NONE',  ( 17.90000000000000213, -1.424157858600947694E-14, 1.980384757729346301 ) ) ;
#3455 = ORIENTED_EDGE ( 'NONE', *, *, #1612, .T. ) ;
#3456 = CARTESIAN_POINT ( 'NONE',  ( 12.75000000000000355, -1.035533905932757959, 2.500000000000011102 ) ) ;
#3457 = ORIENTED_EDGE ( 'NONE', *, *, #4798, .T. ) ;
#3458 = CARTESIAN_POINT ( 'NONE',  ( 20.25000000000000711, 0.8203022253684378873, 1.980384757729345857 ) ) ;
#3459 = DIRECTION ( 'NONE',  ( 1.000000000000000000, -0.000000000000000000, -0.000000000000000000 ) ) ;
#3460 = CARTESIAN_POINT ( 'NONE',  ( 11.85000000000000675, 0.8203022253684377763, -1.980384757729346301 ) ) ;
#3461 = CARTESIAN_POINT ( 'NONE',  ( 2.400000000000003020, -2.500000000000025757, -3.061616997868397439E-16 ) ) ;
#3462 = CARTESIAN_POINT ( 'NONE',  ( -12.50000000000000000, -2.042052523544255482, 0.000000000000000000 ) ) ;
#3463 = CARTESIAN_POINT ( 'NONE',  ( -0.04999999999999796274, 0.8203022253684377763, -1.980384757729346301 ) ) ;
#3464 = EDGE_CURVE ( 'NONE', #2351, #281, #5062, .T. ) ;
#3465 = DIRECTION ( 'NONE',  ( 1.000000000000000000, -2.168404344971008868E-16, 0.000000000000000000 ) ) ;
#3466 = CARTESIAN_POINT ( 'NONE',  ( 6.475000000000003197, -2.543301270189249674, -1.053469879313101210 ) ) ;
#3467 = ORIENTED_EDGE ( 'NONE', *, *, #5421, .F. ) ;
#3468 = CARTESIAN_POINT ( 'NONE',  ( 7.750000000000001776, -1.980384757729360068, -0.8203022253684516540 ) ) ;
#3469 = CARTESIAN_POINT ( 'NONE',  ( 2.675000000000003819, -1.372205551982422560E-14, -2.543301270189235019 ) ) ;
#3470 = CYLINDRICAL_SURFACE ( 'NONE', #1311, 2.500000000000010658 ) ;
#3471 = EDGE_CURVE ( 'NONE', #7642, #121, #3816, .T. ) ;
#3472 = CARTESIAN_POINT ( 'NONE',  ( 10.00000000000000533, -1.980384757729360068, -2.425271854633450283E-16 ) ) ;
#3473 = EDGE_CURVE ( 'NONE', #4607, #3629, #3609, .T. ) ;
#3474 = DIRECTION ( 'NONE',  ( -0.000000000000000000, 1.000000000000000000, -0.000000000000000000 ) ) ;
#3475 = CARTESIAN_POINT ( 'NONE',  ( 19.45000000000000284, 0.8203022253684378873, 1.980384757729345857 ) ) ;
#3476 = CARTESIAN_POINT ( 'NONE',  ( 9.825000000000004619, -1.053469879313114532, -2.543301270189235019 ) ) ;
#3477 = CARTESIAN_POINT ( 'NONE',  ( 2.049999999999999822, -1.980384757729360512, 0.8203022253684509879 ) ) ;
#3478 = DIRECTION ( 'NONE',  ( 0.000000000000000000, 0.000000000000000000, 1.000000000000000000 ) ) ;
#3479 = CARTESIAN_POINT ( 'NONE',  ( 2.200000000000004174, -1.375652421508278441E-14, -1.980384757729346301 ) ) ;
#3480 = CARTESIAN_POINT ( 'NONE',  ( -12.50000000000000000, -4.102566777143634563E-15, 0.000000000000000000 ) ) ;
#3481 = ADVANCED_FACE ( 'NONE', ( #6559 ), #4906, .T. ) ;
#3482 = CARTESIAN_POINT ( 'NONE',  ( 8.300000000000002487, -1.424157858600947694E-14, 1.980384757729346301 ) ) ;
#3483 = CARTESIAN_POINT ( 'NONE',  ( -8.956206739499515734, -0.5858326306829725327, -7.148309552310840864 ) ) ;
#3484 = CARTESIAN_POINT ( 'NONE',  ( -12.50000000000000000, 2.874999999999992006, 6.411159703984925073 ) ) ;
#3485 = CARTESIAN_POINT ( 'NONE',  ( 8.150000000000005684, 0.8203022253684378873, 1.980384757729345857 ) ) ;
#3486 = EDGE_LOOP ( 'NONE', ( #4820, #2535, #6756, #2631 ) ) ;
#3487 = CARTESIAN_POINT ( 'NONE',  ( 9.500000000000001776, -1.375652421508278441E-14, -1.980384757729346301 ) ) ;
#3488 = DIRECTION ( 'NONE',  ( 1.000000000000000000, -0.000000000000000000, -0.000000000000000000 ) ) ;
#3489 = CARTESIAN_POINT ( 'NONE',  ( 16.80000000000000071, 1.400343491548885044, -1.400343491548898811 ) ) ;
#3490 = CARTESIAN_POINT ( 'NONE',  ( 4.600000000000006750, -1.375652421508278441E-14, -1.980384757729346301 ) ) ;
#3491 = CIRCLE ( 'NONE', #5242, 5.549999999999998046 ) ;
#3492 = CARTESIAN_POINT ( 'NONE',  ( 0.5000000000000447420, 2.499999999999982236, 0.1532212113165605794 ) ) ;
#3493 = CARTESIAN_POINT ( 'NONE',  ( 16.25000000000000000, 0.8203022253684378873, 1.980384757729345857 ) ) ;
#3494 = ORIENTED_EDGE ( 'NONE', *, *, #2139, .T. ) ;
#3495 = CIRCLE ( 'NONE', #1868, 6.231472203984926850 ) ;
#3496 = DIRECTION ( 'NONE',  ( 0.000000000000000000, -1.000000000000000000, 0.000000000000000000 ) ) ;
#3497 = ORIENTED_EDGE ( 'NONE', *, *, #5728, .T. ) ;
#3498 = CARTESIAN_POINT ( 'NONE',  ( 19.05000000000000071, -0.8203022253684651988, -1.980384757729346301 ) ) ;
#3499 = CARTESIAN_POINT ( 'NONE',  ( 12.70000000000000284, -1.433703035749471672E-14, 2.500000000000011546 ) ) ;
#3500 = CARTESIAN_POINT ( 'NONE',  ( 13.10000000000000497, -1.400343491548913022, 1.400343491548898589 ) ) ;
#3501 = CARTESIAN_POINT ( 'NONE',  ( 16.60000000000000497, 1.767766952966362659, 1.767766952966377536 ) ) ;
#3502 = CARTESIAN_POINT ( 'NONE',  ( 13.10000000000000320, 1.767766952966363103, -1.767766952966377092 ) ) ;
#3503 = DIRECTION ( 'NONE',  ( 0.000000000000000000, 0.000000000000000000, 1.000000000000000000 ) ) ;
#3504 = CARTESIAN_POINT ( 'NONE',  ( -17.24730186527041909, -2.875000000000007550, 0.000000000000000000 ) ) ;
#3505 = CARTESIAN_POINT ( 'NONE',  ( 4.575000000000002842, 1.053469879313087443, 2.543301270189234575 ) ) ;
#3506 = ORIENTED_EDGE ( 'NONE', *, *, #3087, .F. ) ;
#3507 = CARTESIAN_POINT ( 'NONE',  ( 9.000000000000001776, 1.400343491548884600, 1.400343491548899033 ) ) ;
#3508 = CARTESIAN_POINT ( 'NONE',  ( 1.225000000000004308, 2.543301270189220809, -1.053469879313100765 ) ) ;
#3509 = CARTESIAN_POINT ( 'NONE',  ( -0.6372531902387325031, -2.374244799338309786, -1.843873128551930085 ) ) ;
#3510 = CARTESIAN_POINT ( 'NONE',  ( 11.10000000000000497, 1.400343491548885044, -1.400343491548898811 ) ) ;
#3511 = CARTESIAN_POINT ( 'NONE',  ( 1.150000000000001688, 2.499999999999997780, -1.035533905932742638 ) ) ;
#3512 = ADVANCED_FACE ( 'NONE', ( #5569 ), #5432, .T. ) ;
#3513 = CARTESIAN_POINT ( 'NONE',  ( 11.17500000000000249, -1.798385574751182103, 1.798385574751167670 ) ) ;
#3514 = CARTESIAN_POINT ( 'NONE',  ( 19.92500000000000426, -1.798385574751182103, 1.798385574751167670 ) ) ;
#3515 = CARTESIAN_POINT ( 'NONE',  ( 20.50000000000000000, -1.730410915424801299, -0.9973769209926678370 ) ) ;
#3516 = B_SPLINE_CURVE_WITH_KNOTS ( 'NONE', 3,
 ( #1402, #4420, #6301, #6821, #188, #1483, #4459, #5044, #5671, #5550 ),
 .UNSPECIFIED., .F., .F.,
 ( 4, 2, 2, 2, 4 ),
 ( 0.000000000000000000, 0.0003961196427290275047, 0.0007922392854580550094, 0.001188358928187082568, 0.001584478570916109585 ),
 .UNSPECIFIED. ) ;
#3517 = CARTESIAN_POINT ( 'NONE',  ( 19.60000000000000497, -1.980384757729360068, -2.425271854633450283E-16 ) ) ;
#3518 =( NAMED_UNIT ( * ) PLANE_ANGLE_UNIT ( ) SI_UNIT ( $, .RADIAN. ) );
#3519 = FACE_OUTER_BOUND ( 'NONE', #4889, .T. ) ;
#3520 = CARTESIAN_POINT ( 'NONE',  ( 4.900000000000004796, 1.400343491548884600, 1.400343491548899033 ) ) ;
#3521 = EDGE_LOOP ( 'NONE', ( #5262, #3616, #4230, #7348 ) ) ;
#3522 = EDGE_CURVE ( 'NONE', #2452, #7389, #163, .T. ) ;
#3523 = CARTESIAN_POINT ( 'NONE',  ( 10.87500000000000533, 2.543301270189220809, 1.053469879313102542 ) ) ;
#3524 = CARTESIAN_POINT ( 'NONE',  ( 8.350000000000001421, -0.8203022253684664200, 1.980384757729345857 ) ) ;
#3525 = CARTESIAN_POINT ( 'NONE',  ( -5.351831346083256058, -1.419973154983742658, -5.097775524381707335 ) ) ;
#3526 = CARTESIAN_POINT ( 'NONE',  ( 4.000000000000003553, 1.980384757729332312, 0.000000000000000000 ) ) ;
#3527 = CARTESIAN_POINT ( 'NONE',  ( 0.5204667737664553373, 1.100466086276490563, 2.211148366690803613 ) ) ;
#3528 = CARTESIAN_POINT ( 'NONE',  ( 15.55000000000000071, -0.8203022253684664200, 1.980384757729345857 ) ) ;
#3529 = EDGE_LOOP ( 'NONE', ( #4515, #4406, #5449, #7189 ) ) ;
#3530 = EDGE_LOOP ( 'NONE', ( #4874, #5919, #511, #3779 ) ) ;
#3531 = CARTESIAN_POINT ( 'NONE',  ( 19.85000000000000497, -0.8203022253684651988, -1.980384757729346301 ) ) ;
#3532 = CYLINDRICAL_SURFACE ( 'NONE', #6192, 2.500000000000010658 ) ;
#3533 = CARTESIAN_POINT ( 'NONE',  ( 12.15000000000000924, 0.8203022253684378873, 1.980384757729345857 ) ) ;
#3534 = CARTESIAN_POINT ( 'NONE',  ( 3.000000000000002220, -1.433703035749471672E-14, 2.500000000000011546 ) ) ;
#3535 = CARTESIAN_POINT ( 'NONE',  ( 4.850000000000003197, -2.500000000000026201, 1.035533905932742194 ) ) ;
#3536 = DIRECTION ( 'NONE',  ( -1.000000000000000000, 2.161407978480073216E-16, 0.000000000000000000 ) ) ;
#3537 = DIRECTION ( 'NONE',  ( 1.000000000000000000, -0.000000000000000000, -0.000000000000000000 ) ) ;
#3538 = CARTESIAN_POINT ( 'NONE',  ( 5.975000000000003197, 2.543301270189220809, -1.053469879313100765 ) ) ;
#3539 = ORIENTED_EDGE ( 'NONE', *, *, #7316, .F. ) ;
#3540 = CARTESIAN_POINT ( 'NONE',  ( 9.350000000000001421, -1.980384757729360068, -0.8203022253684516540 ) ) ;
#3541 = CARTESIAN_POINT ( 'NONE',  ( 2.275000000000002576, -1.434498467178515336E-14, 2.543301270189235019 ) ) ;
#3542 = CARTESIAN_POINT ( 'NONE',  ( 19.10000000000000497, -1.433703035749471672E-14, 2.500000000000011546 ) ) ;
#3543 = AXIS2_PLACEMENT_3D ( 'NONE', #2896, #5284, #7693 ) ;
#3544 = CARTESIAN_POINT ( 'NONE',  ( 8.800000000000006040, 1.980384757729332312, 0.000000000000000000 ) ) ;
#3545 = CARTESIAN_POINT ( 'NONE',  ( 10.20000000000000284, 1.767766952966362659, 1.767766952966377536 ) ) ;
#3546 = CIRCLE ( 'NONE', #4176, 7.009737158183716232 ) ;
#3547 = CARTESIAN_POINT ( 'NONE',  ( 11.12500000000000711, -1.053469879313116087, 2.543301270189234575 ) ) ;
#3548 = CARTESIAN_POINT ( 'NONE',  ( 18.67500000000000426, 1.053469879313086999, -2.543301270189235019 ) ) ;
#3549 = CARTESIAN_POINT ( 'NONE',  ( 0.5000000000000004441, -2.500000000000023537, 0.000000000000000000 ) ) ;
#3550 = CARTESIAN_POINT ( 'NONE',  ( -15.35937499999999822, 3.999999999999995559, 0.000000000000000000 ) ) ;
#3551 = AXIS2_PLACEMENT_3D ( 'NONE', #6204, #7392, #2736 ) ;
#3552 = CARTESIAN_POINT ( 'NONE',  ( 7.200000000000002842, -1.767766952966391303, 1.767766952966376870 ) ) ;
#3553 = DIRECTION ( 'NONE',  ( 0.000000000000000000, -1.000000000000000000, -0.000000000000000000 ) ) ;
#3554 = EDGE_CURVE ( 'NONE', #2379, #1974, #4937, .T. ) ;
#3555 = CARTESIAN_POINT ( 'NONE',  ( 4.450000000000005507, -1.980384757729360290, -0.8203022253684516540 ) ) ;
#3556 = ORIENTED_EDGE ( 'NONE', *, *, #1558, .F. ) ;
#3557 = AXIS2_PLACEMENT_3D ( 'NONE', #7138, #5982, #4841 ) ;
#3558 = CARTESIAN_POINT ( 'NONE',  ( 13.47500000000000497, -1.053469879313116087, 2.543301270189234575 ) ) ;
#3559 = CARTESIAN_POINT ( 'NONE',  ( 7.200000000000001954, 1.400343491548885044, -1.400343491548898811 ) ) ;
#3560 = CARTESIAN_POINT ( 'NONE',  ( 18.00000000000000711, 1.767766952966363103, -1.767766952966377092 ) ) ;
#3561 = CARTESIAN_POINT ( 'NONE',  ( 9.100000000000001421, 1.767766952966363103, -1.767766952966377092 ) ) ;
#3562 = EDGE_CURVE ( 'NONE', #2199, #3683, #4545, .T. ) ;
#3563 = CARTESIAN_POINT ( 'NONE',  ( 19.90000000000000213, -1.433703035749471672E-14, 2.500000000000011546 ) ) ;
#3564 = CARTESIAN_POINT ( 'NONE',  ( 13.65000000000000568, 1.980384757729331868, 0.8203022253684526532 ) ) ;
#3565 = ORIENTED_EDGE ( 'NONE', *, *, #688, .T. ) ;
#3566 =( BOUNDED_CURVE ( )  B_SPLINE_CURVE ( 2, ( #3867, #2576, #7373, #225, #4929, #5590, #1521, #2611, #1953 ),
 .UNSPECIFIED., .F., .F. ) 
 B_SPLINE_CURVE_WITH_KNOTS ( ( 3, 2, 2, 2, 3 ),
 ( 0.08333333333333332871, 0.08796296296296296502, 0.09259259259259258745, 0.09722222222222222376, 0.1018518518518518462 ),
 .UNSPECIFIED. ) 
 CURVE ( )  GEOMETRIC_REPRESENTATION_ITEM ( )  RATIONAL_B_SPLINE_CURVE ( ( 1.000000000000000000, 0.9238795325112867385, 1.000000000000000000, 0.9238795325112867385, 1.000000000000000000, 0.9238795325112867385, 1.000000000000000000, 0.9238795325112867385, 1.000000000000000000 ) ) 
 REPRESENTATION_ITEM ( '' )  );
#3567 = ORIENTED_EDGE ( 'NONE', *, *, #7367, .T. ) ;
#3568 = CARTESIAN_POINT ( 'NONE',  ( 15.90000000000000036, -1.375652421508278441E-14, -1.980384757729346301 ) ) ;
#3569 = DIRECTION ( 'NONE',  ( 1.000000000000000000, -0.000000000000000000, -0.000000000000000000 ) ) ;
#3570 = CARTESIAN_POINT ( 'NONE',  ( 11.75000000000000711, -0.8203022253684651988, -1.980384757729346301 ) ) ;
#3571 = CARTESIAN_POINT ( 'NONE',  ( 20.18321562817019554, 0.6035357324054814177, -2.359481675051702254 ) ) ;
#3572 = CARTESIAN_POINT ( 'NONE',  ( 7.750000000000004441, 1.035533905932729315, 2.500000000000011102 ) ) ;
#3573 = CARTESIAN_POINT ( 'NONE',  ( 4.700000000000002842, -1.433703035749471672E-14, 2.500000000000011546 ) ) ;
#3574 = EDGE_CURVE ( 'NONE', #2320, #213, #2512, .T. ) ;
#3575 = CARTESIAN_POINT ( 'NONE',  ( 2.100000000000004530, 2.499999999999997780, 0.000000000000000000 ) ) ;
#3576 = CARTESIAN_POINT ( 'NONE',  ( 19.00000000000000711, -1.375652421508278441E-14, -1.980384757729346301 ) ) ;
#3577 = CARTESIAN_POINT ( 'NONE',  ( 5.675000000000002487, -2.543301270189249674, -1.053469879313101210 ) ) ;
#3578 = VERTEX_POINT ( 'NONE', #6085 ) ;
#3579 = CARTESIAN_POINT ( 'NONE',  ( 4.500000000000000888, -1.980384757729360068, -2.425271854633450283E-16 ) ) ;
#3580 = CARTESIAN_POINT ( 'NONE',  ( 1.675000000000002931, -2.543301270189248786, -3.114645759804644720E-16 ) ) ;
#3581 = CARTESIAN_POINT ( 'NONE',  ( 8.600000000000003197, 1.767766952966362659, 1.767766952966377536 ) ) ;
#3582 = CARTESIAN_POINT ( 'NONE',  ( 9.600000000000006750, 1.980384757729332312, 0.000000000000000000 ) ) ;
#3583 = CARTESIAN_POINT ( 'NONE',  ( -8.589467622627234178, -2.190461453405102343, 6.626433063622181763 ) ) ;
#3584 = B_SPLINE_CURVE_WITH_KNOTS ( 'NONE', 3,
 ( #1819, #6604, #1226, #4828, #3611, #1895, #6007, #85, #628, #5412, #3064, #46, #1855, #7233 ),
 .UNSPECIFIED., .F., .F.,
 ( 4, 2, 2, 2, 2, 2, 4 ),
 ( 0.000000000000000000, 0.0007719083406230815760, 0.001157862510934621822, 0.001543816681246162285, 0.001929770851557702747, 0.002315725021869243210, 0.003087633362492325437 ),
 .UNSPECIFIED. ) ;
#3585 = CARTESIAN_POINT ( 'NONE',  ( 12.02500000000000213, -2.543301270189249674, 1.053469879313100099 ) ) ;
#3586 = CARTESIAN_POINT ( 'NONE',  ( 20.17500000000000782, -1.053469879313114532, -2.543301270189235019 ) ) ;
#3587 = CARTESIAN_POINT ( 'NONE',  ( 8.150000000000003908, -1.035533905932756404, -2.500000000000011546 ) ) ;
#3588 = CARTESIAN_POINT ( 'NONE',  ( 18.55000000000000426, 0.8203022253684378873, 1.980384757729345857 ) ) ;
#3589 = PERSON_AND_ORGANIZATION ( #5706, #4250 ) ;
#3590 = DIRECTION ( 'NONE',  ( 1.000000000000000000, -0.000000000000000000, -0.000000000000000000 ) ) ;
#3591 = CARTESIAN_POINT ( 'NONE',  ( 3.700000000000005507, -1.400343491548912578, -1.400343491548898811 ) ) ;
#3592 = VERTEX_POINT ( 'NONE', #5528 ) ;
#3593 = CARTESIAN_POINT ( 'NONE',  ( 12.67500000000000426, -1.053469879313116087, 2.543301270189234575 ) ) ;
#3594 = CARTESIAN_POINT ( 'NONE',  ( 8.500000000000000000, -1.980384757729360068, -2.425271854633450283E-16 ) ) ;
#3595 = CARTESIAN_POINT ( 'NONE',  ( -7.336155030001092037, -1.969101141495288587, -6.007039841780438927 ) ) ;
#3596 = CARTESIAN_POINT ( 'NONE',  ( 14.60000000000000142, 1.400343491548884600, 1.400343491548899033 ) ) ;
#3597 = CARTESIAN_POINT ( 'NONE',  ( 1.650000000000005462, 1.980384757729331868, 0.8203022253684526532 ) ) ;
#3598 = CARTESIAN_POINT ( 'NONE',  ( 20.10000000000000497, -2.500000000000025757, -3.061616997868397439E-16 ) ) ;
#3599 = CARTESIAN_POINT ( 'NONE',  ( 15.80000000000000426, -1.375652421508278441E-14, -1.980384757729346301 ) ) ;
#3600 = VERTEX_POINT ( 'NONE', #345 ) ;
#3601 = ORIENTED_EDGE ( 'NONE', *, *, #4386, .F. ) ;
#3602 = CARTESIAN_POINT ( 'NONE',  ( 17.50000000000000000, -1.375652421508278441E-14, -1.980384757729346301 ) ) ;
#3603 = EDGE_CURVE ( 'NONE', #2558, #2124, #417, .T. ) ;
#3604 = CARTESIAN_POINT ( 'NONE',  ( -7.623541796502127710, 2.695312499999990674, 5.971938930089522856E-16 ) ) ;
#3605 = CARTESIAN_POINT ( 'NONE',  ( 11.45000000000000462, -0.8203022253684664200, 1.980384757729345857 ) ) ;
#3606 = CIRCLE ( 'NONE', #5754, 8.000000000000000000 ) ;
#3607 = CARTESIAN_POINT ( 'NONE',  ( 8.700000000000004619, -1.433703035749471672E-14, 2.500000000000011546 ) ) ;
#3608 = LINE ( 'NONE', #2432, #7114 ) ;
#3609 = B_SPLINE_CURVE_WITH_KNOTS ( 'NONE', 3,
 ( #1259, #2912, #1185, #3101 ),
 .UNSPECIFIED., .F., .F.,
 ( 4, 4 ),
 ( 1.105673606836655487E-17, 0.001239915015898756341 ),
 .UNSPECIFIED. ) ;
#3610 = CARTESIAN_POINT ( 'NONE',  ( -7.602418996775449855, -2.610785383146995819, 5.997806899163832385E-16 ) ) ;
#3611 = CARTESIAN_POINT ( 'NONE',  ( 20.35731907098884719, -1.469181989579393388, -1.699165089564817377 ) ) ;
#3612 = CARTESIAN_POINT ( 'NONE',  ( 18.70000000000000639, -1.400343491548913022, 1.400343491548898589 ) ) ;
#3613 =( BOUNDED_CURVE ( )  B_SPLINE_CURVE ( 2, ( #4226, #5362, #7149, #618, #2348, #3012, #5401, #7738, #2942 ),
 .UNSPECIFIED., .F., .F. ) 
 B_SPLINE_CURVE_WITH_KNOTS ( ( 3, 2, 2, 2, 3 ),
 ( 0.6759259259259259300, 0.6805555555555555802, 0.6851851851851852304, 0.6898148148148147696, 0.6944444444444444198 ),
 .UNSPECIFIED. ) 
 CURVE ( )  GEOMETRIC_REPRESENTATION_ITEM ( )  RATIONAL_B_SPLINE_CURVE ( ( 1.000000000000000000, 0.9238795325112867385, 1.000000000000000000, 0.9238795325112867385, 1.000000000000000000, 0.9238795325112867385, 1.000000000000000000, 0.9238795325112867385, 1.000000000000000000 ) ) 
 REPRESENTATION_ITEM ( '' )  );
#3614 = AXIS2_PLACEMENT_3D ( 'NONE', #1249, #4814, #1881 ) ;
#3615 = CARTESIAN_POINT ( 'NONE',  ( 3.325000000000005063, -1.798385574751181437, -1.798385574751167892 ) ) ;
#3616 = ORIENTED_EDGE ( 'NONE', *, *, #4098, .T. ) ;
#3617 = CARTESIAN_POINT ( 'NONE',  ( 6.250000000000000000, -0.8203022253684651988, -1.980384757729346301 ) ) ;
#3618 = CARTESIAN_POINT ( 'NONE',  ( 2.425000000000004263, -2.543301270189249674, 1.053469879313100099 ) ) ;
#3619 = CARTESIAN_POINT ( 'NONE',  ( 3.650000000000003908, -1.980384757729360290, -0.8203022253684516540 ) ) ;
#3620 = CARTESIAN_POINT ( 'NONE',  ( -12.50000000000000000, 3.999999999999995559, 0.000000000000000000 ) ) ;
#3621 = CARTESIAN_POINT ( 'NONE',  ( 11.20000000000000462, 1.980384757729332312, 0.000000000000000000 ) ) ;
#3622 = CARTESIAN_POINT ( 'NONE',  ( 6.250000000000000000, -0.8203022253684651988, -1.980384757729346301 ) ) ;
#3623 = CARTESIAN_POINT ( 'NONE',  ( 13.75000000000000533, -1.035533905932756404, -2.500000000000011546 ) ) ;
#3624 = CARTESIAN_POINT ( 'NONE',  ( 12.32500000000000284, 1.053469879313086999, -2.543301270189235019 ) ) ;
#3625 = CARTESIAN_POINT ( 'NONE',  ( 20.77500000000001279, -2.543301270189249674, 1.053469879313100099 ) ) ;
#3626 = DIRECTION ( 'NONE',  ( -2.168404344971008868E-16, -1.000000000000000000, 0.000000000000000000 ) ) ;
#3627 = CARTESIAN_POINT ( 'NONE',  ( 20.50000000000000355, -1.400343491548912578, -1.400343491548898811 ) ) ;
#3628 = CARTESIAN_POINT ( 'NONE',  ( 0.8000000000000042633, 1.717808493755436983, -0.9938065489458048907 ) ) ;
#3629 = VERTEX_POINT ( 'NONE', #4990 ) ;
#3630 = CARTESIAN_POINT ( 'NONE',  ( 5.400000000000005684, -1.375652421508278441E-14, -1.980384757729346301 ) ) ;
#3631 = CARTESIAN_POINT ( 'NONE',  ( 20.55000000000000782, -0.8203022253684651988, -1.980384757729346301 ) ) ;
#3632 = CARTESIAN_POINT ( 'NONE',  ( 11.87500000000000533, -1.053469879313116087, 2.543301270189234575 ) ) ;
#3633 = CARTESIAN_POINT ( 'NONE',  ( 19.47500000000000142, -1.372205551982422560E-14, -2.543301270189235019 ) ) ;
#3634 = CARTESIAN_POINT ( 'NONE',  ( 8.750000000000001776, 0.8203022253684377763, -1.980384757729346301 ) ) ;
#3635 = CARTESIAN_POINT ( 'NONE',  ( 18.15000000000000213, 2.499999999999997780, 1.035533905932744414 ) ) ;
#3636 = B_SPLINE_CURVE_WITH_KNOTS ( 'NONE', 3,
 ( #7576, #4584, #6984, #6311, #940, #3325, #3990, #3400, #5723, #5805, #428, #2815, #3443, #5842, #7655, #2449 ),
 .UNSPECIFIED., .F., .F.,
 ( 4, 2, 2, 2, 2, 2, 2, 4 ),
 ( 2.776912483567712931E-18, 0.0009699080524979534785, 0.001939816104995904138, 0.003879632209991805240, 0.004849540262489756767, 0.005819448314987708294, 0.006789356367485658954, 0.007759264419983609613 ),
 .UNSPECIFIED. ) ;
#3637 = CARTESIAN_POINT ( 'NONE',  ( 12.60000000000000142, -1.400343491548912578, -1.400343491548898811 ) ) ;
#3638 = CARTESIAN_POINT ( 'NONE',  ( 9.300000000000002487, 1.767766952966362659, 1.767766952966377536 ) ) ;
#3639 = AXIS2_PLACEMENT_3D ( 'NONE', #5862, #4521, #6925 ) ;
#3640 = CARTESIAN_POINT ( 'NONE',  ( -12.50000000000000000, -2.695312500000008438, 0.000000000000000000 ) ) ;
#3641 = CARTESIAN_POINT ( 'NONE',  ( 13.80000000000000604, -1.424157858600947694E-14, 1.980384757729346301 ) ) ;
#3642 = ORIENTED_EDGE ( 'NONE', *, *, #5876, .T. ) ;
#3643 = EDGE_LOOP ( 'NONE', ( #2782, #3567, #1381 ) ) ;
#3644 = CARTESIAN_POINT ( 'NONE',  ( 16.14999999999999858, 1.980384757729331868, 0.8203022253684526532 ) ) ;
#3645 = DIRECTION ( 'NONE',  ( -0.000000000000000000, 0.000000000000000000, -1.000000000000000000 ) ) ;
#3646 = CARTESIAN_POINT ( 'NONE',  ( -8.589467622627234178, -1.376936759056590631E-14, 0.000000000000000000 ) ) ;
#3647 = CARTESIAN_POINT ( 'NONE',  ( 7.800000000000003375, -1.433703035749471672E-14, 2.500000000000011546 ) ) ;
#3648 = CARTESIAN_POINT ( 'NONE',  ( 16.70000000000000284, -1.433703035749471672E-14, 2.500000000000011546 ) ) ;
#3649 = FACE_OUTER_BOUND ( 'NONE', #5593, .T. ) ;
#3650 = CARTESIAN_POINT ( 'NONE',  ( 17.05000000000001137, -0.8203022253684664200, 1.980384757729345857 ) ) ;
#3651 = EDGE_CURVE ( 'NONE', #2280, #6495, #1687, .T. ) ;
#3652 = CARTESIAN_POINT ( 'NONE',  ( 2.825000000000004619, 2.543301270189221253, 0.000000000000000000 ) ) ;
#3653 = ORIENTED_EDGE ( 'NONE', *, *, #3464, .F. ) ;
#3654 = CARTESIAN_POINT ( 'NONE',  ( 5.400000000000002132, -1.400343491548912578, -1.400343491548898811 ) ) ;
#3655 = CARTESIAN_POINT ( 'NONE',  ( 18.95000000000000284, -0.8203022253684651988, -1.980384757729346301 ) ) ;
#3656 = CARTESIAN_POINT ( 'NONE',  ( 1.500000000000004885, 1.400343491548885044, -1.400343491548898811 ) ) ;
#3657 = CARTESIAN_POINT ( 'NONE',  ( 15.90000000000000391, -1.433703035749471672E-14, 2.500000000000011546 ) ) ;
#3658 = CARTESIAN_POINT ( 'NONE',  ( 7.200000000000004619, 1.980384757729332312, 0.000000000000000000 ) ) ;
#3659 = CARTESIAN_POINT ( 'NONE',  ( 7.100000000000000533, -1.375652421508278441E-14, -1.980384757729346301 ) ) ;
#3660 = CARTESIAN_POINT ( 'NONE',  ( 9.950000000000006395, 1.035533905932728871, -2.500000000000011546 ) ) ;
#3661 = EDGE_CURVE ( 'NONE', #773, #2387, #2686, .T. ) ;
#3662 = VECTOR ( 'NONE', #7096, 1000.000000000000000 ) ;
#3663 = CARTESIAN_POINT ( 'NONE',  ( 9.275000000000003908, 2.543301270189221253, 0.000000000000000000 ) ) ;
#3664 = CARTESIAN_POINT ( 'NONE',  ( 20.47500000000000142, 2.543301270189220809, 1.053469879313102542 ) ) ;
#3665 = CARTESIAN_POINT ( 'NONE',  ( 3.100000000000001865, -1.433703035749471672E-14, 2.500000000000011546 ) ) ;
#3666 = CARTESIAN_POINT ( 'NONE',  ( 18.45000000000000284, 1.980384757729331868, 0.8203022253684526532 ) ) ;
#3667 = PERSON_AND_ORGANIZATION ( #5706, #4250 ) ;
#3668 = CARTESIAN_POINT ( 'NONE',  ( -8.589467622627234178, 2.190461453405093462, -6.626433063622181763 ) ) ;
#3669 = ORIENTED_EDGE ( 'NONE', *, *, #6344, .T. ) ;
#3670 = CARTESIAN_POINT ( 'NONE',  ( 5.800000000000005151, -1.424157858600947694E-14, 1.980384757729346301 ) ) ;
#3671 = CARTESIAN_POINT ( 'NONE',  ( 20.25000000000000711, -0.8203022253684664200, 1.980384757729345857 ) ) ;
#3672 = CARTESIAN_POINT ( 'NONE',  ( 11.92500000000000249, -1.798385574751182103, 1.798385574751167670 ) ) ;
#3673 = CARTESIAN_POINT ( 'NONE',  ( 19.87500000000000355, -1.434498467178515336E-14, 2.543301270189235019 ) ) ;
#3674 = CARTESIAN_POINT ( 'NONE',  ( 6.800000000000000711, -1.400343491548913022, 1.400343491548898589 ) ) ;
#3675 = AXIS2_PLACEMENT_3D ( 'NONE', #2390, #7228, #1850 ) ;
#3676 = CARTESIAN_POINT ( 'NONE',  ( 8.400000000000003908, -1.980384757729360068, -2.425271854633450283E-16 ) ) ;
#3677 = CARTESIAN_POINT ( 'NONE',  ( 18.20000000000000284, 1.767766952966362659, 1.767766952966377536 ) ) ;
#3678 = CARTESIAN_POINT ( 'NONE',  ( 12.10000000000000142, 1.980384757729332312, 0.000000000000000000 ) ) ;
#3679 = CARTESIAN_POINT ( 'NONE',  ( 2.100000000000004530, -1.400343491548912578, -1.400343491548898811 ) ) ;
#3680 = CARTESIAN_POINT ( 'NONE',  ( 8.600000000000003197, -1.433703035749471672E-14, 2.500000000000011546 ) ) ;
#3681 = CARTESIAN_POINT ( 'NONE',  ( 5.000000000000004441, -1.372470695792103782E-14, -2.500000000000011546 ) ) ;
#3682 = CARTESIAN_POINT ( 'NONE',  ( 13.35000000000000497, -0.8203022253684651988, -1.980384757729346301 ) ) ;
#3683 = VERTEX_POINT ( 'NONE', #789 ) ;
#3684 = CIRCLE ( 'NONE', #311, 7.842684634639456753 ) ;
#3685 = EDGE_LOOP ( 'NONE', ( #6931, #4088, #3771, #7377, #6199, #3565 ) ) ;
#3686 = CARTESIAN_POINT ( 'NONE',  ( 18.30000000000000071, -1.375652421508278441E-14, -1.980384757729346301 ) ) ;
#3687 = DIRECTION ( 'NONE',  ( -1.000000000000000000, 0.000000000000000000, 0.000000000000000000 ) ) ;
#3688 = CARTESIAN_POINT ( 'NONE',  ( 17.90000000000000213, -1.372470695792103624E-14, -2.500000000000011546 ) ) ;
#3689 = AXIS2_PLACEMENT_3D ( 'NONE', #1270, #1197, #6535 ) ;
#3690 = CARTESIAN_POINT ( 'NONE',  ( -12.50000000000000000, 2.874999999999992006, 0.000000000000000000 ) ) ;
#3691 = CARTESIAN_POINT ( 'NONE',  ( -3.056361663970814213, 1.283853004669419207, -3.927156090880973061 ) ) ;
#3692 = CARTESIAN_POINT ( 'NONE',  ( 18.05000000000001137, -1.980384757729360290, -0.8203022253684516540 ) ) ;
#3693 = CARTESIAN_POINT ( 'NONE',  ( 1.875000000000001554, 1.053469879313086999, -2.543301270189235019 ) ) ;
#3694 = ORIENTED_EDGE ( 'NONE', *, *, #4434, .F. ) ;
#3695 = CARTESIAN_POINT ( 'NONE',  ( 3.650000000000000799, -1.980384757729360512, 0.8203022253684510989 ) ) ;
#3696 = CARTESIAN_POINT ( 'NONE',  ( 15.30000000000000071, 1.980384757729332312, 0.000000000000000000 ) ) ;
#3697 = CARTESIAN_POINT ( 'NONE',  ( 20.65000000000000568, 0.8203022253684377763, -1.980384757729346301 ) ) ;
#3698 = CARTESIAN_POINT ( 'NONE',  ( 2.650000000000006128, -0.8203022253684664200, 1.980384757729345857 ) ) ;
#3699 = CARTESIAN_POINT ( 'NONE',  ( 8.500000000000003553, 2.499999999999997780, 0.000000000000000000 ) ) ;
#3700 = EDGE_CURVE ( 'NONE', #7047, #6355, #6791, .T. ) ;
#3701 = CARTESIAN_POINT ( 'NONE',  ( 6.850000000000004974, -1.980384757729360068, -0.8203022253684516540 ) ) ;
#3702 = CARTESIAN_POINT ( 'NONE',  ( 4.450000000000002842, -1.980384757729360512, 0.8203022253684509879 ) ) ;
#3703 = CARTESIAN_POINT ( 'NONE',  ( 11.00000000000000533, 1.767766952966362659, 1.767766952966377536 ) ) ;
#3704 = CARTESIAN_POINT ( 'NONE',  ( 9.375000000000003553, 1.798385574751153682, 1.798385574751168337 ) ) ;
#3705 = CARTESIAN_POINT ( 'NONE',  ( 14.62500000000000355, -1.372205551982422560E-14, -2.543301270189235019 ) ) ;
#3706 = CARTESIAN_POINT ( 'NONE',  ( 5.700000000000003730, -1.767766952966390637, -1.767766952966377092 ) ) ;
#3707 = EDGE_CURVE ( 'NONE', #1552, #281, #185, .T. ) ;
#3708 =( BOUNDED_CURVE ( )  B_SPLINE_CURVE ( 2, ( #227, #7497, #5718, #2112, #6342, #6977, #4461, #305, #2075 ),
 .UNSPECIFIED., .F., .F. ) 
 B_SPLINE_CURVE_WITH_KNOTS ( ( 3, 2, 2, 2, 3 ),
 ( 0.3888888888888888395, 0.3935185185185184897, 0.3981481481481481399, 0.4027777777777777901, 0.4074074074074074403 ),
 .UNSPECIFIED. ) 
 CURVE ( )  GEOMETRIC_REPRESENTATION_ITEM ( )  RATIONAL_B_SPLINE_CURVE ( ( 1.000000000000000000, 0.9238795325112867385, 1.000000000000000000, 0.9238795325112867385, 1.000000000000000000, 0.9238795325112867385, 1.000000000000000000, 0.9238795325112867385, 1.000000000000000000 ) ) 
 REPRESENTATION_ITEM ( '' )  );
#3709 = CARTESIAN_POINT ( 'NONE',  ( 15.85000000000000675, 0.8203022253684377763, -1.980384757729346301 ) ) ;
#3710 = LINE ( 'NONE', #691, #1049 ) ;
#3711 = VERTEX_POINT ( 'NONE', #7538 ) ;
#3712 = CARTESIAN_POINT ( 'NONE',  ( 3.350000000000005862, 0.8203022253684378873, 1.980384757729345857 ) ) ;
#3713 = CARTESIAN_POINT ( 'NONE',  ( 19.65000000000000924, -1.980384757729360290, -0.8203022253684516540 ) ) ;
#3714 = CARTESIAN_POINT ( 'NONE',  ( 12.80000000000000249, 1.400343491548885044, -1.400343491548898811 ) ) ;
#3715 = CARTESIAN_POINT ( 'NONE',  ( 18.32500000000000284, -1.053469879313116087, 2.543301270189234575 ) ) ;
#3716 = CARTESIAN_POINT ( 'NONE',  ( 5.650000000000000355, 1.980384757729332312, -0.8203022253684513210 ) ) ;
#3717 = EDGE_CURVE ( 'NONE', #328, #7720, #2229, .T. ) ;
#3718 = CARTESIAN_POINT ( 'NONE',  ( 8.850000000000004974, 1.980384757729331868, 0.8203022253684526532 ) ) ;
#3719 = DIRECTION ( 'NONE',  ( 0.000000000000000000, 0.000000000000000000, 1.000000000000000000 ) ) ;
#3720 = CARTESIAN_POINT ( 'NONE',  ( 13.94999999999999929, -0.8203022253684664200, 1.980384757729345857 ) ) ;
#3721 = CARTESIAN_POINT ( 'NONE',  ( -8.589467622627234178, 0.6168522047294210386, 6.951778900615206425 ) ) ;
#3722 = CARTESIAN_POINT ( 'NONE',  ( -12.50000000000000000, 2.695312499999990674, 0.000000000000000000 ) ) ;
#3723 = CARTESIAN_POINT ( 'NONE',  ( 6.400000000000003020, -2.500000000000025757, -3.061616997868397439E-16 ) ) ;
#3724 = CARTESIAN_POINT ( 'NONE',  ( 15.40000000000000568, -1.424157858600947694E-14, 1.980384757729346301 ) ) ;
#3725 = ORIENTED_EDGE ( 'NONE', *, *, #4294, .F. ) ;
#3726 = EDGE_LOOP ( 'NONE', ( #6849, #2717, #7668, #28 ) ) ;
#3727 = CARTESIAN_POINT ( 'NONE',  ( 17.75000000000000355, 1.980384757729331868, 0.8203022253684526532 ) ) ;
#3728 = CARTESIAN_POINT ( 'NONE',  ( -12.50000000000000000, 3.640624999999995115, 0.000000000000000000 ) ) ;
#3729 = CARTESIAN_POINT ( 'NONE',  ( -12.50000000000000000, 3.954236467996651516, 0.000000000000000000 ) ) ;
#3730 = DIRECTION ( 'NONE',  ( 2.168404344971008868E-16, 1.000000000000000000, -0.000000000000000000 ) ) ;
#3731 = CARTESIAN_POINT ( 'NONE',  ( -12.50000000000000000, 2.768745557924652712, 0.000000000000000000 ) ) ;
#3732 = CARTESIAN_POINT ( 'NONE',  ( -6.480793083156526357, 1.717168613283579726, -5.619292163694381337 ) ) ;
#3733 = ORIENTED_EDGE ( 'NONE', *, *, #2277, .T. ) ;
#3734 = CARTESIAN_POINT ( 'NONE',  ( 18.25000000000000355, 0.8203022253684377763, -1.980384757729346301 ) ) ;
#3735 = CARTESIAN_POINT ( 'NONE',  ( 2.175000000000003375, 1.053469879313087443, 2.543301270189234575 ) ) ;
#3736 = VERTEX_POINT ( 'NONE', #384 ) ;
#3737 = CARTESIAN_POINT ( 'NONE',  ( 4.700000000000002842, -1.375652421508278441E-14, -1.980384757729346301 ) ) ;
#3738 = CARTESIAN_POINT ( 'NONE',  ( 14.10000000000000142, -1.980384757729360068, -2.425271854633450283E-16 ) ) ;
#3739 = CARTESIAN_POINT ( 'NONE',  ( 19.70000000000000639, -1.400343491548912578, -1.400343491548898811 ) ) ;
#3740 = CARTESIAN_POINT ( 'NONE',  ( 2.550000000000004263, 0.8203022253684378873, 1.980384757729345857 ) ) ;
#3741 = DIRECTION ( 'NONE',  ( 0.000000000000000000, 0.000000000000000000, -1.000000000000000000 ) ) ;
#3742 = CARTESIAN_POINT ( 'NONE',  ( 8.150000000000005684, 0.8203022253684378873, 1.980384757729345857 ) ) ;
#3743 = CARTESIAN_POINT ( 'NONE',  ( 2.700000000000001066, -1.424157858600947694E-14, 1.980384757729346301 ) ) ;
#3744 = AXIS2_PLACEMENT_3D ( 'NONE', #4054, #7557, #486 ) ;
#3745 = CARTESIAN_POINT ( 'NONE',  ( 13.45000000000000284, -1.035533905932757959, 2.500000000000011102 ) ) ;
#3746 = APPROVAL ( #1166, 'UNSPECIFIED' ) ;
#3747 = CARTESIAN_POINT ( 'NONE',  ( 6.325000000000001954, -1.053469879313116087, 2.543301270189234575 ) ) ;
#3748 = CIRCLE ( 'NONE', #3244, 6.183419202631542433 ) ;
#3749 = CARTESIAN_POINT ( 'NONE',  ( 15.37500000000000355, -1.053469879313114532, -2.543301270189235019 ) ) ;
#3750 = CARTESIAN_POINT ( 'NONE',  ( -12.50000000000000000, -4.102566777143634563E-15, 0.000000000000000000 ) ) ;
#3751 = CARTESIAN_POINT ( 'NONE',  ( 15.30000000000000426, 1.400343491548884600, 1.400343491548899033 ) ) ;
#3752 = DATE_AND_TIME ( #3123, #6265 ) ;
#3753 = CARTESIAN_POINT ( 'NONE',  ( 0.7999999999999976019, 1.779708974318063408, -0.8783089488833186742 ) ) ;
#3754 = ORIENTED_EDGE ( 'NONE', *, *, #1046, .T. ) ;
#3755 = CC_DESIGN_APPROVAL ( #3746, ( #6393 ) ) ;
#3756 = CARTESIAN_POINT ( 'NONE',  ( 1.600000000000004086, 1.980384757729332312, 0.000000000000000000 ) ) ;
#3757 = EDGE_CURVE ( 'NONE', #2466, #5099, #1072, .T. ) ;
#3758 = EDGE_CURVE ( 'NONE', #3379, #2379, #4314, .T. ) ;
#3759 = CARTESIAN_POINT ( 'NONE',  ( 16.47500000000000497, 2.543301270189221253, 0.000000000000000000 ) ) ;
#3760 =( BOUNDED_CURVE ( )  B_SPLINE_CURVE ( 2, ( #6640, #1262, #5863, #2877, #2288, #3535, #592, #7085, #3573 ),
 .UNSPECIFIED., .F., .T. ) 
 B_SPLINE_CURVE_WITH_KNOTS ( ( 3, 2, 2, 2, 3 ),
 ( 0.7129629629629629095, 0.7175925925925925597, 0.7222222222222222099, 0.7268518518518518601, 0.7314814814814815103 ),
 .UNSPECIFIED. ) 
 CURVE ( )  GEOMETRIC_REPRESENTATION_ITEM ( )  RATIONAL_B_SPLINE_CURVE ( ( 1.000000000000000000, 0.9238795325112867385, 1.000000000000000000, 0.9238795325112867385, 1.000000000000000000, 0.9238795325112867385, 1.000000000000000000, 0.9238795325112867385, 1.000000000000000000 ) ) 
 REPRESENTATION_ITEM ( '' )  );
#3761 = CARTESIAN_POINT ( 'NONE',  ( 4.000000000000000000, 1.400343491548885044, -1.400343491548898811 ) ) ;
#3762 = CARTESIAN_POINT ( 'NONE',  ( 9.150000000000005684, -1.980384757729360512, 0.8203022253684509879 ) ) ;
#3763 = FACE_OUTER_BOUND ( 'NONE', #3137, .T. ) ;
#3764 = CARTESIAN_POINT ( 'NONE',  ( 13.70000000000000107, 1.980384757729332312, 0.000000000000000000 ) ) ;
#3765 = DIRECTION ( 'NONE',  ( 0.000000000000000000, 0.000000000000000000, 1.000000000000000000 ) ) ;
#3766 = FACE_OUTER_BOUND ( 'NONE', #3529, .T. ) ;
#3767 = CARTESIAN_POINT ( 'NONE',  ( 6.450000000000001954, -2.500000000000025757, -1.035533905932743082 ) ) ;
#3768 = ADVANCED_FACE ( 'NONE', ( #4697 ), #1096, .T. ) ;
#3769 = CARTESIAN_POINT ( 'NONE',  ( 11.75000000000000711, -0.8203022253684651988, -1.980384757729346301 ) ) ;
#3770 = ORIENTED_EDGE ( 'NONE', *, *, #3473, .F. ) ;
#3771 = ORIENTED_EDGE ( 'NONE', *, *, #162, .T. ) ;
#3772 = CARTESIAN_POINT ( 'NONE',  ( 14.30000000000000249, -1.375652421508278441E-14, -1.980384757729346301 ) ) ;
#3773 = CARTESIAN_POINT ( 'NONE',  ( 20.42341524510243644, -0.1833627037264779769, 2.176584754897597840 ) ) ;
#3774 = CARTESIAN_POINT ( 'NONE',  ( 10.20000000000000284, -1.433703035749471672E-14, 2.500000000000011546 ) ) ;
#3775 = DIRECTION ( 'NONE',  ( 1.000000000000000000, -0.000000000000000000, -0.000000000000000000 ) ) ;
#3776 = CARTESIAN_POINT ( 'NONE',  ( 0.2588895879755565566, -2.499999999999999556, 0.7145628824008503077 ) ) ;
#3777 = CARTESIAN_POINT ( 'NONE',  ( 2.750000000000002665, 1.035533905932728871, -2.500000000000011546 ) ) ;
#3778 = ORIENTED_EDGE ( 'NONE', *, *, #806, .F. ) ;
#3779 = ORIENTED_EDGE ( 'NONE', *, *, #1515, .F. ) ;
#3780 = CARTESIAN_POINT ( 'NONE',  ( 1.225000000000003864, 2.543301270189221253, 0.000000000000000000 ) ) ;
#3781 = ORIENTED_EDGE ( 'NONE', *, *, #2080, .T. ) ;
#3782 = CARTESIAN_POINT ( 'NONE',  ( 2.150000000000002576, -1.980384757729360068, -0.8203022253684516540 ) ) ;
#3783 = CARTESIAN_POINT ( 'NONE',  ( 14.40000000000000213, 1.400343491548885044, -1.400343491548898811 ) ) ;
#3784 = CARTESIAN_POINT ( 'NONE',  ( 20.25000000000000711, -0.8203022253684664200, 1.980384757729345857 ) ) ;
#3785 = CARTESIAN_POINT ( 'NONE',  ( 1.300000000000006040, -1.400343491548912578, -1.400343491548898811 ) ) ;
#3786 = CARTESIAN_POINT ( 'NONE',  ( 20.50000000000000000, -1.267509437117510519E-14, 0.000000000000000000 ) ) ;
#3787 = CARTESIAN_POINT ( 'NONE',  ( 7.550000000000004263, -1.980384757729360512, 0.8203022253684510989 ) ) ;
#3788 = CARTESIAN_POINT ( 'NONE',  ( 2.299999999999999822, -1.375652421508278441E-14, -1.980384757729346301 ) ) ;
#3789 = CYLINDRICAL_SURFACE ( 'NONE', #4301, 2.500000000000010658 ) ;
#3790 = CARTESIAN_POINT ( 'NONE',  ( 8.225000000000003197, -1.053469879313114532, -2.543301270189235019 ) ) ;
#3791 = CARTESIAN_POINT ( 'NONE',  ( 16.27500000000000568, 1.053469879313086999, -2.543301270189235019 ) ) ;
#3792 = CARTESIAN_POINT ( 'NONE',  ( 20.49999999999999645, -1.267509437117510519E-14, 0.000000000000000000 ) ) ;
#3793 = CARTESIAN_POINT ( 'NONE',  ( 16.65000000000000568, 0.8203022253684377763, -1.980384757729346301 ) ) ;
#3794 = CARTESIAN_POINT ( 'NONE',  ( 12.15000000000000391, -2.500000000000025757, -1.035533905932743082 ) ) ;
#3795 = ORIENTED_EDGE ( 'NONE', *, *, #501, .T. ) ;
#3796 = CARTESIAN_POINT ( 'NONE',  ( 2.850000000000005418, -1.980384757729360290, -0.8203022253684516540 ) ) ;
#3797 = CARTESIAN_POINT ( 'NONE',  ( 17.52500000000000924, -1.053469879313116087, 2.543301270189234575 ) ) ;
#3798 = CARTESIAN_POINT ( 'NONE',  ( 4.450000000000002842, -1.980384757729360512, 0.8203022253684509879 ) ) ;
#3799 = CARTESIAN_POINT ( 'NONE',  ( 9.900000000000005684, -1.400343491548913022, 1.400343491548898589 ) ) ;
#3800 = DIRECTION ( 'NONE',  ( -1.000000000000000000, 2.168404344971008621E-16, 0.000000000000000000 ) ) ;
#3801 = ADVANCED_FACE ( 'NONE', ( #7690 ), #58, .T. ) ;
#3802 = CARTESIAN_POINT ( 'NONE',  ( 10.35000000000000142, 0.8203022253684377763, -1.980384757729346301 ) ) ;
#3803 = DIRECTION ( 'NONE',  ( 2.168404344971008868E-16, 1.000000000000000000, -0.000000000000000000 ) ) ;
#3804 = CARTESIAN_POINT ( 'NONE',  ( 6.500000000000002665, -1.767766952966390637, -1.767766952966377092 ) ) ;
#3805 = CARTESIAN_POINT ( 'NONE',  ( 11.20000000000000462, 1.980384757729332312, 0.000000000000000000 ) ) ;
#3806 = EDGE_LOOP ( 'NONE', ( #7439, #3920, #1183, #6287, #692 ) ) ;
#3807 = AXIS2_PLACEMENT_3D ( 'NONE', #3925, #1423, #5028 ) ;
#3808 = ORIENTED_EDGE ( 'NONE', *, *, #5633, .T. ) ;
#3809 = CARTESIAN_POINT ( 'NONE',  ( 13.55000000000000071, 0.8203022253684377763, -1.980384757729346301 ) ) ;
#3810 = CARTESIAN_POINT ( 'NONE',  ( 6.850000000000004086, 2.499999999999997780, -1.035533905932742638 ) ) ;
#3811 = EDGE_CURVE ( 'NONE', #7178, #3368, #7370, .T. ) ;
#3812 = CARTESIAN_POINT ( 'NONE',  ( 0.7186470052523684648, -0.9999762770746515317, -1.876505808027339128 ) ) ;
#3813 = FACE_OUTER_BOUND ( 'NONE', #3998, .T. ) ;
#3814 = ADVANCED_FACE ( 'NONE', ( #6429 ), #938, .T. ) ;
#3815 = CARTESIAN_POINT ( 'NONE',  ( 19.45000000000000284, 1.035533905932728871, -2.500000000000011546 ) ) ;
#3816 = CIRCLE ( 'NONE', #3675, 4.897581003224551033 ) ;
#3817 = CARTESIAN_POINT ( 'NONE',  ( 13.95000000000000462, 1.035533905932728871, -2.500000000000011546 ) ) ;
#3818 = ORIENTED_EDGE ( 'NONE', *, *, #2800, .F. ) ;
#3819 = VERTEX_POINT ( 'NONE', #3951 ) ;
#3820 = CARTESIAN_POINT ( 'NONE',  ( 0.5000000000000002220, -1.536366799937306515, 1.999167105995459437 ) ) ;
#3821 = ORIENTED_EDGE ( 'NONE', *, *, #3385, .F. ) ;
#3822 = CARTESIAN_POINT ( 'NONE',  ( 3.050000000000000711, -0.8203022253684651988, -1.980384757729346301 ) ) ;
#3823 = AXIS2_PLACEMENT_3D ( 'NONE', #1674, #2182, #5869 ) ;
#3824 = CARTESIAN_POINT ( 'NONE',  ( 13.30000000000000249, -1.980384757729360068, -2.425271854633450283E-16 ) ) ;
#3825 = CARTESIAN_POINT ( 'NONE',  ( 18.15000000000000568, -0.8203022253684651988, -1.980384757729346301 ) ) ;
#3826 = CARTESIAN_POINT ( 'NONE',  ( 0.5000000000000038858, -1.400343491548912578, -1.400343491548898811 ) ) ;
#3827 = DIRECTION ( 'NONE',  ( 0.000000000000000000, 0.000000000000000000, -1.000000000000000000 ) ) ;
#3828 = EDGE_CURVE ( 'NONE', #2743, #3298, #7473, .T. ) ;
#3829 = CARTESIAN_POINT ( 'NONE',  ( 6.700000000000004619, -1.400343491548913022, 1.400343491548898589 ) ) ;
#3830 = CARTESIAN_POINT ( 'NONE',  ( 3.450000000000001510, 0.8203022253684378873, 1.980384757729345857 ) ) ;
#3831 = CARTESIAN_POINT ( 'NONE',  ( 10.85000000000000497, 2.499999999999997780, 1.035533905932744414 ) ) ;
#3832 = CARTESIAN_POINT ( 'NONE',  ( 6.975000000000004086, 1.798385574751153682, 1.798385574751168337 ) ) ;
#3833 =( BOUNDED_CURVE ( )  B_SPLINE_CURVE ( 2, ( #4232, #1706, #2981, #1812, #484, #1775, #6598, #5859, #2353 ),
 .UNSPECIFIED., .F., .F. ) 
 B_SPLINE_CURVE_WITH_KNOTS ( ( 3, 2, 2, 2, 3 ),
 ( 0.5185185185185184897, 0.5231481481481481399, 0.5277777777777777901, 0.5324074074074074403, 0.5370370370370369795 ),
 .UNSPECIFIED. ) 
 CURVE ( )  GEOMETRIC_REPRESENTATION_ITEM ( )  RATIONAL_B_SPLINE_CURVE ( ( 1.000000000000000000, 0.9238795325112867385, 1.000000000000000000, 0.9238795325112867385, 1.000000000000000000, 0.9238795325112867385, 1.000000000000000000, 0.9238795325112867385, 1.000000000000000000 ) ) 
 REPRESENTATION_ITEM ( '' )  );
#3834 = CARTESIAN_POINT ( 'NONE',  ( 16.77500000000000568, -2.543301270189249674, 1.053469879313100099 ) ) ;
#3835 = FACE_OUTER_BOUND ( 'NONE', #6201, .T. ) ;
#3836 = CARTESIAN_POINT ( 'NONE',  ( 18.10000000000000497, -1.400343491548912578, -1.400343491548898811 ) ) ;
#3837 = CARTESIAN_POINT ( 'NONE',  ( 3.400000000000003908, -1.372470695792103782E-14, -2.500000000000011546 ) ) ;
#3838 = CARTESIAN_POINT ( 'NONE',  ( 0.8000000000000055955, 1.980384757729332312, 0.000000000000000000 ) ) ;
#3839 = CARTESIAN_POINT ( 'NONE',  ( 16.02500000000000568, -2.543301270189249674, 1.053469879313100099 ) ) ;
#3840 = CARTESIAN_POINT ( 'NONE',  ( 2.850000000000002309, -1.980384757729360512, 0.8203022253684509879 ) ) ;
#3841 = CARTESIAN_POINT ( 'NONE',  ( 9.750000000000005329, 0.8203022253684378873, 1.980384757729345857 ) ) ;
#3842 = LINE ( 'NONE', #2040, #5625 ) ;
#3843 = CARTESIAN_POINT ( 'NONE',  ( 8.900000000000002132, 1.980384757729332312, 0.000000000000000000 ) ) ;
#3844 = CARTESIAN_POINT ( 'NONE',  ( 6.500000000000003553, -2.500000000000025757, -3.061616997868397439E-16 ) ) ;
#3845 = CARTESIAN_POINT ( 'NONE',  ( 10.55000000000000604, 0.8203022253684378873, 1.980384757729345857 ) ) ;
#3846 = EDGE_LOOP ( 'NONE', ( #1122, #7671, #3349, #6744 ) ) ;
#3847 = ORIENTED_EDGE ( 'NONE', *, *, #7260, .T. ) ;
#3848 = CARTESIAN_POINT ( 'NONE',  ( 12.75000000000000000, 0.8203022253684377763, -1.980384757729346301 ) ) ;
#3849 = CARTESIAN_POINT ( 'NONE',  ( 2.400000000000003020, -1.767766952966391303, 1.767766952966376870 ) ) ;
#3850 = CARTESIAN_POINT ( 'NONE',  ( 11.70000000000000462, 2.499999999999997780, 0.000000000000000000 ) ) ;
#3851 = DIRECTION ( 'NONE',  ( -0.7071067811865483499, 8.659560562354925463E-17, -0.7071067811865467956 ) ) ;
#3852 = EDGE_LOOP ( 'NONE', ( #289, #5697, #5173, #3330 ) ) ;
#3853 = EDGE_CURVE ( 'NONE', #3427, #7399, #1097, .T. ) ;
#3854 = ORIENTED_EDGE ( 'NONE', *, *, #1222, .T. ) ;
#3855 = DIRECTION ( 'NONE',  ( 0.000000000000000000, 0.000000000000000000, 1.000000000000000000 ) ) ;
#3856 = CARTESIAN_POINT ( 'NONE',  ( 15.85000000000000320, -0.8203022253684651988, -1.980384757729346301 ) ) ;
#3857 = CARTESIAN_POINT ( 'NONE',  ( 16.35000000000000853, -1.980384757729360512, 0.8203022253684509879 ) ) ;
#3858 = CARTESIAN_POINT ( 'NONE',  ( 0.3500000000000065836, -1.980384757729360512, 0.8203022253684509879 ) ) ;
#3859 = CARTESIAN_POINT ( 'NONE',  ( 11.10000000000000142, -1.433703035749471672E-14, 2.500000000000011546 ) ) ;
#3860 = CARTESIAN_POINT ( 'NONE',  ( 3.350000000000002753, 1.980384757729331868, 0.8203022253684526532 ) ) ;
#3861 = CARTESIAN_POINT ( 'NONE',  ( 2.300000000000003375, -1.433703035749471672E-14, 2.500000000000011546 ) ) ;
#3862 = CARTESIAN_POINT ( 'NONE',  ( 10.52500000000000391, -1.798385574751181437, -1.798385574751167892 ) ) ;
#3863 = EDGE_LOOP ( 'NONE', ( #5537, #1935, #5325, #2518 ) ) ;
#3864 = CARTESIAN_POINT ( 'NONE',  ( 11.10000000000000142, -1.375652421508278441E-14, -1.980384757729346301 ) ) ;
#3865 = CARTESIAN_POINT ( 'NONE',  ( 4.675000000000002487, -1.434498467178515336E-14, 2.543301270189235019 ) ) ;
#3866 = CARTESIAN_POINT ( 'NONE',  ( 15.62500000000000355, 2.543301270189221253, 0.000000000000000000 ) ) ;
#3867 = CARTESIAN_POINT ( 'NONE',  ( 18.70000000000000639, -1.372470695792103624E-14, -2.500000000000011546 ) ) ;
#3868 = AXIS2_PLACEMENT_3D ( 'NONE', #6412, #2325, #4563 ) ;
#3869 = CARTESIAN_POINT ( 'NONE',  ( 12.55000000000000604, -0.8203022253684651988, -1.980384757729346301 ) ) ;
#3870 = CARTESIAN_POINT ( 'NONE',  ( 2.150000000000006128, -0.8203022253684651988, -1.980384757729346301 ) ) ;
#3871 =( BOUNDED_CURVE ( )  B_SPLINE_CURVE ( 2, ( #7396, #3218, #4950, #4359, #2594, #5608, #4402, #6206, #2634, #4441, #4512, #437, #3887, #1502, #6955, #3451, #911, #2202, #1028, #7477, #6360, #6916, #2127, #3409, #2091, #5735, #987, #6285, #2785, #6400, #3296, #6321, #3924, #5813, #3371, #4633, #476, #4003, #1539, #2824, #5695, #7032, #5066, #5218, #7587, #5178, #4593, #6994, #951, #5851, #3335, #1617, #7626, #324, #1070, #5775, #2238, #4550, #1655, #356, #2714, #2749, #4042, #6440, #4477, #395, #6879, #5103, #7513, #5142, #7549, #2162, #3963, #1578, #3489, #7069, #4668, #1107, #4083, #1696, #7664, #5256, #6479, #5890, #2274, #2862, #135, #1980, #7320, #7279, #1312, #3109, #5539, #3856, #879, #719, #1942, #2524, #2059, #5033, #3266, #4367, #4917, #6174, #3696, #801, #6253, #2565, #1900, #2478, #4327, #6769, #1393, #4449, #5659, #4876, #6094, #5500, #4287, #6686, #6730, #7404, #3783, #6134, #5580, #1354, #6851, #4411, #3738, #3191, #762, #1431, #176, #3150, #4960, #7441, #7361, #215, #1471, #2601, #255, #5000, #2021, #6810, #3824, #6214, #842, #3225, #5617, #2641, #4456, #5119, #3235, #7530, #3714, #850, #1480, #6073, #6859, #2692, #3088, #6972, #2179, #6707, #3941, #3275, #4892, #108, #375, #7295, #2497, #1553, #1915, #2068, #6299, #5667, #695, #2650, #4570, #2142, #6263, #5159, #7564, #6338, #927, #5083, #888, #2729, #3864, #5628, #265, #4527, #5479, #299, #2107, #4304, #3901, #6932, #1330, #7451, #5041, #6896, #1594, #7492, #3312, #965, #6221, #3350, #5751, #2765, #4491, #1518, #5712, #338, #4101, #6496, #3428, #2364, #455, #1123, #1750, #2958, #2840, #3540, #565, #1045, #2293, #5831, #1006, #5234, #3507, #2331, #4136, #7680, #3390, #5906, #5310, #531, #7643, #4757, #2882, #4725, #5197, #5344, #6533, #7756, #5794, #4061, #2255, #7605, #1715, #1156, #2218, #6461, #1637, #3468, #4650, #414, #2803, #4608, #7048, #1672, #7011, #4022, #2922, #1088, #5867, #5942, #6418, #7163, #4688, #7722, #494, #7128, #5272, #7091, #3979, #6378, #2523, #1940, #1310, #1195, #1899, #3108, #4286, #3617, #2563, #675, #7319, #761, #4246, #2439, #134, #6685, #1267, #7200, #6608, #6013, #14, #4170, #6051, #1823, #3654, #1230, #6570, #597, #2400, #4832, #3149, #175, #4791, #633, #4205, #1353, #4326, #4959, #3737, #3069, #3028, #6133, #3579, #1784, #50, #718, #5417, #5499, #7239, #1860, #6645, #5974, #5461, #90, #2994, #5538, #5382, #2477, #4875, #3695, #7278, #6093, #4916, #6729, #1392, #2720, #3189, #3224, #7482, #4447, #1979, #3822, #5741, #3302, #7440, #2133, #6328, #2058, #1469, #841, #6887, #5658, #878, #6809, #4410, #5700, #4366, #254, #3265, #3782, #5073, #916, #6173, #5616, #6213, #329, #290, #6921, #2755, #6290, #1430, #5109, #800, #1544, #7360, #7519, #2097, #4482, #1508, #3892, #2640, #363, #5032, #4518, #3930, #956, #2682 ),
 .UNSPECIFIED., .F., .F. ) 
 B_SPLINE_CURVE_WITH_KNOTS ( ( 3, 2, 2, 2, 2, 2, 2, 2, 2, 2, 2, 2, 2, 2, 2, 2, 2, 2, 2, 2, 2, 2, 2, 2, 2, 2, 2, 2, 2, 2, 2, 2, 2, 2, 2, 2, 2, 2, 2, 2, 2, 2, 2, 2, 2, 2, 2, 2, 2, 2, 2, 2, 2, 2, 2, 2, 2, 2, 2, 2, 2, 2, 2, 2, 2, 2, 2, 2, 2, 2, 2, 2, 2, 2, 2, 2, 2, 2, 2, 2, 2, 2, 2, 2, 2, 2, 2, 2, 2, 2, 2, 2, 2, 2, 2, 2, 2, 2, 2, 2, 2, 2, 2, 2, 2, 2, 2, 2, 2, 2, 2, 2, 2, 2, 2, 2, 2, 2, 2, 2, 2, 2, 2, 2, 2, 2, 2, 2, 2, 2, 2, 2, 2, 2, 2, 2, 2, 2, 2, 2, 2, 2, 2, 2, 2, 2, 2, 2, 2, 2, 2, 2, 2, 2, 2, 2, 2, 2, 2, 2, 2, 2, 2, 2, 2, 2, 2, 2, 2, 2, 2, 2, 2, 2, 2, 2, 2, 2, 2, 2, 2, 2, 2, 2, 2, 2, 2, 2, 2, 2, 2, 2, 2, 2, 2, 2, 2, 3 ),
 ( 0.01851851851850855324, 0.02314814814813823118, 0.02777777777776791260, 0.03240740740739758707, 0.03703703703702727196, 0.04166666666665694990, 0.04629629629628662785, 0.05092592592591631273, 0.05555555555554599068, 0.06018518518517566862, 0.06481481481480534657, 0.06944444444443503839, 0.07407407407406470246, 0.07870370370369439428, 0.08333333333332407222, 0.08796296296295375017, 0.09259259259258342811, 0.09722222222221310606, 0.1018518518518427840, 0.1064814814814724758, 0.1111111111111021399, 0.1157407407407318317, 0.1203703703703615097, 0.1249999999999911876, 0.1296296296296208517, 0.1342592592592505574, 0.1388888888888802353, 0.1435185185185099133, 0.1481481481481395912, 0.1527777777777692969, 0.1574074074073989471, 0.1620370370370286250, 0.1666666666666583030, 0.1712962962962880087, 0.1759259259259176589, 0.1805555555555473646, 0.1851851851851770148, 0.1898148148148066927, 0.1944444444444363984, 0.1990740740740660486, 0.2037037037036957265, 0.2083333333333254322, 0.2129629629629551102, 0.2175925925925847881, 0.2222222222222144661, 0.2268518518518441440, 0.2314814814814738220, 0.2361111111111034999, 0.2407407407407331501, 0.2453703703703628836, 0.2499999999999925338, 0.2546296296296222672, 0.2592592592592518619, 0.2638888888888816231, 0.2685185185185112733, 0.2731481481481409235, 0.2777777777777706847, 0.2824074074074002239, 0.2870370370370299296, 0.2916666666666596353, 0.2962962962962893410, 0.3009259259259191022, 0.3055555555555487524, 0.3101851851851783470, 0.3148148148148080527, 0.3194444444444377029, 0.3240740740740674641, 0.3287037037036971698, 0.3333333333333267090, 0.3379629629629564147, 0.3425925925925861759, 0.3472222222222158261, 0.3518518518518455318, 0.3564814814814751265, 0.3611111111111047767, 0.3657407407407345379, 0.3703703703703642436, 0.3749999999999939493, 0.3796296296296235995, 0.3842592592592532497, 0.3888888888888828999, 0.3935185185185126056, 0.3981481481481423113, 0.4027777777777720170, 0.4074074074074016116, 0.4120370370370313173, 0.4166666666666610230, 0.4212962962962906732, 0.4259259259259204344, 0.4305555555555501401, 0.4351851851851796793, 0.4398148148148093850, 0.4444444444444390907, 0.4490740740740687964, 0.4537037037036985021, 0.4583333333333280968, 0.4629629629629577470, 0.4675925925925875082, 0.4722222222222172139, 0.4768518518518469196, 0.4814814814814764588, 0.4861111111111061645, 0.4907407407407359257, 0.4953703703703655759, 0.4999999999999952816, 0.5046296296296249873, 0.5092592592592546374, 0.5138888888888842876, 0.5185185185185139378, 0.5231481481481436990, 0.5277777777777732382, 0.5324074074074029994, 0.5370370370370327606, 0.5416666666666622998, 0.5462962962962920610, 0.5509259259259218222, 0.5555555555555515834, 0.5601851851851811226, 0.5648148148148106618, 0.5694444444444404230, 0.5740740740740701842, 0.5787037037036997233, 0.5833333333333297066, 0.5879629629629592458, 0.5925925925925887849, 0.5972222222222185462, 0.6018518518518483074, 0.6064814814814778465, 0.6111111111111076077, 0.6157407407407371469, 0.6203703703703669081, 0.6249999999999966693, 0.6296296296296264305, 0.6342592592592559697, 0.6388888888888857309, 0.6435185185185152701, 0.6481481481481450313, 0.6527777777777747925, 0.6574074074074043317, 0.6620370370370340929, 0.6666666666666638541, 0.6712962962962933933, 0.6759259259259231545, 0.6805555555555529157, 0.6851851851851824549, 0.6898148148148119940, 0.6944444444444417552, 0.6990740740740715164, 0.7037037037037010556, 0.7083333333333310389, 0.7129629629629605780, 0.7175925925925901172, 0.7222222222222198784, 0.7268518518518496396, 0.7314814814814794008, 0.7361111111111089400, 0.7407407407407384792, 0.7453703703703682404, 0.7499999999999980016, 0.7546296296296277628, 0.7592592592592575240, 0.7638888888888870632, 0.7685185185185166024, 0.7731481481481463636, 0.7777777777777761248, 0.7824074074074056639, 0.7870370370370354252, 0.7916666666666651864, 0.7962962962962947255, 0.8009259259259244867, 0.8055555555555542480, 0.8101851851851837871, 0.8148148148148135483, 0.8194444444444430875, 0.8240740740740728487, 0.8287037037037026099, 0.8333333333333323711, 0.8379629629629619103, 0.8425925925925916715, 0.8472222222222212107, 0.8518518518518509719, 0.8564814814814807331, 0.8611111111111102723, 0.8657407407407398114, 0.8703703703703695727, 0.8749999999999993339, 0.8796296296296290951, 0.8842592592592588563, 0.8888888888888883955, 0.8935185185185179346, 0.8981481481481476958, 0.9027777777777774570, 0.9074074074074069962, 0.9120370370370367574, 0.9166666666666665186, 0.9212962962962960578, 0.9259259259259258190, 0.9305555555555555802 ),
 .UNSPECIFIED. ) 
 CURVE ( )  GEOMETRIC_REPRESENTATION_ITEM ( )  RATIONAL_B_SPLINE_CURVE ( ( 1.000000000000163869, 0.9238795325111228696, 1.000000000000000000, 0.9238795325112867385, 1.000000000000000000, 0.9238795325112867385, 1.000000000000000000, 0.9238795325112867385, 1.000000000000000000, 0.9238795325112867385, 1.000000000000000000, 0.9238795325112867385, 1.000000000000000000, 0.9238795325112867385, 1.000000000000000000, 0.9238795325112867385, 1.000000000000000000, 0.9238795325112867385, 1.000000000000000000, 0.9238795325112867385, 1.000000000000000000, 0.9238795325112867385, 1.000000000000000000, 0.9238795325112867385, 1.000000000000000000, 0.9238795325112867385, 1.000000000000000000, 0.9238795325112867385, 1.000000000000000000, 0.9238795325112867385, 1.000000000000000000, 0.9238795325112867385, 1.000000000000000000, 0.9238795325112867385, 1.000000000000000000, 0.9238795325112867385, 1.000000000000000000, 0.9238795325112867385, 1.000000000000000000, 0.9238795325112867385, 1.000000000000000000, 0.9238795325112867385, 1.000000000000000000, 0.9238795325112867385, 1.000000000000000000, 0.9238795325112867385, 1.000000000000000000, 0.9238795325112867385, 1.000000000000000000, 0.9238795325112867385, 1.000000000000000000, 0.9238795325112867385, 1.000000000000000000, 0.9238795325112867385, 1.000000000000000000, 0.9238795325112867385, 1.000000000000000000, 0.9238795325112867385, 1.000000000000000000, 0.9238795325112867385, 1.000000000000000000, 0.9238795325112867385, 1.000000000000000000, 0.9238795325112867385, 1.000000000000000000, 0.9238795325112867385, 1.000000000000000000, 0.9238795325112867385, 1.000000000000000000, 0.9238795325112867385, 1.000000000000000000, 0.9238795325112867385, 1.000000000000000000, 0.9238795325112867385, 1.000000000000000000, 0.9238795325112867385, 1.000000000000000000, 0.9238795325112867385, 1.000000000000000000, 0.9238795325112867385, 1.000000000000000000, 0.9238795325112867385, 1.000000000000000000, 0.9238795325112867385, 1.000000000000000000, 0.9238795325112867385, 1.000000000000000000, 0.9238795325112867385, 1.000000000000000000, 0.9238795325112867385, 1.000000000000000000, 0.9238795325112867385, 1.000000000000000000, 0.9238795325112867385, 1.000000000000000000, 0.9238795325112867385, 1.000000000000000000, 0.9238795325112867385, 1.000000000000000000, 0.9238795325112867385, 1.000000000000000000, 0.9238795325112867385, 1.000000000000000000, 0.9238795325112867385, 1.000000000000000000, 0.9238795325112867385, 1.000000000000000000, 0.9238795325112867385, 1.000000000000000000, 0.9238795325112867385, 1.000000000000000000, 0.9238795325112867385, 1.000000000000000000, 0.9238795325112867385, 1.000000000000000000, 0.9238795325112867385, 1.000000000000000000, 0.9238795325112867385, 1.000000000000000000, 0.9238795325112867385, 1.000000000000000000, 0.9238795325112867385, 1.000000000000000000, 0.9238795325112867385, 1.000000000000000000, 0.9238795325112867385, 1.000000000000000000, 0.9238795325112867385, 1.000000000000000000, 0.9238795325112867385, 1.000000000000000000, 0.9238795325112867385, 1.000000000000000000, 0.9238795325112867385, 1.000000000000000000, 0.9238795325112867385, 1.000000000000000000, 0.9238795325112867385, 1.000000000000000000, 0.9238795325112867385, 1.000000000000000000, 0.9238795325112867385, 1.000000000000000000, 0.9238795325112867385, 1.000000000000000000, 0.9238795325112867385, 1.000000000000000000, 0.9238795325112867385, 1.000000000000000000, 0.9238795325112867385, 1.000000000000000000, 0.9238795325112867385, 1.000000000000000000, 0.9238795325112867385, 1.000000000000000000, 0.9238795325112867385, 1.000000000000000000, 0.9238795325112867385, 1.000000000000000000, 0.9238795325112867385, 1.000000000000000000, 0.9238795325112867385, 1.000000000000000000, 0.9238795325112867385, 1.000000000000000000, 0.9238795325112867385, 1.000000000000000000, 0.9238795325112867385, 1.000000000000000000, 0.9238795325112867385, 1.000000000000000000, 0.9238795325112867385, 1.000000000000000000, 0.9238795325112867385, 1.000000000000000000, 0.9238795325112867385, 1.000000000000000000, 0.9238795325112867385, 1.000000000000000000, 0.9238795325112867385, 1.000000000000000000, 0.9238795325112867385, 1.000000000000000000, 0.9238795325112867385, 1.000000000000000000, 0.9238795325112867385, 1.000000000000000000, 0.9238795325112867385, 1.000000000000000000, 0.9238795325112867385, 1.000000000000000000, 0.9238795325112867385, 1.000000000000000000, 0.9238795325112867385, 1.000000000000000000, 0.9238795325112867385, 1.000000000000000000, 0.9238795325112867385, 1.000000000000000000, 0.9238795325112867385, 1.000000000000000000, 0.9238795325112867385, 1.000000000000000000, 0.9238795325112867385, 1.000000000000000000, 0.9238795325112867385, 1.000000000000000000, 0.9238795325112867385, 1.000000000000000000, 0.9238795325112867385, 1.000000000000000000, 0.9238795325112867385, 1.000000000000000000, 0.9238795325112867385, 1.000000000000000000, 0.9238795325112867385, 1.000000000000000000, 0.9238795325112867385, 1.000000000000000000, 0.9238795325112867385, 1.000000000000000000, 0.9238795325112867385, 1.000000000000000000, 0.9238795325112867385, 1.000000000000000000, 0.9238795325112867385, 1.000000000000000000, 0.9238795325112867385, 1.000000000000000000, 0.9238795325112867385, 1.000000000000000000, 0.9238795325112867385, 1.000000000000000000, 0.9238795325112867385, 1.000000000000000000, 0.9238795325112867385, 1.000000000000000000, 0.9238795325112867385, 1.000000000000000000, 0.9238795325112867385, 1.000000000000000000, 0.9238795325112867385, 1.000000000000000000, 0.9238795325112867385, 1.000000000000000000, 0.9238795325112867385, 1.000000000000000000, 0.9238795325112867385, 1.000000000000000000, 0.9238795325112867385, 1.000000000000000000, 0.9238795325112867385, 1.000000000000000000, 0.9238795325112867385, 1.000000000000000000, 0.9238795325112867385, 1.000000000000000000, 0.9238795325112867385, 1.000000000000000000, 0.9238795325112867385, 1.000000000000000000, 0.9238795325112867385, 1.000000000000000000, 0.9238795325112867385, 1.000000000000000000, 0.9238795325112867385, 1.000000000000000000, 0.9238795325112867385, 1.000000000000000000, 0.9238795325112867385, 1.000000000000000000, 0.9238795325112867385, 1.000000000000000000, 0.9238795325112867385, 1.000000000000000000, 0.9238795325112867385, 1.000000000000000000, 0.9238795325112867385, 1.000000000000000000, 0.9238795325112867385, 1.000000000000000000, 0.9238795325112867385, 1.000000000000000000, 0.9238795325112867385, 1.000000000000000000, 0.9238795325112867385, 1.000000000000000000, 0.9238795325112867385, 1.000000000000000000, 0.9238795325112867385, 1.000000000000000000, 0.9238795325112867385, 1.000000000000000000, 0.9238795325112867385, 1.000000000000000000, 0.9238795325112867385, 1.000000000000000000, 0.9238795325112867385, 1.000000000000000000, 0.9238795325112867385, 1.000000000000000000, 0.9238795325112867385, 1.000000000000000000, 0.9238795325112867385, 1.000000000000000000, 0.9238795325112867385, 1.000000000000000000, 0.9238795325112867385, 1.000000000000000000, 0.9238795325112867385, 1.000000000000000000, 0.9238795325112867385, 1.000000000000000000, 0.9238795325112867385, 1.000000000000000000, 0.9238795325112867385, 1.000000000000000000, 0.9238795325112867385, 1.000000000000000000, 0.9238795325112867385, 1.000000000000000000, 0.9238795325112867385, 1.000000000000000000, 0.9238795325112867385, 1.000000000000000000, 0.9238795325112867385, 1.000000000000000000, 0.9238795325112867385, 1.000000000000000000, 0.9238795325112867385, 1.000000000000000000, 0.9238795325112867385, 1.000000000000000000, 0.9238795325112867385, 1.000000000000000000, 0.9238795325112867385, 1.000000000000000000, 0.9238795325112867385, 1.000000000000000000, 0.9238795325112867385, 1.000000000000000000, 0.9238795325112867385, 1.000000000000000000, 0.9238795325112867385, 1.000000000000000000, 0.9238795325112867385, 1.000000000000000000, 0.9238795325112867385, 1.000000000000000000, 0.9238795325112867385, 1.000000000000000000, 0.9238795325112867385, 1.000000000000000000, 0.9238795325112867385, 1.000000000000000000, 0.9238795325112867385, 1.000000000000000000, 0.9238795325112867385, 1.000000000000000000, 0.9238795325112867385, 1.000000000000000000, 0.9238795325112867385, 1.000000000000000000, 0.9238795325112867385, 1.000000000000000000, 0.9238795325112867385, 1.000000000000000000, 0.9238795325112867385, 1.000000000000000000, 0.9238795325112867385, 1.000000000000000000, 0.9238795325112867385, 1.000000000000000000, 0.9238795325112867385, 1.000000000000000000, 0.9238795325112867385, 1.000000000000000000, 0.9238795325112867385, 1.000000000000000000, 0.9238795325112867385, 1.000000000000000000, 0.9238795325112867385, 1.000000000000000000, 0.9238795325112867385, 1.000000000000000000, 0.9238795325112867385, 1.000000000000000000, 0.9238795325112867385, 1.000000000000000000, 0.9238795325112867385, 1.000000000000000000, 0.9238795325112867385, 1.000000000000000000, 0.9238795325112867385, 1.000000000000000000 ) ) 
 REPRESENTATION_ITEM ( '' )  );
#3872 = CIRCLE ( 'NONE', #497, 3.847401720642124268 ) ;
#3873 = CARTESIAN_POINT ( 'NONE',  ( 17.07500000000000284, -1.372205551982422560E-14, -2.543301270189235019 ) ) ;
#3874 = CARTESIAN_POINT ( 'NONE',  ( 4.500000000000000888, -1.980384757729360068, -2.425271854633450283E-16 ) ) ;
#3875 = CARTESIAN_POINT ( 'NONE',  ( 7.000000000000004441, -1.375652421508278441E-14, -1.980384757729346301 ) ) ;
#3876 = FACE_OUTER_BOUND ( 'NONE', #403, .T. ) ;
#3877 = CARTESIAN_POINT ( 'NONE',  ( 8.550000000000002487, -1.980384757729360290, -0.8203022253684516540 ) ) ;
#3878 = CARTESIAN_POINT ( 'NONE',  ( 18.80000000000000426, 1.767766952966363103, -1.767766952966377092 ) ) ;
#3879 = APPROVAL_PERSON_ORGANIZATION ( #5984, #3746, #2413 ) ;
#3880 = LINE ( 'NONE', #3403, #4795 ) ;
#3881 = DIRECTION ( 'NONE',  ( 1.000000000000000000, -0.000000000000000000, -0.000000000000000000 ) ) ;
#3882 = CARTESIAN_POINT ( 'NONE',  ( 11.90000000000000568, 1.400343491548885044, -1.400343491548898811 ) ) ;
#3883 = ORIENTED_EDGE ( 'NONE', *, *, #368, .F. ) ;
#3884 = ORIENTED_EDGE ( 'NONE', *, *, #5929, .F. ) ;
#3885 = CARTESIAN_POINT ( 'NONE',  ( 14.75000000000000355, -0.8203022253684664200, 1.980384757729345857 ) ) ;
#3886 = CARTESIAN_POINT ( 'NONE',  ( 0.5813987256565088524, -1.114022190692421477, 2.084577144099077461 ) ) ;
#3887 = CARTESIAN_POINT ( 'NONE',  ( 19.90000000000000213, -1.375652421508278441E-14, -1.980384757729346301 ) ) ;
#3888 = FACE_OUTER_BOUND ( 'NONE', #4790, .T. ) ;
#3889 = ORIENTED_EDGE ( 'NONE', *, *, #1460, .T. ) ;
#3890 = CARTESIAN_POINT ( 'NONE',  ( 0.8750000000000043299, -2.543301270189249674, -1.053469879313101210 ) ) ;
#3891 = EDGE_LOOP ( 'NONE', ( #5023, #2428, #4902, #2017 ) ) ;
#3892 = CARTESIAN_POINT ( 'NONE',  ( 1.150000000000002132, -0.8203022253684665310, 1.980384757729345857 ) ) ;
#3893 = CARTESIAN_POINT ( 'NONE',  ( 19.00000000000000355, -1.433703035749471672E-14, 2.500000000000011546 ) ) ;
#3894 = CARTESIAN_POINT ( 'NONE',  ( 15.80000000000000426, -1.375652421508278441E-14, -1.980384757729346301 ) ) ;
#3895 = LINE ( 'NONE', #5077, #734 ) ;
#3896 = FACE_OUTER_BOUND ( 'NONE', #5024, .T. ) ;
#3897 = ADVANCED_FACE ( 'NONE', ( #5914 ), #6982, .T. ) ;
#3898 = CARTESIAN_POINT ( 'NONE',  ( 20.50000000000000000, -1.267509437117510519E-14, 0.000000000000000000 ) ) ;
#3899 = CARTESIAN_POINT ( 'NONE',  ( 8.525000000000003908, 1.798385574751153682, 1.798385574751168337 ) ) ;
#3900 = VERTEX_POINT ( 'NONE', #465 ) ;
#3901 = CARTESIAN_POINT ( 'NONE',  ( 10.70000000000000107, -1.424157858600947694E-14, 1.980384757729346301 ) ) ;
#3902 = CARTESIAN_POINT ( 'NONE',  ( 5.725000000000002309, -2.543301270189249674, -1.053469879313101210 ) ) ;
#3903 = CARTESIAN_POINT ( 'NONE',  ( 13.97500000000000320, 2.543301270189220809, -1.053469879313100765 ) ) ;
#3904 = CARTESIAN_POINT ( 'NONE',  ( -12.50000000000000000, 0.000000000000000000, 0.000000000000000000 ) ) ;
#3905 = ADVANCED_FACE ( 'NONE', ( #1603 ), #504, .T. ) ;
#3906 = CARTESIAN_POINT ( 'NONE',  ( 13.05000000000000604, -0.8203022253684665310, 1.980384757729345857 ) ) ;
#3907 = EDGE_CURVE ( 'NONE', #4229, #1552, #5316, .T. ) ;
#3908 = CARTESIAN_POINT ( 'NONE',  ( 19.55000000000000426, -0.8203022253684664200, 1.980384757729345857 ) ) ;
#3909 = CARTESIAN_POINT ( 'NONE',  ( 13.12500000000000533, 1.053469879313086999, -2.543301270189235019 ) ) ;
#3910 = CARTESIAN_POINT ( 'NONE',  ( 1.300000000000002487, -1.980384757729360068, -2.425271854633450283E-16 ) ) ;
#3911 = CARTESIAN_POINT ( 'NONE',  ( 6.100000000000004974, -1.400343491548912578, -1.400343491548898811 ) ) ;
#3912 = CARTESIAN_POINT ( 'NONE',  ( 16.70000000000000284, -1.767766952966391303, 1.767766952966376870 ) ) ;
#3913 = CARTESIAN_POINT ( 'NONE',  ( 11.45000000000000107, 0.8203022253684378873, 1.980384757729345857 ) ) ;
#3914 = DIRECTION ( 'NONE',  ( -1.000000000000000000, 1.778671531248327998E-16, 0.000000000000000000 ) ) ;
#3915 = CARTESIAN_POINT ( 'NONE',  ( -12.50000000000000000, -2.695312499999995115, 6.411159703984926850 ) ) ;
#3916 = AXIS2_PLACEMENT_3D ( 'NONE', #3307, #5707, #2725 ) ;
#3917 =( BOUNDED_CURVE ( )  B_SPLINE_CURVE ( 2, ( #960, #6294, #4055, #5267, #333, #3974, #5153, #5113, #1631 ),
 .UNSPECIFIED., .F., .F. ) 
 B_SPLINE_CURVE_WITH_KNOTS ( ( 3, 2, 2, 2, 3 ),
 ( 0.6296296296296295392, 0.6342592592592593004, 0.6388888888888888395, 0.6435185185185184897, 0.6481481481481481399 ),
 .UNSPECIFIED. ) 
 CURVE ( )  GEOMETRIC_REPRESENTATION_ITEM ( )  RATIONAL_B_SPLINE_CURVE ( ( 1.000000000000000000, 0.9238795325112867385, 1.000000000000000000, 0.9238795325112867385, 1.000000000000000000, 0.9238795325112867385, 1.000000000000000000, 0.9238795325112867385, 1.000000000000000000 ) ) 
 REPRESENTATION_ITEM ( '' )  );
#3918 = CARTESIAN_POINT ( 'NONE',  ( 12.05000000000000604, 1.980384757729331868, 0.8203022253684526532 ) ) ;
#3919 = ORIENTED_EDGE ( 'NONE', *, *, #1678, .T. ) ;
#3920 = ORIENTED_EDGE ( 'NONE', *, *, #4051, .T. ) ;
#3921 = CARTESIAN_POINT ( 'NONE',  ( 13.10000000000000142, -1.424157858600947694E-14, 1.980384757729346301 ) ) ;
#3922 = CIRCLE ( 'NONE', #4430, 11.66705252354425681 ) ;
#3923 = DIRECTION ( 'NONE',  ( 1.000000000000000000, -0.000000000000000000, -0.000000000000000000 ) ) ;
#3924 = CARTESIAN_POINT ( 'NONE',  ( 18.89999999999999858, -1.980384757729360068, -2.425271854633450283E-16 ) ) ;
#3925 = CARTESIAN_POINT ( 'NONE',  ( 20.50000000000000000, -1.267509437117510519E-14, 0.000000000000000000 ) ) ;
#3926 = ORIENTED_EDGE ( 'NONE', *, *, #4274, .T. ) ;
#3927 = AXIS2_PLACEMENT_3D ( 'NONE', #7666, #1620, #1109 ) ;
#3928 = LINE ( 'NONE', #7438, #2361 ) ;
#3929 = ORIENTED_EDGE ( 'NONE', *, *, #3372, .F. ) ;
#3930 = CARTESIAN_POINT ( 'NONE',  ( 0.9000000000000014655, 1.980384757729332312, 0.000000000000000000 ) ) ;
#3931 = DIRECTION ( 'NONE',  ( 0.000000000000000000, 0.000000000000000000, -1.000000000000000000 ) ) ;
#3932 = CARTESIAN_POINT ( 'NONE',  ( 17.60000000000000497, 1.980384757729332312, 0.000000000000000000 ) ) ;
#3933 = CARTESIAN_POINT ( 'NONE',  ( 20.50000000000000000, -1.267509437117510519E-14, 0.000000000000000000 ) ) ;
#3934 = CARTESIAN_POINT ( 'NONE',  ( -12.50000000000000000, -2.625674005841378555, -6.245515272181227040 ) ) ;
#3935 = TOROIDAL_SURFACE ( 'NONE', #7074, 5.056145703497873178, 0.1796875000000000000 ) ;
#3936 = CARTESIAN_POINT ( 'NONE',  ( 0.7500000000000006661, 0.8203022253684377763, -1.980384757729346301 ) ) ;
#3937 = CARTESIAN_POINT ( 'NONE',  ( 10.60000000000000320, -1.372470695792103782E-14, -2.500000000000011546 ) ) ;
#3938 = VECTOR ( 'NONE', #6380, 1000.000000000000000 ) ;
#3939 = CARTESIAN_POINT ( 'NONE',  ( 7.775000000000004796, 1.053469879313087443, 2.543301270189234575 ) ) ;
#3940 = ORIENTED_EDGE ( 'NONE', *, *, #6167, .T. ) ;
#3941 = CARTESIAN_POINT ( 'NONE',  ( 12.30000000000000249, -1.424157858600947694E-14, 1.980384757729346301 ) ) ;
#3942 = CARTESIAN_POINT ( 'NONE',  ( 3.775000000000003908, 1.798385574751153682, 1.798385574751168337 ) ) ;
#3943 = CARTESIAN_POINT ( 'NONE',  ( 1.700000000000003508, -1.767766952966390637, -1.767766952966377092 ) ) ;
#3944 = CARTESIAN_POINT ( 'NONE',  ( 13.55000000000000604, 1.980384757729332312, -0.8203022253684514320 ) ) ;
#3945 = CIRCLE ( 'NONE', #2317, 5.056145703497872290 ) ;
#3946 = FACE_OUTER_BOUND ( 'NONE', #3852, .T. ) ;
#3947 = CARTESIAN_POINT ( 'NONE',  ( 20.50000000000000000, -1.980384757729360068, -2.425271854633450283E-16 ) ) ;
#3948 = EDGE_CURVE ( 'NONE', #3960, #1458, #6576, .T. ) ;
#3949 = CARTESIAN_POINT ( 'NONE',  ( 15.37500000000000355, -1.798385574751181437, -1.798385574751167892 ) ) ;
#3950 = CARTESIAN_POINT ( 'NONE',  ( 0.6999999999999992895, -1.375652421508278441E-14, -1.980384757729346301 ) ) ;
#3951 = CARTESIAN_POINT ( 'NONE',  ( 13.50000000000000533, -1.433703035749471672E-14, 2.500000000000011546 ) ) ;
#3952 = CARTESIAN_POINT ( 'NONE',  ( 6.300000000000005151, 1.400343491548885044, -1.400343491548898811 ) ) ;
#3953 = CARTESIAN_POINT ( 'NONE',  ( -1.093290131144163402, 2.042052523544252374, 2.450935444863294510 ) ) ;
#3954 = CARTESIAN_POINT ( 'NONE',  ( 9.350000000000001421, -1.980384757729360290, -0.8203022253684516540 ) ) ;
#3955 = CARTESIAN_POINT ( 'NONE',  ( -0.8517465326040243312, 2.217184983342280979, 2.160459355957036642 ) ) ;
#3956 = CARTESIAN_POINT ( 'NONE',  ( 16.55000000000000071, 1.035533905932729315, 2.500000000000011102 ) ) ;
#3957 = CARTESIAN_POINT ( 'NONE',  ( 9.000000000000007105, -1.424157858600947694E-14, 1.980384757729346301 ) ) ;
#3958 = ORIENTED_EDGE ( 'NONE', *, *, #2036, .F. ) ;
#3959 = EDGE_CURVE ( 'NONE', #5490, #3600, #114, .T. ) ;
#3960 = VERTEX_POINT ( 'NONE', #5430 ) ;
#3961 = CARTESIAN_POINT ( 'NONE',  ( 9.900000000000000355, -1.424157858600947694E-14, 1.980384757729346301 ) ) ;
#3962 = CYLINDRICAL_SURFACE ( 'NONE', #7014, 2.500000000000010658 ) ;
#3963 = CARTESIAN_POINT ( 'NONE',  ( 16.90000000000000213, 1.980384757729332312, 0.000000000000000000 ) ) ;
#3964 = CARTESIAN_POINT ( 'NONE',  ( 4.450000000000006395, -1.980384757729360068, -0.8203022253684516540 ) ) ;
#3965 = CYLINDRICAL_SURFACE ( 'NONE', #7324, 2.500000000000010658 ) ;
#3966 = CARTESIAN_POINT ( 'NONE',  ( 17.19999999999999929, -1.400343491548913022, 1.400343491548898589 ) ) ;
#3967 = EDGE_LOOP ( 'NONE', ( #3781, #5260 ) ) ;
#3968 = CARTESIAN_POINT ( 'NONE',  ( 0.5000000000000002220, -2.500000000000023093, 0.3272492347489384112 ) ) ;
#3969 = VERTEX_POINT ( 'NONE', #1277 ) ;
#3970 = CARTESIAN_POINT ( 'NONE',  ( 20.75000000000000711, 0.8203022253684377763, -1.980384757729346301 ) ) ;
#3971 = CARTESIAN_POINT ( 'NONE',  ( 18.35000000000000142, -2.500000000000026201, 1.035533905932742194 ) ) ;
#3972 = CARTESIAN_POINT ( 'NONE',  ( 17.35000000000000497, -0.8203022253684651988, -1.980384757729346301 ) ) ;
#3973 = CARTESIAN_POINT ( 'NONE',  ( -12.50000000000000000, -2.874999999999995559, 0.000000000000000000 ) ) ;
#3974 = CARTESIAN_POINT ( 'NONE',  ( 14.05000000000000426, 2.499999999999997780, 1.035533905932744414 ) ) ;
#3975 = CARTESIAN_POINT ( 'NONE',  ( 17.45000000000000284, -1.035533905932757959, 2.500000000000011102 ) ) ;
#3976 = CARTESIAN_POINT ( 'NONE',  ( 11.50000000000000355, -1.372470695792103624E-14, -2.500000000000011546 ) ) ;
#3977 = CARTESIAN_POINT ( 'NONE',  ( 9.725000000000004974, -1.798385574751181437, -1.798385574751167892 ) ) ;
#3978 = ORIENTED_EDGE ( 'NONE', *, *, #6681, .F. ) ;
#3979 = CARTESIAN_POINT ( 'NONE',  ( 6.700000000000001066, -1.424157858600947694E-14, 1.980384757729346301 ) ) ;
#3980 = CARTESIAN_POINT ( 'NONE',  ( 3.325000000000001510, -2.543301270189249674, -1.053469879313101210 ) ) ;
#3981 = CARTESIAN_POINT ( 'NONE',  ( 1.750000000000001776, -1.035533905932756404, -2.500000000000011546 ) ) ;
#3982 = CARTESIAN_POINT ( 'NONE',  ( 14.00000000000000533, -1.980384757729360068, -2.425271854633450283E-16 ) ) ;
#3983 = CARTESIAN_POINT ( 'NONE',  ( 0.6500000000000047962, 1.035533905932729315, 2.500000000000011102 ) ) ;
#3984 = CARTESIAN_POINT ( 'NONE',  ( 19.25000000000000355, 1.980384757729332312, -0.8203022253684513210 ) ) ;
#3985 = CARTESIAN_POINT ( 'NONE',  ( 12.97500000000000320, -1.798385574751181437, -1.798385574751167892 ) ) ;
#3986 = CIRCLE ( 'NONE', #5875, 0.1796875000000001665 ) ;
#3987 = CARTESIAN_POINT ( 'NONE',  ( 1.450000000000000400, -0.8203022253684651988, -1.980384757729346301 ) ) ;
#3988 = CARTESIAN_POINT ( 'NONE',  ( 20.50000000000000000, -1.267509437117510519E-14, 0.000000000000000000 ) ) ;
#3989 = CARTESIAN_POINT ( 'NONE',  ( 4.900000000000004796, 1.400343491548884600, 1.400343491548899033 ) ) ;
#3990 = CARTESIAN_POINT ( 'NONE',  ( -4.761334409864217854, -1.305429970462445244, 4.814878827679893725 ) ) ;
#3991 = CARTESIAN_POINT ( 'NONE',  ( 7.300000000000000711, 1.980384757729332312, 0.000000000000000000 ) ) ;
#3992 = CARTESIAN_POINT ( 'NONE',  ( 0.5000000000000017764, -1.385658696841748805, -2.080853184601659134 ) ) ;
#3993 = CARTESIAN_POINT ( 'NONE',  ( -8.589467622627234178, 2.190461453405184056, 6.626433063622115149 ) ) ;
#3994 = EDGE_CURVE ( 'NONE', #2387, #7642, #4187, .T. ) ;
#3995 = EDGE_CURVE ( 'NONE', #4090, #554, #7087, .T. ) ;
#3996 = AXIS2_PLACEMENT_3D ( 'NONE', #5570, #6163, #323 ) ;
#3997 = CARTESIAN_POINT ( 'NONE',  ( 7.300000000000006040, 1.400343491548884600, 1.400343491548899033 ) ) ;
#3998 = EDGE_LOOP ( 'NONE', ( #4354, #6728, #7592, #5072 ) ) ;
#3999 = ORIENTED_EDGE ( 'NONE', *, *, #2844, .T. ) ;
#4000 = CARTESIAN_POINT ( 'NONE',  ( 9.400000000000002132, -1.400343491548912578, -1.400343491548898811 ) ) ;
#4001 = CONICAL_SURFACE ( 'NONE', #1633, 1732.050807568899927, 1.047197551196603404 ) ;
#4002 = CARTESIAN_POINT ( 'NONE',  ( 4.650000000000000355, -1.035533905932757959, 2.500000000000011102 ) ) ;
#4003 = CARTESIAN_POINT ( 'NONE',  ( 18.64999999999999858, 0.8203022253684378873, 1.980384757729345857 ) ) ;
#4004 = CARTESIAN_POINT ( 'NONE',  ( 2.550000000000004707, 0.8203022253684378873, 1.980384757729345857 ) ) ;
#4005 = ADVANCED_FACE ( 'NONE', ( #572 ), #7589, .T. ) ;
#4006 = SPHERICAL_SURFACE ( 'NONE', #811, 6.775000000000006573 ) ;
#4007 = CARTESIAN_POINT ( 'NONE',  ( 17.80000000000000426, 1.400343491548884600, 1.400343491548899033 ) ) ;
#4008 = VERTEX_POINT ( 'NONE', #6617 ) ;
#4009 = EDGE_CURVE ( 'NONE', #4958, #282, #2771, .T. ) ;
#4010 = DIRECTION ( 'NONE',  ( 0.000000000000000000, 0.000000000000000000, 1.000000000000000000 ) ) ;
#4011 = VERTEX_POINT ( 'NONE', #6580 ) ;
#4012 = DIRECTION ( 'NONE',  ( 1.000000000000000000, -0.000000000000000000, 0.000000000000000000 ) ) ;
#4013 = FACE_OUTER_BOUND ( 'NONE', #7028, .T. ) ;
#4014 = CARTESIAN_POINT ( 'NONE',  ( 15.90000000000000391, 1.400343491548885044, -1.400343491548898811 ) ) ;
#4015 =( BOUNDED_CURVE ( )  B_SPLINE_CURVE ( 2, ( #7387, #2628, #4943, #5021, #7427, #4394, #6238, #905, #2809 ),
 .UNSPECIFIED., .F., .F. ) 
 B_SPLINE_CURVE_WITH_KNOTS ( ( 3, 2, 2, 2, 3 ),
 ( 0.3148148148148147696, 0.3194444444444444198, 0.3240740740740740700, 0.3287037037037037202, 0.3333333333333333703 ),
 .UNSPECIFIED. ) 
 CURVE ( )  GEOMETRIC_REPRESENTATION_ITEM ( )  RATIONAL_B_SPLINE_CURVE ( ( 1.000000000000000000, 0.9238795325112867385, 1.000000000000000000, 0.9238795325112867385, 1.000000000000000000, 0.9238795325112867385, 1.000000000000000000, 0.9238795325112867385, 1.000000000000000000 ) ) 
 REPRESENTATION_ITEM ( '' )  );
#4016 = AXIS2_PLACEMENT_3D ( 'NONE', #7675, #5789, #920 ) ;
#4017 = DIRECTION ( 'NONE',  ( 0.000000000000000000, 0.000000000000000000, -1.000000000000000000 ) ) ;
#4018 = CARTESIAN_POINT ( 'NONE',  ( 12.20000000000000284, -1.372470695792103782E-14, -2.500000000000011546 ) ) ;
#4019 = CARTESIAN_POINT ( 'NONE',  ( 0.09999999999999939493, 1.980384757729332312, 0.000000000000000000 ) ) ;
#4020 = CARTESIAN_POINT ( 'NONE',  ( 8.675000000000004263, -1.053469879313116087, 2.543301270189234575 ) ) ;
#4021 = EDGE_LOOP ( 'NONE', ( #3086, #3055, #3669, #6520 ) ) ;
#4022 = CARTESIAN_POINT ( 'NONE',  ( 7.349999999999999645, 1.980384757729331868, 0.8203022253684526532 ) ) ;
#4023 = CARTESIAN_POINT ( 'NONE',  ( 4.475000000000003197, 2.543301270189221253, 0.000000000000000000 ) ) ;
#4024 = CARTESIAN_POINT ( 'NONE',  ( -0.4661919746328981873, -2.500000000000002220, -1.484280771488458717 ) ) ;
#4025 = CARTESIAN_POINT ( 'NONE',  ( 14.35000000000000320, 1.980384757729332312, -0.8203022253684514320 ) ) ;
#4026 = CARTESIAN_POINT ( 'NONE',  ( 10.30000000000000426, -1.433703035749471672E-14, 2.500000000000011546 ) ) ;
#4027 = LINE ( 'NONE', #5601, #5557 ) ;
#4028 = CARTESIAN_POINT ( 'NONE',  ( 19.14999999999999858, 0.8203022253684377763, -1.980384757729346301 ) ) ;
#4029 = CARTESIAN_POINT ( 'NONE',  ( 14.52500000000000213, -2.543301270189249674, -1.053469879313101210 ) ) ;
#4030 = CARTESIAN_POINT ( 'NONE',  ( 0.8500000000000001998, 1.980384757729332312, -0.8203022253684513210 ) ) ;
#4031 = CARTESIAN_POINT ( 'NONE',  ( 1.750000000000004885, -2.500000000000025757, -1.035533905932743082 ) ) ;
#4032 = CARTESIAN_POINT ( 'NONE',  ( 5.500000000000005329, 1.400343491548885044, -1.400343491548898811 ) ) ;
#4033 = CARTESIAN_POINT ( 'NONE',  ( -6.486603151525410560, 1.718852009320145369, 5.621934246354411968 ) ) ;
#4034 = CARTESIAN_POINT ( 'NONE',  ( 5.700000000000001954, 1.980384757729332312, 0.000000000000000000 ) ) ;
#4035 = CARTESIAN_POINT ( 'NONE',  ( 20.50000000000000000, -1.267509437117510519E-14, 0.000000000000000000 ) ) ;
#4036 = DIRECTION ( 'NONE',  ( 0.000000000000000000, 0.000000000000000000, -1.000000000000000000 ) ) ;
#4037 = CARTESIAN_POINT ( 'NONE',  ( 8.900000000000005684, 1.400343491548884600, 1.400343491548899033 ) ) ;
#4038 = VERTEX_POINT ( 'NONE', #5352 ) ;
#4039 = CARTESIAN_POINT ( 'NONE',  ( 11.30000000000000071, 1.980384757729332312, 0.000000000000000000 ) ) ;
#4040 = EDGE_CURVE ( 'NONE', #1479, #433, #712, .T. ) ;
#4041 = CARTESIAN_POINT ( 'NONE',  ( 0.5574551735281629838, -0.2914505204085464096, 2.387211414630206807 ) ) ;
#4042 = CARTESIAN_POINT ( 'NONE',  ( 17.40000000000000213, -1.400343491548912578, -1.400343491548898811 ) ) ;
#4043 = AXIS2_PLACEMENT_3D ( 'NONE', #5268, #4753, #2394 ) ;
#4044 = CARTESIAN_POINT ( 'NONE',  ( 2.850000000000005418, -1.980384757729360068, -0.8203022253684516540 ) ) ;
#4045 = CARTESIAN_POINT ( 'NONE',  ( 0.5000000000000017764, 5.547365066045038873, -0.6904642090818104982 ) ) ;
#4046 = CARTESIAN_POINT ( 'NONE',  ( 15.20000000000000107, 1.400343491548885044, -1.400343491548898811 ) ) ;
#4047 = VERTEX_POINT ( 'NONE', #3665 ) ;
#4048 = DIRECTION ( 'NONE',  ( 1.000000000000000000, -3.033396242145239324E-16, 0.000000000000000000 ) ) ;
#4049 = ORIENTED_EDGE ( 'NONE', *, *, #1126, .F. ) ;
#4050 = DIRECTION ( 'NONE',  ( -1.000000000000000000, 0.000000000000000000, 0.000000000000000000 ) ) ;
#4051 = EDGE_CURVE ( 'NONE', #7509, #4229, #1941, .T. ) ;
#4052 = DIRECTION ( 'NONE',  ( 1.000000000000000000, -0.000000000000000000, -0.000000000000000000 ) ) ;
#4053 = CARTESIAN_POINT ( 'NONE',  ( 12.25000000000000711, -0.8203022253684664200, 1.980384757729345857 ) ) ;
#4054 = CARTESIAN_POINT ( 'NONE',  ( -12.50000000000000000, 2.695312499999992006, 0.000000000000000000 ) ) ;
#4055 = CARTESIAN_POINT ( 'NONE',  ( 13.90000000000000213, 1.767766952966363103, -1.767766952966377092 ) ) ;
#4056 = CARTESIAN_POINT ( 'NONE',  ( 1.900000000000002354, -1.424157858600947694E-14, 1.980384757729346301 ) ) ;
#4057 = AXIS2_PLACEMENT_3D ( 'NONE', #2837, #2252, #7639 ) ;
#4058 = CARTESIAN_POINT ( 'NONE',  ( -12.50000000000000000, 2.874999999999992006, -7.009737158183716232 ) ) ;
#4059 = CARTESIAN_POINT ( 'NONE',  ( 5.825000000000003730, -1.372205551982422560E-14, -2.543301270189235019 ) ) ;
#4060 = VERTEX_POINT ( 'NONE', #144 ) ;
#4061 = CARTESIAN_POINT ( 'NONE',  ( 8.150000000000000355, 1.980384757729331868, 0.8203022253684526532 ) ) ;
#4062 = AXIS2_PLACEMENT_3D ( 'NONE', #2949, #5336, #7747 ) ;
#4063 = EDGE_CURVE ( 'NONE', #3379, #2579, #6200, .T. ) ;
#4064 = CARTESIAN_POINT ( 'NONE',  ( 1.525000000000002354, -1.053469879313116087, 2.543301270189234575 ) ) ;
#4065 = CARTESIAN_POINT ( 'NONE',  ( 1.650000000000002132, -2.500000000000025757, -1.035533905932743082 ) ) ;
#4066 = CARTESIAN_POINT ( 'NONE',  ( 11.00000000000000711, -1.375652421508278441E-14, -1.980384757729346301 ) ) ;
#4067 = CARTESIAN_POINT ( 'NONE',  ( 1.400000000000001910, -1.433703035749471672E-14, 2.500000000000011546 ) ) ;
#4068 = AXIS2_PLACEMENT_3D ( 'NONE', #4732, #2931, #2263 ) ;
#4069 = CARTESIAN_POINT ( 'NONE',  ( 19.90000000000000213, -1.375652421508278441E-14, -1.980384757729346301 ) ) ;
#4070 = CARTESIAN_POINT ( 'NONE',  ( 15.62500000000000355, 2.543301270189220809, -1.053469879313100765 ) ) ;
#4071 = CARTESIAN_POINT ( 'NONE',  ( 20.87500000000000355, -2.543301270189249674, -1.053469879313101210 ) ) ;
#4072 = CARTESIAN_POINT ( 'NONE',  ( 1.550000000000002931, -1.035533905932757959, 2.500000000000011102 ) ) ;
#4073 = CONICAL_SURFACE ( 'NONE', #5068, 2.100000000000018296, 0.7853981633974472798 ) ;
#4074 = CARTESIAN_POINT ( 'NONE',  ( 2.300000000000003375, 1.400343491548885044, -1.400343491548898811 ) ) ;
#4075 = CARTESIAN_POINT ( 'NONE',  ( 4.550000000000001599, 2.499999999999997780, 1.035533905932744414 ) ) ;
#4076 = CARTESIAN_POINT ( 'NONE',  ( 6.300000000000001599, -1.375652421508278441E-14, -1.980384757729346301 ) ) ;
#4077 = CARTESIAN_POINT ( 'NONE',  ( 12.20000000000000284, -1.372470695792103782E-14, -2.500000000000011546 ) ) ;
#4078 = CARTESIAN_POINT ( 'NONE',  ( 18.60000000000000142, -1.372470695792103782E-14, -2.500000000000011546 ) ) ;
#4079 = CARTESIAN_POINT ( 'NONE',  ( 8.700000000000004619, 1.400343491548885044, -1.400343491548898811 ) ) ;
#4080 = ORIENTED_EDGE ( 'NONE', *, *, #6500, .T. ) ;
#4081 = CARTESIAN_POINT ( 'NONE',  ( 11.95000000000000284, 0.8203022253684377763, -1.980384757729346301 ) ) ;
#4082 = LINE ( 'NONE', #6478, #7262 ) ;
#4083 = CARTESIAN_POINT ( 'NONE',  ( 16.60000000000000497, -1.400343491548912578, -1.400343491548898811 ) ) ;
#4084 = CARTESIAN_POINT ( 'NONE',  ( 2.900000000000006573, -1.400343491548912578, -1.400343491548898811 ) ) ;
#4085 = CARTESIAN_POINT ( 'NONE',  ( -17.37645820349786874, -2.695312500000008438, 5.971938930089515954E-16 ) ) ;
#4086 = APPROVAL ( #5393, 'UNSPECIFIED' ) ;
#4087 = CARTESIAN_POINT ( 'NONE',  ( 17.85000000000000142, 0.8203022253684378873, 1.980384757729345857 ) ) ;
#4088 = ORIENTED_EDGE ( 'NONE', *, *, #3757, .T. ) ;
#4089 = CARTESIAN_POINT ( 'NONE',  ( 19.17500000000000426, -1.798385574751182103, 1.798385574751167670 ) ) ;
#4090 = VERTEX_POINT ( 'NONE', #4297 ) ;
#4091 = CARTESIAN_POINT ( 'NONE',  ( 20.15000000000000213, 1.980384757729331868, 0.8203022253684526532 ) ) ;
#4092 = CARTESIAN_POINT ( 'NONE',  ( 19.90000000000000213, -1.433703035749471672E-14, 2.500000000000011546 ) ) ;
#4093 = CARTESIAN_POINT ( 'NONE',  ( 14.70000000000000462, -1.400343491548913022, 1.400343491548898589 ) ) ;
#4094 = DIRECTION ( 'NONE',  ( 1.000000000000000000, -0.000000000000000000, -0.000000000000000000 ) ) ;
#4095 = CARTESIAN_POINT ( 'NONE',  ( 9.550000000000004263, -1.035533905932757959, 2.500000000000011102 ) ) ;
#4096 = DIRECTION ( 'NONE',  ( -1.224646799147353207E-16, 2.655529440325959183E-32, 1.000000000000000000 ) ) ;
#4097 = LINE ( 'NONE', #5825, #4684 ) ;
#4098 = EDGE_CURVE ( 'NONE', #4687, #5063, #7343, .T. ) ;
#4099 = CARTESIAN_POINT ( 'NONE',  ( 4.975000000000004086, -1.053469879313114532, -2.543301270189235019 ) ) ;
#4100 = EDGE_LOOP ( 'NONE', ( #326, #1380 ) ) ;
#4101 = CARTESIAN_POINT ( 'NONE',  ( 9.800000000000000711, 1.400343491548884600, 1.400343491548899033 ) ) ;
#4102 = CARTESIAN_POINT ( 'NONE',  ( 2.725000000000002309, 1.053469879313086999, -2.543301270189235019 ) ) ;
#4103 = DIRECTION ( 'NONE',  ( -0.000000000000000000, 1.000000000000000000, -0.000000000000000000 ) ) ;
#4104 = CARTESIAN_POINT ( 'NONE',  ( 10.70000000000000462, -1.400343491548913022, 1.400343491548898589 ) ) ;
#4105 = PLANE ( 'NONE',  #295 ) ;
#4106 = CARTESIAN_POINT ( 'NONE',  ( 18.35000000000000142, 0.8203022253684377763, -1.980384757729346301 ) ) ;
#4107 = CARTESIAN_POINT ( 'NONE',  ( 9.475000000000003197, -1.434498467178515336E-14, 2.543301270189235019 ) ) ;
#4108 = CARTESIAN_POINT ( 'NONE',  ( 18.02500000000000213, 2.543301270189221253, 0.000000000000000000 ) ) ;
#4109 = DIRECTION ( 'NONE',  ( 0.000000000000000000, 0.000000000000000000, -1.000000000000000000 ) ) ;
#4110 = CARTESIAN_POINT ( 'NONE',  ( 20.10000000000000853, 1.400343491548884600, 1.400343491548899033 ) ) ;
#4111 = COORDINATED_UNIVERSAL_TIME_OFFSET ( 6, 0, .BEHIND. ) ;
#4112 = DIRECTION ( 'NONE',  ( 2.168404344971008868E-16, 1.000000000000000000, -0.000000000000000000 ) ) ;
#4113 = CARTESIAN_POINT ( 'NONE',  ( 8.400000000000003908, -1.980384757729360068, -2.425271854633450283E-16 ) ) ;
#4114 = CARTESIAN_POINT ( 'NONE',  ( -12.50000000000000000, -2.625674005841378555, 6.245515272181227040 ) ) ;
#4115 = CARTESIAN_POINT ( 'NONE',  ( 10.97500000000000142, 1.053469879313087443, 2.543301270189234575 ) ) ;
#4116 = CARTESIAN_POINT ( 'NONE',  ( 6.900000000000001243, -1.980384757729360068, -2.425271854633450283E-16 ) ) ;
#4117 = CARTESIAN_POINT ( 'NONE',  ( 6.150000000000003908, 2.499999999999997780, 1.035533905932744414 ) ) ;
#4118 = CARTESIAN_POINT ( 'NONE',  ( 3.650000000000003908, -1.980384757729360068, -0.8203022253684516540 ) ) ;
#4119 = AXIS2_PLACEMENT_3D ( 'NONE', #7038, #3089, #4048 ) ;
#4120 = CARTESIAN_POINT ( 'NONE',  ( 1.000000000000000666, -1.372470695792103782E-14, -2.500000000000011546 ) ) ;
#4121 = CARTESIAN_POINT ( 'NONE',  ( 16.10000000000000142, 1.980384757729332312, 0.000000000000000000 ) ) ;
#4122 = ORIENTED_EDGE ( 'NONE', *, *, #3200, .T. ) ;
#4123 =( BOUNDED_CURVE ( )  B_SPLINE_CURVE ( 2, ( #2232, #3327, #1062, #4623, #2740, #3445, #7657, #5766, #5725 ),
 .UNSPECIFIED., .F., .T. ) 
 B_SPLINE_CURVE_WITH_KNOTS ( ( 3, 2, 2, 2, 3 ),
 ( 0.5092592592592593004, 0.5138888888888888395, 0.5185185185185184897, 0.5231481481481481399, 0.5277777777777777901 ),
 .UNSPECIFIED. ) 
 CURVE ( )  GEOMETRIC_REPRESENTATION_ITEM ( )  RATIONAL_B_SPLINE_CURVE ( ( 1.000000000000000000, 0.9238795325112867385, 1.000000000000000000, 0.9238795325112867385, 1.000000000000000000, 0.9238795325112867385, 1.000000000000000000, 0.9238795325112867385, 1.000000000000000000 ) ) 
 REPRESENTATION_ITEM ( '' )  );
#4124 = CIRCLE ( 'NONE', #245, 6.019421691491638526 ) ;
#4125 = ORIENTED_EDGE ( 'NONE', *, *, #2715, .T. ) ;
#4126 = CARTESIAN_POINT ( 'NONE',  ( 19.80000000000000071, -1.400343491548912578, -1.400343491548898811 ) ) ;
#4127 = CARTESIAN_POINT ( 'NONE',  ( 12.65000000000000391, 1.035533905932729315, 2.500000000000011102 ) ) ;
#4128 = CARTESIAN_POINT ( 'NONE',  ( 13.25000000000000711, -1.980384757729360290, -0.8203022253684516540 ) ) ;
#4129 = CARTESIAN_POINT ( 'NONE',  ( 2.850000000000001865, 2.499999999999997780, 1.035533905932744414 ) ) ;
#4130 = DIRECTION ( 'NONE',  ( 1.000000000000000000, 0.000000000000000000, -0.000000000000000000 ) ) ;
#4131 = CARTESIAN_POINT ( 'NONE',  ( -12.50000000000000000, -4.102566777143634563E-15, 0.000000000000000000 ) ) ;
#4132 = CARTESIAN_POINT ( 'NONE',  ( 14.70000000000000284, -1.372470695792103624E-14, -2.500000000000011546 ) ) ;
#4133 = CARTESIAN_POINT ( 'NONE',  ( 20.50000000000000000, -1.236893267138826574E-14, 2.500000000000010658 ) ) ;
#4134 = CARTESIAN_POINT ( 'NONE',  ( 6.725000000000003197, 1.798385574751153904, -1.798385574751167892 ) ) ;
#4135 = ORIENTED_EDGE ( 'NONE', *, *, #6508, .F. ) ;
#4136 = CARTESIAN_POINT ( 'NONE',  ( 8.900000000000002132, 1.980384757729332312, 0.000000000000000000 ) ) ;
#4137 = CARTESIAN_POINT ( 'NONE',  ( 1.025000000000001465, -1.053469879313114532, -2.543301270189235019 ) ) ;
#4138 = CARTESIAN_POINT ( 'NONE',  ( 8.700000000000004619, -1.433703035749471672E-14, 2.500000000000011546 ) ) ;
#4139 = ADVANCED_FACE ( 'NONE', ( #4885 ), #606, .F. ) ;
#4140 = CARTESIAN_POINT ( 'NONE',  ( 9.000000000000007105, -1.424157858600947694E-14, 1.980384757729346301 ) ) ;
#4141 = CARTESIAN_POINT ( 'NONE',  ( -12.50000000000000000, 0.000000000000000000, 8.000000000000000000 ) ) ;
#4142 = CARTESIAN_POINT ( 'NONE',  ( 12.47500000000000320, 2.543301270189221253, 0.000000000000000000 ) ) ;
#4143 = EDGE_CURVE ( 'NONE', #773, #1575, #6322, .T. ) ;
#4144 = CARTESIAN_POINT ( 'NONE',  ( 18.97500000000000497, 1.053469879313087443, 2.543301270189234575 ) ) ;
#4145 = CARTESIAN_POINT ( 'NONE',  ( 5.600000000000002309, -2.500000000000025757, -3.061616997868397439E-16 ) ) ;
#4146 = CARTESIAN_POINT ( 'NONE',  ( 20.15000000000000568, 0.8203022253684378873, 1.980384757729345857 ) ) ;
#4147 = CARTESIAN_POINT ( 'NONE',  ( 0.8000000000000027089, 1.980384757729330536, 0.000000000000000000 ) ) ;
#4148 = CARTESIAN_POINT ( 'NONE',  ( 4.650000000000005684, 0.8203022253684377763, -1.980384757729346301 ) ) ;
#4149 = LINE ( 'NONE', #2344, #2919 ) ;
#4150 = CARTESIAN_POINT ( 'NONE',  ( 10.77500000000000391, 2.543301270189220809, -1.053469879313100765 ) ) ;
#4151 = CARTESIAN_POINT ( 'NONE',  ( 6.250000000000000000, -0.8203022253684651988, -1.980384757729346301 ) ) ;
#4152 = CARTESIAN_POINT ( 'NONE',  ( 6.300000000000003375, -1.433703035749471672E-14, 2.500000000000011546 ) ) ;
#4153 = CARTESIAN_POINT ( 'NONE',  ( 1.500000000000004885, 1.400343491548885044, -1.400343491548898811 ) ) ;
#4154 = CARTESIAN_POINT ( 'NONE',  ( 20.00000000000000355, -1.767766952966391303, 1.767766952966376870 ) ) ;
#4155 = CARTESIAN_POINT ( 'NONE',  ( 14.15000000000000746, -0.8203022253684651988, -1.980384757729346301 ) ) ;
#4156 = ORIENTED_EDGE ( 'NONE', *, *, #5879, .T. ) ;
#4157 = EDGE_LOOP ( 'NONE', ( #6082, #717, #7594, #2802 ) ) ;
#4158 = CARTESIAN_POINT ( 'NONE',  ( 16.25000000000000000, 0.8203022253684378873, 1.980384757729345857 ) ) ;
#4159 = CARTESIAN_POINT ( 'NONE',  ( 19.70000000000000639, 2.499999999999997780, 0.000000000000000000 ) ) ;
#4160 = CARTESIAN_POINT ( 'NONE',  ( 12.00000000000000533, 1.980384757729332312, 0.000000000000000000 ) ) ;
#4161 = CARTESIAN_POINT ( 'NONE',  ( 20.16339745962156016, -1.372858893272101821E-14, -2.436602540378453252 ) ) ;
#4162 = CARTESIAN_POINT ( 'NONE',  ( 2.650000000000003020, -1.035533905932756404, -2.500000000000011546 ) ) ;
#4163 = DIRECTION ( 'NONE',  ( 0.000000000000000000, -1.000000000000000000, 0.000000000000000000 ) ) ;
#4164 = CARTESIAN_POINT ( 'NONE',  ( -7.049923139996283616, 1.883389530406224033, -5.877744975530291960 ) ) ;
#4165 = ORIENTED_EDGE ( 'NONE', *, *, #2089, .F. ) ;
#4166 = CARTESIAN_POINT ( 'NONE',  ( 18.40000000000000568, 1.980384757729332312, 0.000000000000000000 ) ) ;
#4167 =( BOUNDED_CURVE ( )  B_SPLINE_CURVE ( 2, ( #6086, #3181, #1384, #3295, #6284, #4511, #5694, #3217, #3774 ),
 .UNSPECIFIED., .F., .F. ) 
 B_SPLINE_CURVE_WITH_KNOTS ( ( 3, 2, 2, 2, 3 ),
 ( 0.4444444444444444198, 0.4490740740740740700, 0.4537037037037037202, 0.4583333333333333703, 0.4629629629629629095 ),
 .UNSPECIFIED. ) 
 CURVE ( )  GEOMETRIC_REPRESENTATION_ITEM ( )  RATIONAL_B_SPLINE_CURVE ( ( 1.000000000000000000, 0.9238795325112867385, 1.000000000000000000, 0.9238795325112867385, 1.000000000000000000, 0.9238795325112867385, 1.000000000000000000, 0.9238795325112867385, 1.000000000000000000 ) ) 
 REPRESENTATION_ITEM ( '' )  );
#4168 = CARTESIAN_POINT ( 'NONE',  ( 6.925000000000004263, 1.798385574751153682, 1.798385574751168337 ) ) ;
#4169 = VERTEX_POINT ( 'NONE', #4338 ) ;
#4170 = CARTESIAN_POINT ( 'NONE',  ( 5.550000000000000711, 0.8203022253684377763, -1.980384757729346301 ) ) ;
#4171 = CARTESIAN_POINT ( 'NONE',  ( -0.02499999999999724665, -1.798385574751182103, 1.798385574751167670 ) ) ;
#4172 = DIRECTION ( 'NONE',  ( 1.000000000000000000, -0.000000000000000000, -0.000000000000000000 ) ) ;
#4173 = AXIS2_PLACEMENT_3D ( 'NONE', #2857, #5884, #1727 ) ;
#4174 = CARTESIAN_POINT ( 'NONE',  ( 9.100000000000004974, -1.400343491548913022, 1.400343491548898589 ) ) ;
#4175 = CARTESIAN_POINT ( 'NONE',  ( -12.50000000000000000, 2.190461453405093462, 0.000000000000000000 ) ) ;
#4176 = AXIS2_PLACEMENT_3D ( 'NONE', #1003, #5903, #5791 ) ;
#4177 = CARTESIAN_POINT ( 'NONE',  ( 10.52500000000000391, -2.543301270189249674, -1.053469879313101210 ) ) ;
#4178 = CARTESIAN_POINT ( 'NONE',  ( 19.47500000000000142, 1.053469879313086999, -2.543301270189235019 ) ) ;
#4179 = CARTESIAN_POINT ( 'NONE',  ( 7.900000000000002132, -1.767766952966391303, 1.767766952966376870 ) ) ;
#4180 = CARTESIAN_POINT ( 'NONE',  ( 19.25000000000000355, 1.980384757729331868, 0.8203022253684526532 ) ) ;
#4181 = AXIS2_PLACEMENT_3D ( 'NONE', #7385, #1152, #6036 ) ;
#4182 = CALENDAR_DATE ( 2026, 26, 6 ) ;
#4183 = CARTESIAN_POINT ( 'NONE',  ( 10.55000000000000426, -2.500000000000025757, -1.035533905932743082 ) ) ;
#4184 = CARTESIAN_POINT ( 'NONE',  ( 3.900000000000004352, 1.400343491548885044, -1.400343491548898811 ) ) ;
#4185 = CARTESIAN_POINT ( 'NONE',  ( 20.70000000000000639, 1.400343491548885044, -1.400343491548898811 ) ) ;
#4186 = EDGE_CURVE ( 'NONE', #6644, #7705, #3516, .T. ) ;
#4187 = CIRCLE ( 'NONE', #3557, 0.1796875000000010270 ) ;
#4188 = CARTESIAN_POINT ( 'NONE',  ( 12.82500000000000284, -2.543301270189248786, -3.114645759804644720E-16 ) ) ;
#4189 = CARTESIAN_POINT ( 'NONE',  ( 5.900000000000000355, -1.424157858600947694E-14, 1.980384757729346301 ) ) ;
#4190 = ADVANCED_FACE ( 'NONE', ( #6267 ), #7331, .T. ) ;
#4191 = DIRECTION ( 'NONE',  ( -0.7071067811865483499, 0.000000000000000000, 0.7071067811865467956 ) ) ;
#4192 = CARTESIAN_POINT ( 'NONE',  ( 5.150000000000002132, 2.499999999999997780, -1.035533905932742638 ) ) ;
#4193 = CARTESIAN_POINT ( 'NONE',  ( 15.45000000000000462, -0.8203022253684664200, 1.980384757729345857 ) ) ;
#4194 = ORIENTED_EDGE ( 'NONE', *, *, #6936, .F. ) ;
#4195 = EDGE_LOOP ( 'NONE', ( #5973, #6417 ) ) ;
#4196 = CARTESIAN_POINT ( 'NONE',  ( 16.35000000000000497, -0.8203022253684664200, 1.980384757729345857 ) ) ;
#4197 = CARTESIAN_POINT ( 'NONE',  ( 19.80000000000000426, 1.767766952966362659, 1.767766952966377536 ) ) ;
#4198 = CARTESIAN_POINT ( 'NONE',  ( 12.85000000000000497, 1.980384757729331868, 0.8203022253684526532 ) ) ;
#4199 = CARTESIAN_POINT ( 'NONE',  ( 20.40623873961639489, 0.3012969609241426538, 2.178284140589022755 ) ) ;
#4200 = CARTESIAN_POINT ( 'NONE',  ( 16.95000000000000284, -2.500000000000025757, -1.035533905932743082 ) ) ;
#4201 = CARTESIAN_POINT ( 'NONE',  ( -6.196065988199526586, 1.635709451329962594, -5.489465844048557308 ) ) ;
#4202 = CARTESIAN_POINT ( 'NONE',  ( 17.80000000000000782, -1.424157858600947694E-14, 1.980384757729346301 ) ) ;
#4203 = CARTESIAN_POINT ( 'NONE',  ( 3.575000000000001954, 2.543301270189220809, -1.053469879313100765 ) ) ;
#4204 = ORIENTED_EDGE ( 'NONE', *, *, #6783, .F. ) ;
#4205 = CARTESIAN_POINT ( 'NONE',  ( 4.900000000000001243, 1.980384757729332312, 0.000000000000000000 ) ) ;
#4206 = CARTESIAN_POINT ( 'NONE',  ( 0.3250000000000023981, 1.053469879313086999, -2.543301270189235019 ) ) ;
#4207 = CARTESIAN_POINT ( 'NONE',  ( 3.700000000000005507, -1.400343491548912578, -1.400343491548898811 ) ) ;
#4208 = DIRECTION ( 'NONE',  ( 0.000000000000000000, 0.000000000000000000, 1.000000000000000000 ) ) ;
#4209 = CARTESIAN_POINT ( 'NONE',  ( 9.500000000000005329, 1.400343491548885044, -1.400343491548898811 ) ) ;
#4210 = CARTESIAN_POINT ( 'NONE',  ( 7.349999999999999645, 1.980384757729331868, 0.8203022253684526532 ) ) ;
#4211 =( BOUNDED_CURVE ( )  B_SPLINE_CURVE ( 2, ( #3220, #2595, #4478, #4993, #6880, #1503, #325, #3817, #6208 ),
 .UNSPECIFIED., .F., .F. ) 
 B_SPLINE_CURVE_WITH_KNOTS ( ( 3, 2, 2, 2, 3 ),
 ( 0.2870370370370370350, 0.2916666666666666852, 0.2962962962962962798, 0.3009259259259259300, 0.3055555555555555802 ),
 .UNSPECIFIED. ) 
 CURVE ( )  GEOMETRIC_REPRESENTATION_ITEM ( )  RATIONAL_B_SPLINE_CURVE ( ( 1.000000000000000000, 0.9238795325112867385, 1.000000000000000000, 0.9238795325112867385, 1.000000000000000000, 0.9238795325112867385, 1.000000000000000000, 0.9238795325112867385, 1.000000000000000000 ) ) 
 REPRESENTATION_ITEM ( '' )  );
#4212 = CARTESIAN_POINT ( 'NONE',  ( 10.17500000000000426, 1.798385574751153682, 1.798385574751168337 ) ) ;
#4213 = CARTESIAN_POINT ( 'NONE',  ( 19.42500000000000426, -1.372205551982422560E-14, -2.543301270189235019 ) ) ;
#4214 = CARTESIAN_POINT ( 'NONE',  ( 0.5000000000000002220, -2.184465970885915098, -1.259047450926788825 ) ) ;
#4215 = B_SPLINE_CURVE_WITH_KNOTS ( 'NONE', 3,
 ( #2327, #2357, #6491, #6563, #1189, #5305, #5374, #5969, #6602, #1118 ),
 .UNSPECIFIED., .F., .F.,
 ( 4, 2, 2, 2, 4 ),
 ( 0.5000000000000000000, 0.6250000000000000000, 0.7500000000000001110, 0.8750000000000000000, 1.000000000000000000 ),
 .UNSPECIFIED. ) ;
#4216 = CARTESIAN_POINT ( 'NONE',  ( 18.85000000000000497, -1.980384757729360068, -0.8203022253684516540 ) ) ;
#4217 = CARTESIAN_POINT ( 'NONE',  ( 0.8000000000000020428, 1.400343491548885044, -1.400343491548898811 ) ) ;
#4218 = CARTESIAN_POINT ( 'NONE',  ( 4.400000000000004796, -1.980384757729360068, -2.425271854633450283E-16 ) ) ;
#4219 = FACE_OUTER_BOUND ( 'NONE', #7162, .T. ) ;
#4220 = CARTESIAN_POINT ( 'NONE',  ( 12.02500000000000391, -2.543301270189248786, -3.114645759804644720E-16 ) ) ;
#4221 = CARTESIAN_POINT ( 'NONE',  ( 20.22500000000000142, -1.053469879313114532, -2.543301270189235019 ) ) ;
#4222 = CARTESIAN_POINT ( 'NONE',  ( 7.800000000000001599, -1.400343491548912578, -1.400343491548898811 ) ) ;
#4223 = CARTESIAN_POINT ( 'NONE',  ( -1.979711378058577775, -1.550457516033105998, -3.261346576065669023 ) ) ;
#4224 = ADVANCED_FACE ( 'NONE', ( #6779 ), #4073, .T. ) ;
#4225 = CARTESIAN_POINT ( 'NONE',  ( 12.65000000000000036, -0.8203022253684651988, -1.980384757729346301 ) ) ;
#4226 = CARTESIAN_POINT ( 'NONE',  ( 5.900000000000003908, -1.372470695792103624E-14, -2.500000000000011546 ) ) ;
#4227 = CARTESIAN_POINT ( 'NONE',  ( 0.5000000000000017764, -2.776047672361596330, 4.852170578285128322 ) ) ;
#4228 = CARTESIAN_POINT ( 'NONE',  ( 14.35000000000000497, 1.980384757729332312, -0.8203022253684513210 ) ) ;
#4229 = VERTEX_POINT ( 'NONE', #814 ) ;
#4230 = ORIENTED_EDGE ( 'NONE', *, *, #4809, .T. ) ;
#4231 = CARTESIAN_POINT ( 'NONE',  ( 15.45000000000000284, 0.8203022253684378873, 1.980384757729345857 ) ) ;
#4232 = CARTESIAN_POINT ( 'NONE',  ( 11.40000000000000391, -1.372470695792103782E-14, -2.500000000000011546 ) ) ;
#4233 = CARTESIAN_POINT ( 'NONE',  ( 11.20000000000000462, 1.980384757729332312, 0.000000000000000000 ) ) ;
#4234 = CIRCLE ( 'NONE', #2240, 2.100000000000018296 ) ;
#4235 = EDGE_CURVE ( 'NONE', #6367, #6557, #3566, .T. ) ;
#4236 = CARTESIAN_POINT ( 'NONE',  ( 9.100000000000003197, -1.372470695792103624E-14, -2.500000000000011546 ) ) ;
#4237 = CARTESIAN_POINT ( 'NONE',  ( -9.640625000000005329, -3.640625000000007105, 0.000000000000000000 ) ) ;
#4238 = ADVANCED_FACE ( 'NONE', ( #3835 ), #7084, .T. ) ;
#4239 = CARTESIAN_POINT ( 'NONE',  ( 0.9500000000000032863, -2.500000000000025757, -1.035533905932743082 ) ) ;
#4240 = CARTESIAN_POINT ( 'NONE',  ( 11.90000000000000391, -1.433703035749471672E-14, 2.500000000000011546 ) ) ;
#4241 = ORIENTED_EDGE ( 'NONE', *, *, #5870, .T. ) ;
#4242 = CARTESIAN_POINT ( 'NONE',  ( 16.50000000000000711, -1.400343491548912578, -1.400343491548898811 ) ) ;
#4243 = VECTOR ( 'NONE', #738, 1000.000000000000000 ) ;
#4244 = CARTESIAN_POINT ( 'NONE',  ( 1.025000000000001688, -1.372205551982422560E-14, -2.543301270189235019 ) ) ;
#4245 = ORIENTED_EDGE ( 'NONE', *, *, #2323, .F. ) ;
#4246 = CARTESIAN_POINT ( 'NONE',  ( 6.000000000000001776, -1.400343491548913022, 1.400343491548898589 ) ) ;
#4247 = CARTESIAN_POINT ( 'NONE',  ( 19.35000000000000497, 0.8203022253684378873, 1.980384757729345857 ) ) ;
#4248 = CARTESIAN_POINT ( 'NONE',  ( 3.250000000000006661, 1.980384757729331868, 0.8203022253684526532 ) ) ;
#4249 = CARTESIAN_POINT ( 'NONE',  ( 15.50000000000000355, -1.372470695792103624E-14, -2.500000000000011546 ) ) ;
#4250 = ORGANIZATION ( 'UNSPECIFIED', 'UNSPECIFIED', '' ) ;
#4251 = CARTESIAN_POINT ( 'NONE',  ( 6.950000000000005507, -0.8203022253684651988, -1.980384757729346301 ) ) ;
#4252 = CARTESIAN_POINT ( 'NONE',  ( 6.850000000000001421, -1.980384757729360512, 0.8203022253684509879 ) ) ;
#4253 = CARTESIAN_POINT ( 'NONE',  ( 20.49999999999996092, -0.6839960364563834050, -1.973357382413205130 ) ) ;
#4254 = CARTESIAN_POINT ( 'NONE',  ( 9.875000000000003553, -1.372205551982422560E-14, -2.543301270189235019 ) ) ;
#4255 = CARTESIAN_POINT ( 'NONE',  ( 18.57500000000000639, -1.053469879313114532, -2.543301270189235019 ) ) ;
#4256 = CARTESIAN_POINT ( 'NONE',  ( 0.5000000000000002220, -0.3272492347503916377, -2.499999999999805933 ) ) ;
#4257 =( BOUNDED_CURVE ( )  B_SPLINE_CURVE ( 2, ( #3681, #4743, #2975, #4192, #5447, #6593, #1215, #1293, #7150 ),
 .UNSPECIFIED., .F., .F. ) 
 B_SPLINE_CURVE_WITH_KNOTS ( ( 3, 2, 2, 2, 3 ),
 ( 0.2222222222222222099, 0.2268518518518518601, 0.2314814814814815103, 0.2361111111111110494, 0.2407407407407406996 ),
 .UNSPECIFIED. ) 
 CURVE ( )  GEOMETRIC_REPRESENTATION_ITEM ( )  RATIONAL_B_SPLINE_CURVE ( ( 1.000000000000000000, 0.9238795325112867385, 1.000000000000000000, 0.9238795325112867385, 1.000000000000000000, 0.9238795325112867385, 1.000000000000000000, 0.9238795325112867385, 1.000000000000000000 ) ) 
 REPRESENTATION_ITEM ( '' )  );
#4258 = CARTESIAN_POINT ( 'NONE',  ( 18.30000000000000782, 1.400343491548885044, -1.400343491548898811 ) ) ;
#4259 = PERSON_AND_ORGANIZATION ( #5706, #4250 ) ;
#4260 = CARTESIAN_POINT ( 'NONE',  ( 20.50000000000000000, -1.267509437117510519E-14, 0.000000000000000000 ) ) ;
#4261 = ORIENTED_EDGE ( 'NONE', *, *, #1318, .T. ) ;
#4262 = CARTESIAN_POINT ( 'NONE',  ( 5.650000000000006573, 1.980384757729331868, 0.8203022253684526532 ) ) ;
#4263 = ORIENTED_EDGE ( 'NONE', *, *, #4712, .T. ) ;
#4264 = CARTESIAN_POINT ( 'NONE',  ( 13.22500000000000497, 2.543301270189221253, 0.000000000000000000 ) ) ;
#4265 = DIRECTION ( 'NONE',  ( 1.000000000000000000, -0.000000000000000000, -0.000000000000000000 ) ) ;
#4266 = CARTESIAN_POINT ( 'NONE',  ( 8.150000000000000355, 1.980384757729331868, 0.8203022253684526532 ) ) ;
#4267 = CARTESIAN_POINT ( 'NONE',  ( -3.627006715994734787, -1.243809829664229483, -4.237111801590469184 ) ) ;
#4268 = CARTESIAN_POINT ( 'NONE',  ( 12.25000000000000533, 0.8203022253684378873, 1.980384757729345857 ) ) ;
#4269 = CARTESIAN_POINT ( 'NONE',  ( 9.150000000000002132, 2.499999999999997780, -1.035533905932742638 ) ) ;
#4270 = CARTESIAN_POINT ( 'NONE',  ( -12.50000000000000000, 2.874999999999990674, 0.000000000000000000 ) ) ;
#4271 = CARTESIAN_POINT ( 'NONE',  ( 0.5417736111360018647, 0.3236041050788880380, 2.411294223500028533 ) ) ;
#4272 = CARTESIAN_POINT ( 'NONE',  ( 13.40000000000000568, -1.375652421508278441E-14, -1.980384757729346301 ) ) ;
#4273 = ORIENTED_EDGE ( 'NONE', *, *, #4040, .T. ) ;
#4274 = EDGE_CURVE ( 'NONE', #6798, #3298, #6065, .T. ) ;
#4275 = ORIENTED_EDGE ( 'NONE', *, *, #2708, .F. ) ;
#4276 = CARTESIAN_POINT ( 'NONE',  ( 15.95000000000000284, 0.8203022253684377763, -1.980384757729346301 ) ) ;
#4277 = DIRECTION ( 'NONE',  ( 1.000000000000000000, -0.000000000000000000, -0.000000000000000000 ) ) ;
#4278 = CARTESIAN_POINT ( 'NONE',  ( 6.200000000000001954, -1.433703035749471672E-14, 2.500000000000011546 ) ) ;
#4279 = DIRECTION ( 'NONE',  ( 0.000000000000000000, 0.000000000000000000, 1.000000000000000000 ) ) ;
#4280 = FACE_OUTER_BOUND ( 'NONE', #6858, .T. ) ;
#4281 = DIRECTION ( 'NONE',  ( 0.000000000000000000, 0.000000000000000000, 1.000000000000000000 ) ) ;
#4282 = CARTESIAN_POINT ( 'NONE',  ( 18.20000000000000284, -1.375652421508278441E-14, -1.980384757729346301 ) ) ;
#4283 = ADVANCED_FACE ( 'NONE', ( #4494 ), #2074, .T. ) ;
#4284 = CARTESIAN_POINT ( 'NONE',  ( 2.425000000000003375, -2.543301270189248786, -3.114645759804644720E-16 ) ) ;
#4285 = ORIENTED_EDGE ( 'NONE', *, *, #459, .T. ) ;
#4286 = CARTESIAN_POINT ( 'NONE',  ( 6.300000000000001599, -1.375652421508278441E-14, -1.980384757729346301 ) ) ;
#4287 = CARTESIAN_POINT ( 'NONE',  ( 14.60000000000000142, 1.400343491548884600, 1.400343491548899033 ) ) ;
#4288 = CARTESIAN_POINT ( 'NONE',  ( 20.30000000000000426, -1.400343491548913022, 1.400343491548898589 ) ) ;
#4289 = CARTESIAN_POINT ( 'NONE',  ( 3.800000000000004707, -1.375652421508278441E-14, -1.980384757729346301 ) ) ;
#4290 = DIRECTION ( 'NONE',  ( 1.000000000000000000, -3.033396242145239324E-16, 0.000000000000000000 ) ) ;
#4291 = CARTESIAN_POINT ( 'NONE',  ( 8.350000000000004974, -1.980384757729360512, 0.8203022253684510989 ) ) ;
#4292 = CARTESIAN_POINT ( 'NONE',  ( 4.750000000000001776, 0.8203022253684377763, -1.980384757729346301 ) ) ;
#4293 = CARTESIAN_POINT ( 'NONE',  ( 15.90000000000000391, -1.767766952966391303, 1.767766952966376870 ) ) ;
#4294 = EDGE_CURVE ( 'NONE', #1622, #3255, #2520, .T. ) ;
#4295 = CARTESIAN_POINT ( 'NONE',  ( 6.925000000000001599, 2.543301270189220809, 1.053469879313102542 ) ) ;
#4296 = CARTESIAN_POINT ( 'NONE',  ( 14.72500000000000320, 1.798385574751153904, -1.798385574751167892 ) ) ;
#4297 = CARTESIAN_POINT ( 'NONE',  ( -7.619666505508620347, 2.042052523544252374, 6.139222040369233468 ) ) ;
#4298 = CARTESIAN_POINT ( 'NONE',  ( 17.45000000000000639, 0.8203022253684377763, -1.980384757729346301 ) ) ;
#4299 = CARTESIAN_POINT ( 'NONE',  ( 12.20000000000000462, -1.767766952966390637, -1.767766952966377092 ) ) ;
#4300 = EDGE_LOOP ( 'NONE', ( #5106, #866, #7160, #5699 ) ) ;
#4301 = AXIS2_PLACEMENT_3D ( 'NONE', #5708, #4523, #2104 ) ;
#4302 = CARTESIAN_POINT ( 'NONE',  ( 6.150000000000004796, -0.8203022253684651988, -1.980384757729346301 ) ) ;
#4303 = CARTESIAN_POINT ( 'NONE',  ( 19.80000000000000426, -1.375652421508278441E-14, -1.980384757729346301 ) ) ;
#4304 = CARTESIAN_POINT ( 'NONE',  ( 10.75000000000000178, -0.8203022253684665310, 1.980384757729345857 ) ) ;
#4305 = CARTESIAN_POINT ( 'NONE',  ( 18.02500000000000924, 2.543301270189220809, -1.053469879313100765 ) ) ;
#4306 = CARTESIAN_POINT ( 'NONE',  ( 3.749999999999999556, -1.980384757729360290, -0.8203022253684516540 ) ) ;
#4307 = CARTESIAN_POINT ( 'NONE',  ( 9.200000000000004619, -1.980384757729360068, -2.425271854633450283E-16 ) ) ;
#4308 = CARTESIAN_POINT ( 'NONE',  ( 13.85000000000000320, 0.8203022253684378873, 1.980384757729345857 ) ) ;
#4309 = CARTESIAN_POINT ( 'NONE',  ( 12.70000000000000284, -1.433703035749471672E-14, 2.500000000000011546 ) ) ;
#4310 = LINE ( 'NONE', #5522, #5690 ) ;
#4311 = CARTESIAN_POINT ( 'NONE',  ( 6.750000000000002665, 2.499999999999997780, -1.035533905932742638 ) ) ;
#4312 = CARTESIAN_POINT ( 'NONE',  ( 15.90000000000000391, 1.400343491548885044, -1.400343491548898811 ) ) ;
#4313 = ORIENTED_EDGE ( 'NONE', *, *, #2614, .F. ) ;
#4314 = CIRCLE ( 'NONE', #2813, 4.876458203497874955 ) ;
#4315 = ORIENTED_EDGE ( 'NONE', *, *, #6831, .T. ) ;
#4316 = CARTESIAN_POINT ( 'NONE',  ( 16.65000000000000213, -0.8203022253684651988, -1.980384757729346301 ) ) ;
#4317 = CARTESIAN_POINT ( 'NONE',  ( 7.000000000000004441, 1.767766952966362659, 1.767766952966377536 ) ) ;
#4318 = CARTESIAN_POINT ( 'NONE',  ( 9.050000000000004263, -1.035533905932756404, -2.500000000000011546 ) ) ;
#4319 = CARTESIAN_POINT ( 'NONE',  ( 2.350000000000004974, -1.035533905932757959, 2.500000000000011102 ) ) ;
#4320 = CARTESIAN_POINT ( 'NONE',  ( 19.95000000000000284, -2.500000000000026201, 1.035533905932742194 ) ) ;
#4321 = CARTESIAN_POINT ( 'NONE',  ( -7.334293128160979336, 1.968622048674655289, -6.006171763060377700 ) ) ;
#4322 = ORIENTED_EDGE ( 'NONE', *, *, #6020, .F. ) ;
#4323 = CARTESIAN_POINT ( 'NONE',  ( 18.30000000000000782, 1.400343491548885044, -1.400343491548898811 ) ) ;
#4324 = CARTESIAN_POINT ( 'NONE',  ( 1.475000000000004308, -1.053469879313116087, 2.543301270189234575 ) ) ;
#4325 = ORIENTED_EDGE ( 'NONE', *, *, #3242, .F. ) ;
#4326 = CARTESIAN_POINT ( 'NONE',  ( 4.800000000000002487, 1.400343491548885044, -1.400343491548898811 ) ) ;
#4327 = CARTESIAN_POINT ( 'NONE',  ( 15.00000000000000355, -1.400343491548912578, -1.400343491548898811 ) ) ;
#4328 = CARTESIAN_POINT ( 'NONE',  ( 20.80000000000000426, 1.980384757729332312, 0.000000000000000000 ) ) ;
#4329 = CARTESIAN_POINT ( 'NONE',  ( 2.700000000000004619, -1.400343491548913022, 1.400343491548898589 ) ) ;
#4330 = DIRECTION ( 'NONE',  ( 1.000000000000000000, -0.000000000000000000, -0.000000000000000000 ) ) ;
#4331 = CARTESIAN_POINT ( 'NONE',  ( 5.750000000000005329, 0.8203022253684378873, 1.980384757729345857 ) ) ;
#4332 = CARTESIAN_POINT ( 'NONE',  ( 4.500000000000000888, -1.980384757729360068, -2.425271854633450283E-16 ) ) ;
#4333 = ADVANCED_FACE ( 'NONE', ( #7495 ), #6862, .F. ) ;
#4334 = EDGE_CURVE ( 'NONE', #1457, #4911, #3062, .T. ) ;
#4335 = CARTESIAN_POINT ( 'NONE',  ( 11.05000000000000426, 1.035533905932729315, 2.500000000000011102 ) ) ;
#4336 = CARTESIAN_POINT ( 'NONE',  ( 6.425000000000002487, -2.543301270189249674, 1.053469879313100099 ) ) ;
#4337 = CARTESIAN_POINT ( 'NONE',  ( 15.67500000000000426, 2.543301270189220809, 1.053469879313102542 ) ) ;
#4338 = CARTESIAN_POINT ( 'NONE',  ( 10.70000000000000462, -1.372470695792103624E-14, -2.500000000000011546 ) ) ;
#4339 = EDGE_CURVE ( 'NONE', #3255, #7491, #5177, .T. ) ;
#4340 = CARTESIAN_POINT ( 'NONE',  ( 16.90000000000000568, 1.400343491548884600, 1.400343491548899033 ) ) ;
#4341 = DIRECTION ( 'NONE',  ( 1.000000000000000000, -0.000000000000000000, -0.000000000000000000 ) ) ;
#4342 = ORIENTED_EDGE ( 'NONE', *, *, #2313, .T. ) ;
#4343 = CARTESIAN_POINT ( 'NONE',  ( 2.900000000000006573, -1.400343491548912578, -1.400343491548898811 ) ) ;
#4344 = CARTESIAN_POINT ( 'NONE',  ( 18.92500000000000426, 2.543301270189220809, 1.053469879313102542 ) ) ;
#4345 = CARTESIAN_POINT ( 'NONE',  ( 4.400000000000001243, -1.400343491548913022, 1.400343491548898589 ) ) ;
#4346 = CARTESIAN_POINT ( 'NONE',  ( 9.850000000000006750, -0.8203022253684664200, 1.980384757729345857 ) ) ;
#4347 = DIRECTION ( 'NONE',  ( -2.168404344971008868E-16, -1.000000000000000000, 0.000000000000000000 ) ) ;
#4348 = CARTESIAN_POINT ( 'NONE',  ( 11.70000000000000284, -1.980384757729360068, -2.425271854633450283E-16 ) ) ;
#4349 = CARTESIAN_POINT ( 'NONE',  ( 6.350000000000002309, -1.035533905932757959, 2.500000000000011102 ) ) ;
#4350 = CARTESIAN_POINT ( 'NONE',  ( 14.60000000000000497, -1.767766952966390637, -1.767766952966377092 ) ) ;
#4351 = CARTESIAN_POINT ( 'NONE',  ( 6.800000000000002487, 2.499999999999997780, 0.000000000000000000 ) ) ;
#4352 = EDGE_CURVE ( 'NONE', #4628, #3255, #7607, .T. ) ;
#4353 = CARTESIAN_POINT ( 'NONE',  ( 10.85000000000000497, -1.980384757729360290, -0.8203022253684516540 ) ) ;
#4354 = ORIENTED_EDGE ( 'NONE', *, *, #894, .F. ) ;
#4355 = ORIENTED_EDGE ( 'NONE', *, *, #1026, .F. ) ;
#4356 = CARTESIAN_POINT ( 'NONE',  ( 12.70000000000000107, -1.375652421508278441E-14, -1.980384757729346301 ) ) ;
#4357 = CARTESIAN_POINT ( 'NONE',  ( 14.85000000000000320, 2.499999999999997780, 1.035533905932744414 ) ) ;
#4358 = DIRECTION ( 'NONE',  ( 0.000000000000000000, 0.000000000000000000, -1.000000000000000000 ) ) ;
#4359 = CARTESIAN_POINT ( 'NONE',  ( 20.35000000000000497, -0.8203022253684665310, 1.980384757729345857 ) ) ;
#4360 = CARTESIAN_POINT ( 'NONE',  ( 19.55000000000000426, 2.499999999999997780, -1.035533905932742638 ) ) ;
#4361 = CARTESIAN_POINT ( 'NONE',  ( 17.35000000000000497, 2.499999999999997780, 1.035533905932744414 ) ) ;
#4362 = ORIENTED_EDGE ( 'NONE', *, *, #6795, .F. ) ;
#4363 = VERTEX_POINT ( 'NONE', #4572 ) ;
#4364 = CARTESIAN_POINT ( 'NONE',  ( 1.325000000000003286, 1.798385574751153682, 1.798385574751168337 ) ) ;
#4365 = ORIENTED_EDGE ( 'NONE', *, *, #7092, .F. ) ;
#4366 = CARTESIAN_POINT ( 'NONE',  ( 2.299999999999999822, -1.375652421508278441E-14, -1.980384757729346301 ) ) ;
#4367 = CARTESIAN_POINT ( 'NONE',  ( 15.45000000000000284, 0.8203022253684378873, 1.980384757729345857 ) ) ;
#4368 = CARTESIAN_POINT ( 'NONE',  ( 19.60000000000000497, -1.980384757729360068, -2.425271854633450283E-16 ) ) ;
#4369 = CARTESIAN_POINT ( 'NONE',  ( 1.250000000000004663, -1.980384757729360290, -0.8203022253684516540 ) ) ;
#4370 = CARTESIAN_POINT ( 'NONE',  ( 13.45000000000000284, 1.035533905932729315, 2.500000000000011102 ) ) ;
#4371 = CARTESIAN_POINT ( 'NONE',  ( 6.300000000000005151, 1.400343491548885044, -1.400343491548898811 ) ) ;
#4372 = CARTESIAN_POINT ( 'NONE',  ( 4.400000000000001243, -1.400343491548913022, 1.400343491548898589 ) ) ;
#4373 = AXIS2_PLACEMENT_3D ( 'NONE', #7674, #2286, #7598 ) ;
#4374 = CARTESIAN_POINT ( 'NONE',  ( -12.50000000000000000, 2.610785383146976724, 0.000000000000000000 ) ) ;
#4375 = EDGE_CURVE ( 'NONE', #4090, #7356, #3684, .T. ) ;
#4376 = CARTESIAN_POINT ( 'NONE',  ( 9.075000000000002842, -1.372205551982422560E-14, -2.543301270189235019 ) ) ;
#4377 =( BOUNDED_CURVE ( )  B_SPLINE_CURVE ( 2, ( #4092, #5370, #4197, #7672, #4159, #1220, #2284, #4749, #1115 ),
 .UNSPECIFIED., .F., .F. ) 
 B_SPLINE_CURVE_WITH_KNOTS ( ( 3, 2, 2, 2, 3 ),
 ( 0.02777777777776192086, 0.03240740740739551234, 0.03703703703702911076, 0.04166666666666270225, 0.04629629629629629373 ),
 .UNSPECIFIED. ) 
 CURVE ( )  GEOMETRIC_REPRESENTATION_ITEM ( )  RATIONAL_B_SPLINE_CURVE ( ( 1.000000000000260680, 0.9238795325110260581, 1.000000000000000000, 0.9238795325112867385, 1.000000000000000000, 0.9238795325112867385, 1.000000000000000000, 0.9238795325112867385, 1.000000000000000000 ) ) 
 REPRESENTATION_ITEM ( '' )  );
#4378 = AXIS2_PLACEMENT_3D ( 'NONE', #5102, #791, #4358 ) ;
#4379 = CARTESIAN_POINT ( 'NONE',  ( 14.92500000000000426, 1.798385574751153682, 1.798385574751168337 ) ) ;
#4380 = DIRECTION ( 'NONE',  ( 0.000000000000000000, 0.000000000000000000, -1.000000000000000000 ) ) ;
#4381 = CARTESIAN_POINT ( 'NONE',  ( 16.60000000000000497, -1.375652421508278441E-14, -1.980384757729346301 ) ) ;
#4382 = CARTESIAN_POINT ( 'NONE',  ( -12.50000000000000178, -3.640625000000006661, 0.000000000000000000 ) ) ;
#4383 = ORIENTED_EDGE ( 'NONE', *, *, #5532, .T. ) ;
#4384 = CARTESIAN_POINT ( 'NONE',  ( 3.450000000000005063, -0.8203022253684664200, 1.980384757729345857 ) ) ;
#4385 = ADVANCED_FACE ( 'NONE', ( #6463 ), #5908, .T. ) ;
#4386 = EDGE_CURVE ( 'NONE', #554, #7357, #5828, .T. ) ;
#4387 = CARTESIAN_POINT ( 'NONE',  ( 16.12500000000000355, -2.543301270189249674, -1.053469879313101210 ) ) ;
#4388 = CARTESIAN_POINT ( 'NONE',  ( 5.300000000000000711, -1.980384757729360068, -2.425271854633450283E-16 ) ) ;
#4389 = CARTESIAN_POINT ( 'NONE',  ( 10.35000000000000320, 1.980384757729332312, -0.8203022253684513210 ) ) ;
#4390 = CARTESIAN_POINT ( 'NONE',  ( -0.3749999999999979461, -2.500000000000002220, 0.000000000000000000 ) ) ;
#4391 = CARTESIAN_POINT ( 'NONE',  ( 14.25000000000000355, -0.8203022253684651988, -1.980384757729346301 ) ) ;
#4392 = LINE ( 'NONE', #2543, #1008 ) ;
#4393 = CARTESIAN_POINT ( 'NONE',  ( 15.50000000000000355, 1.767766952966363103, -1.767766952966377092 ) ) ;
#4394 = CARTESIAN_POINT ( 'NONE',  ( 7.250000000000003553, -2.500000000000025757, -1.035533905932743082 ) ) ;
#4395 = CARTESIAN_POINT ( 'NONE',  ( 12.55000000000000604, -0.8203022253684651988, -1.980384757729346301 ) ) ;
#4396 = ORIENTED_EDGE ( 'NONE', *, *, #1274, .F. ) ;
#4397 = EDGE_CURVE ( 'NONE', #622, #3900, #3066, .T. ) ;
#4398 = ORIENTED_EDGE ( 'NONE', *, *, #5094, .T. ) ;
#4399 = CARTESIAN_POINT ( 'NONE',  ( 14.15000000000000391, -1.980384757729360290, -0.8203022253684516540 ) ) ;
#4400 = CARTESIAN_POINT ( 'NONE',  ( -12.50000000000000000, 2.625674005841375447, 0.000000000000000000 ) ) ;
#4401 = CARTESIAN_POINT ( 'NONE',  ( 0.7414541659873721269, -0.2926688944372907164, -2.081789116810816687 ) ) ;
#4402 = CARTESIAN_POINT ( 'NONE',  ( 20.20000000000000284, 1.400343491548884600, 1.400343491548899033 ) ) ;
#4403 = CARTESIAN_POINT ( 'NONE',  ( 11.80000000000000249, 1.767766952966362659, 1.767766952966377536 ) ) ;
#4404 = CARTESIAN_POINT ( 'NONE',  ( 12.85000000000000497, -2.500000000000025757, -1.035533905932743082 ) ) ;
#4405 = ORIENTED_EDGE ( 'NONE', *, *, #3828, .F. ) ;
#4406 = ORIENTED_EDGE ( 'NONE', *, *, #222, .T. ) ;
#4407 = B_SPLINE_CURVE_WITH_KNOTS ( 'NONE', 3,
 ( #3583, #4924, #183, #1360 ),
 .UNSPECIFIED., .F., .F.,
 ( 4, 4 ),
 ( 1.764820056532317605E-17, 0.001095405860129517990 ),
 .UNSPECIFIED. ) ;
#4408 = CARTESIAN_POINT ( 'NONE',  ( 0.6250000000000039968, -1.434498467178515336E-14, 2.543301270189235019 ) ) ;
#4409 = EDGE_LOOP ( 'NONE', ( #133, #1800, #5450, #5404 ) ) ;
#4410 = CARTESIAN_POINT ( 'NONE',  ( 2.399999999999999467, 1.400343491548885044, -1.400343491548898811 ) ) ;
#4411 = CARTESIAN_POINT ( 'NONE',  ( 14.15000000000000213, -1.980384757729360068, -0.8203022253684516540 ) ) ;
#4412 = CARTESIAN_POINT ( 'NONE',  ( 18.25000000000000355, 0.8203022253684377763, -1.980384757729346301 ) ) ;
#4413 = DIRECTION ( 'NONE',  ( 1.000000000000000000, -0.000000000000000000, -0.000000000000000000 ) ) ;
#4414 = CARTESIAN_POINT ( 'NONE',  ( 4.000000000000003553, -2.500000000000025757, -3.061616997868397439E-16 ) ) ;
#4415 = CARTESIAN_POINT ( 'NONE',  ( 7.450000000000006395, -0.8203022253684665310, 1.980384757729345857 ) ) ;
#4416 = CARTESIAN_POINT ( 'NONE',  ( 2.150000000000002576, -1.980384757729360290, -0.8203022253684516540 ) ) ;
#4417 = CARTESIAN_POINT ( 'NONE',  ( 11.80000000000000249, -1.433703035749471672E-14, 2.500000000000011546 ) ) ;
#4418 = CARTESIAN_POINT ( 'NONE',  ( 7.275000000000003908, -2.543301270189248786, -3.114645759804644720E-16 ) ) ;
#4419 = CARTESIAN_POINT ( 'NONE',  ( 15.77500000000000391, 1.053469879313087443, 2.543301270189234575 ) ) ;
#4420 = CARTESIAN_POINT ( 'NONE',  ( 0.7959254966111094509, 1.310798514487944155, -1.499868922867862775 ) ) ;
#4421 = CARTESIAN_POINT ( 'NONE',  ( 16.40000000000000568, -1.980384757729360068, -2.425271854633450283E-16 ) ) ;
#4422 = CARTESIAN_POINT ( 'NONE',  ( 3.150000000000003464, -2.500000000000026201, 1.035533905932742194 ) ) ;
#4423 = ORIENTED_EDGE ( 'NONE', *, *, #210, .F. ) ;
#4424 = CARTESIAN_POINT ( 'NONE',  ( 1.850000000000004530, -0.8203022253684664200, 1.980384757729345857 ) ) ;
#4425 =( BOUNDED_CURVE ( )  B_SPLINE_CURVE ( 2, ( #6629, #1251, #3561, #4269, #1769, #5958, #3638, #6665, #237 ),
 .UNSPECIFIED., .F., .T. ) 
 B_SPLINE_CURVE_WITH_KNOTS ( ( 3, 2, 2, 2, 3 ),
 ( 0.4074074074074074403, 0.4120370370370369795, 0.4166666666666666297, 0.4212962962962962798, 0.4259259259259259300 ),
 .UNSPECIFIED. ) 
 CURVE ( )  GEOMETRIC_REPRESENTATION_ITEM ( )  RATIONAL_B_SPLINE_CURVE ( ( 1.000000000000000000, 0.9238795325112867385, 1.000000000000000000, 0.9238795325112867385, 1.000000000000000000, 0.9238795325112867385, 1.000000000000000000, 0.9238795325112867385, 1.000000000000000000 ) ) 
 REPRESENTATION_ITEM ( '' )  );
#4426 = CARTESIAN_POINT ( 'NONE',  ( 17.37500000000000000, 1.798385574751153682, 1.798385574751168337 ) ) ;
#4427 = CARTESIAN_POINT ( 'NONE',  ( 3.850000000000003642, -0.8203022253684651988, -1.980384757729346301 ) ) ;
#4428 = CARTESIAN_POINT ( 'NONE',  ( 10.30000000000000604, 1.400343491548885044, -1.400343491548898811 ) ) ;
#4429 = CARTESIAN_POINT ( 'NONE',  ( -12.50000000000000178, -4.000000000000006217, 0.000000000000000000 ) ) ;
#4430 = AXIS2_PLACEMENT_3D ( 'NONE', #5056, #5726, #6352 ) ;
#4431 = CARTESIAN_POINT ( 'NONE',  ( 9.100000000000001421, -1.424157858600947694E-14, 1.980384757729346301 ) ) ;
#4432 = CARTESIAN_POINT ( 'NONE',  ( 18.85000000000000497, 2.499999999999997780, -1.035533905932742638 ) ) ;
#4433 = CARTESIAN_POINT ( 'NONE',  ( 15.90000000000000391, -1.433703035749471672E-14, 2.500000000000011546 ) ) ;
#4434 = EDGE_CURVE ( 'NONE', #4737, #7623, #1728, .T. ) ;
#4435 = CARTESIAN_POINT ( 'NONE',  ( 0.5000000000000022204, 2.499999999999993339, 3.065751858972787366E-12 ) ) ;
#4436 = CARTESIAN_POINT ( 'NONE',  ( 12.15000000000000924, 0.8203022253684378873, 1.980384757729345857 ) ) ;
#4437 = EDGE_LOOP ( 'NONE', ( #1810, #7335, #6159, #5108, #5366, #1541, #7515, #7417, #2590, #4711, #1876, #4861 ) ) ;
#4438 = EDGE_LOOP ( 'NONE', ( #6971, #7199, #6757, #4526, #6918 ) ) ;
#4439 = CARTESIAN_POINT ( 'NONE',  ( 12.95000000000000107, 1.980384757729331868, 0.8203022253684526532 ) ) ;
#4440 = CARTESIAN_POINT ( 'NONE',  ( 17.05000000000000426, 1.035533905932728871, -2.500000000000011546 ) ) ;
#4441 = CARTESIAN_POINT ( 'NONE',  ( 20.05000000000000071, 1.980384757729332312, -0.8203022253684514320 ) ) ;
#4442 = CARTESIAN_POINT ( 'NONE',  ( -0.2381764625705158900, -2.500000000000003109, 1.287296978500507283 ) ) ;
#4443 = AXIS2_PLACEMENT_3D ( 'NONE', #3640, #1885, #2507 ) ;
#4444 = ORIENTED_EDGE ( 'NONE', *, *, #5048, .T. ) ;
#4445 = CARTESIAN_POINT ( 'NONE',  ( 10.45000000000000284, -2.500000000000025757, -1.035533905932743082 ) ) ;
#4446 = ORIENTED_EDGE ( 'NONE', *, *, #4434, .T. ) ;
#4447 = CARTESIAN_POINT ( 'NONE',  ( 3.150000000000000799, 0.8203022253684377763, -1.980384757729346301 ) ) ;
#4448 = AXIS2_PLACEMENT_3D ( 'NONE', #974, #5280, #4109 ) ;
#4449 = CARTESIAN_POINT ( 'NONE',  ( 14.85000000000000320, -1.980384757729360512, 0.8203022253684510989 ) ) ;
#4450 = CARTESIAN_POINT ( 'NONE',  ( 15.40000000000000568, -1.424157858600947694E-14, 1.980384757729346301 ) ) ;
#4451 = CARTESIAN_POINT ( 'NONE',  ( 0.5500000000000052625, -0.8203022253684651988, -1.980384757729346301 ) ) ;
#4452 = CARTESIAN_POINT ( 'NONE',  ( 3.850000000000002753, -1.035533905932757959, 2.500000000000011102 ) ) ;
#4453 = CARTESIAN_POINT ( 'NONE',  ( 2.350000000000001865, 0.8203022253684377763, -1.980384757729346301 ) ) ;
#4454 = CARTESIAN_POINT ( 'NONE',  ( -12.50000000000000000, 2.874999999999992006, 0.000000000000000000 ) ) ;
#4455 = CARTESIAN_POINT ( 'NONE',  ( 8.025000000000003908, -2.543301270189248786, -3.114645759804644720E-16 ) ) ;
#4456 = CARTESIAN_POINT ( 'NONE',  ( 13.00000000000000178, 1.400343491548884600, 1.400343491548899033 ) ) ;
#4457 = CARTESIAN_POINT ( 'NONE',  ( 5.375000000000002665, 1.798385574751153682, 1.798385574751168337 ) ) ;
#4458 = CARTESIAN_POINT ( 'NONE',  ( 15.47500000000000675, 1.053469879313086999, -2.543301270189235019 ) ) ;
#4459 = CARTESIAN_POINT ( 'NONE',  ( 0.7662256789233149457, 0.5222747357329826645, -1.975288523581210542 ) ) ;
#4460 = CARTESIAN_POINT ( 'NONE',  ( 16.30000000000000426, -1.400343491548913022, 1.400343491548898589 ) ) ;
#4461 = CARTESIAN_POINT ( 'NONE',  ( 8.900000000000003908, -1.767766952966390637, -1.767766952966377092 ) ) ;
#4462 = CARTESIAN_POINT ( 'NONE',  ( 3.250000000000006661, 1.980384757729331868, 0.8203022253684526532 ) ) ;
#4463 = CARTESIAN_POINT ( 'NONE',  ( 18.77500000000000213, 1.798385574751153904, -1.798385574751167892 ) ) ;
#4464 = CARTESIAN_POINT ( 'NONE',  ( 5.400000000000002132, -1.400343491548912578, -1.400343491548898811 ) ) ;
#4465 = CARTESIAN_POINT ( 'NONE',  ( 8.750000000000005329, 1.980384757729332312, -0.8203022253684513210 ) ) ;
#4466 = CARTESIAN_POINT ( 'NONE',  ( 12.50000000000000178, 1.767766952966362659, 1.767766952966377536 ) ) ;
#4467 = CARTESIAN_POINT ( 'NONE',  ( 11.15000000000000213, 0.8203022253684377763, -1.980384757729346301 ) ) ;
#4468 = CARTESIAN_POINT ( 'NONE',  ( 14.70000000000000284, -1.372470695792103624E-14, -2.500000000000011546 ) ) ;
#4469 = CARTESIAN_POINT ( 'NONE',  ( 15.45000000000000284, -1.035533905932756404, -2.500000000000011546 ) ) ;
#4470 = DIRECTION ( 'NONE',  ( 1.000000000000000000, -0.000000000000000000, -0.000000000000000000 ) ) ;
#4471 = CARTESIAN_POINT ( 'NONE',  ( 11.15000000000000746, 1.980384757729332312, -0.8203022253684513210 ) ) ;
#4472 = ORIENTED_EDGE ( 'NONE', *, *, #3319, .F. ) ;
#4473 = ORIENTED_EDGE ( 'NONE', *, *, #7079, .F. ) ;
#4474 = CARTESIAN_POINT ( 'NONE',  ( 12.44999999999999929, -1.980384757729360512, 0.8203022253684509879 ) ) ;
#4475 = ADVANCED_FACE ( 'NONE', ( #5236 ), #3470, .T. ) ;
#4476 = CARTESIAN_POINT ( 'NONE',  ( 0.7141034346269947708, -1.133008853403227434, -1.808618458392990291 ) ) ;
#4477 = CARTESIAN_POINT ( 'NONE',  ( 17.30000000000000426, -1.980384757729360068, -2.425271854633450283E-16 ) ) ;
#4478 = CARTESIAN_POINT ( 'NONE',  ( 14.20000000000000462, 1.767766952966362659, 1.767766952966377536 ) ) ;
#4479 = ORIENTED_EDGE ( 'NONE', *, *, #6058, .T. ) ;
#4480 = DIRECTION ( 'NONE',  ( 0.000000000000000000, 0.000000000000000000, 1.000000000000000000 ) ) ;
#4481 = VERTEX_POINT ( 'NONE', #5753 ) ;
#4482 = CARTESIAN_POINT ( 'NONE',  ( 1.250000000000001110, -1.980384757729360512, 0.8203022253684510989 ) ) ;
#4483 = EDGE_CURVE ( 'NONE', #4704, #4554, #7714, .T. ) ;
#4484 = CARTESIAN_POINT ( 'NONE',  ( 3.300000000000004263, -2.500000000000025757, -3.061616997868397439E-16 ) ) ;
#4485 = CARTESIAN_POINT ( 'NONE',  ( 17.45000000000000639, 0.8203022253684377763, -1.980384757729346301 ) ) ;
#4486 = CARTESIAN_POINT ( 'NONE',  ( 11.25000000000000355, -2.500000000000026201, 1.035533905932742194 ) ) ;
#4487 = CARTESIAN_POINT ( 'NONE',  ( 17.55000000000000426, -2.500000000000026201, 1.035533905932742194 ) ) ;
#4488 = CYLINDRICAL_SURFACE ( 'NONE', #2063, 2.500000000000010658 ) ;
#4489 = CARTESIAN_POINT ( 'NONE',  ( 9.125000000000003553, 1.798385574751153904, -1.798385574751167892 ) ) ;
#4490 = ORIENTED_EDGE ( 'NONE', *, *, #1361, .F. ) ;
#4491 = CARTESIAN_POINT ( 'NONE',  ( 10.00000000000000178, -1.400343491548913022, 1.400343491548898589 ) ) ;
#4492 = CARTESIAN_POINT ( 'NONE',  ( 5.925000000000003375, 1.053469879313086999, -2.543301270189235019 ) ) ;
#4493 = CARTESIAN_POINT ( 'NONE',  ( 13.82500000000000462, -1.372205551982422560E-14, -2.543301270189235019 ) ) ;
#4494 = FACE_OUTER_BOUND ( 'NONE', #2946, .T. ) ;
#4495 = CIRCLE ( 'NONE', #107, 5.056145703497872290 ) ;
#4496 = CARTESIAN_POINT ( 'NONE',  ( 12.05000000000000426, 1.980384757729331868, 0.8203022253684526532 ) ) ;
#4497 = CARTESIAN_POINT ( 'NONE',  ( 13.90000000000000213, -1.372470695792103624E-14, -2.500000000000011546 ) ) ;
#4498 = CARTESIAN_POINT ( 'NONE',  ( -0.09999999999999592548, 1.400343491548885044, -1.400343491548898811 ) ) ;
#4499 = AXIS2_PLACEMENT_3D ( 'NONE', #1961, #1919, #3719 ) ;
#4500 = CARTESIAN_POINT ( 'NONE',  ( 13.22500000000000320, 2.543301270189220809, -1.053469879313100765 ) ) ;
#4501 = CARTESIAN_POINT ( 'NONE',  ( 2.500000000000002220, 1.980384757729332312, 0.000000000000000000 ) ) ;
#4502 = CARTESIAN_POINT ( 'NONE',  ( 7.600000000000005862, -1.980384757729360068, -2.425271854633450283E-16 ) ) ;
#4503 = LINE ( 'NONE', #6390, #1127 ) ;
#4504 = CARTESIAN_POINT ( 'NONE',  ( 11.05000000000000071, -0.8203022253684651988, -1.980384757729346301 ) ) ;
#4505 = CARTESIAN_POINT ( 'NONE',  ( 15.50000000000000355, -1.372470695792103624E-14, -2.500000000000011546 ) ) ;
#4506 = CARTESIAN_POINT ( 'NONE',  ( 10.90000000000000568, -1.400343491548912578, -1.400343491548898811 ) ) ;
#4507 = ORIENTED_EDGE ( 'NONE', *, *, #743, .T. ) ;
#4508 = TOROIDAL_SURFACE ( 'NONE', #752, 6.411159703984926850, 0.1796875000000000000 ) ;
#4509 = ORIENTED_EDGE ( 'NONE', *, *, #5826, .F. ) ;
#4510 = CARTESIAN_POINT ( 'NONE',  ( 13.80000000000000071, 1.400343491548884600, 1.400343491548899033 ) ) ;
#4511 = CARTESIAN_POINT ( 'NONE',  ( 10.05000000000000249, 2.499999999999997780, 1.035533905932744414 ) ) ;
#4512 = CARTESIAN_POINT ( 'NONE',  ( 20.00000000000000000, 1.400343491548885044, -1.400343491548898811 ) ) ;
#4513 =( BOUNDED_SURFACE ( )  B_SPLINE_SURFACE ( 1, 2, ( 
 ( #2970, #6547, #4185, #6621, #6070, #3631, #1171, #6029, #650, #577, #1283, #3671, #3044, #5437, #5358, #4849, #5477, #7254, #6109, #1913, #4303, #6705, #1329, #3713, #756, #594, #6008, #1264, #2396, #87, #2474, #1227, #1306, #1896, #2519, #4788, #3576, #6128, #2989, #5458, #6726, #5378, #3612, #629, #2559, #1936, #11, #1350, #4166, #3025, #4323, #3734, #4282, #3146, #3065, #3692, #5413, #1192, #4871, #6680, #4202, #4829, #1781, #2436, #5535, #7236, #6567, #7275, #5971, #672, #6090, #715, #7314, #170, #47, #3650, #1857, #3105, #7197, #4955, #1820, #6047, #5496, #131, #4912, #6605, #4242, #6642, #744, #6117, #3136, #7740, #2349, #5403, #2464, #4744, #3054, #5488, #4312, #120, #3599, #6631, #7303, #1216, #5365, #4819, #1771, #4193, #3724, #2, #7224, #1924, #7186, #6669, #620, #2508, #7151, #1846, #1254, #4901, #3014, #5996, #6716, #1886, #1339, #5448, #583, #6594, #6081, #4228, #4778, #36, #704, #4155, #3097, #2425, #661, #77, #6554, #1294, #3641, #1179, #6038, #3564, #5960, #2976, #4860, #7265, #4272, #3682, #2386, #1807, #6911, #6239, #865, #7388, #1534, #6158, #3291, #2629, #2709, #7471, #317, #5647, #5524, #4395, #3254, #157, #2046, #4944, #4986, #5022, #1416, #4436, #2546, #3918, #784, #240, #3882, #7347, #6796, #3769, #7428, #5688, #2006, #6755, #6835, #2670, #827, #6280, #280, #6315, #3805, #4471, #1966, #1456, #906, #2122, #4506, #4353, #5098, #944, #7507, #1496, #6198, #3845, #3173, #5059, #2085, #1379, #5564, #6874, #200, #2588, #3213, #5603, #432, #6354, #1103, #510, #5251, #472, #2742, #7063, #5886, #3447, #2309, #5286, #7695, #6512, #4703, #2897, #7105, #2157, #7581, #2820, #3957, #1651, #4037, #2780, #2858, #5847, #4079, #982, #5135, #1729, #4543, #7027, #4113, #6949, #5172, #2197, #3329, #3485, #1573, #5729, #351, #4588, #7544, #3366, #7660, #5769, #4627, #2271, #6988, #390, #6435, #4664, #1610, #6395, #3997, #1022, #3404, #5808, #5214, #1064, #7622, #2234, #1691, #6475, #6658, #7293, #4771, #612, #2378, #3043, #1282, #543, #5324, #5918, #649, #5476, #7771, #4302, #2416, #5436, #67, #4736, #3085, #1137, #3670, #1835, #2453, #4262, #4848, #2343, #1764, #576, #3630, #6028, #7213, #7177, #2935, #1170, #7732, #5395, #3006, #27, #3520, #6069, #2969, #693, #7143, #4148, #4807, #6546, #2495, #3555, #4218, #1244, #6620, #105, #5951, #7253, #1875, #5357, #1799, #1912, #4184, #6585, #4890, #1206, #3591, #5986, #5089, #6704, #1328, #4384, #1447, #3712, #2035, #4462, #3281, #6865, #2580, #5594, #6271, #192, #4343, #3796, #732, #3163, #2700, #6745, #6189, #896, #6148, #5637, #7378, #1486, #7499, #818, #230, #3870, #1994, #4976, #5675, #855, #307, #4424, #7336, #5554, #5047, #3203, #3756, #6782, #7460, #6108, #2076, #1406, #7418, #6825, #2113, #271, #2618, #5513, #5012, #3126, #148, #2536, #3838, #6230, #3243, #2657, #4934, #1957, #1368, #774, #7612, #6343, #500, #5124, #2260, #1599, #1680, #6425, #7053, #4614, #4498, #3355, #2224 ),
 ( #6903, #4655, #5204, #1053, #7649, #3436, #5719, #7535, #3947, #7018, #1642, #2810, #5758, #6305, #4533, #934, #1012, #6384, #3396, #7685, #4069, #971, #6466, #3318, #342, #5800, #1526, #3908, #1093, #3475, #5873, #2733, #381, #3984, #2148, #4028, #5837, #2770, #462, #2848, #5239, #6939, #1562, #2887, #5164, #421, #5277, #7570, #2187, #4578, #6978, #4106, #2299, #4694, #7097, #6502, #1720, #2319, #2279, #1736, #3454, #4087, #4007, #1581, #5854, #7072, #4595, #5220, #2164, #2827, #6519, #7629, #4553, #7667, #3966, #1074, #1700, #479, #7704, #552, #5816, #1659, #3413, #6482, #4710, #6363, #991, #6959, #1110, #1144, #1031, #5331, #2867, #3493, #5893, #5778, #4121, #3376, #7112, #5259, #518, #5295, #2906, #398, #2788, #1621, #4673, #3528, #5927, #441, #5181, #2205, #7591, #6443, #4046, #2945, #6997, #6404, #2242, #4636, #7036, #739, #2542, #4982, #5560, #7300, #3596, #7220, #7383, #2001, #5444, #1335, #6751, #4391, #1212, #5992, #617, #3011, #6664, #3720, #5400, #4308, #1375, #197, #3764, #4854, #113, #780, #2460, #6628, #6078, #33, #74, #2422, #1250, #4815, #7261, #700, #1841, #1921, #6712, #656, #3131, #6115, #1962, #4225, #3637, #2585, #6034, #4897, #6153, #3050, #1882, #4268, #1290, #3169, #3678, #3093, #5484, #2504, #5520, #153, #4940, #7342, #4348, #941, #860, #6194, #2705, #3913, #1452, #2081, #6790, #7466, #3361, #4467, #1411, #4504, #823, #5684, #6312, #313, #4539, #5169, #2664, #6276, #277, #3326, #6946, #3209, #5599, #3802, #5724, #5765, #5642, #2195, #5095, #348, #2739, #2624, #977, #236, #1570, #7504, #5131, #2154, #7541, #5017, #7424, #6235, #1531, #3954, #2118, #5054, #2041, #6832, #4431, #3286, #902, #6908, #3843, #6350, #3249, #387, #6870, #1491, #2777, #3877, #7578, #2306, #6472, #4700, #3482, #56, #4585, #1100, #7619, #7102, #1725, #5424, #95, #7059, #6650, #5882, #682, #507, #1688, #2231, #2444, #1865, #6613, #4210, #3991, #638, #7244, #1235, #3659, #1272, #6057, #6985, #3075, #4252, #5466, #6018, #2894, #3401, #5282, #1606, #6391, #4837, #7692, #7656, #4076, #3622, #1019, #5806, #429, #3033, #2816, #6432, #5211, #4622, #7024, #1648, #4034, #1061, #3444, #5843, #469, #2855, #5247, #2266, #4661, #1905, #1947, #7366, #6140, #6775, #7284, #883, #3114, #4965, #847, #4292, #1359, #724, #1984, #261, #4332, #3702, #4372, #7409, #5544, #3230, #3195, #3271, #767, #1437, #4881, #1398, #5623, #6855, #1475, #6693, #2646, #6257, #5038, #6219, #2026, #3830, #5663, #3860, #808, #1317, #5505, #2484, #6099, #6735, #2606, #7447, #140, #2529, #4922, #7326, #3743, #182, #5004, #3154, #5585, #2064, #2570, #4453, #3788, #6179, #219, #4416, #6815, #5154, #2103, #4522, #4056, #334, #7559, #2251, #7525, #7007, #961, #5824, #6454, #2173, #6968, #450, #3346, #1549, #7638, #2214, #1668, #5790, #921, #6926, #6414, #4565, #5115, #3936, #1041, #2687, #3423, #6334, #1001, #3386, #2836, #7044, #7487, #5230, #1083, #4646, #4019, #7600, #1632, #3463, #294 ) ),
 .UNSPECIFIED., .F., .F., .T. ) 
 B_SPLINE_SURFACE_WITH_KNOTS ( ( 2, 2 ),
 ( 3, 2, 2, 2, 2, 2, 2, 2, 2, 2, 2, 2, 2, 2, 2, 2, 2, 2, 2, 2, 2, 2, 2, 2, 2, 2, 2, 2, 2, 2, 2, 2, 2, 2, 2, 2, 2, 2, 2, 2, 2, 2, 2, 2, 2, 2, 2, 2, 2, 2, 2, 2, 2, 2, 2, 2, 2, 2, 2, 2, 2, 2, 2, 2, 2, 2, 2, 2, 2, 2, 2, 2, 2, 2, 2, 2, 2, 2, 2, 2, 2, 2, 2, 2, 2, 2, 2, 2, 2, 2, 2, 2, 2, 2, 2, 2, 2, 2, 2, 2, 2, 2, 2, 2, 2, 2, 2, 2, 2, 2, 2, 2, 2, 2, 2, 2, 2, 2, 2, 2, 2, 2, 2, 2, 2, 2, 2, 2, 2, 2, 2, 2, 2, 2, 2, 2, 2, 2, 2, 2, 2, 2, 2, 2, 2, 2, 2, 2, 2, 2, 2, 2, 2, 2, 2, 2, 2, 2, 2, 2, 2, 2, 2, 2, 2, 2, 2, 2, 2, 2, 2, 2, 2, 2, 2, 2, 2, 2, 2, 2, 2, 2, 2, 2, 2, 2, 2, 2, 2, 2, 2, 2, 2, 2, 2, 2, 2, 2, 2, 2, 2, 2, 2, 2, 2, 2, 2, 2, 2, 2, 3 ),
 ( 0.000000000000000000, 1.000000000000000000 ),
 ( 0.000000000000000000, 0.004629629629629629373, 0.009259259259259258745, 0.01388888888888888812, 0.01851851851851851749, 0.02314814814814814686, 0.02777777777777777624, 0.03240740740740740561, 0.03703703703703703498, 0.04166666666666666435, 0.04629629629629629373, 0.05092592592592592310, 0.05555555555555555247, 0.06018518518518518184, 0.06481481481481481122, 0.06944444444444444753, 0.07407407407407406996, 0.07870370370370370627, 0.08333333333333332871, 0.08796296296296296502, 0.09259259259259258745, 0.09722222222222222376, 0.1018518518518518462, 0.1064814814814814825, 0.1111111111111111049, 0.1157407407407407413, 0.1203703703703703637, 0.1250000000000000000, 0.1296296296296296224, 0.1342592592592592726, 0.1388888888888888951, 0.1435185185185185175, 0.1481481481481481399, 0.1527777777777777901, 0.1574074074074074125, 0.1620370370370370350, 0.1666666666666666574, 0.1712962962962963076, 0.1759259259259259300, 0.1805555555555555525, 0.1851851851851851749, 0.1898148148148148251, 0.1944444444444444475, 0.1990740740740740700, 0.2037037037037036924, 0.2083333333333333426, 0.2129629629629629650, 0.2175925925925925875, 0.2222222222222222099, 0.2268518518518518601, 0.2314814814814814825, 0.2361111111111111049, 0.2407407407407407274, 0.2453703703703703776, 0.2500000000000000000, 0.2546296296296296502, 0.2592592592592592449, 0.2638888888888888951, 0.2685185185185185452, 0.2731481481481481399, 0.2777777777777777901, 0.2824074074074073848, 0.2870370370370370350, 0.2916666666666666852, 0.2962962962962962798, 0.3009259259259259300, 0.3055555555555555802, 0.3101851851851851749, 0.3148148148148148251, 0.3194444444444444198, 0.3240740740740740700, 0.3287037037037037202, 0.3333333333333333148, 0.3379629629629629650, 0.3425925925925926152, 0.3472222222222222099, 0.3518518518518518601, 0.3564814814814814548, 0.3611111111111111049, 0.3657407407407407551, 0.3703703703703703498, 0.3750000000000000000, 0.3796296296296296502, 0.3842592592592592449, 0.3888888888888888951, 0.3935185185185185452, 0.3981481481481481399, 0.4027777777777777901, 0.4074074074074073848, 0.4120370370370370350, 0.4166666666666666852, 0.4212962962962962798, 0.4259259259259259300, 0.4305555555555555802, 0.4351851851851851749, 0.4398148148148148251, 0.4444444444444444198, 0.4490740740740740700, 0.4537037037037037202, 0.4583333333333333148, 0.4629629629629629650, 0.4675925925925926152, 0.4722222222222222099, 0.4768518518518518601, 0.4814814814814814548, 0.4861111111111111049, 0.4907407407407407551, 0.4953703703703703498, 0.5000000000000000000, 0.5046296296296296502, 0.5092592592592593004, 0.5138888888888888395, 0.5185185185185184897, 0.5231481481481481399, 0.5277777777777777901, 0.5324074074074074403, 0.5370370370370370905, 0.5416666666666666297, 0.5462962962962962798, 0.5509259259259259300, 0.5555555555555555802, 0.5601851851851852304, 0.5648148148148147696, 0.5694444444444444198, 0.5740740740740740700, 0.5787037037037037202, 0.5833333333333333703, 0.5879629629629629095, 0.5925925925925925597, 0.5972222222222222099, 0.6018518518518518601, 0.6064814814814815103, 0.6111111111111111605, 0.6157407407407406996, 0.6203703703703703498, 0.6250000000000000000, 0.6296296296296296502, 0.6342592592592593004, 0.6388888888888888395, 0.6435185185185184897, 0.6481481481481481399, 0.6527777777777777901, 0.6574074074074074403, 0.6620370370370370905, 0.6666666666666666297, 0.6712962962962962798, 0.6759259259259259300, 0.6805555555555555802, 0.6851851851851852304, 0.6898148148148147696, 0.6944444444444444198, 0.6990740740740740700, 0.7037037037037037202, 0.7083333333333333703, 0.7129629629629629095, 0.7175925925925925597, 0.7222222222222222099, 0.7268518518518518601, 0.7314814814814815103, 0.7361111111111111605, 0.7407407407407406996, 0.7453703703703703498, 0.7500000000000000000, 0.7546296296296296502, 0.7592592592592593004, 0.7638888888888888395, 0.7685185185185184897, 0.7731481481481481399, 0.7777777777777777901, 0.7824074074074074403, 0.7870370370370370905, 0.7916666666666666297, 0.7962962962962962798, 0.8009259259259259300, 0.8055555555555555802, 0.8101851851851852304, 0.8148148148148147696, 0.8194444444444444198, 0.8240740740740740700, 0.8287037037037037202, 0.8333333333333333703, 0.8379629629629629095, 0.8425925925925925597, 0.8472222222222222099, 0.8518518518518518601, 0.8564814814814815103, 0.8611111111111111605, 0.8657407407407406996, 0.8703703703703703498, 0.8750000000000000000, 0.8796296296296296502, 0.8842592592592593004, 0.8888888888888888395, 0.8935185185185184897, 0.8981481481481481399, 0.9027777777777777901, 0.9074074074074074403, 0.9120370370370370905, 0.9166666666666666297, 0.9212962962962962798, 0.9259259259259259300, 0.9305555555555555802, 0.9351851851851852304, 0.9398148148148147696, 0.9444444444444444198, 0.9490740740740740700, 0.9537037037037037202, 0.9583333333333333703, 0.9629629629629629095, 0.9675925925925925597, 0.9722222222222222099 ),
 .UNSPECIFIED. ) 
 GEOMETRIC_REPRESENTATION_ITEM ( )  RATIONAL_B_SPLINE_SURFACE ( (
 ( 1.000000000000000000, 0.9238795325112867385, 1.000000000000000000, 0.9238795325112867385, 1.000000000000000000, 0.9238795325112867385, 1.000000000000000000, 0.9238795325112867385, 1.000000000000000000, 0.9238795325112867385, 1.000000000000000000, 0.9238795325112867385, 1.000000000000000000, 0.9238795325112867385, 1.000000000000000000, 0.9238795325112867385, 1.000000000000000000, 0.9238795325112867385, 1.000000000000000000, 0.9238795325112867385, 1.000000000000000000, 0.9238795325112867385, 1.000000000000000000, 0.9238795325112867385, 1.000000000000000000, 0.9238795325112867385, 1.000000000000000000, 0.9238795325112867385, 1.000000000000000000, 0.9238795325112867385, 1.000000000000000000, 0.9238795325112867385, 1.000000000000000000, 0.9238795325112867385, 1.000000000000000000, 0.9238795325112867385, 1.000000000000000000, 0.9238795325112867385, 1.000000000000000000, 0.9238795325112867385, 1.000000000000000000, 0.9238795325112867385, 1.000000000000000000, 0.9238795325112867385, 1.000000000000000000, 0.9238795325112867385, 1.000000000000000000, 0.9238795325112867385, 1.000000000000000000, 0.9238795325112867385, 1.000000000000000000, 0.9238795325112867385, 1.000000000000000000, 0.9238795325112867385, 1.000000000000000000, 0.9238795325112867385, 1.000000000000000000, 0.9238795325112867385, 1.000000000000000000, 0.9238795325112867385, 1.000000000000000000, 0.9238795325112867385, 1.000000000000000000, 0.9238795325112867385, 1.000000000000000000, 0.9238795325112867385, 1.000000000000000000, 0.9238795325112867385, 1.000000000000000000, 0.9238795325112867385, 1.000000000000000000, 0.9238795325112867385, 1.000000000000000000, 0.9238795325112867385, 1.000000000000000000, 0.9238795325112867385, 1.000000000000000000, 0.9238795325112867385, 1.000000000000000000, 0.9238795325112867385, 1.000000000000000000, 0.9238795325112867385, 1.000000000000000000, 0.9238795325112867385, 1.000000000000000000, 0.9238795325112867385, 1.000000000000000000, 0.9238795325112867385, 1.000000000000000000, 0.9238795325112867385, 1.000000000000000000, 0.9238795325112867385, 1.000000000000000000, 0.9238795325112867385, 1.000000000000000000, 0.9238795325112867385, 1.000000000000000000, 0.9238795325112867385, 1.000000000000000000, 0.9238795325112867385, 1.000000000000000000, 0.9238795325112867385, 1.000000000000000000, 0.9238795325112867385, 1.000000000000000000, 0.9238795325112867385, 1.000000000000000000, 0.9238795325112867385, 1.000000000000000000, 0.9238795325112867385, 1.000000000000000000, 0.9238795325112867385, 1.000000000000000000, 0.9238795325112867385, 1.000000000000000000, 0.9238795325112867385, 1.000000000000000000, 0.9238795325112867385, 1.000000000000000000, 0.9238795325112867385, 1.000000000000000000, 0.9238795325112867385, 1.000000000000000000, 0.9238795325112867385, 1.000000000000000000, 0.9238795325112867385, 1.000000000000000000, 0.9238795325112867385, 1.000000000000000000, 0.9238795325112867385, 1.000000000000000000, 0.9238795325112867385, 1.000000000000000000, 0.9238795325112867385, 1.000000000000000000, 0.9238795325112867385, 1.000000000000000000, 0.9238795325112867385, 1.000000000000000000, 0.9238795325112867385, 1.000000000000000000, 0.9238795325112867385, 1.000000000000000000, 0.9238795325112867385, 1.000000000000000000, 0.9238795325112867385, 1.000000000000000000, 0.9238795325112867385, 1.000000000000000000, 0.9238795325112867385, 1.000000000000000000, 0.9238795325112867385, 1.000000000000000000, 0.9238795325112867385, 1.000000000000000000, 0.9238795325112867385, 1.000000000000000000, 0.9238795325112867385, 1.000000000000000000, 0.9238795325112867385, 1.000000000000000000, 0.9238795325112867385, 1.000000000000000000, 0.9238795325112867385, 1.000000000000000000, 0.9238795325112867385, 1.000000000000000000, 0.9238795325112867385, 1.000000000000000000, 0.9238795325112867385, 1.000000000000000000, 0.9238795325112867385, 1.000000000000000000, 0.9238795325112867385, 1.000000000000000000, 0.9238795325112867385, 1.000000000000000000, 0.9238795325112867385, 1.000000000000000000, 0.9238795325112867385, 1.000000000000000000, 0.9238795325112867385, 1.000000000000000000, 0.9238795325112867385, 1.000000000000000000, 0.9238795325112867385, 1.000000000000000000, 0.9238795325112867385, 1.000000000000000000, 0.9238795325112867385, 1.000000000000000000, 0.9238795325112867385, 1.000000000000000000, 0.9238795325112867385, 1.000000000000000000, 0.9238795325112867385, 1.000000000000000000, 0.9238795325112867385, 1.000000000000000000, 0.9238795325112867385, 1.000000000000000000, 0.9238795325112867385, 1.000000000000000000, 0.9238795325112867385, 1.000000000000000000, 0.9238795325112867385, 1.000000000000000000, 0.9238795325112867385, 1.000000000000000000, 0.9238795325112867385, 1.000000000000000000, 0.9238795325112867385, 1.000000000000000000, 0.9238795325112867385, 1.000000000000000000, 0.9238795325112867385, 1.000000000000000000, 0.9238795325112867385, 1.000000000000000000, 0.9238795325112867385, 1.000000000000000000, 0.9238795325112867385, 1.000000000000000000, 0.9238795325112867385, 1.000000000000000000, 0.9238795325112867385, 1.000000000000000000, 0.9238795325112867385, 1.000000000000000000, 0.9238795325112867385, 1.000000000000000000, 0.9238795325112867385, 1.000000000000000000, 0.9238795325112867385, 1.000000000000000000, 0.9238795325112867385, 1.000000000000000000, 0.9238795325112867385, 1.000000000000000000, 0.9238795325112867385, 1.000000000000000000, 0.9238795325112867385, 1.000000000000000000, 0.9238795325112867385, 1.000000000000000000, 0.9238795325112867385, 1.000000000000000000, 0.9238795325112867385, 1.000000000000000000, 0.9238795325112867385, 1.000000000000000000, 0.9238795325112867385, 1.000000000000000000, 0.9238795325112867385, 1.000000000000000000, 0.9238795325112867385, 1.000000000000000000, 0.9238795325112867385, 1.000000000000000000, 0.9238795325112867385, 1.000000000000000000, 0.9238795325112867385, 1.000000000000000000, 0.9238795325112867385, 1.000000000000000000, 0.9238795325112867385, 1.000000000000000000, 0.9238795325112867385, 1.000000000000000000, 0.9238795325112867385, 1.000000000000000000, 0.9238795325112867385, 1.000000000000000000, 0.9238795325112867385, 1.000000000000000000, 0.9238795325112867385, 1.000000000000000000, 0.9238795325112867385, 1.000000000000000000, 0.9238795325112867385, 1.000000000000000000, 0.9238795325112867385, 1.000000000000000000, 0.9238795325112867385, 1.000000000000000000, 0.9238795325112867385, 1.000000000000000000, 0.9238795325112867385, 1.000000000000000000, 0.9238795325112867385, 1.000000000000000000, 0.9238795325112867385, 1.000000000000000000, 0.9238795325112867385, 1.000000000000000000, 0.9238795325112867385, 1.000000000000000000, 0.9238795325112867385, 1.000000000000000000, 0.9238795325112867385, 1.000000000000000000, 0.9238795325112867385, 1.000000000000000000, 0.9238795325112867385, 1.000000000000000000, 0.9238795325112867385, 1.000000000000000000, 0.9238795325112867385, 1.000000000000000000, 0.9238795325112867385, 1.000000000000000000, 0.9238795325112867385, 1.000000000000000000, 0.9238795325112867385, 1.000000000000000000, 0.9238795325112867385, 1.000000000000000000, 0.9238795325112867385, 1.000000000000000000, 0.9238795325112867385, 1.000000000000000000, 0.9238795325112867385, 1.000000000000000000, 0.9238795325112867385, 1.000000000000000000, 0.9238795325112867385, 1.000000000000000000, 0.9238795325112867385, 1.000000000000000000, 0.9238795325112867385, 1.000000000000000000, 0.9238795325112867385, 1.000000000000000000, 0.9238795325112867385, 1.000000000000000000, 0.9238795325112867385, 1.000000000000000000, 0.9238795325112867385, 1.000000000000000000, 0.9238795325112867385, 1.000000000000000000, 0.9238795325112867385, 1.000000000000000000, 0.9238795325112867385, 1.000000000000000000, 0.9238795325112867385, 1.000000000000000000, 0.9238795325112867385, 1.000000000000000000, 0.9238795325112867385, 1.000000000000000000, 0.9238795325112867385, 1.000000000000000000, 0.9238795325112867385, 1.000000000000000000, 0.9238795325112867385, 1.000000000000000000, 0.9238795325112867385, 1.000000000000000000, 0.9238795325112867385, 1.000000000000000000, 0.9238795325112867385, 1.000000000000000000, 0.9238795325112867385, 1.000000000000000000, 0.9238795325112867385, 1.000000000000000000, 0.9238795325112867385, 1.000000000000000000, 0.9238795325112867385, 1.000000000000000000, 0.9238795325112867385, 1.000000000000000000, 0.9238795325112867385, 1.000000000000000000, 0.9238795325112867385, 1.000000000000000000, 0.9238795325112867385, 1.000000000000000000, 0.9238795325112867385, 1.000000000000000000, 0.9238795325112867385, 1.000000000000000000, 0.9238795325112867385, 1.000000000000000000, 0.9238795325112867385, 1.000000000000000000, 0.9238795325112867385, 1.000000000000000000, 0.9238795325112867385, 1.000000000000000000, 0.9238795325112867385, 1.000000000000000000, 0.9238795325112867385, 1.000000000000000000, 0.9238795325112867385, 1.000000000000000000, 0.9238795325112867385, 1.000000000000000000, 0.9238795325112867385, 1.000000000000000000, 0.9238795325112867385, 1.000000000000000000, 0.9238795325112867385, 1.000000000000000000, 0.9238795325112867385, 1.000000000000000000, 0.9238795325112867385, 1.000000000000000000, 0.9238795325112867385, 1.000000000000000000, 0.9238795325112867385, 1.000000000000000000, 0.9238795325112867385, 1.000000000000000000, 0.9238795325112867385, 1.000000000000000000, 0.9238795325112867385, 1.000000000000000000, 0.9238795325112867385, 1.000000000000000000),
 ( 1.000000000000000000, 0.9238795325112867385, 1.000000000000000000, 0.9238795325112867385, 1.000000000000000000, 0.9238795325112867385, 1.000000000000000000, 0.9238795325112867385, 1.000000000000000000, 0.9238795325112867385, 1.000000000000000000, 0.9238795325112867385, 1.000000000000000000, 0.9238795325112867385, 1.000000000000000000, 0.9238795325112867385, 1.000000000000000000, 0.9238795325112867385, 1.000000000000000000, 0.9238795325112867385, 1.000000000000000000, 0.9238795325112867385, 1.000000000000000000, 0.9238795325112867385, 1.000000000000000000, 0.9238795325112867385, 1.000000000000000000, 0.9238795325112867385, 1.000000000000000000, 0.9238795325112867385, 1.000000000000000000, 0.9238795325112867385, 1.000000000000000000, 0.9238795325112867385, 1.000000000000000000, 0.9238795325112867385, 1.000000000000000000, 0.9238795325112867385, 1.000000000000000000, 0.9238795325112867385, 1.000000000000000000, 0.9238795325112867385, 1.000000000000000000, 0.9238795325112867385, 1.000000000000000000, 0.9238795325112867385, 1.000000000000000000, 0.9238795325112867385, 1.000000000000000000, 0.9238795325112867385, 1.000000000000000000, 0.9238795325112867385, 1.000000000000000000, 0.9238795325112867385, 1.000000000000000000, 0.9238795325112867385, 1.000000000000000000, 0.9238795325112867385, 1.000000000000000000, 0.9238795325112867385, 1.000000000000000000, 0.9238795325112867385, 1.000000000000000000, 0.9238795325112867385, 1.000000000000000000, 0.9238795325112867385, 1.000000000000000000, 0.9238795325112867385, 1.000000000000000000, 0.9238795325112867385, 1.000000000000000000, 0.9238795325112867385, 1.000000000000000000, 0.9238795325112867385, 1.000000000000000000, 0.9238795325112867385, 1.000000000000000000, 0.9238795325112867385, 1.000000000000000000, 0.9238795325112867385, 1.000000000000000000, 0.9238795325112867385, 1.000000000000000000, 0.9238795325112867385, 1.000000000000000000, 0.9238795325112867385, 1.000000000000000000, 0.9238795325112867385, 1.000000000000000000, 0.9238795325112867385, 1.000000000000000000, 0.9238795325112867385, 1.000000000000000000, 0.9238795325112867385, 1.000000000000000000, 0.9238795325112867385, 1.000000000000000000, 0.9238795325112867385, 1.000000000000000000, 0.9238795325112867385, 1.000000000000000000, 0.9238795325112867385, 1.000000000000000000, 0.9238795325112867385, 1.000000000000000000, 0.9238795325112867385, 1.000000000000000000, 0.9238795325112867385, 1.000000000000000000, 0.9238795325112867385, 1.000000000000000000, 0.9238795325112867385, 1.000000000000000000, 0.9238795325112867385, 1.000000000000000000, 0.9238795325112867385, 1.000000000000000000, 0.9238795325112867385, 1.000000000000000000, 0.9238795325112867385, 1.000000000000000000, 0.9238795325112867385, 1.000000000000000000, 0.9238795325112867385, 1.000000000000000000, 0.9238795325112867385, 1.000000000000000000, 0.9238795325112867385, 1.000000000000000000, 0.9238795325112867385, 1.000000000000000000, 0.9238795325112867385, 1.000000000000000000, 0.9238795325112867385, 1.000000000000000000, 0.9238795325112867385, 1.000000000000000000, 0.9238795325112867385, 1.000000000000000000, 0.9238795325112867385, 1.000000000000000000, 0.9238795325112867385, 1.000000000000000000, 0.9238795325112867385, 1.000000000000000000, 0.9238795325112867385, 1.000000000000000000, 0.9238795325112867385, 1.000000000000000000, 0.9238795325112867385, 1.000000000000000000, 0.9238795325112867385, 1.000000000000000000, 0.9238795325112867385, 1.000000000000000000, 0.9238795325112867385, 1.000000000000000000, 0.9238795325112867385, 1.000000000000000000, 0.9238795325112867385, 1.000000000000000000, 0.9238795325112867385, 1.000000000000000000, 0.9238795325112867385, 1.000000000000000000, 0.9238795325112867385, 1.000000000000000000, 0.9238795325112867385, 1.000000000000000000, 0.9238795325112867385, 1.000000000000000000, 0.9238795325112867385, 1.000000000000000000, 0.9238795325112867385, 1.000000000000000000, 0.9238795325112867385, 1.000000000000000000, 0.9238795325112867385, 1.000000000000000000, 0.9238795325112867385, 1.000000000000000000, 0.9238795325112867385, 1.000000000000000000, 0.9238795325112867385, 1.000000000000000000, 0.9238795325112867385, 1.000000000000000000, 0.9238795325112867385, 1.000000000000000000, 0.9238795325112867385, 1.000000000000000000, 0.9238795325112867385, 1.000000000000000000, 0.9238795325112867385, 1.000000000000000000, 0.9238795325112867385, 1.000000000000000000, 0.9238795325112867385, 1.000000000000000000, 0.9238795325112867385, 1.000000000000000000, 0.9238795325112867385, 1.000000000000000000, 0.9238795325112867385, 1.000000000000000000, 0.9238795325112867385, 1.000000000000000000, 0.9238795325112867385, 1.000000000000000000, 0.9238795325112867385, 1.000000000000000000, 0.9238795325112867385, 1.000000000000000000, 0.9238795325112867385, 1.000000000000000000, 0.9238795325112867385, 1.000000000000000000, 0.9238795325112867385, 1.000000000000000000, 0.9238795325112867385, 1.000000000000000000, 0.9238795325112867385, 1.000000000000000000, 0.9238795325112867385, 1.000000000000000000, 0.9238795325112867385, 1.000000000000000000, 0.9238795325112867385, 1.000000000000000000, 0.9238795325112867385, 1.000000000000000000, 0.9238795325112867385, 1.000000000000000000, 0.9238795325112867385, 1.000000000000000000, 0.9238795325112867385, 1.000000000000000000, 0.9238795325112867385, 1.000000000000000000, 0.9238795325112867385, 1.000000000000000000, 0.9238795325112867385, 1.000000000000000000, 0.9238795325112867385, 1.000000000000000000, 0.9238795325112867385, 1.000000000000000000, 0.9238795325112867385, 1.000000000000000000, 0.9238795325112867385, 1.000000000000000000, 0.9238795325112867385, 1.000000000000000000, 0.9238795325112867385, 1.000000000000000000, 0.9238795325112867385, 1.000000000000000000, 0.9238795325112867385, 1.000000000000000000, 0.9238795325112867385, 1.000000000000000000, 0.9238795325112867385, 1.000000000000000000, 0.9238795325112867385, 1.000000000000000000, 0.9238795325112867385, 1.000000000000000000, 0.9238795325112867385, 1.000000000000000000, 0.9238795325112867385, 1.000000000000000000, 0.9238795325112867385, 1.000000000000000000, 0.9238795325112867385, 1.000000000000000000, 0.9238795325112867385, 1.000000000000000000, 0.9238795325112867385, 1.000000000000000000, 0.9238795325112867385, 1.000000000000000000, 0.9238795325112867385, 1.000000000000000000, 0.9238795325112867385, 1.000000000000000000, 0.9238795325112867385, 1.000000000000000000, 0.9238795325112867385, 1.000000000000000000, 0.9238795325112867385, 1.000000000000000000, 0.9238795325112867385, 1.000000000000000000, 0.9238795325112867385, 1.000000000000000000, 0.9238795325112867385, 1.000000000000000000, 0.9238795325112867385, 1.000000000000000000, 0.9238795325112867385, 1.000000000000000000, 0.9238795325112867385, 1.000000000000000000, 0.9238795325112867385, 1.000000000000000000, 0.9238795325112867385, 1.000000000000000000, 0.9238795325112867385, 1.000000000000000000, 0.9238795325112867385, 1.000000000000000000, 0.9238795325112867385, 1.000000000000000000, 0.9238795325112867385, 1.000000000000000000, 0.9238795325112867385, 1.000000000000000000, 0.9238795325112867385, 1.000000000000000000, 0.9238795325112867385, 1.000000000000000000, 0.9238795325112867385, 1.000000000000000000, 0.9238795325112867385, 1.000000000000000000, 0.9238795325112867385, 1.000000000000000000, 0.9238795325112867385, 1.000000000000000000, 0.9238795325112867385, 1.000000000000000000, 0.9238795325112867385, 1.000000000000000000, 0.9238795325112867385, 1.000000000000000000, 0.9238795325112867385, 1.000000000000000000, 0.9238795325112867385, 1.000000000000000000, 0.9238795325112867385, 1.000000000000000000, 0.9238795325112867385, 1.000000000000000000, 0.9238795325112867385, 1.000000000000000000, 0.9238795325112867385, 1.000000000000000000, 0.9238795325112867385, 1.000000000000000000, 0.9238795325112867385, 1.000000000000000000, 0.9238795325112867385, 1.000000000000000000, 0.9238795325112867385, 1.000000000000000000, 0.9238795325112867385, 1.000000000000000000, 0.9238795325112867385, 1.000000000000000000, 0.9238795325112867385, 1.000000000000000000, 0.9238795325112867385, 1.000000000000000000, 0.9238795325112867385, 1.000000000000000000, 0.9238795325112867385, 1.000000000000000000, 0.9238795325112867385, 1.000000000000000000, 0.9238795325112867385, 1.000000000000000000, 0.9238795325112867385, 1.000000000000000000, 0.9238795325112867385, 1.000000000000000000, 0.9238795325112867385, 1.000000000000000000, 0.9238795325112867385, 1.000000000000000000, 0.9238795325112867385, 1.000000000000000000, 0.9238795325112867385, 1.000000000000000000, 0.9238795325112867385, 1.000000000000000000, 0.9238795325112867385, 1.000000000000000000, 0.9238795325112867385, 1.000000000000000000, 0.9238795325112867385, 1.000000000000000000, 0.9238795325112867385, 1.000000000000000000, 0.9238795325112867385, 1.000000000000000000, 0.9238795325112867385, 1.000000000000000000, 0.9238795325112867385, 1.000000000000000000, 0.9238795325112867385, 1.000000000000000000, 0.9238795325112867385, 1.000000000000000000, 0.9238795325112867385, 1.000000000000000000, 0.9238795325112867385, 1.000000000000000000, 0.9238795325112867385, 1.000000000000000000, 0.9238795325112867385, 1.000000000000000000, 0.9238795325112867385, 1.000000000000000000, 0.9238795325112867385, 1.000000000000000000, 0.9238795325112867385, 1.000000000000000000, 0.9238795325112867385, 1.000000000000000000, 0.9238795325112867385, 1.000000000000000000) ) ) 
 REPRESENTATION_ITEM ( '' )  SURFACE ( )  );
#4514 = CARTESIAN_POINT ( 'NONE',  ( 17.45000000000000284, 1.035533905932729315, 2.500000000000011102 ) ) ;
#4515 = ORIENTED_EDGE ( 'NONE', *, *, #4968, .F. ) ;
#4516 = DIRECTION ( 'NONE',  ( -1.000000000000000000, 2.573190495840608917E-16, 0.000000000000000000 ) ) ;
#4517 = ORIENTED_EDGE ( 'NONE', *, *, #4975, .F. ) ;
#4518 = CARTESIAN_POINT ( 'NONE',  ( 0.9499999999999995115, 1.980384757729331868, 0.8203022253684526532 ) ) ;
#4519 = CARTESIAN_POINT ( 'NONE',  ( 15.95000000000000462, 1.980384757729332312, -0.8203022253684513210 ) ) ;
#4520 = CARTESIAN_POINT ( 'NONE',  ( 1.350000000000004086, -0.8203022253684651988, -1.980384757729346301 ) ) ;
#4521 = DIRECTION ( 'NONE',  ( -0.000000000000000000, 0.000000000000000000, -1.000000000000000000 ) ) ;
#4522 = CARTESIAN_POINT ( 'NONE',  ( 1.950000000000000622, -0.8203022253684664200, 1.980384757729345857 ) ) ;
#4523 = DIRECTION ( 'NONE',  ( 1.000000000000000000, -0.000000000000000000, -0.000000000000000000 ) ) ;
#4524 = EDGE_CURVE ( 'NONE', #7630, #241, #7013, .T. ) ;
#4525 = CARTESIAN_POINT ( 'NONE',  ( 8.175000000000004263, -1.053469879313114532, -2.543301270189235019 ) ) ;
#4526 = ORIENTED_EDGE ( 'NONE', *, *, #2665, .F. ) ;
#4527 = CARTESIAN_POINT ( 'NONE',  ( 10.95000000000000107, -1.980384757729360068, -0.8203022253684516540 ) ) ;
#4528 = CARTESIAN_POINT ( 'NONE',  ( 3.975000000000002753, -1.798385574751182103, 1.798385574751167670 ) ) ;
#4529 = CARTESIAN_POINT ( 'NONE',  ( 1.400000000000001910, -1.433703035749471672E-14, 2.500000000000011546 ) ) ;
#4530 = CARTESIAN_POINT ( 'NONE',  ( 13.95000000000000639, -1.980384757729360512, 0.8203022253684510989 ) ) ;
#4531 = DIRECTION ( 'NONE',  ( 1.000000000000000000, -0.000000000000000000, -0.000000000000000000 ) ) ;
#4532 = EDGE_CURVE ( 'NONE', #4011, #2330, #7456, .T. ) ;
#4533 = CARTESIAN_POINT ( 'NONE',  ( 20.20000000000000284, 1.400343491548884600, 1.400343491548899033 ) ) ;
#4534 = CARTESIAN_POINT ( 'NONE',  ( 14.22500000000000320, 1.053469879313087443, 2.543301270189234575 ) ) ;
#4535 = CARTESIAN_POINT ( 'NONE',  ( 2.600000000000001421, 1.400343491548884600, 1.400343491548899033 ) ) ;
#4536 = CARTESIAN_POINT ( 'NONE',  ( -12.50000000000000000, 2.695312499999992006, 0.000000000000000000 ) ) ;
#4537 = CARTESIAN_POINT ( 'NONE',  ( 4.950000000000006395, 0.8203022253684378873, 1.980384757729345857 ) ) ;
#4538 = CARTESIAN_POINT ( 'NONE',  ( 19.80000000000000426, -1.433703035749471672E-14, 2.500000000000011546 ) ) ;
#4539 = CARTESIAN_POINT ( 'NONE',  ( 10.80000000000000071, -1.400343491548913022, 1.400343491548898589 ) ) ;
#4540 = CARTESIAN_POINT ( 'NONE',  ( 12.00000000000000355, -2.500000000000025757, -3.061616997868397439E-16 ) ) ;
#4541 = DIRECTION ( 'NONE',  ( 0.000000000000000000, 0.000000000000000000, 1.000000000000000000 ) ) ;
#4542 = CIRCLE ( 'NONE', #4043, 4.897581003224551033 ) ;
#4543 = CARTESIAN_POINT ( 'NONE',  ( 8.500000000000005329, -1.400343491548912578, -1.400343491548898811 ) ) ;
#4544 = ORIENTED_EDGE ( 'NONE', *, *, #7762, .T. ) ;
#4545 = B_SPLINE_CURVE_WITH_KNOTS ( 'NONE', 3,
 ( #125, #3773, #1420, #6042, #3059, #81, #2468, #7269, #1343, #6162 ),
 .UNSPECIFIED., .F., .F.,
 ( 4, 2, 2, 2, 4 ),
 ( 0.009196244948316206064, 0.009747581586981520635, 0.01029891822564683521, 0.01085025486431214978, 0.01140159150297746435 ),
 .UNSPECIFIED. ) ;
#4546 = ORIENTED_EDGE ( 'NONE', *, *, #4915, .F. ) ;
#4547 = CARTESIAN_POINT ( 'NONE',  ( 10.10000000000000142, -1.980384757729360068, -2.425271854633450283E-16 ) ) ;
#4548 = AXIS2_PLACEMENT_3D ( 'NONE', #1205, #5845, #2968 ) ;
#4549 = CARTESIAN_POINT ( 'NONE',  ( 2.050000000000003375, 2.499999999999997780, 1.035533905932744414 ) ) ;
#4550 = CARTESIAN_POINT ( 'NONE',  ( 17.65000000000000213, 1.980384757729332312, -0.8203022253684514320 ) ) ;
#4551 = CARTESIAN_POINT ( 'NONE',  ( 4.850000000000003197, 1.980384757729331868, 0.8203022253684526532 ) ) ;
#4552 = CARTESIAN_POINT ( 'NONE',  ( 0.8500000000000034195, -2.500000000000025757, -1.035533905932743082 ) ) ;
#4553 = CARTESIAN_POINT ( 'NONE',  ( 17.30000000000000426, -1.980384757729360068, -2.425271854633450283E-16 ) ) ;
#4554 = VERTEX_POINT ( 'NONE', #6498 ) ;
#4555 = VECTOR ( 'NONE', #335, 1000.000000000000000 ) ;
#4556 = VECTOR ( 'NONE', #3775, 1000.000000000000000 ) ;
#4557 = CARTESIAN_POINT ( 'NONE',  ( -12.50000000000000000, 2.695312499999992006, 0.000000000000000000 ) ) ;
#4558 = VERTEX_POINT ( 'NONE', #3431 ) ;
#4559 = DIRECTION ( 'NONE',  ( 0.000000000000000000, -0.000000000000000000, -1.000000000000000000 ) ) ;
#4560 = CARTESIAN_POINT ( 'NONE',  ( -8.652598279357874844, 3.999999999999994227, 4.711708202218398869E-16 ) ) ;
#4561 = CARTESIAN_POINT ( 'NONE',  ( 17.05000000000001137, -0.8203022253684664200, 1.980384757729345857 ) ) ;
#4562 =( BOUNDED_CURVE ( )  B_SPLINE_CURVE ( 2, ( #2635, #3815, #1932, #4360, #3219, #4909, #1303, #753, #6678 ),
 .UNSPECIFIED., .F., .F. ) 
 B_SPLINE_CURVE_WITH_KNOTS ( ( 3, 2, 2, 2, 3 ),
 ( 0.8888888888888888395, 0.8935185185185184897, 0.8981481481481481399, 0.9027777777777777901, 0.9074074074074074403 ),
 .UNSPECIFIED. ) 
 CURVE ( )  GEOMETRIC_REPRESENTATION_ITEM ( )  RATIONAL_B_SPLINE_CURVE ( ( 1.000000000000000000, 0.9238795325112867385, 1.000000000000000000, 0.9238795325112867385, 1.000000000000000000, 0.9238795325112867385, 1.000000000000000000, 0.9238795325112867385, 1.000000000000000000 ) ) 
 REPRESENTATION_ITEM ( '' )  );
#4563 = DIRECTION ( 'NONE',  ( -1.000000000000000000, 3.033396242145239324E-16, 0.000000000000000000 ) ) ;
#4564 = AXIS2_PLACEMENT_3D ( 'NONE', #2169, #7003, #1509 ) ;
#4565 = CARTESIAN_POINT ( 'NONE',  ( 0.8500000000000001998, 1.980384757729332312, -0.8203022253684513210 ) ) ;
#4566 = DIRECTION ( 'NONE',  ( -2.168404344971008868E-16, -1.000000000000000000, 0.000000000000000000 ) ) ;
#4567 = AXIS2_PLACEMENT_3D ( 'NONE', #6654, #7172, #3080 ) ;
#4568 = CARTESIAN_POINT ( 'NONE',  ( 8.475000000000003197, 2.543301270189220809, 1.053469879313102542 ) ) ;
#4569 = EDGE_LOOP ( 'NONE', ( #1593, #6118 ) ) ;
#4570 = CARTESIAN_POINT ( 'NONE',  ( 11.60000000000000142, -1.400343491548913022, 1.400343491548898589 ) ) ;
#4571 = CARTESIAN_POINT ( 'NONE',  ( 3.275000000000003464, -2.543301270189248786, -3.114645759804644720E-16 ) ) ;
#4572 = CARTESIAN_POINT ( 'NONE',  ( 20.10000000000000497, -2.500000000000025757, -3.061616997868397439E-16 ) ) ;
#4573 = ADVANCED_FACE ( 'NONE', ( #5833 ), #1233, .F. ) ;
#4574 = EDGE_CURVE ( 'NONE', #1701, #2123, #6054, .T. ) ;
#4575 = CARTESIAN_POINT ( 'NONE',  ( 11.95000000000000639, 1.980384757729332312, -0.8203022253684514320 ) ) ;
#4576 = CARTESIAN_POINT ( 'NONE',  ( 13.55000000000000249, -1.035533905932757959, 2.500000000000011102 ) ) ;
#4577 = B_SPLINE_CURVE_WITH_KNOTS ( 'NONE', 3,
 ( #7060, #6473, #5844, #430, #1101, #4662, #1649, #470 ),
 .UNSPECIFIED., .F., .F.,
 ( 4, 2, 2, 4 ),
 ( 0.009566768066452640065, 0.01047408253773066122, 0.01092773977336967094, 0.01138139700900868065 ),
 .UNSPECIFIED. ) ;
#4578 = CARTESIAN_POINT ( 'NONE',  ( 18.44999999999999929, 1.980384757729332312, -0.8203022253684513210 ) ) ;
#4579 = CARTESIAN_POINT ( 'NONE',  ( 13.37500000000000355, 1.798385574751153682, 1.798385574751168337 ) ) ;
#4580 = ADVANCED_FACE ( 'NONE', ( #6689 ), #600, .T. ) ;
#4581 = CARTESIAN_POINT ( 'NONE',  ( 0.4000000000000010214, -1.400343491548913022, 1.400343491548898589 ) ) ;
#4582 = DIRECTION ( 'NONE',  ( 1.000000000000000000, -0.000000000000000000, -0.000000000000000000 ) ) ;
#4583 = CARTESIAN_POINT ( 'NONE',  ( 5.100000000000004086, -1.400343491548913022, 1.400343491548898589 ) ) ;
#4584 = CARTESIAN_POINT ( 'NONE',  ( -7.334293128160981112, -1.968622048674658620, 6.006171763060383917 ) ) ;
#4585 = CARTESIAN_POINT ( 'NONE',  ( 8.200000000000001066, 1.400343491548884600, 1.400343491548899033 ) ) ;
#4586 = CARTESIAN_POINT ( 'NONE',  ( -8.956206739499513958, 13.71078647393870753, -8.319974813676779490 ) ) ;
#4587 = DIRECTION ( 'NONE',  ( -1.000000000000000000, 0.000000000000000000, 0.000000000000000000 ) ) ;
#4588 = CARTESIAN_POINT ( 'NONE',  ( 7.950000000000006395, 1.980384757729332312, -0.8203022253684513210 ) ) ;
#4589 = VERTEX_POINT ( 'NONE', #6016 ) ;
#4590 = EDGE_LOOP ( 'NONE', ( #1340, #5730, #3187, #4945 ) ) ;
#4591 = CARTESIAN_POINT ( 'NONE',  ( 11.70000000000000284, -1.980384757729360068, -2.425271854633450283E-16 ) ) ;
#4592 = CARTESIAN_POINT ( 'NONE',  ( 5.000000000000004441, -1.372470695792103782E-14, -2.500000000000011546 ) ) ;
#4593 = CARTESIAN_POINT ( 'NONE',  ( 18.19999999999999929, -1.400343491548912578, -1.400343491548898811 ) ) ;
#4594 = CARTESIAN_POINT ( 'NONE',  ( 4.250000000000003553, -0.8203022253684665310, 1.980384757729345857 ) ) ;
#4595 = CARTESIAN_POINT ( 'NONE',  ( 17.60000000000000142, 1.400343491548885044, -1.400343491548898811 ) ) ;
#4596 = VERTEX_POINT ( 'NONE', #5313 ) ;
#4597 = FACE_OUTER_BOUND ( 'NONE', #1065, .T. ) ;
#4598 = ORIENTED_EDGE ( 'NONE', *, *, #3438, .F. ) ;
#4599 = FACE_OUTER_BOUND ( 'NONE', #6327, .T. ) ;
#4600 = CARTESIAN_POINT ( 'NONE',  ( 3.450000000000005507, -1.035533905932756404, -2.500000000000011546 ) ) ;
#4601 = CARTESIAN_POINT ( 'NONE',  ( 17.85000000000000497, -0.8203022253684664200, 1.980384757729345857 ) ) ;
#4602 = LINE ( 'NONE', #1666, #7136 ) ;
#4603 = CARTESIAN_POINT ( 'NONE',  ( 20.50000000000000000, -1.267509437117510519E-14, -2.500000000000010658 ) ) ;
#4604 = CARTESIAN_POINT ( 'NONE',  ( 17.75000000000000711, -1.035533905932756404, -2.500000000000011546 ) ) ;
#4605 = CYLINDRICAL_SURFACE ( 'NONE', #4057, 2.500000000000010658 ) ;
#4606 = CARTESIAN_POINT ( 'NONE',  ( 8.775000000000005684, -2.543301270189249674, 1.053469879313100099 ) ) ;
#4607 = VERTEX_POINT ( 'NONE', #5945 ) ;
#4608 = CARTESIAN_POINT ( 'NONE',  ( 7.550000000000002487, -0.8203022253684665310, 1.980384757729345857 ) ) ;
#4609 = CARTESIAN_POINT ( 'NONE',  ( 5.025000000000003908, -1.053469879313114532, -2.543301270189235019 ) ) ;
#4610 = DIRECTION ( 'NONE',  ( 0.000000000000000000, -1.065814103640150279E-14, 1.000000000000000000 ) ) ;
#4611 = CARTESIAN_POINT ( 'NONE',  ( 14.40000000000000568, 1.980384757729332312, 0.000000000000000000 ) ) ;
#4612 = CARTESIAN_POINT ( 'NONE',  ( -8.589467622627234178, -2.190461453405102343, 6.626433063622181763 ) ) ;
#4613 = CARTESIAN_POINT ( 'NONE',  ( 15.40000000000000391, -1.372470695792103782E-14, -2.500000000000011546 ) ) ;
#4614 = CARTESIAN_POINT ( 'NONE',  ( -0.04999999999999449329, 1.980384757729332312, -0.8203022253684513210 ) ) ;
#4615 = ADVANCED_FACE ( 'NONE', ( #2366 ), #17, .T. ) ;
#4616 = CARTESIAN_POINT ( 'NONE',  ( 15.77500000000000391, 1.798385574751153682, 1.798385574751168337 ) ) ;
#4617 = VECTOR ( 'NONE', #2392, 1000.000000000000000 ) ;
#4618 = CARTESIAN_POINT ( 'NONE',  ( 1.150000000000001910, -0.8203022253684664200, 1.980384757729345857 ) ) ;
#4619 = DIRECTION ( 'NONE',  ( 0.000000000000000000, 0.000000000000000000, -1.000000000000000000 ) ) ;
#4620 = CARTESIAN_POINT ( 'NONE',  ( 6.350000000000004974, 1.980384757729332312, -0.8203022253684513210 ) ) ;
#4621 = CARTESIAN_POINT ( 'NONE',  ( 16.80000000000000071, -2.500000000000025757, -3.061616997868397439E-16 ) ) ;
#4622 = CARTESIAN_POINT ( 'NONE',  ( 5.850000000000001421, 0.8203022253684378873, 1.980384757729345857 ) ) ;
#4623 = CARTESIAN_POINT ( 'NONE',  ( 9.350000000000004974, 2.499999999999997780, 1.035533905932744414 ) ) ;
#4624 = DIRECTION ( 'NONE',  ( 1.000000000000000000, 0.000000000000000000, 1.224646799147354686E-16 ) ) ;
#4625 = TOROIDAL_SURFACE ( 'NONE', #6385, 5.056145703497873178, 0.1796875000000000000 ) ;
#4626 = EDGE_CURVE ( 'NONE', #1993, #5793, #4817, .T. ) ;
#4627 = CARTESIAN_POINT ( 'NONE',  ( 7.700000000000005507, -1.400343491548912578, -1.400343491548898811 ) ) ;
#4628 = VERTEX_POINT ( 'NONE', #6611 ) ;
#4629 = EDGE_CURVE ( 'NONE', #1465, #4674, #5977, .T. ) ;
#4630 = CARTESIAN_POINT ( 'NONE',  ( 11.00000000000000178, -1.400343491548912578, -1.400343491548898811 ) ) ;
#4631 = AXIS2_PLACEMENT_3D ( 'NONE', #2082, #6154, #5096 ) ;
#4632 = DIRECTION ( 'NONE',  ( 1.000000000000000000, -0.000000000000000000, -0.000000000000000000 ) ) ;
#4633 = CARTESIAN_POINT ( 'NONE',  ( 18.75000000000000355, -0.8203022253684665310, 1.980384757729345857 ) ) ;
#4634 = CARTESIAN_POINT ( 'NONE',  ( 3.300000000000004263, 1.400343491548884600, 1.400343491548899033 ) ) ;
#4635 = CARTESIAN_POINT ( 'NONE',  ( 0.6000000000000031974, -1.433703035749471672E-14, 2.500000000000011546 ) ) ;
#4636 = CARTESIAN_POINT ( 'NONE',  ( 14.94999999999999929, -1.980384757729360290, -0.8203022253684516540 ) ) ;
#4637 = ORIENTED_EDGE ( 'NONE', *, *, #1678, .F. ) ;
#4638 = EDGE_CURVE ( 'NONE', #4060, #1255, #3945, .T. ) ;
#4639 = CARTESIAN_POINT ( 'NONE',  ( 20.50000000000000000, -1.267509437117510519E-14, -2.500000000000010658 ) ) ;
#4640 = ORIENTED_EDGE ( 'NONE', *, *, #2313, .F. ) ;
#4641 = CARTESIAN_POINT ( 'NONE',  ( 20.50000000000000000, -1.236893267138826574E-14, 2.500000000000010658 ) ) ;
#4642 = CARTESIAN_POINT ( 'NONE',  ( 18.19999999999999929, -1.433703035749471672E-14, 2.500000000000011546 ) ) ;
#4643 = CARTESIAN_POINT ( 'NONE',  ( 13.75000000000000711, 0.8203022253684378873, 1.980384757729345857 ) ) ;
#4644 = CARTESIAN_POINT ( 'NONE',  ( 2.650000000000003020, 1.035533905932728871, -2.500000000000011546 ) ) ;
#4645 = CARTESIAN_POINT ( 'NONE',  ( 4.500000000000003553, 1.767766952966362659, 1.767766952966377536 ) ) ;
#4646 = CARTESIAN_POINT ( 'NONE',  ( 0.1500000000000008271, 1.980384757729331868, 0.8203022253684526532 ) ) ;
#4647 = DIRECTION ( 'NONE',  ( 1.000000000000000000, -0.000000000000000000, -0.000000000000000000 ) ) ;
#4648 = CARTESIAN_POINT ( 'NONE',  ( 5.175000000000001599, 2.543301270189220809, -1.053469879313100765 ) ) ;
#4649 = VERTEX_POINT ( 'NONE', #3542 ) ;
#4650 = CARTESIAN_POINT ( 'NONE',  ( 7.700000000000001954, -1.980384757729360068, -2.425271854633450283E-16 ) ) ;
#4651 = CARTESIAN_POINT ( 'NONE',  ( 0.7750000000000013545, -1.798385574751182103, 1.798385574751167670 ) ) ;
#4652 = CARTESIAN_POINT ( 'NONE',  ( 14.90000000000000391, 2.499999999999997780, 0.000000000000000000 ) ) ;
#4653 = CARTESIAN_POINT ( 'NONE',  ( 12.85000000000000497, 1.980384757729331868, 0.8203022253684526532 ) ) ;
#4654 = DIRECTION ( 'NONE',  ( 0.000000000000000000, 0.000000000000000000, 1.000000000000000000 ) ) ;
#4655 = CARTESIAN_POINT ( 'NONE',  ( 20.85000000000000142, 1.980384757729332312, -0.8203022253684513210 ) ) ;
#4656 = CARTESIAN_POINT ( 'NONE',  ( 12.62500000000000533, 1.053469879313087443, 2.543301270189234575 ) ) ;
#4657 = CARTESIAN_POINT ( 'NONE',  ( 0.4500000000000025646, -1.980384757729360512, 0.8203022253684509879 ) ) ;
#4658 = CARTESIAN_POINT ( 'NONE',  ( -8.589467622627234178, -1.376936759056590631E-14, 0.000000000000000000 ) ) ;
#4659 = CARTESIAN_POINT ( 'NONE',  ( 3.050000000000004707, 0.8203022253684377763, -1.980384757729346301 ) ) ;
#4660 = CARTESIAN_POINT ( 'NONE',  ( -4.781851051316799328, 1.308159992295252261, 4.824964371866112600 ) ) ;
#4661 = CARTESIAN_POINT ( 'NONE',  ( 5.300000000000000711, -1.980384757729360068, -2.425271854633450283E-16 ) ) ;
#4662 = CARTESIAN_POINT ( 'NONE',  ( 0.4632705085801269718, 2.499999999999995115, -0.3040394972948901597 ) ) ;
#4663 = FACE_BOUND ( 'NONE', #5224, .T. ) ;
#4664 = CARTESIAN_POINT ( 'NONE',  ( 7.450000000000006395, -0.8203022253684664200, 1.980384757729345857 ) ) ;
#4665 = VERTEX_POINT ( 'NONE', #7282 ) ;
#4666 = CARTESIAN_POINT ( 'NONE',  ( 10.40000000000000213, 1.400343491548885044, -1.400343491548898811 ) ) ;
#4667 = FACE_OUTER_BOUND ( 'NONE', #5649, .T. ) ;
#4668 = CARTESIAN_POINT ( 'NONE',  ( 16.69999999999999929, -1.375652421508278441E-14, -1.980384757729346301 ) ) ;
#4669 = EDGE_CURVE ( 'NONE', #1975, #3084, #319, .T. ) ;
#4670 = AXIS2_PLACEMENT_3D ( 'NONE', #4131, #3503, #5902 ) ;
#4671 = CARTESIAN_POINT ( 'NONE',  ( 5.250000000000004441, -1.980384757729360068, -0.8203022253684516540 ) ) ;
#4672 = CARTESIAN_POINT ( 'NONE',  ( 0.4628843620767114087, 2.499999999999996447, 0.3048698116959852600 ) ) ;
#4673 = CARTESIAN_POINT ( 'NONE',  ( 15.60000000000000320, -1.400343491548913022, 1.400343491548898589 ) ) ;
#4674 = VERTEX_POINT ( 'NONE', #533 ) ;
#4675 = AXIS2_PLACEMENT_3D ( 'NONE', #2369, #7132, #1756 ) ;
#4676 =( BOUNDED_SURFACE ( )  B_SPLINE_SURFACE ( 1, 2, ( 
 ( #7593, #6031, #4812, #7217, #1838, #4221, #1661, #2207, #6447, #6625, #4851, #2829, #3673, #5895, #1247, #7075, #3046, #5261, #5223, #7000, #3633, #7257, #7631, #2244, #1703, #4677, #4089, #6484, #1112, #520, #6149, #4344, #6231, #6708, #4463, #5638, #6866, #7296, #5555, #6746, #1331, #3204, #273, #3715, #193, #3127, #4978, #2537, #2498, #4305, #6111, #1407, #1916, #5595, #6826, #4935, #898, #735, #232, #3797, #5050, #5480, #4426, #7338, #856, #5515, #149, #7379, #3873, #1958, #2620, #1448, #109, #6190, #3245, #4893, #1996, #1371, #5013, #1487, #3759, #7461, #2077, #775, #819, #3164, #2581, #4387, #7421, #3839, #2660, #2037, #6786, #6272, #4616, #2227, #6307, #4070, #309, #1055, #2261, #5760, #3949, #1643, #424, #2772, #936, #343, #5126, #1527, #5679, #7572, #6427, #2734, #5165, #3437, #3321, #2188, #1682, #4029, #7536, #5720, #2701, #5205, #6941, #4534, #5838, #3282, #5090, #2149, #5801, #7054, #463, #6467, #1563, #7019, #6345, #2849, #972, #3356, #382, #7500, #4579, #6980, #2114, #4500, #6904, #3909, #1601, #2811, #3985, #6386, #1013, #3397, #5241, #7613, #7651, #4656, #5317, #21, #4142, #2929, #2301, #3624, #4730, #7246, #60, #2446, #6615, #3585, #7763, #1162, #5389, #7134, #537, #5912, #4799, #5874, #1758, #7208, #1867, #6540, #2407, #7727, #1829, #6503, #3513, #3547, #1094, #5947, #5350, #502, #4839, #2889, #5278, #2372, #5980, #4765, #570, #4177, #7687, #3036, #3001, #2337, #7169, #2963, #4212, #1792, #6577, #4695, #6021, #1200, #4254, #3476, #7098, #1237, #604, #642, #5427, #1721, #4107, #1130, #3704, #2609, #3663, #7329, #2574, #3078, #4376, #223, #6102, #2069, #684, #6777, #4969, #6222, #6652, #5588, #726, #2029, #5468, #97, #769, #5042, #2487, #3790, #5006, #1275, #7371, #7411, #6061, #3156, #1907, #1400, #5629, #3118, #851, #3236, #5507, #1986, #142, #4883, #2530, #6182, #4418, #6819, #812, #7286, #3197, #1440, #3832, #4295, #7453, #6697, #266, #2652, #1362, #1951, #1321, #4926, #6142, #4336, #6738, #3747, #5548, #186, #966, #7606, #1519, #6339, #2219, #4492, #3351, #2842, #5198, #3902, #7493, #1481, #6379, #339, #5713, #7012, #4457, #6860, #3313, #6973, #456, #6300, #5752, #4609, #6897, #376, #5235, #1638, #929, #2108, #3865, #1007, #2730, #5120, #4023, #6264, #889, #7531, #1595, #7644, #2804, #3276, #2143, #3391, #4528, #5796, #6933, #1555, #3942, #5669, #2766, #5160, #301, #2693, #5084, #7565, #2181, #3980, #4571, #415, #6419, #1047, #3430, #5832, #4690, #1157, #6497, #1196, #5312, #4102, #3469, #4792, #5907, #634, #1231, #3618, #15, #4758, #3541, #2333, #6572, #532, #1716, #7093, #5975, #7049, #2923, #5944, #6462, #7757, #3580, #1124, #5418, #4064, #2365, #566, #1824, #2256, #599, #3508, #5383, #1089, #5868, #4137, #3029, #495, #7164, #2995, #4651, #2959, #2401, #1673, #6534, #5273, #1785, #6014, #7723, #4206, #6609, #4726, #5346, #7129, #2883, #1751, #4171, #7202, #7681, #2294, #7240, #177, #1394, #6770, #3070, #843, #4833 ),
 ( #4328, #3192, #1355, #3697, #3151, #1861, #2022, #1981, #2479, #6731, #4288, #3784, #3110, #1901, #1268, #2602, #6095, #6215, #6811, #1432, #5581, #2566, #3739, #136, #4368, #720, #7280, #4877, #6175, #4247, #5501, #6135, #6646, #5540, #802, #6687, #3226, #3655, #4961, #763, #7405, #52, #216, #1313, #5001, #6052, #677, #1943, #2440, #5462, #7362, #4412, #91, #3825, #2525, #4918, #7321, #880, #3342, #4601, #2099, #5188, #2211, #2683, #3932, #7484, #2642, #4485, #5743, #3972, #3382, #1546, #5034, #365, #6965, #4561, #3267, #6411, #7442, #5787, #7004, #331, #6292, #6369, #2758, #5111, #5660, #5076, #6889, #3857, #256, #2135, #998, #1510, #7522, #406, #292, #4519, #4014, #2794, #3894, #918, #2060, #7556, #3304, #5703, #7597, #5618, #4450, #2722, #5151, #1629, #1038, #6852, #6923, #1587, #6331, #1472, #958, #2170, #6254, #3420, #4093, #7710, #447, #7192, #2833, #5227, #2324, #557, #485, #2354, #1080, #5860, #6488, #5822, #1116, #4716, #7635, #1813, #2248, #4643, #7118, #2950, #1741, #7081, #6524, #7041, #5371, #5337, #2874, #4128, #7673, #4750, #3500, #5265, #1665, #5965, #1707, #4198, #2391, #4783, #1186, #5934, #1149, #5899, #7748, #524, #2285, #4681, #7156, #4053, #2913, #3533, #6450, #1776, #4160, #5302, #6599, #3460, #6560, #3570, #2982, #589, #7, #624, #7229, #3605, #1221, #2430, #6003, #5408, #4233, #3020, #42, #4824, #1851, #2662, #6710, #1918, #5482, #5052, #7381, #6788, #777, #2039, #1960, #7298, #7464, #4389, #4428, #1450, #821, #3166, #6829, #7423, #1409, #6193, #3799, #4346, #151, #3841, #2501, #275, #6233, #2079, #3091, #1373, #2539, #4895, #3207, #858, #4307, #3762, #1333, #5558, #6113, #6076, #111, #3718, #6749, #4465, #1287, #737, #3129, #5517, #3247, #5640, #3676, #698, #195, #4938, #7340, #6151, #2583, #5597, #4980, #1999, #234, #2622, #5015, #5245, #5092, #6310, #4502, #6430, #1646, #7654, #1058, #6348, #6906, #3442, #900, #5841, #6389, #6944, #3875, #6868, #1529, #975, #3359, #466, #2264, #1489, #5681, #2703, #6274, #2853, #7502, #4620, #3952, #312, #3284, #2116, #3911, #939, #2230, #3324, #2737, #6983, #5763, #5722, #346, #5129, #2814, #1568, #4032, #7539, #385, #2775, #2152, #1017, #5167, #7575, #4583, #2192, #1604, #4537, #3989, #3399, #5804, #427, #5208, #7022, #7617, #7057, #1356, #5463, #5541, #1825, #4878, #3111, #764, #7322, #721, #6732, #178, #5502, #7281, #1902, #4289, #6688, #4207, #3619, #6136, #2402, #5384, #1098, #3152, #3072, #2480, #4248, #137, #5419, #2892, #4659, #92, #2526, #4919, #1314, #6647, #1944, #4329, #3698, #6096, #3740, #53, #6015, #1685, #5880, #4074, #6470, #3479, #505, #4834, #635, #16, #4793, #7203, #6610, #7241, #1232, #1269, #3030, #2441, #1862, #3656, #6053, #678, #4520, #3785, #4369, #5704, #6176, #6216, #2684, #7444, #4962, #6812, #959, #6293, #2643, #5112, #1547, #5035, #4451, #3826, #2100, #881, #3858, #293, #1473, #2061, #1433, #6255, #1982, #6771, #5661, #217, #2723, #919 ) ),
 .UNSPECIFIED., .F., .F., .F. ) 
 B_SPLINE_SURFACE_WITH_KNOTS ( ( 2, 2 ),
 ( 3, 2, 2, 2, 2, 2, 2, 2, 2, 2, 2, 2, 2, 2, 2, 2, 2, 2, 2, 2, 2, 2, 2, 2, 2, 2, 2, 2, 2, 2, 2, 2, 2, 2, 2, 2, 2, 2, 2, 2, 2, 2, 2, 2, 2, 2, 2, 2, 2, 2, 2, 2, 2, 2, 2, 2, 2, 2, 2, 2, 2, 2, 2, 2, 2, 2, 2, 2, 2, 2, 2, 2, 2, 2, 2, 2, 2, 2, 2, 2, 2, 2, 2, 2, 2, 2, 2, 2, 2, 2, 2, 2, 2, 2, 2, 2, 2, 2, 2, 2, 2, 2, 2, 2, 2, 2, 2, 2, 2, 2, 2, 2, 2, 2, 2, 2, 2, 2, 2, 2, 2, 2, 2, 2, 2, 2, 2, 2, 2, 2, 2, 2, 2, 2, 2, 2, 2, 2, 2, 2, 2, 2, 2, 2, 2, 2, 2, 2, 2, 2, 2, 2, 2, 2, 2, 2, 2, 2, 2, 2, 2, 2, 2, 2, 2, 2, 2, 2, 2, 2, 2, 2, 2, 2, 2, 2, 2, 2, 2, 2, 2, 2, 2, 2, 2, 2, 2, 2, 2, 2, 2, 2, 2, 2, 2, 2, 2, 2, 2, 2, 2, 2, 2, 2, 2, 2, 2, 2, 2, 2, 3 ),
 ( 0.000000000000000000, 1.000000000000000000 ),
 ( 0.000000000000000000, 0.004629629629629629373, 0.009259259259259258745, 0.01388888888888888812, 0.01851851851851851749, 0.02314814814814814686, 0.02777777777777777624, 0.03240740740740740561, 0.03703703703703703498, 0.04166666666666666435, 0.04629629629629629373, 0.05092592592592592310, 0.05555555555555555247, 0.06018518518518518184, 0.06481481481481481122, 0.06944444444444444753, 0.07407407407407406996, 0.07870370370370370627, 0.08333333333333332871, 0.08796296296296296502, 0.09259259259259258745, 0.09722222222222222376, 0.1018518518518518462, 0.1064814814814814825, 0.1111111111111111049, 0.1157407407407407413, 0.1203703703703703637, 0.1250000000000000000, 0.1296296296296296224, 0.1342592592592592726, 0.1388888888888888951, 0.1435185185185185175, 0.1481481481481481399, 0.1527777777777777901, 0.1574074074074074125, 0.1620370370370370350, 0.1666666666666666574, 0.1712962962962963076, 0.1759259259259259300, 0.1805555555555555525, 0.1851851851851851749, 0.1898148148148148251, 0.1944444444444444475, 0.1990740740740740700, 0.2037037037037036924, 0.2083333333333333426, 0.2129629629629629650, 0.2175925925925925875, 0.2222222222222222099, 0.2268518518518518601, 0.2314814814814814825, 0.2361111111111111049, 0.2407407407407407274, 0.2453703703703703776, 0.2500000000000000000, 0.2546296296296296502, 0.2592592592592592449, 0.2638888888888888951, 0.2685185185185185452, 0.2731481481481481399, 0.2777777777777777901, 0.2824074074074073848, 0.2870370370370370350, 0.2916666666666666852, 0.2962962962962962798, 0.3009259259259259300, 0.3055555555555555802, 0.3101851851851851749, 0.3148148148148148251, 0.3194444444444444198, 0.3240740740740740700, 0.3287037037037037202, 0.3333333333333333148, 0.3379629629629629650, 0.3425925925925926152, 0.3472222222222222099, 0.3518518518518518601, 0.3564814814814814548, 0.3611111111111111049, 0.3657407407407407551, 0.3703703703703703498, 0.3750000000000000000, 0.3796296296296296502, 0.3842592592592592449, 0.3888888888888888951, 0.3935185185185185452, 0.3981481481481481399, 0.4027777777777777901, 0.4074074074074073848, 0.4120370370370370350, 0.4166666666666666852, 0.4212962962962962798, 0.4259259259259259300, 0.4305555555555555802, 0.4351851851851851749, 0.4398148148148148251, 0.4444444444444444198, 0.4490740740740740700, 0.4537037037037037202, 0.4583333333333333148, 0.4629629629629629650, 0.4675925925925926152, 0.4722222222222222099, 0.4768518518518518601, 0.4814814814814814548, 0.4861111111111111049, 0.4907407407407407551, 0.4953703703703703498, 0.5000000000000000000, 0.5046296296296296502, 0.5092592592592593004, 0.5138888888888888395, 0.5185185185185184897, 0.5231481481481481399, 0.5277777777777777901, 0.5324074074074074403, 0.5370370370370370905, 0.5416666666666666297, 0.5462962962962962798, 0.5509259259259259300, 0.5555555555555555802, 0.5601851851851852304, 0.5648148148148147696, 0.5694444444444444198, 0.5740740740740740700, 0.5787037037037037202, 0.5833333333333333703, 0.5879629629629629095, 0.5925925925925925597, 0.5972222222222222099, 0.6018518518518518601, 0.6064814814814815103, 0.6111111111111111605, 0.6157407407407406996, 0.6203703703703703498, 0.6250000000000000000, 0.6296296296296296502, 0.6342592592592593004, 0.6388888888888888395, 0.6435185185185184897, 0.6481481481481481399, 0.6527777777777777901, 0.6574074074074074403, 0.6620370370370370905, 0.6666666666666666297, 0.6712962962962962798, 0.6759259259259259300, 0.6805555555555555802, 0.6851851851851852304, 0.6898148148148147696, 0.6944444444444444198, 0.6990740740740740700, 0.7037037037037037202, 0.7083333333333333703, 0.7129629629629629095, 0.7175925925925925597, 0.7222222222222222099, 0.7268518518518518601, 0.7314814814814815103, 0.7361111111111111605, 0.7407407407407406996, 0.7453703703703703498, 0.7500000000000000000, 0.7546296296296296502, 0.7592592592592593004, 0.7638888888888888395, 0.7685185185185184897, 0.7731481481481481399, 0.7777777777777777901, 0.7824074074074074403, 0.7870370370370370905, 0.7916666666666666297, 0.7962962962962962798, 0.8009259259259259300, 0.8055555555555555802, 0.8101851851851852304, 0.8148148148148147696, 0.8194444444444444198, 0.8240740740740740700, 0.8287037037037037202, 0.8333333333333333703, 0.8379629629629629095, 0.8425925925925925597, 0.8472222222222222099, 0.8518518518518518601, 0.8564814814814815103, 0.8611111111111111605, 0.8657407407407406996, 0.8703703703703703498, 0.8750000000000000000, 0.8796296296296296502, 0.8842592592592593004, 0.8888888888888888395, 0.8935185185185184897, 0.8981481481481481399, 0.9027777777777777901, 0.9074074074074074403, 0.9120370370370370905, 0.9166666666666666297, 0.9212962962962962798, 0.9259259259259259300, 0.9305555555555555802, 0.9351851851851852304, 0.9398148148148147696, 0.9444444444444444198, 0.9490740740740740700, 0.9537037037037037202, 0.9583333333333333703, 0.9629629629629629095, 0.9675925925925925597, 0.9722222222222222099 ),
 .UNSPECIFIED. ) 
 GEOMETRIC_REPRESENTATION_ITEM ( )  RATIONAL_B_SPLINE_SURFACE ( (
 ( 1.000000000000000000, 0.9238795325112867385, 1.000000000000000000, 0.9238795325112867385, 1.000000000000000000, 0.9238795325112867385, 1.000000000000000000, 0.9238795325112867385, 1.000000000000000000, 0.9238795325112867385, 1.000000000000000000, 0.9238795325112867385, 1.000000000000000000, 0.9238795325112867385, 1.000000000000000000, 0.9238795325112867385, 1.000000000000000000, 0.9238795325112867385, 1.000000000000000000, 0.9238795325112867385, 1.000000000000000000, 0.9238795325112867385, 1.000000000000000000, 0.9238795325112867385, 1.000000000000000000, 0.9238795325112867385, 1.000000000000000000, 0.9238795325112867385, 1.000000000000000000, 0.9238795325112867385, 1.000000000000000000, 0.9238795325112867385, 1.000000000000000000, 0.9238795325112867385, 1.000000000000000000, 0.9238795325112867385, 1.000000000000000000, 0.9238795325112867385, 1.000000000000000000, 0.9238795325112867385, 1.000000000000000000, 0.9238795325112867385, 1.000000000000000000, 0.9238795325112867385, 1.000000000000000000, 0.9238795325112867385, 1.000000000000000000, 0.9238795325112867385, 1.000000000000000000, 0.9238795325112867385, 1.000000000000000000, 0.9238795325112867385, 1.000000000000000000, 0.9238795325112867385, 1.000000000000000000, 0.9238795325112867385, 1.000000000000000000, 0.9238795325112867385, 1.000000000000000000, 0.9238795325112867385, 1.000000000000000000, 0.9238795325112867385, 1.000000000000000000, 0.9238795325112867385, 1.000000000000000000, 0.9238795325112867385, 1.000000000000000000, 0.9238795325112867385, 1.000000000000000000, 0.9238795325112867385, 1.000000000000000000, 0.9238795325112867385, 1.000000000000000000, 0.9238795325112867385, 1.000000000000000000, 0.9238795325112867385, 1.000000000000000000, 0.9238795325112867385, 1.000000000000000000, 0.9238795325112867385, 1.000000000000000000, 0.9238795325112867385, 1.000000000000000000, 0.9238795325112867385, 1.000000000000000000, 0.9238795325112867385, 1.000000000000000000, 0.9238795325112867385, 1.000000000000000000, 0.9238795325112867385, 1.000000000000000000, 0.9238795325112867385, 1.000000000000000000, 0.9238795325112867385, 1.000000000000000000, 0.9238795325112867385, 1.000000000000000000, 0.9238795325112867385, 1.000000000000000000, 0.9238795325112867385, 1.000000000000000000, 0.9238795325112867385, 1.000000000000000000, 0.9238795325112867385, 1.000000000000000000, 0.9238795325112867385, 1.000000000000000000, 0.9238795325112867385, 1.000000000000000000, 0.9238795325112867385, 1.000000000000000000, 0.9238795325112867385, 1.000000000000000000, 0.9238795325112867385, 1.000000000000000000, 0.9238795325112867385, 1.000000000000000000, 0.9238795325112867385, 1.000000000000000000, 0.9238795325112867385, 1.000000000000000000, 0.9238795325112867385, 1.000000000000000000, 0.9238795325112867385, 1.000000000000000000, 0.9238795325112867385, 1.000000000000000000, 0.9238795325112867385, 1.000000000000000000, 0.9238795325112867385, 1.000000000000000000, 0.9238795325112867385, 1.000000000000000000, 0.9238795325112867385, 1.000000000000000000, 0.9238795325112867385, 1.000000000000000000, 0.9238795325112867385, 1.000000000000000000, 0.9238795325112867385, 1.000000000000000000, 0.9238795325112867385, 1.000000000000000000, 0.9238795325112867385, 1.000000000000000000, 0.9238795325112867385, 1.000000000000000000, 0.9238795325112867385, 1.000000000000000000, 0.9238795325112867385, 1.000000000000000000, 0.9238795325112867385, 1.000000000000000000, 0.9238795325112867385, 1.000000000000000000, 0.9238795325112867385, 1.000000000000000000, 0.9238795325112867385, 1.000000000000000000, 0.9238795325112867385, 1.000000000000000000, 0.9238795325112867385, 1.000000000000000000, 0.9238795325112867385, 1.000000000000000000, 0.9238795325112867385, 1.000000000000000000, 0.9238795325112867385, 1.000000000000000000, 0.9238795325112867385, 1.000000000000000000, 0.9238795325112867385, 1.000000000000000000, 0.9238795325112867385, 1.000000000000000000, 0.9238795325112867385, 1.000000000000000000, 0.9238795325112867385, 1.000000000000000000, 0.9238795325112867385, 1.000000000000000000, 0.9238795325112867385, 1.000000000000000000, 0.9238795325112867385, 1.000000000000000000, 0.9238795325112867385, 1.000000000000000000, 0.9238795325112867385, 1.000000000000000000, 0.9238795325112867385, 1.000000000000000000, 0.9238795325112867385, 1.000000000000000000, 0.9238795325112867385, 1.000000000000000000, 0.9238795325112867385, 1.000000000000000000, 0.9238795325112867385, 1.000000000000000000, 0.9238795325112867385, 1.000000000000000000, 0.9238795325112867385, 1.000000000000000000, 0.9238795325112867385, 1.000000000000000000, 0.9238795325112867385, 1.000000000000000000, 0.9238795325112867385, 1.000000000000000000, 0.9238795325112867385, 1.000000000000000000, 0.9238795325112867385, 1.000000000000000000, 0.9238795325112867385, 1.000000000000000000, 0.9238795325112867385, 1.000000000000000000, 0.9238795325112867385, 1.000000000000000000, 0.9238795325112867385, 1.000000000000000000, 0.9238795325112867385, 1.000000000000000000, 0.9238795325112867385, 1.000000000000000000, 0.9238795325112867385, 1.000000000000000000, 0.9238795325112867385, 1.000000000000000000, 0.9238795325112867385, 1.000000000000000000, 0.9238795325112867385, 1.000000000000000000, 0.9238795325112867385, 1.000000000000000000, 0.9238795325112867385, 1.000000000000000000, 0.9238795325112867385, 1.000000000000000000, 0.9238795325112867385, 1.000000000000000000, 0.9238795325112867385, 1.000000000000000000, 0.9238795325112867385, 1.000000000000000000, 0.9238795325112867385, 1.000000000000000000, 0.9238795325112867385, 1.000000000000000000, 0.9238795325112867385, 1.000000000000000000, 0.9238795325112867385, 1.000000000000000000, 0.9238795325112867385, 1.000000000000000000, 0.9238795325112867385, 1.000000000000000000, 0.9238795325112867385, 1.000000000000000000, 0.9238795325112867385, 1.000000000000000000, 0.9238795325112867385, 1.000000000000000000, 0.9238795325112867385, 1.000000000000000000, 0.9238795325112867385, 1.000000000000000000, 0.9238795325112867385, 1.000000000000000000, 0.9238795325112867385, 1.000000000000000000, 0.9238795325112867385, 1.000000000000000000, 0.9238795325112867385, 1.000000000000000000, 0.9238795325112867385, 1.000000000000000000, 0.9238795325112867385, 1.000000000000000000, 0.9238795325112867385, 1.000000000000000000, 0.9238795325112867385, 1.000000000000000000, 0.9238795325112867385, 1.000000000000000000, 0.9238795325112867385, 1.000000000000000000, 0.9238795325112867385, 1.000000000000000000, 0.9238795325112867385, 1.000000000000000000, 0.9238795325112867385, 1.000000000000000000, 0.9238795325112867385, 1.000000000000000000, 0.9238795325112867385, 1.000000000000000000, 0.9238795325112867385, 1.000000000000000000, 0.9238795325112867385, 1.000000000000000000, 0.9238795325112867385, 1.000000000000000000, 0.9238795325112867385, 1.000000000000000000, 0.9238795325112867385, 1.000000000000000000, 0.9238795325112867385, 1.000000000000000000, 0.9238795325112867385, 1.000000000000000000, 0.9238795325112867385, 1.000000000000000000, 0.9238795325112867385, 1.000000000000000000, 0.9238795325112867385, 1.000000000000000000, 0.9238795325112867385, 1.000000000000000000, 0.9238795325112867385, 1.000000000000000000, 0.9238795325112867385, 1.000000000000000000, 0.9238795325112867385, 1.000000000000000000, 0.9238795325112867385, 1.000000000000000000, 0.9238795325112867385, 1.000000000000000000, 0.9238795325112867385, 1.000000000000000000, 0.9238795325112867385, 1.000000000000000000, 0.9238795325112867385, 1.000000000000000000, 0.9238795325112867385, 1.000000000000000000, 0.9238795325112867385, 1.000000000000000000, 0.9238795325112867385, 1.000000000000000000, 0.9238795325112867385, 1.000000000000000000, 0.9238795325112867385, 1.000000000000000000, 0.9238795325112867385, 1.000000000000000000, 0.9238795325112867385, 1.000000000000000000, 0.9238795325112867385, 1.000000000000000000, 0.9238795325112867385, 1.000000000000000000, 0.9238795325112867385, 1.000000000000000000, 0.9238795325112867385, 1.000000000000000000, 0.9238795325112867385, 1.000000000000000000, 0.9238795325112867385, 1.000000000000000000, 0.9238795325112867385, 1.000000000000000000, 0.9238795325112867385, 1.000000000000000000, 0.9238795325112867385, 1.000000000000000000, 0.9238795325112867385, 1.000000000000000000, 0.9238795325112867385, 1.000000000000000000, 0.9238795325112867385, 1.000000000000000000, 0.9238795325112867385, 1.000000000000000000, 0.9238795325112867385, 1.000000000000000000, 0.9238795325112867385, 1.000000000000000000, 0.9238795325112867385, 1.000000000000000000, 0.9238795325112867385, 1.000000000000000000, 0.9238795325112867385, 1.000000000000000000, 0.9238795325112867385, 1.000000000000000000, 0.9238795325112867385, 1.000000000000000000, 0.9238795325112867385, 1.000000000000000000, 0.9238795325112867385, 1.000000000000000000, 0.9238795325112867385, 1.000000000000000000, 0.9238795325112867385, 1.000000000000000000, 0.9238795325112867385, 1.000000000000000000, 0.9238795325112867385, 1.000000000000000000, 0.9238795325112867385, 1.000000000000000000, 0.9238795325112867385, 1.000000000000000000, 0.9238795325112867385, 1.000000000000000000, 0.9238795325112867385, 1.000000000000000000, 0.9238795325112867385, 1.000000000000000000, 0.9238795325112867385, 1.000000000000000000, 0.9238795325112867385, 1.000000000000000000, 0.9238795325112867385, 1.000000000000000000, 0.9238795325112867385, 1.000000000000000000, 0.9238795325112867385, 1.000000000000000000),
 ( 1.000000000000000000, 0.9238795325112867385, 1.000000000000000000, 0.9238795325112867385, 1.000000000000000000, 0.9238795325112867385, 1.000000000000000000, 0.9238795325112867385, 1.000000000000000000, 0.9238795325112867385, 1.000000000000000000, 0.9238795325112867385, 1.000000000000000000, 0.9238795325112867385, 1.000000000000000000, 0.9238795325112867385, 1.000000000000000000, 0.9238795325112867385, 1.000000000000000000, 0.9238795325112867385, 1.000000000000000000, 0.9238795325112867385, 1.000000000000000000, 0.9238795325112867385, 1.000000000000000000, 0.9238795325112867385, 1.000000000000000000, 0.9238795325112867385, 1.000000000000000000, 0.9238795325112867385, 1.000000000000000000, 0.9238795325112867385, 1.000000000000000000, 0.9238795325112867385, 1.000000000000000000, 0.9238795325112867385, 1.000000000000000000, 0.9238795325112867385, 1.000000000000000000, 0.9238795325112867385, 1.000000000000000000, 0.9238795325112867385, 1.000000000000000000, 0.9238795325112867385, 1.000000000000000000, 0.9238795325112867385, 1.000000000000000000, 0.9238795325112867385, 1.000000000000000000, 0.9238795325112867385, 1.000000000000000000, 0.9238795325112867385, 1.000000000000000000, 0.9238795325112867385, 1.000000000000000000, 0.9238795325112867385, 1.000000000000000000, 0.9238795325112867385, 1.000000000000000000, 0.9238795325112867385, 1.000000000000000000, 0.9238795325112867385, 1.000000000000000000, 0.9238795325112867385, 1.000000000000000000, 0.9238795325112867385, 1.000000000000000000, 0.9238795325112867385, 1.000000000000000000, 0.9238795325112867385, 1.000000000000000000, 0.9238795325112867385, 1.000000000000000000, 0.9238795325112867385, 1.000000000000000000, 0.9238795325112867385, 1.000000000000000000, 0.9238795325112867385, 1.000000000000000000, 0.9238795325112867385, 1.000000000000000000, 0.9238795325112867385, 1.000000000000000000, 0.9238795325112867385, 1.000000000000000000, 0.9238795325112867385, 1.000000000000000000, 0.9238795325112867385, 1.000000000000000000, 0.9238795325112867385, 1.000000000000000000, 0.9238795325112867385, 1.000000000000000000, 0.9238795325112867385, 1.000000000000000000, 0.9238795325112867385, 1.000000000000000000, 0.9238795325112867385, 1.000000000000000000, 0.9238795325112867385, 1.000000000000000000, 0.9238795325112867385, 1.000000000000000000, 0.9238795325112867385, 1.000000000000000000, 0.9238795325112867385, 1.000000000000000000, 0.9238795325112867385, 1.000000000000000000, 0.9238795325112867385, 1.000000000000000000, 0.9238795325112867385, 1.000000000000000000, 0.9238795325112867385, 1.000000000000000000, 0.9238795325112867385, 1.000000000000000000, 0.9238795325112867385, 1.000000000000000000, 0.9238795325112867385, 1.000000000000000000, 0.9238795325112867385, 1.000000000000000000, 0.9238795325112867385, 1.000000000000000000, 0.9238795325112867385, 1.000000000000000000, 0.9238795325112867385, 1.000000000000000000, 0.9238795325112867385, 1.000000000000000000, 0.9238795325112867385, 1.000000000000000000, 0.9238795325112867385, 1.000000000000000000, 0.9238795325112867385, 1.000000000000000000, 0.9238795325112867385, 1.000000000000000000, 0.9238795325112867385, 1.000000000000000000, 0.9238795325112867385, 1.000000000000000000, 0.9238795325112867385, 1.000000000000000000, 0.9238795325112867385, 1.000000000000000000, 0.9238795325112867385, 1.000000000000000000, 0.9238795325112867385, 1.000000000000000000, 0.9238795325112867385, 1.000000000000000000, 0.9238795325112867385, 1.000000000000000000, 0.9238795325112867385, 1.000000000000000000, 0.9238795325112867385, 1.000000000000000000, 0.9238795325112867385, 1.000000000000000000, 0.9238795325112867385, 1.000000000000000000, 0.9238795325112867385, 1.000000000000000000, 0.9238795325112867385, 1.000000000000000000, 0.9238795325112867385, 1.000000000000000000, 0.9238795325112867385, 1.000000000000000000, 0.9238795325112867385, 1.000000000000000000, 0.9238795325112867385, 1.000000000000000000, 0.9238795325112867385, 1.000000000000000000, 0.9238795325112867385, 1.000000000000000000, 0.9238795325112867385, 1.000000000000000000, 0.9238795325112867385, 1.000000000000000000, 0.9238795325112867385, 1.000000000000000000, 0.9238795325112867385, 1.000000000000000000, 0.9238795325112867385, 1.000000000000000000, 0.9238795325112867385, 1.000000000000000000, 0.9238795325112867385, 1.000000000000000000, 0.9238795325112867385, 1.000000000000000000, 0.9238795325112867385, 1.000000000000000000, 0.9238795325112867385, 1.000000000000000000, 0.9238795325112867385, 1.000000000000000000, 0.9238795325112867385, 1.000000000000000000, 0.9238795325112867385, 1.000000000000000000, 0.9238795325112867385, 1.000000000000000000, 0.9238795325112867385, 1.000000000000000000, 0.9238795325112867385, 1.000000000000000000, 0.9238795325112867385, 1.000000000000000000, 0.9238795325112867385, 1.000000000000000000, 0.9238795325112867385, 1.000000000000000000, 0.9238795325112867385, 1.000000000000000000, 0.9238795325112867385, 1.000000000000000000, 0.9238795325112867385, 1.000000000000000000, 0.9238795325112867385, 1.000000000000000000, 0.9238795325112867385, 1.000000000000000000, 0.9238795325112867385, 1.000000000000000000, 0.9238795325112867385, 1.000000000000000000, 0.9238795325112867385, 1.000000000000000000, 0.9238795325112867385, 1.000000000000000000, 0.9238795325112867385, 1.000000000000000000, 0.9238795325112867385, 1.000000000000000000, 0.9238795325112867385, 1.000000000000000000, 0.9238795325112867385, 1.000000000000000000, 0.9238795325112867385, 1.000000000000000000, 0.9238795325112867385, 1.000000000000000000, 0.9238795325112867385, 1.000000000000000000, 0.9238795325112867385, 1.000000000000000000, 0.9238795325112867385, 1.000000000000000000, 0.9238795325112867385, 1.000000000000000000, 0.9238795325112867385, 1.000000000000000000, 0.9238795325112867385, 1.000000000000000000, 0.9238795325112867385, 1.000000000000000000, 0.9238795325112867385, 1.000000000000000000, 0.9238795325112867385, 1.000000000000000000, 0.9238795325112867385, 1.000000000000000000, 0.9238795325112867385, 1.000000000000000000, 0.9238795325112867385, 1.000000000000000000, 0.9238795325112867385, 1.000000000000000000, 0.9238795325112867385, 1.000000000000000000, 0.9238795325112867385, 1.000000000000000000, 0.9238795325112867385, 1.000000000000000000, 0.9238795325112867385, 1.000000000000000000, 0.9238795325112867385, 1.000000000000000000, 0.9238795325112867385, 1.000000000000000000, 0.9238795325112867385, 1.000000000000000000, 0.9238795325112867385, 1.000000000000000000, 0.9238795325112867385, 1.000000000000000000, 0.9238795325112867385, 1.000000000000000000, 0.9238795325112867385, 1.000000000000000000, 0.9238795325112867385, 1.000000000000000000, 0.9238795325112867385, 1.000000000000000000, 0.9238795325112867385, 1.000000000000000000, 0.9238795325112867385, 1.000000000000000000, 0.9238795325112867385, 1.000000000000000000, 0.9238795325112867385, 1.000000000000000000, 0.9238795325112867385, 1.000000000000000000, 0.9238795325112867385, 1.000000000000000000, 0.9238795325112867385, 1.000000000000000000, 0.9238795325112867385, 1.000000000000000000, 0.9238795325112867385, 1.000000000000000000, 0.9238795325112867385, 1.000000000000000000, 0.9238795325112867385, 1.000000000000000000, 0.9238795325112867385, 1.000000000000000000, 0.9238795325112867385, 1.000000000000000000, 0.9238795325112867385, 1.000000000000000000, 0.9238795325112867385, 1.000000000000000000, 0.9238795325112867385, 1.000000000000000000, 0.9238795325112867385, 1.000000000000000000, 0.9238795325112867385, 1.000000000000000000, 0.9238795325112867385, 1.000000000000000000, 0.9238795325112867385, 1.000000000000000000, 0.9238795325112867385, 1.000000000000000000, 0.9238795325112867385, 1.000000000000000000, 0.9238795325112867385, 1.000000000000000000, 0.9238795325112867385, 1.000000000000000000, 0.9238795325112867385, 1.000000000000000000, 0.9238795325112867385, 1.000000000000000000, 0.9238795325112867385, 1.000000000000000000, 0.9238795325112867385, 1.000000000000000000, 0.9238795325112867385, 1.000000000000000000, 0.9238795325112867385, 1.000000000000000000, 0.9238795325112867385, 1.000000000000000000, 0.9238795325112867385, 1.000000000000000000, 0.9238795325112867385, 1.000000000000000000, 0.9238795325112867385, 1.000000000000000000, 0.9238795325112867385, 1.000000000000000000, 0.9238795325112867385, 1.000000000000000000, 0.9238795325112867385, 1.000000000000000000, 0.9238795325112867385, 1.000000000000000000, 0.9238795325112867385, 1.000000000000000000, 0.9238795325112867385, 1.000000000000000000, 0.9238795325112867385, 1.000000000000000000, 0.9238795325112867385, 1.000000000000000000, 0.9238795325112867385, 1.000000000000000000, 0.9238795325112867385, 1.000000000000000000, 0.9238795325112867385, 1.000000000000000000, 0.9238795325112867385, 1.000000000000000000, 0.9238795325112867385, 1.000000000000000000, 0.9238795325112867385, 1.000000000000000000, 0.9238795325112867385, 1.000000000000000000, 0.9238795325112867385, 1.000000000000000000, 0.9238795325112867385, 1.000000000000000000, 0.9238795325112867385, 1.000000000000000000, 0.9238795325112867385, 1.000000000000000000, 0.9238795325112867385, 1.000000000000000000, 0.9238795325112867385, 1.000000000000000000, 0.9238795325112867385, 1.000000000000000000, 0.9238795325112867385, 1.000000000000000000, 0.9238795325112867385, 1.000000000000000000, 0.9238795325112867385, 1.000000000000000000, 0.9238795325112867385, 1.000000000000000000, 0.9238795325112867385, 1.000000000000000000) ) ) 
 REPRESENTATION_ITEM ( '' )  SURFACE ( )  );
#4677 = CARTESIAN_POINT ( 'NONE',  ( 19.22500000000000142, -2.543301270189249674, 1.053469879313100099 ) ) ;
#4678 = ORIENTED_EDGE ( 'NONE', *, *, #1989, .F. ) ;
#4679 = CARTESIAN_POINT ( 'NONE',  ( 19.65000000000000213, -1.980384757729360512, 0.8203022253684509879 ) ) ;
#4680 = CARTESIAN_POINT ( 'NONE',  ( 20.50000000000000000, -1.267509437117510519E-14, 0.000000000000000000 ) ) ;
#4681 = CARTESIAN_POINT ( 'NONE',  ( 12.35000000000000497, -1.980384757729360512, 0.8203022253684509879 ) ) ;
#4682 = CARTESIAN_POINT ( 'NONE',  ( 20.50000000000000000, -1.236893267138826574E-14, 2.500000000000010658 ) ) ;
#4683 = LINE ( 'NONE', #6527, #6180 ) ;
#4684 = VECTOR ( 'NONE', #561, 1000.000000000000000 ) ;
#4685 = CYLINDRICAL_SURFACE ( 'NONE', #547, 2.500000000000010658 ) ;
#4686 = CARTESIAN_POINT ( 'NONE',  ( 5.225000000000004086, 2.543301270189221253, 0.000000000000000000 ) ) ;
#4687 = VERTEX_POINT ( 'NONE', #7724 ) ;
#4688 = CARTESIAN_POINT ( 'NONE',  ( 7.000000000000000888, -1.400343491548912578, -1.400343491548898811 ) ) ;
#4689 = TOROIDAL_SURFACE ( 'NONE', #4443, 5.056145703497867849, 0.1796875000000000000 ) ;
#4690 = CARTESIAN_POINT ( 'NONE',  ( 2.975000000000001865, 1.798385574751153682, 1.798385574751168337 ) ) ;
#4691 = CARTESIAN_POINT ( 'NONE',  ( 9.700000000000004619, 1.400343491548884600, 1.400343491548899033 ) ) ;
#4692 = LINE ( 'NONE', #1129, #3662 ) ;
#4693 = AXIS2_PLACEMENT_3D ( 'NONE', #7682, #2767, #6974 ) ;
#4694 = CARTESIAN_POINT ( 'NONE',  ( 18.25000000000000355, -0.8203022253684651988, -1.980384757729346301 ) ) ;
#4695 = CARTESIAN_POINT ( 'NONE',  ( 10.02500000000000391, 2.543301270189220809, -1.053469879313100765 ) ) ;
#4696 = CARTESIAN_POINT ( 'NONE',  ( 19.52500000000000568, 1.798385574751153904, -1.798385574751167892 ) ) ;
#4697 = FACE_OUTER_BOUND ( 'NONE', #4590, .T. ) ;
#4698 = AXIS2_PLACEMENT_3D ( 'NONE', #6573, #5976, #4208 ) ;
#4699 = CARTESIAN_POINT ( 'NONE',  ( 18.25000000000000711, 0.8203022253684377763, -1.980384757729346301 ) ) ;
#4700 = CARTESIAN_POINT ( 'NONE',  ( 8.350000000000001421, -0.8203022253684664200, 1.980384757729345857 ) ) ;
#4701 = CARTESIAN_POINT ( 'NONE',  ( 0.7500000000000013323, 6.212425677552092198E-14, -2.066987298107785698 ) ) ;
#4702 = CARTESIAN_POINT ( 'NONE',  ( 18.70000000000000284, 1.767766952966363103, -1.767766952966377092 ) ) ;
#4703 = CARTESIAN_POINT ( 'NONE',  ( 9.300000000000006040, -1.400343491548912578, -1.400343491548898811 ) ) ;
#4704 = VERTEX_POINT ( 'NONE', #2924 ) ;
#4705 = CARTESIAN_POINT ( 'NONE',  ( 11.57500000000000284, 2.543301270189220809, -1.053469879313100765 ) ) ;
#4706 = CARTESIAN_POINT ( 'NONE',  ( 12.10000000000000142, 1.980384757729332312, 0.000000000000000000 ) ) ;
#4707 = CARTESIAN_POINT ( 'NONE',  ( -12.50000000000000000, -2.190461453405102343, 0.000000000000000000 ) ) ;
#4708 = CARTESIAN_POINT ( 'NONE',  ( 4.950000000000006395, 0.8203022253684378873, 1.980384757729345857 ) ) ;
#4709 = CARTESIAN_POINT ( 'NONE',  ( 0.5000000000000022204, 2.499999999999993339, 3.065751858972787366E-12 ) ) ;
#4710 = CARTESIAN_POINT ( 'NONE',  ( 16.69999999999999929, -1.375652421508278441E-14, -1.980384757729346301 ) ) ;
#4711 = ORIENTED_EDGE ( 'NONE', *, *, #4532, .T. ) ;
#4712 = EDGE_CURVE ( 'NONE', #4687, #6107, #2960, .T. ) ;
#4713 = VERTEX_POINT ( 'NONE', #1786 ) ;
#4714 = CARTESIAN_POINT ( 'NONE',  ( 18.70000000000000284, -1.424157858600947694E-14, 1.980384757729346301 ) ) ;
#4715 = CARTESIAN_POINT ( 'NONE',  ( 20.50000000000000000, -1.267509437117510519E-14, 0.000000000000000000 ) ) ;
#4716 = CARTESIAN_POINT ( 'NONE',  ( 13.95000000000000462, -1.980384757729360512, 0.8203022253684509879 ) ) ;
#4717 = CYLINDRICAL_SURFACE ( 'NONE', #4373, 2.500000000000010658 ) ;
#4718 = PLANE ( 'NONE',  #6737 ) ;
#4719 = DIRECTION ( 'NONE',  ( 1.000000000000000000, -0.000000000000000000, -0.000000000000000000 ) ) ;
#4720 =( BOUNDED_CURVE ( )  B_SPLINE_CURVE ( 2, ( #6451, #5266, #1081, #1039, #3461, #6966, #7119, #7082, #3421 ),
 .UNSPECIFIED., .F., .F. ) 
 B_SPLINE_CURVE_WITH_KNOTS ( ( 3, 2, 2, 2, 3 ),
 ( 0.09259259259259255970, 0.09722222222222220989, 0.1018518518518518601, 0.1064814814814815103, 0.1111111111111110494 ),
 .UNSPECIFIED. ) 
 CURVE ( )  GEOMETRIC_REPRESENTATION_ITEM ( )  RATIONAL_B_SPLINE_CURVE ( ( 1.000000000000000000, 0.9238795325112867385, 1.000000000000000000, 0.9238795325112867385, 1.000000000000000000, 0.9238795325112867385, 1.000000000000000000, 0.9238795325112867385, 1.000000000000000000 ) ) 
 REPRESENTATION_ITEM ( '' )  );
#4721 = EDGE_CURVE ( 'NONE', #1457, #3960, #1949, .T. ) ;
#4722 = EDGE_CURVE ( 'NONE', #480, #5011, #1169, .T. ) ;
#4723 = CARTESIAN_POINT ( 'NONE',  ( 6.425000000000003375, -2.543301270189248786, -3.114645759804644720E-16 ) ) ;
#4724 = ORIENTED_EDGE ( 'NONE', *, *, #4334, .T. ) ;
#4725 = CARTESIAN_POINT ( 'NONE',  ( 8.450000000000001066, -1.980384757729360512, 0.8203022253684510989 ) ) ;
#4726 = CARTESIAN_POINT ( 'NONE',  ( 0.2250000000000030032, -1.053469879313114532, -2.543301270189235019 ) ) ;
#4727 = DIRECTION ( 'NONE',  ( 2.168404344971008868E-16, 1.000000000000000000, -0.000000000000000000 ) ) ;
#4728 = CARTESIAN_POINT ( 'NONE',  ( 10.90000000000000568, -1.400343491548912578, -1.400343491548898811 ) ) ;
#4729 = CARTESIAN_POINT ( 'NONE',  ( -0.8517465326040354334, -2.217184983342267657, 2.160459355957117022 ) ) ;
#4730 = CARTESIAN_POINT ( 'NONE',  ( 12.27500000000000213, -1.372205551982422560E-14, -2.543301270189235019 ) ) ;
#4731 = CARTESIAN_POINT ( 'NONE',  ( 20.52500000000000568, 1.798385574751153682, 1.798385574751168337 ) ) ;
#4732 = CARTESIAN_POINT ( 'NONE',  ( -12.50000000000000000, -2.625674005841378555, 0.000000000000000000 ) ) ;
#4733 = CARTESIAN_POINT ( 'NONE',  ( 20.50000000000000000, -1.236893267138826574E-14, 2.500000000000010658 ) ) ;
#4734 = CALENDAR_DATE ( 2026, 26, 6 ) ;
#4735 = DIRECTION ( 'NONE',  ( 1.000000000000000000, -0.000000000000000000, -0.000000000000000000 ) ) ;
#4736 = CARTESIAN_POINT ( 'NONE',  ( 5.950000000000005507, -1.980384757729360512, 0.8203022253684509879 ) ) ;
#4737 = VERTEX_POINT ( 'NONE', #6648 ) ;
#4738 = CARTESIAN_POINT ( 'NONE',  ( 12.87500000000000711, -2.543301270189249674, -1.053469879313101210 ) ) ;
#4739 = CARTESIAN_POINT ( 'NONE',  ( 6.350000000000000533, 0.8203022253684377763, -1.980384757729346301 ) ) ;
#4740 = LINE ( 'NONE', #6589, #116 ) ;
#4741 = DIRECTION ( 'NONE',  ( -1.000000000000000000, 2.168404344971008868E-16, 0.000000000000000000 ) ) ;
#4742 = AXIS2_PLACEMENT_3D ( 'NONE', #2023, #5744, #803 ) ;
#4743 = CARTESIAN_POINT ( 'NONE',  ( 5.050000000000002487, 1.035533905932728871, -2.500000000000011546 ) ) ;
#4744 = CARTESIAN_POINT ( 'NONE',  ( 16.05000000000000426, 1.980384757729331868, 0.8203022253684526532 ) ) ;
#4745 = ORIENTED_EDGE ( 'NONE', *, *, #2408, .T. ) ;
#4746 = AXIS2_PLACEMENT_3D ( 'NONE', #6077, #1804, #7775 ) ;
#4747 = ORIENTED_EDGE ( 'NONE', *, *, #4858, .T. ) ;
#4748 = CARTESIAN_POINT ( 'NONE',  ( 16.40000000000000213, -1.400343491548913022, 1.400343491548898589 ) ) ;
#4749 = CARTESIAN_POINT ( 'NONE',  ( 19.55000000000000071, 1.035533905932728871, -2.500000000000011546 ) ) ;
#4750 = CARTESIAN_POINT ( 'NONE',  ( 13.15000000000000568, -1.980384757729360512, 0.8203022253684509879 ) ) ;
#4751 = CARTESIAN_POINT ( 'NONE',  ( 20.37239109432546158, 1.164206292148653343, 1.905231344013701200 ) ) ;
#4752 = CARTESIAN_POINT ( 'NONE',  ( 9.600000000000004974, -1.767766952966391303, 1.767766952966376870 ) ) ;
#4753 = DIRECTION ( 'NONE',  ( -2.168404344971008868E-16, -1.000000000000000000, 0.000000000000000000 ) ) ;
#4754 = CARTESIAN_POINT ( 'NONE',  ( -3.620784087587459066, 1.244020173586680045, -4.233803624066494464 ) ) ;
#4755 = CARTESIAN_POINT ( 'NONE',  ( 6.175000000000003375, 1.053469879313087443, 2.543301270189234575 ) ) ;
#4756 = ORIENTED_EDGE ( 'NONE', *, *, #5388, .F. ) ;
#4757 = CARTESIAN_POINT ( 'NONE',  ( 8.550000000000002487, -1.980384757729360068, -0.8203022253684516540 ) ) ;
#4758 = CARTESIAN_POINT ( 'NONE',  ( 2.325000000000003730, -1.053469879313116087, 2.543301270189234575 ) ) ;
#4759 = CARTESIAN_POINT ( 'NONE',  ( -12.50000000000000178, -4.000000000000006217, 0.000000000000000000 ) ) ;
#4760 = CARTESIAN_POINT ( 'NONE',  ( 11.30000000000000604, 1.400343491548884600, 1.400343491548899033 ) ) ;
#4761 = ADVANCED_FACE ( 'NONE', ( #2685 ), #2943, .T. ) ;
#4762 =( BOUNDED_CURVE ( )  B_SPLINE_CURVE ( 2, ( #5163, #3983, #2769, #3354, #7568 ),
 .UNSPECIFIED., .F., .F. ) 
 B_SPLINE_CURVE_WITH_KNOTS ( ( 3, 2, 3 ),
 ( 0.9166666666666666297, 0.9212962962962925051, 0.9259259259259184915 ),
 .UNSPECIFIED. ) 
 CURVE ( )  GEOMETRIC_REPRESENTATION_ITEM ( )  RATIONAL_B_SPLINE_CURVE ( ( 1.000000000000000000, 0.9238795325112867385, 1.000000000000000000, 0.9238795325114090851, 0.9999999999998776534 ) ) 
 REPRESENTATION_ITEM ( '' )  );
#4763 = VECTOR ( 'NONE', #3730, 1000.000000000000000 ) ;
#4764 = DIRECTION ( 'NONE',  ( -0.000000000000000000, 1.000000000000000000, -0.000000000000000000 ) ) ;
#4765 = CARTESIAN_POINT ( 'NONE',  ( 10.62500000000000355, -1.053469879313114532, -2.543301270189235019 ) ) ;
#4766 = CARTESIAN_POINT ( 'NONE',  ( 20.07500000000000284, -2.543301270189249674, -1.053469879313101210 ) ) ;
#4767 = CARTESIAN_POINT ( 'NONE',  ( 5.450000000000003730, -1.035533905932757959, 2.500000000000011102 ) ) ;
#4768 = CARTESIAN_POINT ( 'NONE',  ( 19.55000000000000426, -1.980384757729360512, 0.8203022253684510989 ) ) ;
#4769 = EDGE_CURVE ( 'NONE', #3819, #3202, #709, .T. ) ;
#4770 = APPLICATION_CONTEXT ( 'configuration controlled 3d designs of mechanical parts and assemblies' ) ;
#4771 = CARTESIAN_POINT ( 'NONE',  ( 6.700000000000004619, -1.400343491548913022, 1.400343491548898589 ) ) ;
#4772 = ORIENTED_EDGE ( 'NONE', *, *, #3707, .T. ) ;
#4773 = CARTESIAN_POINT ( 'NONE',  ( 13.32500000000000284, 1.798385574751153682, 1.798385574751168337 ) ) ;
#4774 = CARTESIAN_POINT ( 'NONE',  ( 6.650000000000001243, 0.8203022253684378873, 1.980384757729345857 ) ) ;
#4775 = CARTESIAN_POINT ( 'NONE',  ( 17.90000000000000213, -1.372470695792103624E-14, -2.500000000000011546 ) ) ;
#4776 = CARTESIAN_POINT ( 'NONE',  ( 1.150000000000005240, -1.980384757729360512, 0.8203022253684510989 ) ) ;
#4777 = CARTESIAN_POINT ( 'NONE',  ( 20.50000000000000355, -1.933585213267090319, 0.7352601009784908159 ) ) ;
#4778 = CARTESIAN_POINT ( 'NONE',  ( 14.30000000000000604, 1.400343491548885044, -1.400343491548898811 ) ) ;
#4779 = ORIENTED_EDGE ( 'NONE', *, *, #4846, .F. ) ;
#4780 = ORIENTED_EDGE ( 'NONE', *, *, #3278, .T. ) ;
#4781 = CARTESIAN_POINT ( 'NONE',  ( 16.85000000000000497, 1.980384757729332312, -0.8203022253684513210 ) ) ;
#4782 = FACE_OUTER_BOUND ( 'NONE', #6805, .T. ) ;
#4783 = CARTESIAN_POINT ( 'NONE',  ( 12.75000000000000533, 1.980384757729332312, -0.8203022253684513210 ) ) ;
#4784 = CARTESIAN_POINT ( 'NONE',  ( 8.950000000000002842, -2.500000000000025757, -1.035533905932743082 ) ) ;
#4785 = CARTESIAN_POINT ( 'NONE',  ( 9.800000000000000711, -1.767766952966390637, -1.767766952966377092 ) ) ;
#4786 = DIRECTION ( 'NONE',  ( 0.000000000000000000, 0.000000000000000000, 1.000000000000000000 ) ) ;
#4787 = CARTESIAN_POINT ( 'NONE',  ( 2.200000000000004174, 1.767766952966362659, 1.767766952966377536 ) ) ;
#4788 = CARTESIAN_POINT ( 'NONE',  ( 19.05000000000000426, 0.8203022253684377763, -1.980384757729346301 ) ) ;
#4789 = CARTESIAN_POINT ( 'NONE',  ( 7.075000000000003730, -1.053469879313116087, 2.543301270189234575 ) ) ;
#4790 = EDGE_LOOP ( 'NONE', ( #7551, #4808, #2087, #6187, #3215 ) ) ;
#4791 = CARTESIAN_POINT ( 'NONE',  ( 5.000000000000000888, 1.400343491548884600, 1.400343491548899033 ) ) ;
#4792 = CARTESIAN_POINT ( 'NONE',  ( 2.625000000000002220, -1.053469879313114532, -2.543301270189235019 ) ) ;
#4793 = CARTESIAN_POINT ( 'NONE',  ( 1.950000000000003508, -1.980384757729360512, 0.8203022253684509879 ) ) ;
#4794 = CARTESIAN_POINT ( 'NONE',  ( 15.85000000000000320, 1.035533905932729315, 2.500000000000011102 ) ) ;
#4795 = VECTOR ( 'NONE', #7468, 1000.000000000000000 ) ;
#4796 = CARTESIAN_POINT ( 'NONE',  ( 9.150000000000005684, -1.980384757729360512, 0.8203022253684510989 ) ) ;
#4797 = CARTESIAN_POINT ( 'NONE',  ( 13.70000000000000462, -1.767766952966390637, -1.767766952966377092 ) ) ;
#4798 = EDGE_CURVE ( 'NONE', #1898, #3099, #370, .T. ) ;
#4799 = CARTESIAN_POINT ( 'NONE',  ( 11.67500000000000249, 2.543301270189221253, 0.000000000000000000 ) ) ;
#4800 = CARTESIAN_POINT ( 'NONE',  ( 20.57500000000000284, 1.053469879313087443, 2.543301270189234575 ) ) ;
#4801 = CARTESIAN_POINT ( 'NONE',  ( 5.750000000000003553, -1.035533905932756404, -2.500000000000011546 ) ) ;
#4802 =( BOUNDED_CURVE ( )  B_SPLINE_CURVE ( 2, ( #5203, #6794, #1338, #4311, #4351, #1455, #864, #6279, #7611 ),
 .UNSPECIFIED., .F., .F. ) 
 B_SPLINE_CURVE_WITH_KNOTS ( ( 3, 2, 2, 2, 3 ),
 ( 0.2962962962962962798, 0.3009259259259259300, 0.3055555555555555802, 0.3101851851851851194, 0.3148148148148147696 ),
 .UNSPECIFIED. ) 
 CURVE ( )  GEOMETRIC_REPRESENTATION_ITEM ( )  RATIONAL_B_SPLINE_CURVE ( ( 1.000000000000000000, 0.9238795325112867385, 1.000000000000000000, 0.9238795325112867385, 1.000000000000000000, 0.9238795325112867385, 1.000000000000000000, 0.9238795325112867385, 1.000000000000000000 ) ) 
 REPRESENTATION_ITEM ( '' )  );
#4803 = DIRECTION ( 'NONE',  ( 1.000000000000000000, -0.000000000000000000, -0.000000000000000000 ) ) ;
#4804 = AXIS2_PLACEMENT_3D ( 'NONE', #666, #3645, #3687 ) ;
#4805 = APPROVAL_ROLE ( '' ) ;
#4806 = CARTESIAN_POINT ( 'NONE',  ( 0.8000000000000042633, 1.574591653060089413, -1.207964653480966044 ) ) ;
#4807 = CARTESIAN_POINT ( 'NONE',  ( 4.600000000000006750, -1.375652421508278441E-14, -1.980384757729346301 ) ) ;
#4808 = ORIENTED_EDGE ( 'NONE', *, *, #19, .T. ) ;
#4809 = EDGE_CURVE ( 'NONE', #5063, #4674, #5662, .T. ) ;
#4810 = AXIS2_PLACEMENT_3D ( 'NONE', #2884, #2257, #4610 ) ;
#4811 = CARTESIAN_POINT ( 'NONE',  ( 11.67500000000000249, 2.543301270189220809, 1.053469879313102542 ) ) ;
#4812 = CARTESIAN_POINT ( 'NONE',  ( 20.37500000000000355, 1.798385574751153904, -1.798385574751167892 ) ) ;
#4813 = CARTESIAN_POINT ( 'NONE',  ( 7.950000000000000178, 0.8203022253684377763, -1.980384757729346301 ) ) ;
#4814 = DIRECTION ( 'NONE',  ( -2.168404344971008868E-16, -1.000000000000000000, 0.000000000000000000 ) ) ;
#4815 = CARTESIAN_POINT ( 'NONE',  ( 13.15000000000000213, -0.8203022253684664200, 1.980384757729345857 ) ) ;
#4816 = CARTESIAN_POINT ( 'NONE',  ( 1.950000000000003730, -1.980384757729360512, 0.8203022253684510989 ) ) ;
#4817 = B_SPLINE_CURVE_WITH_KNOTS ( 'NONE', 3,
 ( #5385, #1752, #2334, #2481 ),
 .UNSPECIFIED., .F., .F.,
 ( 4, 4 ),
 ( 0.000000000000000000, 0.08400000004953046828 ),
 .UNSPECIFIED. ) ;
#4818 = DIRECTION ( 'NONE',  ( -1.000000000000000000, 2.104082812999168897E-16, 0.000000000000000000 ) ) ;
#4819 = CARTESIAN_POINT ( 'NONE',  ( 15.55000000000000426, -1.980384757729360512, 0.8203022253684509879 ) ) ;
#4820 = ORIENTED_EDGE ( 'NONE', *, *, #1172, .F. ) ;
#4821 = ORIENTED_EDGE ( 'NONE', *, *, #2756, .T. ) ;
#4822 = CARTESIAN_POINT ( 'NONE',  ( 17.15000000000000213, -0.8203022253684664200, 1.980384757729345857 ) ) ;
#4823 = DIRECTION ( 'NONE',  ( 0.000000000000000000, 0.000000000000000000, -1.000000000000000000 ) ) ;
#4824 = CARTESIAN_POINT ( 'NONE',  ( 11.05000000000000604, 0.8203022253684377763, -1.980384757729346301 ) ) ;
#4825 = CARTESIAN_POINT ( 'NONE',  ( 20.34038267125937338, 1.846445277083424985, 1.311208391133419138 ) ) ;
#4826 = CARTESIAN_POINT ( 'NONE',  ( 13.30000000000000249, 1.767766952966362659, 1.767766952966377536 ) ) ;
#4827 = CARTESIAN_POINT ( 'NONE',  ( 19.50000000000000355, -1.372470695792103624E-14, -2.500000000000011546 ) ) ;
#4828 = CARTESIAN_POINT ( 'NONE',  ( 20.37405439126144913, -1.360663934909221329, -1.766250573621341635 ) ) ;
#4829 = CARTESIAN_POINT ( 'NONE',  ( 17.75000000000000355, 0.8203022253684378873, 1.980384757729345857 ) ) ;
#4830 = CARTESIAN_POINT ( 'NONE',  ( 1.175000000000002265, 2.543301270189220809, -1.053469879313100765 ) ) ;
#4831 = EDGE_LOOP ( 'NONE', ( #3176, #953 ) ) ;
#4832 = CARTESIAN_POINT ( 'NONE',  ( 5.150000000000002132, -0.8203022253684665310, 1.980384757729345857 ) ) ;
#4833 = CARTESIAN_POINT ( 'NONE',  ( -0.5249999999999976907, -1.372205551982422560E-14, -2.543301270189235019 ) ) ;
#4834 = CARTESIAN_POINT ( 'NONE',  ( 2.100000000000004530, -1.400343491548912578, -1.400343491548898811 ) ) ;
#4835 = CARTESIAN_POINT ( 'NONE',  ( 15.60000000000000320, 1.767766952966363103, -1.767766952966377092 ) ) ;
#4836 = CARTESIAN_POINT ( 'NONE',  ( 11.80000000000000426, -1.375652421508278441E-14, -1.980384757729346301 ) ) ;
#4837 = CARTESIAN_POINT ( 'NONE',  ( 6.450000000000001066, 1.980384757729332312, -0.8203022253684513210 ) ) ;
#4838 = CARTESIAN_POINT ( 'NONE',  ( 13.55000000000000071, -2.500000000000026201, 1.035533905932742194 ) ) ;
#4839 = CARTESIAN_POINT ( 'NONE',  ( 10.87500000000000355, 2.543301270189221253, 0.000000000000000000 ) ) ;
#4840 = CARTESIAN_POINT ( 'NONE',  ( 18.47500000000000497, -2.543301270189249674, -1.053469879313101210 ) ) ;
#4841 = DIRECTION ( 'NONE',  ( 1.000000000000000000, 0.000000000000000000, -1.224646799147343346E-16 ) ) ;
#4842 = CARTESIAN_POINT ( 'NONE',  ( 18.80000000000000426, -1.980384757729360068, -2.425271854633450283E-16 ) ) ;
#4843 = DIRECTION ( 'NONE',  ( 0.000000000000000000, 0.000000000000000000, 1.000000000000000000 ) ) ;
#4844 = DIRECTION ( 'NONE',  ( 1.000000000000000000, -0.000000000000000000, -0.000000000000000000 ) ) ;
#4845 = B_SPLINE_CURVE_WITH_KNOTS ( 'NONE', 3,
 ( #1571, #6986, #3955, #1607 ),
 .UNSPECIFIED., .F., .F.,
 ( 4, 4 ),
 ( 5.636026622993832924E-18, 0.001239915015898071559 ),
 .UNSPECIFIED. ) ;
#4846 = EDGE_CURVE ( 'NONE', #4628, #3736, #7135, .T. ) ;
#4847 = ORIENTED_EDGE ( 'NONE', *, *, #7669, .F. ) ;
#4848 = CARTESIAN_POINT ( 'NONE',  ( 5.600000000000005862, 1.980384757729332312, 0.000000000000000000 ) ) ;
#4849 = CARTESIAN_POINT ( 'NONE',  ( 20.05000000000000782, 1.980384757729331868, 0.8203022253684526532 ) ) ;
#4850 = CARTESIAN_POINT ( 'NONE',  ( 12.42500000000000426, 2.543301270189221253, 0.000000000000000000 ) ) ;
#4851 = CARTESIAN_POINT ( 'NONE',  ( 19.97500000000000142, -1.798385574751182103, 1.798385574751167670 ) ) ;
#4852 = CARTESIAN_POINT ( 'NONE',  ( 7.750000000000001776, -1.980384757729360290, -0.8203022253684516540 ) ) ;
#4853 = CARTESIAN_POINT ( 'NONE',  ( 5.950000000000004619, 1.035533905932728871, -2.500000000000011546 ) ) ;
#4854 = CARTESIAN_POINT ( 'NONE',  ( 13.65000000000000213, 1.980384757729332312, -0.8203022253684513210 ) ) ;
#4855 = CARTESIAN_POINT ( 'NONE',  ( 1.350000000000004086, -0.8203022253684651988, -1.980384757729346301 ) ) ;
#4856 = EDGE_CURVE ( 'NONE', #4008, #3683, #5701, .T. ) ;
#4857 = CARTESIAN_POINT ( 'NONE',  ( 8.450000000000002842, 2.499999999999997780, 1.035533905932744414 ) ) ;
#4858 = EDGE_CURVE ( 'NONE', #2977, #6495, #7717, .T. ) ;
#4859 = DIRECTION ( 'NONE',  ( 1.000000000000000000, -0.000000000000000000, -0.000000000000000000 ) ) ;
#4860 = CARTESIAN_POINT ( 'NONE',  ( 13.50000000000000533, 1.400343491548885044, -1.400343491548898811 ) ) ;
#4861 = ORIENTED_EDGE ( 'NONE', *, *, #2941, .T. ) ;
#4862 = VERTEX_POINT ( 'NONE', #1945 ) ;
#4863 = CARTESIAN_POINT ( 'NONE',  ( 17.90000000000000213, -1.424157858600947694E-14, 1.980384757729346301 ) ) ;
#4864 = CARTESIAN_POINT ( 'NONE',  ( 20.50000000000000000, -1.236893267138826574E-14, 2.500000000000010658 ) ) ;
#4865 = AXIS2_PLACEMENT_3D ( 'NONE', #6850, #2020, #3855 ) ;
#4866 = CARTESIAN_POINT ( 'NONE',  ( 5.850000000000002309, 1.035533905932728871, -2.500000000000011546 ) ) ;
#4867 = DIRECTION ( 'NONE',  ( 1.000000000000000000, -0.000000000000000000, -0.000000000000000000 ) ) ;
#4868 = CARTESIAN_POINT ( 'NONE',  ( -12.50000000000000000, -2.874999999999995559, -7.009737158183716232 ) ) ;
#4869 = ADVANCED_FACE ( 'NONE', ( #2604 ), #6072, .T. ) ;
#4870 = CARTESIAN_POINT ( 'NONE',  ( 1.900000000000002354, -1.372470695792103624E-14, -2.500000000000011546 ) ) ;
#4871 = CARTESIAN_POINT ( 'NONE',  ( 17.90000000000000568, -1.400343491548913022, 1.400343491548898589 ) ) ;
#4872 = AXIS2_PLACEMENT_3D ( 'NONE', #4390, #5053, #6789 ) ;
#4873 = CARTESIAN_POINT ( 'NONE',  ( 3.525000000000003908, 1.798385574751153904, -1.798385574751167892 ) ) ;
#4874 = ORIENTED_EDGE ( 'NONE', *, *, #4063, .F. ) ;
#4875 = CARTESIAN_POINT ( 'NONE',  ( 3.700000000000001954, -1.980384757729360068, -2.425271854633450283E-16 ) ) ;
#4876 = CARTESIAN_POINT ( 'NONE',  ( 14.75000000000000355, -0.8203022253684665310, 1.980384757729345857 ) ) ;
#4877 = CARTESIAN_POINT ( 'NONE',  ( 19.45000000000000284, -0.8203022253684664200, 1.980384757729345857 ) ) ;
#4878 = CARTESIAN_POINT ( 'NONE',  ( 4.300000000000005151, -1.400343491548913022, 1.400343491548898589 ) ) ;
#4879 = CARTESIAN_POINT ( 'NONE',  ( 8.300000000000004263, -1.372470695792103624E-14, -2.500000000000011546 ) ) ;
#4880 = CARTESIAN_POINT ( 'NONE',  ( 8.400000000000003908, -1.980384757729360068, -2.425271854633450283E-16 ) ) ;
#4881 = CARTESIAN_POINT ( 'NONE',  ( 4.000000000000000000, 1.400343491548885044, -1.400343491548898811 ) ) ;
#4882 = CARTESIAN_POINT ( 'NONE',  ( 15.85000000000000320, -1.035533905932757959, 2.500000000000011102 ) ) ;
#4883 = CARTESIAN_POINT ( 'NONE',  ( 7.425000000000003375, -1.053469879313114532, -2.543301270189235019 ) ) ;
#4884 = CARTESIAN_POINT ( 'NONE',  ( 14.97500000000000675, 1.053469879313087443, 2.543301270189234575 ) ) ;
#4885 = FACE_OUTER_BOUND ( 'NONE', #1738, .T. ) ;
#4886 = CARTESIAN_POINT ( 'NONE',  ( 18.00000000000000711, -1.980384757729360068, -2.425271854633450283E-16 ) ) ;
#4887 = DATE_AND_TIME ( #1796, #3251 ) ;
#4888 = CARTESIAN_POINT ( 'NONE',  ( 0.5000000000000017764, 1.385658696841721049, 2.080853184601659134 ) ) ;
#4889 = EDGE_LOOP ( 'NONE', ( #6765, #3455, #1145, #3264 ) ) ;
#4890 = CARTESIAN_POINT ( 'NONE',  ( 3.800000000000004707, -1.375652421508278441E-14, -1.980384757729346301 ) ) ;
#4891 = ORIENTED_EDGE ( 'NONE', *, *, #401, .T. ) ;
#4892 = CARTESIAN_POINT ( 'NONE',  ( 12.20000000000000107, 1.400343491548884600, 1.400343491548899033 ) ) ;
#4893 = CARTESIAN_POINT ( 'NONE',  ( 16.72500000000000497, -1.053469879313116087, 2.543301270189234575 ) ) ;
#4894 = CARTESIAN_POINT ( 'NONE',  ( 7.900000000000000355, -1.375652421508278441E-14, -1.980384757729346301 ) ) ;
#4895 = CARTESIAN_POINT ( 'NONE',  ( 9.350000000000006750, -0.8203022253684651988, -1.980384757729346301 ) ) ;
#4896 = CARTESIAN_POINT ( 'NONE',  ( 12.30000000000000426, 1.767766952966363103, -1.767766952966377092 ) ) ;
#4897 = CARTESIAN_POINT ( 'NONE',  ( 12.44999999999999929, -1.980384757729360512, 0.8203022253684509879 ) ) ;
#4898 = DIRECTION ( 'NONE',  ( -1.000000000000000000, 2.254409081679264136E-16, 0.000000000000000000 ) ) ;
#4899 = DIRECTION ( 'NONE',  ( 2.168404344971008868E-16, 1.000000000000000000, -0.000000000000000000 ) ) ;
#4900 = CARTESIAN_POINT ( 'NONE',  ( -12.50000000000000000, 2.625674005841375447, 0.000000000000000000 ) ) ;
#4901 = CARTESIAN_POINT ( 'NONE',  ( 14.85000000000000675, -1.980384757729360290, -0.8203022253684516540 ) ) ;
#4902 = ORIENTED_EDGE ( 'NONE', *, *, #7520, .F. ) ;
#4903 = ORIENTED_EDGE ( 'NONE', *, *, #2754, .F. ) ;
#4904 = CARTESIAN_POINT ( 'NONE',  ( 18.40000000000000213, 1.400343491548885044, -1.400343491548898811 ) ) ;
#4905 = ADVANCED_FACE ( 'NONE', ( #1512 ), #138, .T. ) ;
#4906 = CYLINDRICAL_SURFACE ( 'NONE', #7201, 2.500000000000010658 ) ;
#4907 = CARTESIAN_POINT ( 'NONE',  ( 20.26049121091001481, 2.187027739709513696, -0.8444566972011027239 ) ) ;
#4908 = LINE ( 'NONE', #834, #4556 ) ;
#4909 = CARTESIAN_POINT ( 'NONE',  ( 19.65000000000000568, 2.499999999999997780, 1.035533905932744414 ) ) ;
#4910 = DIRECTION ( 'NONE',  ( 1.000000000000000000, -0.000000000000000000, -0.000000000000000000 ) ) ;
#4911 = VERTEX_POINT ( 'NONE', #1357 ) ;
#4912 = CARTESIAN_POINT ( 'NONE',  ( 16.60000000000000497, -1.375652421508278441E-14, -1.980384757729346301 ) ) ;
#4913 = CARTESIAN_POINT ( 'NONE',  ( 1.675000000000002931, -2.543301270189249674, -1.053469879313101210 ) ) ;
#4914 = ORIENTED_EDGE ( 'NONE', *, *, #2130, .T. ) ;
#4915 = EDGE_CURVE ( 'NONE', #5692, #5381, #5074, .T. ) ;
#4916 = CARTESIAN_POINT ( 'NONE',  ( 3.499999999999999556, -1.424157858600947694E-14, 1.980384757729346301 ) ) ;
#4917 = CARTESIAN_POINT ( 'NONE',  ( 15.40000000000000036, 1.400343491548884600, 1.400343491548899033 ) ) ;
#4918 = CARTESIAN_POINT ( 'NONE',  ( 18.05000000000001137, -1.980384757729360290, -0.8203022253684516540 ) ) ;
#4919 = CARTESIAN_POINT ( 'NONE',  ( 2.900000000000006573, -1.400343491548912578, -1.400343491548898811 ) ) ;
#4920 = DIRECTION ( 'NONE',  ( 1.000000000000000000, -0.000000000000000000, -0.000000000000000000 ) ) ;
#4921 = CARTESIAN_POINT ( 'NONE',  ( 5.900000000000005684, -1.400343491548913022, 1.400343491548898589 ) ) ;
#4922 = CARTESIAN_POINT ( 'NONE',  ( 2.800000000000000266, -1.400343491548913022, 1.400343491548898589 ) ) ;
#4923 = CIRCLE ( 'NONE', #5924, 6.183419202631548650 ) ;
#4924 = CARTESIAN_POINT ( 'NONE',  ( -8.266735362446709701, -2.176544298399707866, 6.452135290758324260 ) ) ;
#4925 = TOROIDAL_SURFACE ( 'NONE', #1168, 6.019421691491638526, 0.1796875000000000000 ) ;
#4926 = CARTESIAN_POINT ( 'NONE',  ( 6.525000000000003020, -2.543301270189249674, -1.053469879313101210 ) ) ;
#4927 =( BOUNDED_CURVE ( )  B_SPLINE_CURVE ( 2, ( #5217, #950, #3450, #2861, #475, #4549, #2314, #6320, #7068 ),
 .UNSPECIFIED., .F., .T. ) 
 B_SPLINE_CURVE_WITH_KNOTS ( ( 3, 2, 2, 2, 3 ),
 ( 0.07407407407407406996, 0.07870370370370372015, 0.08333333333333337034, 0.08796296296296290951, 0.09259259259259255970 ),
 .UNSPECIFIED. ) 
 CURVE ( )  GEOMETRIC_REPRESENTATION_ITEM ( )  RATIONAL_B_SPLINE_CURVE ( ( 1.000000000000000000, 0.9238795325112867385, 1.000000000000000000, 0.9238795325112867385, 1.000000000000000000, 0.9238795325112867385, 1.000000000000000000, 0.9238795325112867385, 1.000000000000000000 ) ) 
 REPRESENTATION_ITEM ( '' )  );
#4928 = CARTESIAN_POINT ( 'NONE',  ( 16.22500000000000497, -1.372205551982422560E-14, -2.543301270189235019 ) ) ;
#4929 = CARTESIAN_POINT ( 'NONE',  ( 18.50000000000000711, -2.500000000000025757, -3.061616997868397439E-16 ) ) ;
#4930 = CARTESIAN_POINT ( 'NONE',  ( 15.55000000000000426, -1.980384757729360512, 0.8203022253684510989 ) ) ;
#4931 = CARTESIAN_POINT ( 'NONE',  ( 0.5000000000000017764, -1.385658696841748805, -2.080853184601659134 ) ) ;
#4932 = ORIENTED_EDGE ( 'NONE', *, *, #3087, .T. ) ;
#4933 = AXIS2_PLACEMENT_3D ( 'NONE', #4374, #848, #1514 ) ;
#4934 = CARTESIAN_POINT ( 'NONE',  ( 0.6000000000000033085, -1.375652421508278441E-14, -1.980384757729346301 ) ) ;
#4935 = CARTESIAN_POINT ( 'NONE',  ( 17.72500000000000142, -2.543301270189249674, -1.053469879313101210 ) ) ;
#4936 = CARTESIAN_POINT ( 'NONE',  ( 4.800000000000002487, 1.400343491548885044, -1.400343491548898811 ) ) ;
#4937 = CIRCLE ( 'NONE', #4804, 0.1796875000000010270 ) ;
#4938 = CARTESIAN_POINT ( 'NONE',  ( 8.250000000000005329, -0.8203022253684664200, 1.980384757729345857 ) ) ;
#4939 = CARTESIAN_POINT ( 'NONE',  ( -12.50000000000000000, 2.695312499999990674, 0.000000000000000000 ) ) ;
#4940 = CARTESIAN_POINT ( 'NONE',  ( 11.80000000000000071, -1.400343491548912578, -1.400343491548898811 ) ) ;
#4941 = CARTESIAN_POINT ( 'NONE',  ( -8.589467622627234178, -1.376936759056590631E-14, 0.000000000000000000 ) ) ;
#4942 = CARTESIAN_POINT ( 'NONE',  ( -8.589467622627234178, -2.190461453405187164, -6.626433063622118702 ) ) ;
#4943 = CARTESIAN_POINT ( 'NONE',  ( 7.100000000000002309, -1.767766952966391303, 1.767766952966376870 ) ) ;
#4944 = CARTESIAN_POINT ( 'NONE',  ( 12.35000000000000497, -1.980384757729360512, 0.8203022253684509879 ) ) ;
#4945 = ORIENTED_EDGE ( 'NONE', *, *, #6592, .F. ) ;
#4946 = EDGE_LOOP ( 'NONE', ( #817, #4365 ) ) ;
#4947 = CARTESIAN_POINT ( 'NONE',  ( 13.15000000000000213, -0.8203022253684664200, 1.980384757729345857 ) ) ;
#4948 = CARTESIAN_POINT ( 'NONE',  ( 14.60000000000000320, -1.372470695792103782E-14, -2.500000000000011546 ) ) ;
#4949 = FACE_OUTER_BOUND ( 'NONE', #6251, .T. ) ;
#4950 = CARTESIAN_POINT ( 'NONE',  ( 20.40000000000000213, -1.400343491548913022, 1.400343491548898589 ) ) ;
#4951 = AXIS2_PLACEMENT_3D ( 'NONE', #1667, #3384, #7524 ) ;
#4952 = CARTESIAN_POINT ( 'NONE',  ( 18.05000000000000426, 2.499999999999997780, 1.035533905932744414 ) ) ;
#4953 = CARTESIAN_POINT ( 'NONE',  ( 13.00000000000000355, -1.372470695792103782E-14, -2.500000000000011546 ) ) ;
#4954 = ORIENTED_EDGE ( 'NONE', *, *, #2756, .F. ) ;
#4955 = CARTESIAN_POINT ( 'NONE',  ( 16.85000000000000497, 1.980384757729331868, 0.8203022253684526532 ) ) ;
#4956 = EDGE_CURVE ( 'NONE', #1479, #4011, #6130, .T. ) ;
#4957 = CARTESIAN_POINT ( 'NONE',  ( 1.825000000000003730, -1.372205551982422560E-14, -2.543301270189235019 ) ) ;
#4958 = VERTEX_POINT ( 'NONE', #6371 ) ;
#4959 = CARTESIAN_POINT ( 'NONE',  ( 4.750000000000000000, 0.8203022253684377763, -1.980384757729346301 ) ) ;
#4960 = CARTESIAN_POINT ( 'NONE',  ( 13.80000000000000071, 1.400343491548884600, 1.400343491548899033 ) ) ;
#4961 = CARTESIAN_POINT ( 'NONE',  ( 18.90000000000000568, -1.400343491548912578, -1.400343491548898811 ) ) ;
#4962 = CARTESIAN_POINT ( 'NONE',  ( 0.9500000000000063949, 0.8203022253684378873, 1.980384757729345857 ) ) ;
#4963 = CARTESIAN_POINT ( 'NONE',  ( 13.25000000000000533, 2.499999999999997780, -1.035533905932742638 ) ) ;
#4964 = CARTESIAN_POINT ( 'NONE',  ( 6.150000000000004796, -0.8203022253684651988, -1.980384757729346301 ) ) ;
#4965 = CARTESIAN_POINT ( 'NONE',  ( 4.849999999999999645, 1.980384757729332312, -0.8203022253684513210 ) ) ;
#4966 = CARTESIAN_POINT ( 'NONE',  ( 20.50000000000000355, -1.400343491548912578, -1.400343491548898811 ) ) ;
#4967 = EDGE_CURVE ( 'NONE', #3969, #7294, #3917, .T. ) ;
#4968 = EDGE_CURVE ( 'NONE', #1023, #2292, #562, .T. ) ;
#4969 = CARTESIAN_POINT ( 'NONE',  ( 8.775000000000003908, -1.798385574751182103, 1.798385574751167670 ) ) ;
#4970 = CARTESIAN_POINT ( 'NONE',  ( 17.12500000000000355, 1.798385574751153904, -1.798385574751167892 ) ) ;
#4971 = CARTESIAN_POINT ( 'NONE',  ( 4.250000000000003553, -1.035533905932756404, -2.500000000000011546 ) ) ;
#4972 = CARTESIAN_POINT ( 'NONE',  ( 17.05000000000001137, -0.8203022253684665310, 1.980384757729345857 ) ) ;
#4973 = CYLINDRICAL_SURFACE ( 'NONE', #1426, 2.500000000000010658 ) ;
#4974 = VERTEX_POINT ( 'NONE', #3422 ) ;
#4975 = EDGE_CURVE ( 'NONE', #1155, #1194, #7088, .T. ) ;
#4976 = CARTESIAN_POINT ( 'NONE',  ( 2.050000000000006928, -1.980384757729360290, -0.8203022253684516540 ) ) ;
#4977 =( BOUNDED_CURVE ( )  B_SPLINE_CURVE ( 2, ( #7148, #2973, #5361 ),
 .UNSPECIFIED., .F., .F. ) 
 B_SPLINE_CURVE_WITH_KNOTS ( ( 3, 3 ),
 ( 0.01388888888888145483, 0.01851851851850855324 ),
 .UNSPECIFIED. ) 
 CURVE ( )  GEOMETRIC_REPRESENTATION_ITEM ( )  RATIONAL_B_SPLINE_CURVE ( ( 1.000000000000121458, 0.9238795325113288159, 0.9999999999998365752 ) ) 
 REPRESENTATION_ITEM ( '' )  );
#4978 = CARTESIAN_POINT ( 'NONE',  ( 18.17500000000000426, 1.798385574751153682, 1.798385574751168337 ) ) ;
#4979 = CARTESIAN_POINT ( 'NONE',  ( 4.949999999999999289, 1.980384757729331868, 0.8203022253684526532 ) ) ;
#4980 = CARTESIAN_POINT ( 'NONE',  ( 8.000000000000005329, 1.980384757729332312, 0.000000000000000000 ) ) ;
#4981 = DIRECTION ( 'NONE',  ( -1.000000000000000000, 2.254409081679265122E-16, 0.000000000000000000 ) ) ;
#4982 = CARTESIAN_POINT ( 'NONE',  ( 14.75000000000000355, -0.8203022253684664200, 1.980384757729345857 ) ) ;
#4983 = FACE_OUTER_BOUND ( 'NONE', #493, .T. ) ;
#4984 = CARTESIAN_POINT ( 'NONE',  ( 20.10000000000000497, -1.767766952966390637, -1.767766952966377092 ) ) ;
#4985 = CARTESIAN_POINT ( 'NONE',  ( 0.5000000000000004441, 2.500000000000409450, 0.3272492347467020335 ) ) ;
#4986 = CARTESIAN_POINT ( 'NONE',  ( 12.30000000000000604, -1.400343491548913022, 1.400343491548898589 ) ) ;
#4987 = ORIENTED_EDGE ( 'NONE', *, *, #4339, .F. ) ;
#4988 = ORIENTED_EDGE ( 'NONE', *, *, #6500, .F. ) ;
#4989 = CARTESIAN_POINT ( 'NONE',  ( 14.35000000000000497, 0.8203022253684377763, -1.980384757729346301 ) ) ;
#4990 = CARTESIAN_POINT ( 'NONE',  ( -0.4661919746328027636, 2.499999999999998668, -1.484280771487681783 ) ) ;
#4991 = CARTESIAN_POINT ( 'NONE',  ( 17.55000000000000426, -1.035533905932757959, 2.500000000000011102 ) ) ;
#4992 = CARTESIAN_POINT ( 'NONE',  ( -0.01973694079753400554, -2.499999999999999112, 1.079778991085293738 ) ) ;
#4993 = CARTESIAN_POINT ( 'NONE',  ( 14.15000000000000213, 2.499999999999997780, 1.035533905932744414 ) ) ;
#4994 = ORIENTED_EDGE ( 'NONE', *, *, #2277, .F. ) ;
#4995 = EDGE_LOOP ( 'NONE', ( #2710, #519, #7115, #5287 ) ) ;
#4996 = AXIS2_PLACEMENT_3D ( 'NONE', #7363, #6332, #1395 ) ;
#4997 = CARTESIAN_POINT ( 'NONE',  ( 3.975000000000003197, -2.543301270189249674, 1.053469879313100099 ) ) ;
#4998 = VERTEX_POINT ( 'NONE', #4018 ) ;
#4999 = DIRECTION ( 'NONE',  ( -2.168404344971008868E-16, -1.000000000000000000, 0.000000000000000000 ) ) ;
#5000 = CARTESIAN_POINT ( 'NONE',  ( 13.45000000000000107, -0.8203022253684651988, -1.980384757729346301 ) ) ;
#5001 = CARTESIAN_POINT ( 'NONE',  ( 18.60000000000000497, -1.424157858600947694E-14, 1.980384757729346301 ) ) ;
#5002 = DIRECTION ( 'NONE',  ( 0.000000000000000000, -1.000000000000000000, 0.000000000000000000 ) ) ;
#5003 = CARTESIAN_POINT ( 'NONE',  ( 7.950000000000004619, 1.980384757729332312, -0.8203022253684514320 ) ) ;
#5004 = CARTESIAN_POINT ( 'NONE',  ( 2.600000000000001421, 1.400343491548884600, 1.400343491548899033 ) ) ;
#5005 = DIRECTION ( 'NONE',  ( 0.000000000000000000, 0.000000000000000000, -1.000000000000000000 ) ) ;
#5006 = CARTESIAN_POINT ( 'NONE',  ( 8.175000000000004263, -1.798385574751181437, -1.798385574751167892 ) ) ;
#5007 = AXIS2_PLACEMENT_3D ( 'NONE', #4941, #6236, #7344 ) ;
#5008 = CARTESIAN_POINT ( 'NONE',  ( 15.72500000000000320, 1.798385574751153682, 1.798385574751168337 ) ) ;
#5009 = EDGE_CURVE ( 'NONE', #799, #5396, #7029, .T. ) ;
#5010 = CARTESIAN_POINT ( 'NONE',  ( 16.95000000000000639, 0.8203022253684378873, 1.980384757729345857 ) ) ;
#5011 = VERTEX_POINT ( 'NONE', #7043 ) ;
#5012 = CARTESIAN_POINT ( 'NONE',  ( 1.000000000000004441, -1.424157858600947694E-14, 1.980384757729346301 ) ) ;
#5013 = CARTESIAN_POINT ( 'NONE',  ( 16.57500000000000284, 1.798385574751153682, 1.798385574751168337 ) ) ;
#5014 = CARTESIAN_POINT ( 'NONE',  ( 2.899999999999999911, -1.980384757729360068, -2.425271854633450283E-16 ) ) ;
#5015 = CARTESIAN_POINT ( 'NONE',  ( 7.800000000000005151, -1.375652421508278441E-14, -1.980384757729346301 ) ) ;
#5016 = CARTESIAN_POINT ( 'NONE',  ( -12.50000000000000000, -2.695312500000008438, 0.000000000000000000 ) ) ;
#5017 = CARTESIAN_POINT ( 'NONE',  ( 9.550000000000000711, 0.8203022253684377763, -1.980384757729346301 ) ) ;
#5018 = DIRECTION ( 'NONE',  ( 0.000000000000000000, -1.000000000000000000, 0.000000000000000000 ) ) ;
#5019 = DIRECTION ( 'NONE',  ( -1.000000000000000000, 2.168404344971008868E-16, 0.000000000000000000 ) ) ;
#5020 =( BOUNDED_CURVE ( )  B_SPLINE_CURVE ( 2, ( #5799, #2807, #3394, #535, #5349, #2886, #1788, #2298, #2927 ),
 .UNSPECIFIED., .F., .F. ) 
 B_SPLINE_CURVE_WITH_KNOTS ( ( 3, 2, 2, 2, 3 ),
 ( 0.1944444444444444475, 0.1990740740740740700, 0.2037037037037036924, 0.2083333333333333426, 0.2129629629629629650 ),
 .UNSPECIFIED. ) 
 CURVE ( )  GEOMETRIC_REPRESENTATION_ITEM ( )  RATIONAL_B_SPLINE_CURVE ( ( 1.000000000000000000, 0.9238795325112867385, 1.000000000000000000, 0.9238795325112867385, 1.000000000000000000, 0.9238795325112867385, 1.000000000000000000, 0.9238795325112867385, 1.000000000000000000 ) ) 
 REPRESENTATION_ITEM ( '' )  );
#5021 = CARTESIAN_POINT ( 'NONE',  ( 7.150000000000003908, -2.500000000000026201, 1.035533905932742194 ) ) ;
#5022 = CARTESIAN_POINT ( 'NONE',  ( 12.25000000000000711, -0.8203022253684664200, 1.980384757729345857 ) ) ;
#5023 = ORIENTED_EDGE ( 'NONE', *, *, #6203, .F. ) ;
#5024 = EDGE_LOOP ( 'NONE', ( #1873, #2476, #1032, #544 ) ) ;
#5025 = CARTESIAN_POINT ( 'NONE',  ( 14.80000000000000071, -1.400343491548913022, 1.400343491548898589 ) ) ;
#5026 = CARTESIAN_POINT ( 'NONE',  ( 0.5934632444096175075, -1.470921218970961508, 1.823324077324897541 ) ) ;
#5027 = DIRECTION ( 'NONE',  ( -1.000000000000000000, 0.000000000000000000, 0.000000000000000000 ) ) ;
#5028 = DIRECTION ( 'NONE',  ( 0.000000000000000000, 0.000000000000000000, -1.000000000000000000 ) ) ;
#5029 = ORIENTED_EDGE ( 'NONE', *, *, #3811, .F. ) ;
#5030 = CARTESIAN_POINT ( 'NONE',  ( 10.35000000000000142, -2.500000000000026201, 1.035533905932742194 ) ) ;
#5031 = VERTEX_POINT ( 'NONE', #6452 ) ;
#5032 = CARTESIAN_POINT ( 'NONE',  ( 1.000000000000000888, 1.400343491548884600, 1.400343491548899033 ) ) ;
#5033 = CARTESIAN_POINT ( 'NONE',  ( 15.55000000000000071, -0.8203022253684665310, 1.980384757729345857 ) ) ;
#5034 = CARTESIAN_POINT ( 'NONE',  ( 17.20000000000000639, -1.980384757729360068, -2.425271854633450283E-16 ) ) ;
#5035 = CARTESIAN_POINT ( 'NONE',  ( 0.6000000000000033085, -1.375652421508278441E-14, -1.980384757729346301 ) ) ;
#5036 = CARTESIAN_POINT ( 'NONE',  ( 11.35000000000000497, -2.500000000000025757, -1.035533905932743082 ) ) ;
#5037 = CARTESIAN_POINT ( 'NONE',  ( 2.750000000000006217, -1.980384757729360512, 0.8203022253684510989 ) ) ;
#5038 = CARTESIAN_POINT ( 'NONE',  ( 3.600000000000002309, -1.400343491548913022, 1.400343491548898589 ) ) ;
#5039 = DIRECTION ( 'NONE',  ( 0.000000000000000000, 0.000000000000000000, -1.000000000000000000 ) ) ;
#5040 = CARTESIAN_POINT ( 'NONE',  ( 8.275000000000003908, 1.053469879313086999, -2.543301270189235019 ) ) ;
#5041 = CARTESIAN_POINT ( 'NONE',  ( 10.50000000000000000, 1.980384757729332312, 0.000000000000000000 ) ) ;
#5042 = CARTESIAN_POINT ( 'NONE',  ( 8.325000000000002842, 1.053469879313086999, -2.543301270189235019 ) ) ;
#5043 = CARTESIAN_POINT ( 'NONE',  ( 16.42500000000000071, 2.543301270189221253, 0.000000000000000000 ) ) ;
#5044 = CARTESIAN_POINT ( 'NONE',  ( 0.7579473058386012596, 0.2654878497988580888, -2.040276149920174920 ) ) ;
#5045 = CARTESIAN_POINT ( 'NONE',  ( 17.25000000000000355, -1.980384757729360068, -0.8203022253684516540 ) ) ;
#5046 = CARTESIAN_POINT ( 'NONE',  ( -7.619666505508623011, -2.042052523544255482, 6.139222040369237909 ) ) ;
#5047 = CARTESIAN_POINT ( 'NONE',  ( 1.700000000000003508, 1.400343491548884600, 1.400343491548899033 ) ) ;
#5048 = EDGE_CURVE ( 'NONE', #3900, #5490, #3344, .T. ) ;
#5049 = AXIS2_PLACEMENT_3D ( 'NONE', #6938, #6269, #5674 ) ;
#5050 = CARTESIAN_POINT ( 'NONE',  ( 17.47500000000000497, -1.434498467178515336E-14, 2.543301270189235019 ) ) ;
#5051 = CARTESIAN_POINT ( 'NONE',  ( 3.000000000000002665, -1.400343491548912578, -1.400343491548898811 ) ) ;
#5052 = CARTESIAN_POINT ( 'NONE',  ( 10.75000000000000533, -1.980384757729360512, 0.8203022253684509879 ) ) ;
#5053 = DIRECTION ( 'NONE',  ( 0.000000000000000000, -1.000000000000000000, 0.000000000000000000 ) ) ;
#5054 = CARTESIAN_POINT ( 'NONE',  ( 9.250000000000003553, -1.980384757729360512, 0.8203022253684509879 ) ) ;
#5055 = CARTESIAN_POINT ( 'NONE',  ( -12.50000000000000000, 2.874999999999992006, 0.000000000000000000 ) ) ;
#5056 = CARTESIAN_POINT ( 'NONE',  ( -12.50000000000000000, -2.042052523544255482, 0.000000000000000000 ) ) ;
#5057 = CARTESIAN_POINT ( 'NONE',  ( -6.365262841816284656, -2.874999999999995115, 0.000000000000000000 ) ) ;
#5058 = ADVANCED_FACE ( 'NONE', ( #2287 ), #4508, .T. ) ;
#5059 = CARTESIAN_POINT ( 'NONE',  ( 10.45000000000000639, 1.980384757729331868, 0.8203022253684526532 ) ) ;
#5060 = ORIENTED_EDGE ( 'NONE', *, *, #4274, .F. ) ;
#5061 = EDGE_CURVE ( 'NONE', #3389, #1552, #5138, .T. ) ;
#5062 = CIRCLE ( 'NONE', #4062, 6.775000000000003020 ) ;
#5063 = VERTEX_POINT ( 'NONE', #6413 ) ;
#5064 = CARTESIAN_POINT ( 'NONE',  ( 12.60000000000000142, -1.400343491548912578, -1.400343491548898811 ) ) ;
#5065 = CARTESIAN_POINT ( 'NONE',  ( 0.6625612463347672065, -2.178150943834705977, -0.4455119889430593227 ) ) ;
#5066 = CARTESIAN_POINT ( 'NONE',  ( 18.40000000000000213, 1.400343491548885044, -1.400343491548898811 ) ) ;
#5067 =( BOUNDED_CURVE ( )  B_SPLINE_CURVE ( 2, ( #1641, #7017, #3435, #461, #5238, #5836, #2223, #2847, #4613 ),
 .UNSPECIFIED., .F., .F. ) 
 B_SPLINE_CURVE_WITH_KNOTS ( ( 3, 2, 2, 2, 3 ),
 ( 0.6851851851851851194, 0.6898148148148148806, 0.6944444444444444198, 0.6990740740740740700, 0.7037037037037037202 ),
 .UNSPECIFIED. ) 
 CURVE ( )  GEOMETRIC_REPRESENTATION_ITEM ( )  RATIONAL_B_SPLINE_CURVE ( ( 1.000000000000000000, 0.9238795325112867385, 1.000000000000000000, 0.9238795325112867385, 1.000000000000000000, 0.9238795325112867385, 1.000000000000000000, 0.9238795325112867385, 1.000000000000000000 ) ) 
 REPRESENTATION_ITEM ( '' )  );
#5068 = AXIS2_PLACEMENT_3D ( 'NONE', #3792, #7455, #2695 ) ;
#5069 = CARTESIAN_POINT ( 'NONE',  ( 2.900000000000003464, 2.499999999999997780, 0.000000000000000000 ) ) ;
#5070 = ORIENTED_EDGE ( 'NONE', *, *, #6009, .T. ) ;
#5071 = CARTESIAN_POINT ( 'NONE',  ( 5.200000000000002842, 1.767766952966363103, -1.767766952966377092 ) ) ;
#5072 = ORIENTED_EDGE ( 'NONE', *, *, #5428, .T. ) ;
#5073 = CARTESIAN_POINT ( 'NONE',  ( 2.100000000000000977, -1.980384757729360068, -2.425271854633450283E-16 ) ) ;
#5074 = CIRCLE ( 'NONE', #6329, 6.411159703984926850 ) ;
#5075 = CARTESIAN_POINT ( 'NONE',  ( 13.10000000000000320, -1.372470695792103624E-14, -2.500000000000011546 ) ) ;
#5076 = CARTESIAN_POINT ( 'NONE',  ( 16.45000000000000639, -1.980384757729360290, -0.8203022253684516540 ) ) ;
#5077 = CARTESIAN_POINT ( 'NONE',  ( 20.50000000000000000, -1.236893267138826574E-14, 2.500000000000010658 ) ) ;
#5078 = CARTESIAN_POINT ( 'NONE',  ( 3.800000000000001155, -1.433703035749471672E-14, 2.500000000000011546 ) ) ;
#5079 = CARTESIAN_POINT ( 'NONE',  ( -12.50000000000000000, 2.499999999999998668, 0.000000000000000000 ) ) ;
#5080 = CARTESIAN_POINT ( 'NONE',  ( 10.75000000000000178, 2.499999999999997780, -1.035533905932742638 ) ) ;
#5081 = CARTESIAN_POINT ( 'NONE',  ( 9.325000000000002842, 1.798385574751153682, 1.798385574751168337 ) ) ;
#5082 = ORIENTED_EDGE ( 'NONE', *, *, #3959, .F. ) ;
#5083 = CARTESIAN_POINT ( 'NONE',  ( 11.25000000000000355, 1.980384757729332312, -0.8203022253684514320 ) ) ;
#5084 = CARTESIAN_POINT ( 'NONE',  ( 3.475000000000002309, -1.372205551982422560E-14, -2.543301270189235019 ) ) ;
#5085 = CARTESIAN_POINT ( 'NONE',  ( 14.22500000000000497, -1.434498467178515336E-14, 2.543301270189235019 ) ) ;
#5086 = DIRECTION ( 'NONE',  ( 0.000000000000000000, 0.000000000000000000, -1.000000000000000000 ) ) ;
#5087 = CARTESIAN_POINT ( 'NONE',  ( 13.80000000000000604, -1.424157858600947694E-14, 1.980384757729346301 ) ) ;
#5088 = DIRECTION ( 'NONE',  ( 1.000000000000000000, -0.000000000000000000, -0.000000000000000000 ) ) ;
#5089 = CARTESIAN_POINT ( 'NONE',  ( 3.600000000000005862, -1.980384757729360068, -2.425271854633450283E-16 ) ) ;
#5090 = CARTESIAN_POINT ( 'NONE',  ( 14.07500000000000462, 2.543301270189221253, 0.000000000000000000 ) ) ;
#5091 = CARTESIAN_POINT ( 'NONE',  ( 4.250000000000000888, 0.8203022253684378873, 1.980384757729345857 ) ) ;
#5092 = CARTESIAN_POINT ( 'NONE',  ( 7.700000000000005507, -1.400343491548912578, -1.400343491548898811 ) ) ;
#5093 = DIRECTION ( 'NONE',  ( 0.000000000000000000, 0.000000000000000000, -1.000000000000000000 ) ) ;
#5094 = EDGE_CURVE ( 'NONE', #4060, #2379, #2648, .T. ) ;
#5095 = CARTESIAN_POINT ( 'NONE',  ( 10.10000000000000142, -1.980384757729360068, -2.425271854633450283E-16 ) ) ;
#5096 = DIRECTION ( 'NONE',  ( 0.000000000000000000, 0.000000000000000000, -1.000000000000000000 ) ) ;
#5097 = PLANE ( 'NONE',  #5930 ) ;
#5098 = CARTESIAN_POINT ( 'NONE',  ( 10.80000000000000604, -1.980384757729360068, -2.425271854633450283E-16 ) ) ;
#5099 = VERTEX_POINT ( 'NONE', #3934 ) ;
#5100 = ORIENTED_EDGE ( 'NONE', *, *, #161, .F. ) ;
#5101 = CARTESIAN_POINT ( 'NONE',  ( 12.35000000000000142, -0.8203022253684664200, 1.980384757729345857 ) ) ;
#5102 = CARTESIAN_POINT ( 'NONE',  ( -12.50000000000000000, -2.695312499999995115, 0.000000000000000000 ) ) ;
#5103 = CARTESIAN_POINT ( 'NONE',  ( 17.15000000000000213, -0.8203022253684665310, 1.980384757729345857 ) ) ;
#5104 = EDGE_CURVE ( 'NONE', #7642, #1974, #272, .T. ) ;
#5105 = DIRECTION ( 'NONE',  ( 0.000000000000000000, 0.000000000000000000, 1.000000000000000000 ) ) ;
#5106 = ORIENTED_EDGE ( 'NONE', *, *, #2951, .F. ) ;
#5107 = DIRECTION ( 'NONE',  ( 1.000000000000000000, 0.000000000000000000, 1.224646799147353207E-16 ) ) ;
#5108 = ORIENTED_EDGE ( 'NONE', *, *, #2102, .T. ) ;
#5109 = CARTESIAN_POINT ( 'NONE',  ( 1.549999999999999378, 0.8203022253684377763, -1.980384757729346301 ) ) ;
#5110 = FACE_OUTER_BOUND ( 'NONE', #37, .T. ) ;
#5111 = CARTESIAN_POINT ( 'NONE',  ( 16.55000000000000782, -0.8203022253684651988, -1.980384757729346301 ) ) ;
#5112 = CARTESIAN_POINT ( 'NONE',  ( 0.7000000000000061728, 1.400343491548885044, -1.400343491548898811 ) ) ;
#5113 = CARTESIAN_POINT ( 'NONE',  ( 14.15000000000000213, 1.035533905932729315, 2.500000000000011102 ) ) ;
#5114 = ADVANCED_FACE ( 'NONE', ( #7006 ), #449, .F. ) ;
#5115 = CARTESIAN_POINT ( 'NONE',  ( 0.8000000000000020428, 1.400343491548885044, -1.400343491548898811 ) ) ;
#5116 = DIRECTION ( 'NONE',  ( 0.000000000000000000, -1.000000000000000000, 0.000000000000000000 ) ) ;
#5117 = CARTESIAN_POINT ( 'NONE',  ( 9.775000000000005684, -1.053469879313114532, -2.543301270189235019 ) ) ;
#5118 = VERTEX_POINT ( 'NONE', #5190 ) ;
#5119 = CARTESIAN_POINT ( 'NONE',  ( 12.95000000000000107, 1.980384757729331868, 0.8203022253684526532 ) ) ;
#5120 = CARTESIAN_POINT ( 'NONE',  ( 4.525000000000001243, 2.543301270189220809, 1.053469879313102542 ) ) ;
#5121 = CARTESIAN_POINT ( 'NONE',  ( 3.800000000000004707, 1.767766952966362659, 1.767766952966377536 ) ) ;
#5122 = CARTESIAN_POINT ( 'NONE',  ( 13.50000000000000533, 1.400343491548885044, -1.400343491548898811 ) ) ;
#5123 = CARTESIAN_POINT ( 'NONE',  ( 20.50000000000000000, -1.267509437117510519E-14, 0.000000000000000000 ) ) ;
#5124 = CARTESIAN_POINT ( 'NONE',  ( 0.2500000000000037192, -0.8203022253684664200, 1.980384757729345857 ) ) ;
#5125 = AXIS2_PLACEMENT_3D ( 'NONE', #1374, #3167, #2540 ) ;
#5126 = CARTESIAN_POINT ( 'NONE',  ( 15.07500000000000284, -1.434498467178515336E-14, 2.543301270189235019 ) ) ;
#5127 = CARTESIAN_POINT ( 'NONE',  ( 1.700000000000000178, 1.980384757729332312, 0.000000000000000000 ) ) ;
#5128 = DIRECTION ( 'NONE',  ( 0.000000000000000000, 0.000000000000000000, -1.000000000000000000 ) ) ;
#5129 = CARTESIAN_POINT ( 'NONE',  ( 5.650000000000006573, 1.980384757729331868, 0.8203022253684526532 ) ) ;
#5130 = CARTESIAN_POINT ( 'NONE',  ( -7.336155030000433896, 1.969101141495096519, 6.007039841780135170 ) ) ;
#5131 = CARTESIAN_POINT ( 'NONE',  ( 9.700000000000002842, 1.980384757729332312, 0.000000000000000000 ) ) ;
#5132 = DIRECTION ( 'NONE',  ( 1.000000000000000000, -0.000000000000000000, -0.000000000000000000 ) ) ;
#5133 = AXIS2_PLACEMENT_3D ( 'NONE', #861, #3250, #278 ) ;
#5134 = DIRECTION ( 'NONE',  ( -2.168404344971008868E-16, -1.000000000000000000, 0.000000000000000000 ) ) ;
#5135 = CARTESIAN_POINT ( 'NONE',  ( 8.600000000000004974, -1.375652421508278441E-14, -1.980384757729346301 ) ) ;
#5136 = EDGE_LOOP ( 'NONE', ( #5158, #564, #5221, #123 ) ) ;
#5137 = CC_DESIGN_PERSON_AND_ORGANIZATION_ASSIGNMENT ( #25, #574, ( #257 ) ) ;
#5138 = CIRCLE ( 'NONE', #760, 6.245515272181224375 ) ;
#5139 = ORIENTED_EDGE ( 'NONE', *, *, #2850, .T. ) ;
#5140 = CARTESIAN_POINT ( 'NONE',  ( 10.70000000000000107, -1.424157858600947694E-14, 1.980384757729346301 ) ) ;
#5141 = DIRECTION ( 'NONE',  ( 1.000000000000000000, -0.000000000000000000, -0.000000000000000000 ) ) ;
#5142 = CARTESIAN_POINT ( 'NONE',  ( 17.05000000000000426, 0.8203022253684378873, 1.980384757729345857 ) ) ;
#5143 = CARTESIAN_POINT ( 'NONE',  ( -0.01839210381898790866, 2.499999999999885869, 1.078145203838131616 ) ) ;
#5144 = ORIENTED_EDGE ( 'NONE', *, *, #3661, .F. ) ;
#5145 = EDGE_CURVE ( 'NONE', #3736, #4713, #2819, .T. ) ;
#5146 = EDGE_CURVE ( 'NONE', #3969, #2272, #1589, .T. ) ;
#5147 = FACE_OUTER_BOUND ( 'NONE', #3806, .T. ) ;
#5148 = VERTEX_POINT ( 'NONE', #5936 ) ;
#5149 = LINE ( 'NONE', #555, #6381 ) ;
#5150 = CARTESIAN_POINT ( 'NONE',  ( 18.40000000000000213, -2.500000000000025757, -3.061616997868397439E-16 ) ) ;
#5151 = CARTESIAN_POINT ( 'NONE',  ( 15.30000000000000426, 1.400343491548884600, 1.400343491548899033 ) ) ;
#5152 = FACE_OUTER_BOUND ( 'NONE', #4021, .T. ) ;
#5153 = CARTESIAN_POINT ( 'NONE',  ( 14.10000000000000320, 1.767766952966362659, 1.767766952966377536 ) ) ;
#5154 = CARTESIAN_POINT ( 'NONE',  ( 2.049999999999999822, -1.980384757729360512, 0.8203022253684509879 ) ) ;
#5155 = CARTESIAN_POINT ( 'NONE',  ( 10.65000000000000213, 1.035533905932728871, -2.500000000000011546 ) ) ;
#5156 = EDGE_CURVE ( 'NONE', #5148, #4687, #7601, .T. ) ;
#5157 = CARTESIAN_POINT ( 'NONE',  ( 7.575000000000003730, 2.543301270189220809, -1.053469879313100765 ) ) ;
#5158 = ORIENTED_EDGE ( 'NONE', *, *, #368, .T. ) ;
#5159 = CARTESIAN_POINT ( 'NONE',  ( 11.45000000000000107, 0.8203022253684378873, 1.980384757729345857 ) ) ;
#5160 = CARTESIAN_POINT ( 'NONE',  ( 3.625000000000003109, 2.543301270189220809, -1.053469879313100765 ) ) ;
#5161 = CARTESIAN_POINT ( 'NONE',  ( 3.900000000000004352, -1.433703035749471672E-14, 2.500000000000011546 ) ) ;
#5162 = CARTESIAN_POINT ( 'NONE',  ( 13.00000000000000533, -1.424157858600947694E-14, 1.980384757729346301 ) ) ;
#5163 = CARTESIAN_POINT ( 'NONE',  ( 0.7000000000000028422, -1.433703035749471672E-14, 2.500000000000011546 ) ) ;
#5164 = CARTESIAN_POINT ( 'NONE',  ( 18.70000000000000284, -1.424157858600947694E-14, 1.980384757729346301 ) ) ;
#5165 = CARTESIAN_POINT ( 'NONE',  ( 14.77500000000000391, 1.798385574751153904, -1.798385574751167892 ) ) ;
#5166 = CARTESIAN_POINT ( 'NONE',  ( 1.050000000000002265, 0.8203022253684378873, 1.980384757729345857 ) ) ;
#5167 = CARTESIAN_POINT ( 'NONE',  ( 5.200000000000004619, -1.980384757729360068, -2.425271854633450283E-16 ) ) ;
#5168 = CARTESIAN_POINT ( 'NONE',  ( 17.00000000000000355, -1.372470695792103782E-14, -2.500000000000011546 ) ) ;
#5169 = CARTESIAN_POINT ( 'NONE',  ( 10.75000000000000355, -0.8203022253684664200, 1.980384757729345857 ) ) ;
#5170 = FACE_OUTER_BOUND ( 'NONE', #4437, .T. ) ;
#5171 = DIRECTION ( 'NONE',  ( -1.000000000000000000, 2.168404344971008868E-16, 0.000000000000000000 ) ) ;
#5172 = CARTESIAN_POINT ( 'NONE',  ( 8.300000000000006040, -1.400343491548913022, 1.400343491548898589 ) ) ;
#5173 = ORIENTED_EDGE ( 'NONE', *, *, #2145, .T. ) ;
#5174 = ORIENTED_EDGE ( 'NONE', *, *, #7430, .T. ) ;
#5175 = CARTESIAN_POINT ( 'NONE',  ( 9.600000000000001421, 1.400343491548885044, -1.400343491548898811 ) ) ;
#5176 = CIRCLE ( 'NONE', #1289, 4.897581003224554586 ) ;
#5177 =( BOUNDED_CURVE ( )  B_SPLINE_CURVE ( 2, ( #5161, #5797, #5121, #3392, #7094, #416, #7532, #457, #2144 ),
 .UNSPECIFIED., .F., .F. ) 
 B_SPLINE_CURVE_WITH_KNOTS ( ( 3, 2, 2, 2, 3 ),
 ( 0.7685185185185184897, 0.7731481481481481399, 0.7777777777777777901, 0.7824074074074074403, 0.7870370370370370905 ),
 .UNSPECIFIED. ) 
 CURVE ( )  GEOMETRIC_REPRESENTATION_ITEM ( )  RATIONAL_B_SPLINE_CURVE ( ( 1.000000000000000000, 0.9238795325112867385, 1.000000000000000000, 0.9238795325112867385, 1.000000000000000000, 0.9238795325112867385, 1.000000000000000000, 0.9238795325112867385, 1.000000000000000000 ) ) 
 REPRESENTATION_ITEM ( '' )  );
#5178 = CARTESIAN_POINT ( 'NONE',  ( 18.25000000000000711, -0.8203022253684651988, -1.980384757729346301 ) ) ;
#5179 = CARTESIAN_POINT ( 'NONE',  ( 4.700000000000006395, 1.400343491548885044, -1.400343491548898811 ) ) ;
#5180 = FACE_OUTER_BOUND ( 'NONE', #1425, .T. ) ;
#5181 = CARTESIAN_POINT ( 'NONE',  ( 15.40000000000000036, 1.400343491548884600, 1.400343491548899033 ) ) ;
#5182 = EDGE_LOOP ( 'NONE', ( #3958, #6397, #2957, #1087 ) ) ;
#5183 = VECTOR ( 'NONE', #4647, 1000.000000000000000 ) ;
#5184 = CARTESIAN_POINT ( 'NONE',  ( 0.5000000000000004441, -2.500000000000023537, 0.000000000000000000 ) ) ;
#5185 = ORIENTED_EDGE ( 'NONE', *, *, #7410, .T. ) ;
#5186 = CARTESIAN_POINT ( 'NONE',  ( 18.64999999999999858, 0.8203022253684378873, 1.980384757729345857 ) ) ;
#5187 = CARTESIAN_POINT ( 'NONE',  ( 19.15000000000000213, -2.500000000000026201, 1.035533905932742194 ) ) ;
#5188 = CARTESIAN_POINT ( 'NONE',  ( 17.75000000000000355, 0.8203022253684378873, 1.980384757729345857 ) ) ;
#5189 = CARTESIAN_POINT ( 'NONE',  ( 16.35000000000000497, 1.035533905932728871, -2.500000000000011546 ) ) ;
#5190 = CARTESIAN_POINT ( 'NONE',  ( 3.000000000000002220, -1.433703035749471672E-14, 2.500000000000011546 ) ) ;
#5191 = CIRCLE ( 'NONE', #4181, 7.694275704778610780 ) ;
#5192 = CARTESIAN_POINT ( 'NONE',  ( 17.70000000000000284, -1.767766952966390637, -1.767766952966377092 ) ) ;
#5193 = EDGE_CURVE ( 'NONE', #3084, #6886, #6229, .T. ) ;
#5194 = CARTESIAN_POINT ( 'NONE',  ( -12.50000000000000000, -2.875000000000008438, 0.000000000000000000 ) ) ;
#5195 = CARTESIAN_POINT ( 'NONE',  ( 7.475000000000004086, 1.053469879313086999, -2.543301270189235019 ) ) ;
#5196 = ORIENTED_EDGE ( 'NONE', *, *, #2850, .F. ) ;
#5197 = CARTESIAN_POINT ( 'NONE',  ( 8.400000000000000355, -1.400343491548913022, 1.400343491548898589 ) ) ;
#5198 = CARTESIAN_POINT ( 'NONE',  ( 5.775000000000002132, -1.798385574751181437, -1.798385574751167892 ) ) ;
#5199 = CARTESIAN_POINT ( 'NONE',  ( 14.70000000000000284, -1.372470695792103624E-14, -2.500000000000011546 ) ) ;
#5200 = CARTESIAN_POINT ( 'NONE',  ( 12.70000000000000639, 1.400343491548885044, -1.400343491548898811 ) ) ;
#5201 = EDGE_CURVE ( 'NONE', #7144, #6847, #3608, .T. ) ;
#5202 = DIRECTION ( 'NONE',  ( -1.000000000000000000, 2.168404344971008868E-16, 0.000000000000000000 ) ) ;
#5203 = CARTESIAN_POINT ( 'NONE',  ( 6.600000000000003197, -1.372470695792103782E-14, -2.500000000000011546 ) ) ;
#5204 = CARTESIAN_POINT ( 'NONE',  ( 20.80000000000000426, 1.400343491548885044, -1.400343491548898811 ) ) ;
#5205 = CARTESIAN_POINT ( 'NONE',  ( 14.32500000000000284, -1.053469879313116087, 2.543301270189234575 ) ) ;
#5206 = CARTESIAN_POINT ( 'NONE',  ( 21.17500000000000071, 2.543301270189220809, -1.053469879313100765 ) ) ;
#5207 = DIRECTION ( 'NONE',  ( 0.000000000000000000, 0.000000000000000000, -1.000000000000000000 ) ) ;
#5208 = CARTESIAN_POINT ( 'NONE',  ( 4.700000000000006395, 1.400343491548885044, -1.400343491548898811 ) ) ;
#5209 = CARTESIAN_POINT ( 'NONE',  ( -2.780415448598176020, 1.325477814419324218, 3.770705332290925416 ) ) ;
#5210 = EDGE_CURVE ( 'NONE', #4974, #874, #610, .T. ) ;
#5211 = CARTESIAN_POINT ( 'NONE',  ( 5.900000000000000355, -1.424157858600947694E-14, 1.980384757729346301 ) ) ;
#5212 = CARTESIAN_POINT ( 'NONE',  ( 7.300000000000004263, -2.500000000000025757, -3.061616997868397439E-16 ) ) ;
#5213 = DIRECTION ( 'NONE',  ( -1.000000000000000000, 2.254409081679265122E-16, 0.000000000000000000 ) ) ;
#5214 = CARTESIAN_POINT ( 'NONE',  ( 7.100000000000005862, 1.400343491548885044, -1.400343491548898811 ) ) ;
#5215 = VERTEX_POINT ( 'NONE', #7194 ) ;
#5216 = CARTESIAN_POINT ( 'NONE',  ( 11.85000000000000320, -0.8203022253684651988, -1.980384757729346301 ) ) ;
#5217 = CARTESIAN_POINT ( 'NONE',  ( 1.800000000000002709, -1.372470695792103782E-14, -2.500000000000011546 ) ) ;
#5218 = CARTESIAN_POINT ( 'NONE',  ( 18.35000000000000142, 0.8203022253684377763, -1.980384757729346301 ) ) ;
#5219 = CARTESIAN_POINT ( 'NONE',  ( 2.300000000000003375, 1.400343491548885044, -1.400343491548898811 ) ) ;
#5220 = CARTESIAN_POINT ( 'NONE',  ( 17.55000000000000426, 0.8203022253684377763, -1.980384757729346301 ) ) ;
#5221 = ORIENTED_EDGE ( 'NONE', *, *, #3385, .T. ) ;
#5222 =( BOUNDED_CURVE ( )  B_SPLINE_CURVE ( 2, ( #6890, #1511, #3501, #407, #7042, #6525, #1117, #5189, #3383 ),
 .UNSPECIFIED., .F., .F. ) 
 B_SPLINE_CURVE_WITH_KNOTS ( ( 3, 2, 2, 2, 3 ),
 ( 0.1759259259259259300, 0.1805555555555555525, 0.1851851851851851749, 0.1898148148148148251, 0.1944444444444444475 ),
 .UNSPECIFIED. ) 
 CURVE ( )  GEOMETRIC_REPRESENTATION_ITEM ( )  RATIONAL_B_SPLINE_CURVE ( ( 1.000000000000000000, 0.9238795325112867385, 1.000000000000000000, 0.9238795325112867385, 1.000000000000000000, 0.9238795325112867385, 1.000000000000000000, 0.9238795325112867385, 1.000000000000000000 ) ) 
 REPRESENTATION_ITEM ( '' )  );
#5223 = CARTESIAN_POINT ( 'NONE',  ( 19.57500000000000284, 1.798385574751153904, -1.798385574751167892 ) ) ;
#5224 = EDGE_LOOP ( 'NONE', ( #3642, #243 ) ) ;
#5225 = CARTESIAN_POINT ( 'NONE',  ( 19.55000000000000426, -0.8203022253684664200, 1.980384757729345857 ) ) ;
#5226 = CARTESIAN_POINT ( 'NONE',  ( 18.55000000000000426, -1.035533905932756404, -2.500000000000011546 ) ) ;
#5227 = CARTESIAN_POINT ( 'NONE',  ( 14.45000000000000462, 1.980384757729331868, 0.8203022253684526532 ) ) ;
#5228 = CARTESIAN_POINT ( 'NONE',  ( 2.900000000000003020, 1.767766952966362659, 1.767766952966377536 ) ) ;
#5229 = CARTESIAN_POINT ( 'NONE',  ( 4.200000000000001954, -1.372470695792103782E-14, -2.500000000000011546 ) ) ;
#5230 = CARTESIAN_POINT ( 'NONE',  ( 0.2500000000000002220, 0.8203022253684378873, 1.980384757729345857 ) ) ;
#5231 = CARTESIAN_POINT ( 'NONE',  ( 18.60000000000000142, -1.372470695792103782E-14, -2.500000000000011546 ) ) ;
#5232 = CARTESIAN_POINT ( 'NONE',  ( 4.525000000000004796, 1.798385574751153682, 1.798385574751168337 ) ) ;
#5233 = ORIENTED_EDGE ( 'NONE', *, *, #3134, .T. ) ;
#5234 = CARTESIAN_POINT ( 'NONE',  ( 9.050000000000000711, 0.8203022253684378873, 1.980384757729345857 ) ) ;
#5235 = CARTESIAN_POINT ( 'NONE',  ( 4.875000000000002665, -2.543301270189248786, -3.114645759804644720E-16 ) ) ;
#5236 = FACE_OUTER_BOUND ( 'NONE', #1939, .T. ) ;
#5237 = CARTESIAN_POINT ( 'NONE',  ( 13.75000000000000711, 0.8203022253684378873, 1.980384757729345857 ) ) ;
#5238 = CARTESIAN_POINT ( 'NONE',  ( 15.20000000000000284, -2.500000000000025757, -3.061616997868397439E-16 ) ) ;
#5239 = CARTESIAN_POINT ( 'NONE',  ( 18.89999999999999858, -1.980384757729360068, -2.425271854633450283E-16 ) ) ;
#5240 = EDGE_CURVE ( 'NONE', #7313, #4628, #1427, .T. ) ;
#5241 = CARTESIAN_POINT ( 'NONE',  ( 12.77500000000000391, -1.798385574751182103, 1.798385574751167670 ) ) ;
#5242 = AXIS2_PLACEMENT_3D ( 'NONE', #7517, #2718, #5107 ) ;
#5243 = CARTESIAN_POINT ( 'NONE',  ( 0.2000000000000022593, 1.400343491548884600, 1.400343491548899033 ) ) ;
#5244 = CARTESIAN_POINT ( 'NONE',  ( 1.650000000000002354, -2.500000000000026201, 1.035533905932742194 ) ) ;
#5245 = CARTESIAN_POINT ( 'NONE',  ( 7.750000000000006217, -0.8203022253684651988, -1.980384757729346301 ) ) ;
#5246 = CARTESIAN_POINT ( 'NONE',  ( -1.283519398295322578, 1.904125790303905275, 2.679701820174169580 ) ) ;
#5247 = CARTESIAN_POINT ( 'NONE',  ( 5.400000000000002132, -1.400343491548912578, -1.400343491548898811 ) ) ;
#5248 = CARTESIAN_POINT ( 'NONE',  ( -8.956206739499513958, -13.71078647393870931, 8.319974813676779490 ) ) ;
#5249 = CARTESIAN_POINT ( 'NONE',  ( 9.800000000000002487, -1.372470695792103782E-14, -2.500000000000011546 ) ) ;
#5250 = CIRCLE ( 'NONE', #6511, 4.876458203497867849 ) ;
#5251 = CARTESIAN_POINT ( 'NONE',  ( 9.800000000000004263, -1.424157858600947694E-14, 1.980384757729346301 ) ) ;
#5252 = ORIENTED_EDGE ( 'NONE', *, *, #3077, .F. ) ;
#5253 = CARTESIAN_POINT ( 'NONE',  ( 10.85000000000000142, -1.980384757729360512, 0.8203022253684509879 ) ) ;
#5254 = SECURITY_CLASSIFICATION ( '', '', #3082 ) ;
#5255 = CYLINDRICAL_SURFACE ( 'NONE', #7394, 2.500000000000010658 ) ;
#5256 = CARTESIAN_POINT ( 'NONE',  ( 16.45000000000000284, -1.980384757729360512, 0.8203022253684510989 ) ) ;
#5257 = CARTESIAN_POINT ( 'NONE',  ( 3.350000000000005862, 0.8203022253684378873, 1.980384757729345857 ) ) ;
#5258 = CARTESIAN_POINT ( 'NONE',  ( 15.80000000000000426, -1.433703035749471672E-14, 2.500000000000011546 ) ) ;
#5259 = CARTESIAN_POINT ( 'NONE',  ( 15.95000000000000284, 0.8203022253684377763, -1.980384757729346301 ) ) ;
#5260 = ORIENTED_EDGE ( 'NONE', *, *, #4143, .T. ) ;
#5261 = CARTESIAN_POINT ( 'NONE',  ( 19.62500000000000355, 2.543301270189220809, -1.053469879313100765 ) ) ;
#5262 = ORIENTED_EDGE ( 'NONE', *, *, #4712, .F. ) ;
#5263 = CARTESIAN_POINT ( 'NONE',  ( 19.14999999999999858, 0.8203022253684377763, -1.980384757729346301 ) ) ;
#5264 = DIRECTION ( 'NONE',  ( 1.000000000000000000, -0.000000000000000000, -0.000000000000000000 ) ) ;
#5265 = CARTESIAN_POINT ( 'NONE',  ( 13.05000000000000604, -0.8203022253684664200, 1.980384757729345857 ) ) ;
#5266 = CARTESIAN_POINT ( 'NONE',  ( 2.250000000000001776, -1.035533905932757959, 2.500000000000011102 ) ) ;
#5267 = CARTESIAN_POINT ( 'NONE',  ( 13.95000000000000462, 2.499999999999997780, -1.035533905932742638 ) ) ;
#5268 = CARTESIAN_POINT ( 'NONE',  ( -12.50000000000000000, -2.610785383146994931, 0.000000000000000000 ) ) ;
#5269 = CYLINDRICAL_SURFACE ( 'NONE', #5426, 2.500000000000010658 ) ;
#5270 = CARTESIAN_POINT ( 'NONE',  ( 6.375000000000002665, -2.543301270189249674, 1.053469879313100099 ) ) ;
#5271 = EDGE_LOOP ( 'NONE', ( #6634, #287, #106, #2947 ) ) ;
#5272 = CARTESIAN_POINT ( 'NONE',  ( 6.800000000000000711, -1.400343491548913022, 1.400343491548898589 ) ) ;
#5273 = CARTESIAN_POINT ( 'NONE',  ( 0.5250000000000011324, 2.543301270189220809, 1.053469879313102542 ) ) ;
#5274 = DIRECTION ( 'NONE',  ( 0.000000000000000000, 0.000000000000000000, -1.000000000000000000 ) ) ;
#5275 = CARTESIAN_POINT ( 'NONE',  ( 11.65000000000000746, -1.980384757729360068, -0.8203022253684516540 ) ) ;
#5276 = CARTESIAN_POINT ( 'NONE',  ( 4.700000000000002842, -1.433703035749471672E-14, 2.500000000000011546 ) ) ;
#5277 = CARTESIAN_POINT ( 'NONE',  ( 18.60000000000000142, 1.400343491548884600, 1.400343491548899033 ) ) ;
#5278 = CARTESIAN_POINT ( 'NONE',  ( 10.77500000000000391, 1.798385574751153904, -1.798385574751167892 ) ) ;
#5279 = CARTESIAN_POINT ( 'NONE',  ( 18.27500000000000924, -1.053469879313116087, 2.543301270189234575 ) ) ;
#5280 = DIRECTION ( 'NONE',  ( 1.000000000000000000, -0.000000000000000000, -0.000000000000000000 ) ) ;
#5281 = CARTESIAN_POINT ( 'NONE',  ( 19.70000000000000639, -1.400343491548912578, -1.400343491548898811 ) ) ;
#5282 = CARTESIAN_POINT ( 'NONE',  ( 6.600000000000001421, 1.400343491548884600, 1.400343491548899033 ) ) ;
#5283 = CARTESIAN_POINT ( 'NONE',  ( 0.5000000000000017764, -5.547365066045066406, 0.6904642090818100542 ) ) ;
#5284 = DIRECTION ( 'NONE',  ( -2.168404344971008868E-16, -1.000000000000000000, 0.000000000000000000 ) ) ;
#5285 = EDGE_CURVE ( 'NONE', #4558, #1389, #1348, .T. ) ;
#5286 = CARTESIAN_POINT ( 'NONE',  ( 9.450000000000006395, 0.8203022253684377763, -1.980384757729346301 ) ) ;
#5287 = ORIENTED_EDGE ( 'NONE', *, *, #5421, .T. ) ;
#5288 = CARTESIAN_POINT ( 'NONE',  ( 13.27500000000000391, 2.543301270189220809, 1.053469879313102542 ) ) ;
#5289 = CARTESIAN_POINT ( 'NONE',  ( 12.05000000000000249, 1.980384757729332312, -0.8203022253684513210 ) ) ;
#5290 = DIRECTION ( 'NONE',  ( 0.000000000000000000, 0.000000000000000000, -1.000000000000000000 ) ) ;
#5291 = CIRCLE ( 'NONE', #2290, 0.1796875000000001665 ) ;
#5292 = CARTESIAN_POINT ( 'NONE',  ( 4.650000000000004796, 0.8203022253684377763, -1.980384757729346301 ) ) ;
#5293 = ADVANCED_FACE ( 'NONE', ( #2985 ), #4718, .T. ) ;
#5294 = CARTESIAN_POINT ( 'NONE',  ( 0.6499999999998850031, -1.035533905931056875, 2.500000000001712408 ) ) ;
#5295 = CARTESIAN_POINT ( 'NONE',  ( 15.85000000000000320, -0.8203022253684651988, -1.980384757729346301 ) ) ;
#5296 = ORIENTED_EDGE ( 'NONE', *, *, #6741, .T. ) ;
#5297 = CIRCLE ( 'NONE', #4675, 2.499999999999998668 ) ;
#5298 = DIRECTION ( 'NONE',  ( 1.000000000000000000, -0.000000000000000000, -0.000000000000000000 ) ) ;
#5299 = ORIENTED_EDGE ( 'NONE', *, *, #4143, .F. ) ;
#5300 = CARTESIAN_POINT ( 'NONE',  ( 18.89999999999999858, -1.980384757729360068, -2.425271854633450283E-16 ) ) ;
#5301 = CARTESIAN_POINT ( 'NONE',  ( -18.74551527218122615, 2.625674005841375447, -7.648550287102648550E-16 ) ) ;
#5302 = CARTESIAN_POINT ( 'NONE',  ( 11.95000000000000639, 1.980384757729332312, -0.8203022253684513210 ) ) ;
#5303 = CARTESIAN_POINT ( 'NONE',  ( 2.700000000000000622, 1.767766952966363103, -1.767766952966377092 ) ) ;
#5304 = CARTESIAN_POINT ( 'NONE',  ( 13.20000000000000284, 2.499999999999997780, 0.000000000000000000 ) ) ;
#5305 = CARTESIAN_POINT ( 'NONE',  ( 0.5000000000000003331, 1.999167105993905569, -1.536366799939272720 ) ) ;
#5306 = AXIS2_PLACEMENT_3D ( 'NONE', #6168, #5573, #836 ) ;
#5307 = DIRECTION ( 'NONE',  ( 1.000000000000000000, -0.000000000000000000, -0.000000000000000000 ) ) ;
#5308 = CARTESIAN_POINT ( 'NONE',  ( 6.825000000000002842, 2.543301270189221253, 0.000000000000000000 ) ) ;
#5309 = ORIENTED_EDGE ( 'NONE', *, *, #7419, .T. ) ;
#5310 = CARTESIAN_POINT ( 'NONE',  ( 8.700000000000001066, -1.375652421508278441E-14, -1.980384757729346301 ) ) ;
#5311 = AXIS2_PLACEMENT_3D ( 'NONE', #2134, #5702, #2247 ) ;
#5312 = CARTESIAN_POINT ( 'NONE',  ( 2.775000000000003020, 1.798385574751153904, -1.798385574751167892 ) ) ;
#5313 = CARTESIAN_POINT ( 'NONE',  ( -12.50000000000000000, -2.695312499999995115, -6.231472203984926850 ) ) ;
#5314 = CARTESIAN_POINT ( 'NONE',  ( 11.35000000000000675, 0.8203022253684378873, 1.980384757729345857 ) ) ;
#5315 = DIRECTION ( 'NONE',  ( 0.000000000000000000, 0.000000000000000000, -1.000000000000000000 ) ) ;
#5316 = CIRCLE ( 'NONE', #1444, 0.1796875000000001665 ) ;
#5317 = CARTESIAN_POINT ( 'NONE',  ( 12.57500000000000284, 1.798385574751153682, 1.798385574751168337 ) ) ;
#5318 = CARTESIAN_POINT ( 'NONE',  ( 17.67500000000000426, -2.543301270189249674, -1.053469879313101210 ) ) ;
#5319 = CARTESIAN_POINT ( 'NONE',  ( 20.50000000000000000, -1.980384757729360068, -2.425271854633450283E-16 ) ) ;
#5320 = AXIS2_PLACEMENT_3D ( 'NONE', #4759, #4727, #4290 ) ;
#5321 = CARTESIAN_POINT ( 'NONE',  ( 19.75000000000000355, -0.8203022253684651988, -1.980384757729346301 ) ) ;
#5322 = DIRECTION ( 'NONE',  ( 1.000000000000000000, 0.000000000000000000, 0.000000000000000000 ) ) ;
#5323 = FACE_OUTER_BOUND ( 'NONE', #648, .T. ) ;
#5324 = CARTESIAN_POINT ( 'NONE',  ( 6.400000000000004796, 1.980384757729332312, 0.000000000000000000 ) ) ;
#5325 = ORIENTED_EDGE ( 'NONE', *, *, #3994, .T. ) ;
#5326 = CARTESIAN_POINT ( 'NONE',  ( 13.67500000000000426, -2.543301270189249674, -1.053469879313101210 ) ) ;
#5327 = CARTESIAN_POINT ( 'NONE',  ( 6.450000000000001066, 1.980384757729332312, -0.8203022253684513210 ) ) ;
#5328 = DIRECTION ( 'NONE',  ( 2.168404344971008868E-16, 1.000000000000000000, -0.000000000000000000 ) ) ;
#5329 = CARTESIAN_POINT ( 'NONE',  ( 1.050000000000005818, -0.8203022253684665310, 1.980384757729345857 ) ) ;
#5330 = CARTESIAN_POINT ( 'NONE',  ( 8.000000000000003553, -1.767766952966391303, 1.767766952966376870 ) ) ;
#5331 = CARTESIAN_POINT ( 'NONE',  ( 16.35000000000000497, -0.8203022253684664200, 1.980384757729345857 ) ) ;
#5332 = EDGE_LOOP ( 'NONE', ( #5475, #1245, #632, #2898 ) ) ;
#5333 = EDGE_LOOP ( 'NONE', ( #4507, #3940, #1507, #2791 ) ) ;
#5334 = CARTESIAN_POINT ( 'NONE',  ( 16.94999999999999929, 1.980384757729331868, 0.8203022253684526532 ) ) ;
#5335 = EDGE_CURVE ( 'NONE', #4038, #7225, #2225, .T. ) ;
#5336 = DIRECTION ( 'NONE',  ( 0.000000000000000000, 0.000000000000000000, 1.000000000000000000 ) ) ;
#5337 = CARTESIAN_POINT ( 'NONE',  ( 13.35000000000000497, -0.8203022253684651988, -1.980384757729346301 ) ) ;
#5338 = CARTESIAN_POINT ( 'NONE',  ( 20.34584596756657504, 1.748760573624862591, 1.430315521670770140 ) ) ;
#5339 = CARTESIAN_POINT ( 'NONE',  ( 13.40000000000000213, -1.433703035749471672E-14, 2.500000000000011546 ) ) ;
#5340 = DIRECTION ( 'NONE',  ( 1.000000000000000000, -0.000000000000000000, -0.000000000000000000 ) ) ;
#5341 = LINE ( 'NONE', #1190, #1296 ) ;
#5342 = CARTESIAN_POINT ( 'NONE',  ( 7.375000000000004441, -1.053469879313114532, -2.543301270189235019 ) ) ;
#5343 = VERTEX_POINT ( 'NONE', #1261 ) ;
#5344 = CARTESIAN_POINT ( 'NONE',  ( 8.350000000000001421, -0.8203022253684665310, 1.980384757729345857 ) ) ;
#5345 = EDGE_CURVE ( 'NONE', #6875, #1808, #6325, .T. ) ;
#5346 = CARTESIAN_POINT ( 'NONE',  ( 0.1750000000000015432, -1.798385574751181437, -1.798385574751167892 ) ) ;
#5347 = CARTESIAN_POINT ( 'NONE',  ( 20.50000000000000000, -1.236893267138826574E-14, 2.500000000000010658 ) ) ;
#5348 = CARTESIAN_POINT ( 'NONE',  ( 10.30000000000000604, 1.400343491548885044, -1.400343491548898811 ) ) ;
#5349 = CARTESIAN_POINT ( 'NONE',  ( 16.10000000000000142, -2.500000000000025757, -3.061616997868397439E-16 ) ) ;
#5350 = CARTESIAN_POINT ( 'NONE',  ( 10.97500000000000320, 1.798385574751153682, 1.798385574751168337 ) ) ;
#5351 = CARTESIAN_POINT ( 'NONE',  ( 18.32500000000000284, -1.798385574751182103, 1.798385574751167670 ) ) ;
#5352 = CARTESIAN_POINT ( 'NONE',  ( 9.900000000000003908, -1.372470695792103624E-14, -2.500000000000011546 ) ) ;
#5353 =( BOUNDED_CURVE ( )  B_SPLINE_CURVE ( 2, ( #3937, #5155, #3347, #5080, #7488, #3831, #5747, #2028, #7527 ),
 .UNSPECIFIED., .F., .F. ) 
 B_SPLINE_CURVE_WITH_KNOTS ( ( 3, 2, 2, 2, 3 ),
 ( 0.4814814814814814548, 0.4861111111111111049, 0.4907407407407407551, 0.4953703703703703498, 0.5000000000000000000 ),
 .UNSPECIFIED. ) 
 CURVE ( )  GEOMETRIC_REPRESENTATION_ITEM ( )  RATIONAL_B_SPLINE_CURVE ( ( 1.000000000000000000, 0.9238795325112867385, 1.000000000000000000, 0.9238795325112867385, 1.000000000000000000, 0.9238795325112867385, 1.000000000000000000, 0.9238795325112867385, 1.000000000000000000 ) ) 
 REPRESENTATION_ITEM ( '' )  );
#5354 = CARTESIAN_POINT ( 'NONE',  ( 19.90000000000000568, 1.400343491548885044, -1.400343491548898811 ) ) ;
#5355 = COORDINATED_UNIVERSAL_TIME_OFFSET ( 6, 0, .BEHIND. ) ;
#5356 = CARTESIAN_POINT ( 'NONE',  ( 12.30000000000000426, -1.372470695792103624E-14, -2.500000000000011546 ) ) ;
#5357 = CARTESIAN_POINT ( 'NONE',  ( 4.050000000000005151, 1.980384757729331868, 0.8203022253684526532 ) ) ;
#5358 = CARTESIAN_POINT ( 'NONE',  ( 20.10000000000000853, 1.400343491548884600, 1.400343491548899033 ) ) ;
#5359 = CARTESIAN_POINT ( 'NONE',  ( 10.62500000000000355, -1.372205551982422560E-14, -2.543301270189235019 ) ) ;
#5360 = CARTESIAN_POINT ( 'NONE',  ( 8.800000000000000711, 1.400343491548885044, -1.400343491548898811 ) ) ;
#5361 = CARTESIAN_POINT ( 'NONE',  ( 0.6000000000000031974, -1.433703035749471672E-14, 2.500000000000011546 ) ) ;
#5362 = CARTESIAN_POINT ( 'NONE',  ( 5.850000000000003197, -1.035533905932756404, -2.500000000000011546 ) ) ;
#5363 = CIRCLE ( 'NONE', #7386, 7.009737158183716232 ) ;
#5364 = CARTESIAN_POINT ( 'NONE',  ( -7.602418996775445414, 2.610785383146975835, 5.997806899163834357E-16 ) ) ;
#5365 = CARTESIAN_POINT ( 'NONE',  ( 15.60000000000000675, -1.980384757729360068, -2.425271854633450283E-16 ) ) ;
#5366 = ORIENTED_EDGE ( 'NONE', *, *, #3473, .T. ) ;
#5367 = TOROIDAL_SURFACE ( 'NONE', #1753, 5.056145703497873178, 0.1796875000000000000 ) ;
#5368 = ORIENTED_EDGE ( 'NONE', *, *, #6260, .T. ) ;
#5369 = CARTESIAN_POINT ( 'NONE',  ( 15.75000000000000000, -1.980384757729360290, -0.8203022253684516540 ) ) ;
#5370 = CARTESIAN_POINT ( 'NONE',  ( 19.85000000000018261, 1.035533905930015042, 2.500000000002725375 ) ) ;
#5371 = CARTESIAN_POINT ( 'NONE',  ( 13.40000000000000568, -1.375652421508278441E-14, -1.980384757729346301 ) ) ;
#5372 = CARTESIAN_POINT ( 'NONE',  ( 20.17284516912093295, 0.3008109756414591995, -2.427154830879084457 ) ) ;
#5373 = CARTESIAN_POINT ( 'NONE',  ( 9.900000000000003908, -1.372470695792103624E-14, -2.500000000000011546 ) ) ;
#5374 = CARTESIAN_POINT ( 'NONE',  ( 0.5000000000000001110, 2.184465970884306163, -1.259047450929536627 ) ) ;
#5375 = AXIS2_PLACEMENT_3D ( 'NONE', #4035, #5132, #7542 ) ;
#5376 = FACE_OUTER_BOUND ( 'NONE', #1543, .T. ) ;
#5377 = EDGE_CURVE ( 'NONE', #7153, #4011, #3345, .T. ) ;
#5378 = CARTESIAN_POINT ( 'NONE',  ( 18.75000000000000355, -1.980384757729360512, 0.8203022253684509879 ) ) ;
#5379 = ADVANCED_FACE ( 'NONE', ( #6802 ), #6313, .T. ) ;
#5380 = CARTESIAN_POINT ( 'NONE',  ( 7.025000000000003908, -1.434498467178515336E-14, 2.543301270189235019 ) ) ;
#5381 = VERTEX_POINT ( 'NONE', #1462 ) ;
#5382 = CARTESIAN_POINT ( 'NONE',  ( 3.800000000000001155, -1.400343491548912578, -1.400343491548898811 ) ) ;
#5383 = CARTESIAN_POINT ( 'NONE',  ( 1.175000000000002487, 1.798385574751153904, -1.798385574751167892 ) ) ;
#5384 = CARTESIAN_POINT ( 'NONE',  ( 3.500000000000006661, -1.400343491548913022, 1.400343491548898589 ) ) ;
#5385 = CARTESIAN_POINT ( 'NONE',  ( 0.5000000000000017764, 1.767766952964734184, 1.767766952967998240 ) ) ;
#5386 = CARTESIAN_POINT ( 'NONE',  ( 9.300000000000006040, -1.400343491548912578, -1.400343491548898811 ) ) ;
#5387 = CARTESIAN_POINT ( 'NONE',  ( 13.65000000000000213, -2.500000000000025757, -1.035533905932743082 ) ) ;
#5388 = EDGE_CURVE ( 'NONE', #3600, #399, #1522, .T. ) ;
#5389 = CARTESIAN_POINT ( 'NONE',  ( 11.87500000000000355, -1.434498467178515336E-14, 2.543301270189235019 ) ) ;
#5390 = CARTESIAN_POINT ( 'NONE',  ( 20.67500000000000782, -1.053469879313116087, 2.543301270189234575 ) ) ;
#5391 = DIRECTION ( 'NONE',  ( 0.000000000000000000, 0.000000000000000000, 1.000000000000000000 ) ) ;
#5392 = CARTESIAN_POINT ( 'NONE',  ( 18.90000000000000568, -1.400343491548912578, -1.400343491548898811 ) ) ;
#5393 = APPROVAL_STATUS ( 'not_yet_approved' ) ;
#5394 = CARTESIAN_POINT ( 'NONE',  ( 9.550000000000000711, -2.500000000000026201, 1.035533905932742194 ) ) ;
#5395 = CARTESIAN_POINT ( 'NONE',  ( 5.050000000000006040, -0.8203022253684664200, 1.980384757729345857 ) ) ;
#5396 = VERTEX_POINT ( 'NONE', #2013 ) ;
#5397 = CARTESIAN_POINT ( 'NONE',  ( 11.77500000000000391, 1.053469879313087443, 2.543301270189234575 ) ) ;
#5398 = CARTESIAN_POINT ( 'NONE',  ( 8.650000000000002132, -0.8203022253684651988, -1.980384757729346301 ) ) ;
#5399 = MANIFOLD_SOLID_BREP ( 'Revolve5', #1914 ) ;
#5400 = CARTESIAN_POINT ( 'NONE',  ( 13.90000000000000213, -1.424157858600947694E-14, 1.980384757729346301 ) ) ;
#5401 = CARTESIAN_POINT ( 'NONE',  ( 5.600000000000004086, -1.767766952966391303, 1.767766952966376870 ) ) ;
#5402 = CARTESIAN_POINT ( 'NONE',  ( 20.05000000000012861, -2.500000000001845191, 1.035533905930923426 ) ) ;
#5403 = CARTESIAN_POINT ( 'NONE',  ( 16.15000000000000568, 0.8203022253684378873, 1.980384757729345857 ) ) ;
#5404 = ORIENTED_EDGE ( 'NONE', *, *, #4294, .T. ) ;
#5405 = ORIENTED_EDGE ( 'NONE', *, *, #3471, .T. ) ;
#5406 = CARTESIAN_POINT ( 'NONE',  ( 15.55000000000000071, -0.8203022253684664200, 1.980384757729345857 ) ) ;
#5407 = CARTESIAN_POINT ( 'NONE',  ( 12.50000000000000178, 2.499999999999997780, 0.000000000000000000 ) ) ;
#5408 = CARTESIAN_POINT ( 'NONE',  ( 11.25000000000000533, 1.980384757729331868, 0.8203022253684526532 ) ) ;
#5409 = CARTESIAN_POINT ( 'NONE',  ( 20.22926028281301214, 1.732086275128903452, -1.625739019875730884 ) ) ;
#5410 = DIRECTION ( 'NONE',  ( 0.000000000000000000, -0.000000000000000000, -1.000000000000000000 ) ) ;
#5411 = DIRECTION ( 'NONE',  ( 0.000000000000000000, -1.000000000000000000, 0.000000000000000000 ) ) ;
#5412 = CARTESIAN_POINT ( 'NONE',  ( 20.22598644701470150, -2.172799038844375197, -0.9648435535431746368 ) ) ;
#5413 = CARTESIAN_POINT ( 'NONE',  ( 18.00000000000000711, -1.980384757729360068, -2.425271854633450283E-16 ) ) ;
#5414 = CIRCLE ( 'NONE', #6434, 0.1796875000000001665 ) ;
#5415 = CARTESIAN_POINT ( 'NONE',  ( 2.525000000000003020, -1.798385574751181437, -1.798385574751167892 ) ) ;
#5416 = ORIENTED_EDGE ( 'NONE', *, *, #3948, .F. ) ;
#5417 = CARTESIAN_POINT ( 'NONE',  ( 4.300000000000001599, -1.424157858600947694E-14, 1.980384757729346301 ) ) ;
#5418 = CARTESIAN_POINT ( 'NONE',  ( 1.575000000000003508, -1.798385574751182103, 1.798385574751167670 ) ) ;
#5419 = CARTESIAN_POINT ( 'NONE',  ( 3.150000000000003464, 1.980384757729332312, -0.8203022253684513210 ) ) ;
#5420 = CARTESIAN_POINT ( 'NONE',  ( 20.50000000000000000, -1.236893267138826574E-14, 2.500000000000010658 ) ) ;
#5421 = EDGE_CURVE ( 'NONE', #5793, #7584, #423, .T. ) ;
#5422 = AXIS2_PLACEMENT_3D ( 'NONE', #7016, #460, #5315 ) ;
#5423 = CARTESIAN_POINT ( 'NONE',  ( 11.55000000000000426, -1.980384757729360512, 0.8203022253684510989 ) ) ;
#5424 = CARTESIAN_POINT ( 'NONE',  ( 7.950000000000000178, 0.8203022253684377763, -1.980384757729346301 ) ) ;
#5425 = CARTESIAN_POINT ( 'NONE',  ( 9.900000000000003908, -1.372470695792103624E-14, -2.500000000000011546 ) ) ;
#5426 = AXIS2_PLACEMENT_3D ( 'NONE', #6969, #6455, #7086 ) ;
#5427 = CARTESIAN_POINT ( 'NONE',  ( 9.575000000000002842, -1.798385574751182103, 1.798385574751167670 ) ) ;
#5428 = EDGE_CURVE ( 'NONE', #5460, #202, #7393, .T. ) ;
#5429 = CARTESIAN_POINT ( 'NONE',  ( 19.72500000000000142, 1.798385574751153682, 1.798385574751168337 ) ) ;
#5430 = CARTESIAN_POINT ( 'NONE',  ( -8.589467622627234178, 0.000000000000000000, 6.979092815367826219 ) ) ;
#5431 = CARTESIAN_POINT ( 'NONE',  ( 19.20000000000000639, 1.980384757729332312, 0.000000000000000000 ) ) ;
#5432 = TOROIDAL_SURFACE ( 'NONE', #2808, 6.411159703984925073, 0.1796875000000000000 ) ;
#5433 = CARTESIAN_POINT ( 'NONE',  ( 7.250000000000002665, -2.500000000000026201, 1.035533905932742194 ) ) ;
#5434 = CARTESIAN_POINT ( 'NONE',  ( 9.400000000000003908, -1.433703035749471672E-14, 2.500000000000011546 ) ) ;
#5435 = ORIENTED_EDGE ( 'NONE', *, *, #685, .F. ) ;
#5436 = CARTESIAN_POINT ( 'NONE',  ( 6.050000000000005151, -1.980384757729360290, -0.8203022253684516540 ) ) ;
#5437 = CARTESIAN_POINT ( 'NONE',  ( 20.15000000000000568, 0.8203022253684378873, 1.980384757729345857 ) ) ;
#5438 = AXIS2_PLACEMENT_3D ( 'NONE', #2448, #5391, #1323 ) ;
#5439 = CARTESIAN_POINT ( 'NONE',  ( 11.42500000000000426, -1.372205551982422560E-14, -2.543301270189235019 ) ) ;
#5440 = CARTESIAN_POINT ( 'NONE',  ( 20.50000000000000000, -1.267509437117510519E-14, -2.500000000000010658 ) ) ;
#5441 = CARTESIAN_POINT ( 'NONE',  ( 6.850000000000001421, -1.980384757729360512, 0.8203022253684509879 ) ) ;
#5442 = EDGE_CURVE ( 'NONE', #4998, #706, #4908, .T. ) ;
#5443 = CARTESIAN_POINT ( 'NONE',  ( 6.000000000000003553, 1.767766952966363103, -1.767766952966377092 ) ) ;
#5444 = CARTESIAN_POINT ( 'NONE',  ( 14.40000000000000213, 1.400343491548885044, -1.400343491548898811 ) ) ;
#5445 = CARTESIAN_POINT ( 'NONE',  ( -12.50000000000000000, 3.999999999999994671, 0.000000000000000000 ) ) ;
#5446 = CARTESIAN_POINT ( 'NONE',  ( 11.10000000000000142, -1.433703035749471672E-14, 2.500000000000011546 ) ) ;
#5447 = CARTESIAN_POINT ( 'NONE',  ( 5.200000000000002842, 2.499999999999997780, 0.000000000000000000 ) ) ;
#5448 = CARTESIAN_POINT ( 'NONE',  ( 14.55000000000000604, 0.8203022253684378873, 1.980384757729345857 ) ) ;
#5449 = ORIENTED_EDGE ( 'NONE', *, *, #5285, .F. ) ;
#5450 = ORIENTED_EDGE ( 'NONE', *, *, #5783, .T. ) ;
#5451 = CARTESIAN_POINT ( 'NONE',  ( 18.25000000000000355, -0.8203022253684651988, -1.980384757729346301 ) ) ;
#5452 = DIRECTION ( 'NONE',  ( 0.000000000000000000, 0.000000000000000000, -1.000000000000000000 ) ) ;
#5453 = CARTESIAN_POINT ( 'NONE',  ( 20.26592390281667733, 2.232437841031105652, -0.6977184511851171056 ) ) ;
#5454 = CARTESIAN_POINT ( 'NONE',  ( 3.700000000000001510, 1.767766952966362659, 1.767766952966377536 ) ) ;
#5455 = CARTESIAN_POINT ( 'NONE',  ( 17.90000000000000213, 1.767766952966363103, -1.767766952966377092 ) ) ;
#5456 = CARTESIAN_POINT ( 'NONE',  ( 20.50000000000000000, -1.267509437117510519E-14, 0.000000000000000000 ) ) ;
#5457 = ORIENTED_EDGE ( 'NONE', *, *, #981, .T. ) ;
#5458 = CARTESIAN_POINT ( 'NONE',  ( 18.85000000000000497, -1.980384757729360290, -0.8203022253684516540 ) ) ;
#5459 = CARTESIAN_POINT ( 'NONE',  ( 1.925000000000003153, 1.798385574751153904, -1.798385574751167892 ) ) ;
#5460 = VERTEX_POINT ( 'NONE', #2514 ) ;
#5461 = CARTESIAN_POINT ( 'NONE',  ( 4.000000000000000000, 1.400343491548885044, -1.400343491548898811 ) ) ;
#5462 = CARTESIAN_POINT ( 'NONE',  ( 18.35000000000000497, 1.980384757729332312, -0.8203022253684513210 ) ) ;
#5463 = CARTESIAN_POINT ( 'NONE',  ( 4.450000000000005507, -1.980384757729360290, -0.8203022253684516540 ) ) ;
#5464 = CARTESIAN_POINT ( 'NONE',  ( 20.50000000000000000, -1.267509437117510519E-14, 0.000000000000000000 ) ) ;
#5465 = CARTESIAN_POINT ( 'NONE',  ( 8.250000000000005329, -0.8203022253684665310, 1.980384757729345857 ) ) ;
#5466 = CARTESIAN_POINT ( 'NONE',  ( 6.800000000000000711, -1.400343491548913022, 1.400343491548898589 ) ) ;
#5467 = CARTESIAN_POINT ( 'NONE',  ( -7.443854296502132151, -2.875000000000009770, 0.000000000000000000 ) ) ;
#5468 = CARTESIAN_POINT ( 'NONE',  ( 8.475000000000003197, 2.543301270189221253, 0.000000000000000000 ) ) ;
#5469 =( BOUNDED_CURVE ( )  B_SPLINE_CURVE ( 2, ( #3402, #5807, #7025, #2817, #5212, #5433, #3552, #7290, #5916 ),
 .UNSPECIFIED., .F., .F. ) 
 B_SPLINE_CURVE_WITH_KNOTS ( ( 3, 2, 2, 2, 3 ),
 ( 0.6018518518518518601, 0.6064814814814815103, 0.6111111111111111605, 0.6157407407407406996, 0.6203703703703703498 ),
 .UNSPECIFIED. ) 
 CURVE ( )  GEOMETRIC_REPRESENTATION_ITEM ( )  RATIONAL_B_SPLINE_CURVE ( ( 1.000000000000000000, 0.9238795325112867385, 1.000000000000000000, 0.9238795325112867385, 1.000000000000000000, 0.9238795325112867385, 1.000000000000000000, 0.9238795325112867385, 1.000000000000000000 ) ) 
 REPRESENTATION_ITEM ( '' )  );
#5470 = CARTESIAN_POINT ( 'NONE',  ( 16.87500000000000355, -2.543301270189249674, -1.053469879313101210 ) ) ;
#5471 = CARTESIAN_POINT ( 'NONE',  ( 7.850000000000003197, -1.035533905932757959, 2.500000000000011102 ) ) ;
#5472 = CARTESIAN_POINT ( 'NONE',  ( 16.35000000000000853, -1.980384757729360512, 0.8203022253684510989 ) ) ;
#5473 =( LENGTH_UNIT ( ) NAMED_UNIT ( * ) SI_UNIT ( .MILLI., .METRE. ) );
#5474 = CARTESIAN_POINT ( 'NONE',  ( 11.90000000000000391, -1.433703035749471672E-14, 2.500000000000011546 ) ) ;
#5475 = ORIENTED_EDGE ( 'NONE', *, *, #6458, .T. ) ;
#5476 = CARTESIAN_POINT ( 'NONE',  ( 6.250000000000005329, 0.8203022253684377763, -1.980384757729346301 ) ) ;
#5477 = CARTESIAN_POINT ( 'NONE',  ( 20.00000000000000711, 1.980384757729332312, 0.000000000000000000 ) ) ;
#5478 = EDGE_CURVE ( 'NONE', #2292, #4558, #7761, .T. ) ;
#5479 = CARTESIAN_POINT ( 'NONE',  ( 10.90000000000000213, -1.980384757729360068, -2.425271854633450283E-16 ) ) ;
#5480 = CARTESIAN_POINT ( 'NONE',  ( 17.42500000000000426, 1.053469879313087443, 2.543301270189234575 ) ) ;
#5481 = CARTESIAN_POINT ( 'NONE',  ( 6.700000000000001066, -1.424157858600947694E-14, 1.980384757729346301 ) ) ;
#5482 = CARTESIAN_POINT ( 'NONE',  ( 10.80000000000000604, -1.980384757729360068, -2.425271854633450283E-16 ) ) ;
#5483 = CARTESIAN_POINT ( 'NONE',  ( -12.50000000000000000, 2.190461453405093462, 0.000000000000000000 ) ) ;
#5484 = CARTESIAN_POINT ( 'NONE',  ( 12.00000000000000178, 1.400343491548885044, -1.400343491548898811 ) ) ;
#5485 = CARTESIAN_POINT ( 'NONE',  ( 1.400000000000005462, -1.375652421508278441E-14, -1.980384757729346301 ) ) ;
#5486 = CARTESIAN_POINT ( 'NONE',  ( 15.55000000000000249, 2.499999999999997780, -1.035533905932742638 ) ) ;
#5487 = CARTESIAN_POINT ( 'NONE',  ( 6.300000000000003375, -1.433703035749471672E-14, 2.500000000000011546 ) ) ;
#5488 = CARTESIAN_POINT ( 'NONE',  ( 15.95000000000000462, 1.980384757729332312, -0.8203022253684513210 ) ) ;
#5489 = ORIENTED_EDGE ( 'NONE', *, *, #1789, .F. ) ;
#5490 = VERTEX_POINT ( 'NONE', #3141 ) ;
#5491 = CARTESIAN_POINT ( 'NONE',  ( 18.50000000000000355, 1.980384757729332312, 0.000000000000000000 ) ) ;
#5492 = CARTESIAN_POINT ( 'NONE',  ( 20.19875098712142147, 1.018005462265333616, -2.179977594946064468 ) ) ;
#5493 = DIRECTION ( 'NONE',  ( 0.000000000000000000, 0.000000000000000000, 1.000000000000000000 ) ) ;
#5494 = CYLINDRICAL_SURFACE ( 'NONE', #3289, 2.500000000000010658 ) ;
#5495 = CARTESIAN_POINT ( 'NONE',  ( 2.150000000000002576, 2.499999999999997780, 1.035533905932744414 ) ) ;
#5496 = CARTESIAN_POINT ( 'NONE',  ( 16.70000000000000639, 1.400343491548885044, -1.400343491548898811 ) ) ;
#5497 = CARTESIAN_POINT ( 'NONE',  ( 3.125000000000002665, -1.798385574751182103, 1.798385574751167670 ) ) ;
#5498 = EDGE_LOOP ( 'NONE', ( #1584, #5655, #4444, #2830 ) ) ;
#5499 = CARTESIAN_POINT ( 'NONE',  ( 4.250000000000000888, 0.8203022253684378873, 1.980384757729345857 ) ) ;
#5500 = CARTESIAN_POINT ( 'NONE',  ( 14.65000000000000213, 0.8203022253684378873, 1.980384757729345857 ) ) ;
#5501 = CARTESIAN_POINT ( 'NONE',  ( 19.30000000000000426, 1.400343491548884600, 1.400343491548899033 ) ) ;
#5502 = CARTESIAN_POINT ( 'NONE',  ( 3.950000000000005507, 1.980384757729332312, -0.8203022253684513210 ) ) ;
#5503 = DIRECTION ( 'NONE',  ( -1.224646799147353207E-16, 2.655529440325959183E-32, 1.000000000000000000 ) ) ;
#5504 = CARTESIAN_POINT ( 'NONE',  ( 6.200000000000005507, -1.375652421508278441E-14, -1.980384757729346301 ) ) ;
#5505 = CARTESIAN_POINT ( 'NONE',  ( 3.200000000000001510, 1.400343491548885044, -1.400343491548898811 ) ) ;
#5506 = CARTESIAN_POINT ( 'NONE',  ( 16.15000000000000213, -1.035533905932756404, -2.500000000000011546 ) ) ;
#5507 = CARTESIAN_POINT ( 'NONE',  ( 7.575000000000003730, 1.798385574751153904, -1.798385574751167892 ) ) ;
#5508 = CARTESIAN_POINT ( 'NONE',  ( 14.57500000000000284, -1.053469879313114532, -2.543301270189235019 ) ) ;
#5509 = DIRECTION ( 'NONE',  ( 0.000000000000000000, 0.000000000000000000, 1.000000000000000000 ) ) ;
#5510 = CARTESIAN_POINT ( 'NONE',  ( 16.85000000000000497, 1.980384757729331868, 0.8203022253684526532 ) ) ;
#5511 = CARTESIAN_POINT ( 'NONE',  ( -8.956206739499515734, -0.5858326306829725327, -7.148309552310840864 ) ) ;
#5512 = ORIENTED_EDGE ( 'NONE', *, *, #4483, .T. ) ;
#5513 = CARTESIAN_POINT ( 'NONE',  ( 1.050000000000005818, -0.8203022253684664200, 1.980384757729345857 ) ) ;
#5514 =( BOUNDED_CURVE ( )  B_SPLINE_CURVE ( 2, ( #2759, #4644, #5303, #2834, #2249, #4129, #5228, #5861, #3534 ),
 .UNSPECIFIED., .F., .F. ) 
 B_SPLINE_CURVE_WITH_KNOTS ( ( 3, 2, 2, 2, 3 ),
 ( 0.1111111111111110494, 0.1157407407407406996, 0.1203703703703703498, 0.1250000000000000000, 0.1296296296296296502 ),
 .UNSPECIFIED. ) 
 CURVE ( )  GEOMETRIC_REPRESENTATION_ITEM ( )  RATIONAL_B_SPLINE_CURVE ( ( 1.000000000000000000, 0.9238795325112867385, 1.000000000000000000, 0.9238795325112867385, 1.000000000000000000, 0.9238795325112867385, 1.000000000000000000, 0.9238795325112867385, 1.000000000000000000 ) ) 
 REPRESENTATION_ITEM ( '' )  );
#5515 = CARTESIAN_POINT ( 'NONE',  ( 17.22500000000000497, 2.543301270189220809, -1.053469879313100765 ) ) ;
#5516 = CARTESIAN_POINT ( 'NONE',  ( 3.600000000000002309, -1.400343491548913022, 1.400343491548898589 ) ) ;
#5517 = CARTESIAN_POINT ( 'NONE',  ( 8.550000000000006040, -0.8203022253684651988, -1.980384757729346301 ) ) ;
#5518 = DIRECTION ( 'NONE',  ( 2.168404344971008868E-16, 1.000000000000000000, -0.000000000000000000 ) ) ;
#5519 = EDGE_CURVE ( 'NONE', #6886, #6495, #1345, .T. ) ;
#5520 = CARTESIAN_POINT ( 'NONE',  ( 11.90000000000000036, -1.375652421508278441E-14, -1.980384757729346301 ) ) ;
#5521 = FACE_OUTER_BOUND ( 'NONE', #2673, .T. ) ;
#5522 = CARTESIAN_POINT ( 'NONE',  ( 20.50000000000000000, -1.267509437117510519E-14, -2.500000000000010658 ) ) ;
#5523 = CARTESIAN_POINT ( 'NONE',  ( 0.5000000000000004441, 1.999167105994674953, 1.536366799938490901 ) ) ;
#5524 = CARTESIAN_POINT ( 'NONE',  ( 12.60000000000000497, -1.375652421508278441E-14, -1.980384757729346301 ) ) ;
#5525 = ORIENTED_EDGE ( 'NONE', *, *, #2672, .F. ) ;
#5526 = ORIENTED_EDGE ( 'NONE', *, *, #162, .F. ) ;
#5527 = CARTESIAN_POINT ( 'NONE',  ( 14.25000000000000355, -0.8203022253684651988, -1.980384757729346301 ) ) ;
#5528 = CARTESIAN_POINT ( 'NONE',  ( -8.589467622627234178, -2.190461453405187164, -6.626433063622118702 ) ) ;
#5529 = ADVANCED_FACE ( 'NONE', ( #3813 ), #6124, .T. ) ;
#5530 = CARTESIAN_POINT ( 'NONE',  ( 18.19999999999999929, -1.433703035749471672E-14, 2.500000000000011546 ) ) ;
#5531 = DIRECTION ( 'NONE',  ( 1.000000000000000000, -0.000000000000000000, -0.000000000000000000 ) ) ;
#5532 = EDGE_CURVE ( 'NONE', #7178, #6644, #3871, .T. ) ;
#5533 = DIRECTION ( 'NONE',  ( -0.000000000000000000, 1.000000000000000000, -0.000000000000000000 ) ) ;
#5534 = ORIENTED_EDGE ( 'NONE', *, *, #6020, .T. ) ;
#5535 = CARTESIAN_POINT ( 'NONE',  ( 17.60000000000000497, 1.980384757729332312, 0.000000000000000000 ) ) ;
#5536 = CARTESIAN_POINT ( 'NONE',  ( 3.775000000000003908, 1.053469879313087443, 2.543301270189234575 ) ) ;
#5537 = ORIENTED_EDGE ( 'NONE', *, *, #5633, .F. ) ;
#5538 = CARTESIAN_POINT ( 'NONE',  ( 3.850000000000003197, -0.8203022253684651988, -1.980384757729346301 ) ) ;
#5539 = CARTESIAN_POINT ( 'NONE',  ( 15.90000000000000036, -1.375652421508278441E-14, -1.980384757729346301 ) ) ;
#5540 = CARTESIAN_POINT ( 'NONE',  ( 19.15000000000000568, 1.980384757729332312, -0.8203022253684513210 ) ) ;
#5541 = CARTESIAN_POINT ( 'NONE',  ( 4.400000000000004796, -1.980384757729360068, -2.425271854633450283E-16 ) ) ;
#5542 = CARTESIAN_POINT ( 'NONE',  ( 11.30000000000000426, -2.500000000000025757, -3.061616997868397439E-16 ) ) ;
#5543 = CARTESIAN_POINT ( 'NONE',  ( 6.750000000000007105, -1.980384757729360512, 0.8203022253684510989 ) ) ;
#5544 = CARTESIAN_POINT ( 'NONE',  ( 4.300000000000001599, -1.424157858600947694E-14, 1.980384757729346301 ) ) ;
#5545 = DIRECTION ( 'NONE',  ( 0.000000000000000000, -1.000000000000000000, 0.000000000000000000 ) ) ;
#5546 = B_SPLINE_CURVE_WITH_KNOTS ( 'NONE', 1,
 ( #6157, #7346 ),
 .UNSPECIFIED., .F., .F.,
 ( 2, 2 ),
 ( 0.000000000000000000, 0.9612171003685484605 ),
 .UNSPECIFIED. ) ;
#5547 = AXIS2_PLACEMENT_3D ( 'NONE', #6304, #5757, #2185 ) ;
#5548 = CARTESIAN_POINT ( 'NONE',  ( 6.275000000000003020, -1.434498467178515336E-14, 2.543301270189235019 ) ) ;
#5549 = CARTESIAN_POINT ( 'NONE',  ( 15.42500000000000426, -1.372205551982422560E-14, -2.543301270189235019 ) ) ;
#5550 = CARTESIAN_POINT ( 'NONE',  ( 0.7500000000000013323, 6.212425677552092198E-14, -2.066987298107785698 ) ) ;
#5551 = CARTESIAN_POINT ( 'NONE',  ( 17.55000000000001137, 1.980384757729332312, -0.8203022253684514320 ) ) ;
#5552 = CARTESIAN_POINT ( 'NONE',  ( 0.5000000000000017764, 1.385658696841721049, 2.080853184601659134 ) ) ;
#5553 = ORIENTED_EDGE ( 'NONE', *, *, #5785, .T. ) ;
#5554 = CARTESIAN_POINT ( 'NONE',  ( 1.750000000000004885, 0.8203022253684378873, 1.980384757729345857 ) ) ;
#5555 = CARTESIAN_POINT ( 'NONE',  ( 18.57500000000000639, -1.798385574751181437, -1.798385574751167892 ) ) ;
#5556 = CARTESIAN_POINT ( 'NONE',  ( 3.249999999999999556, 1.980384757729332312, -0.8203022253684513210 ) ) ;
#5557 = VECTOR ( 'NONE', #199, 1000.000000000000000 ) ;
#5558 = CARTESIAN_POINT ( 'NONE',  ( 9.050000000000006040, -0.8203022253684664200, 1.980384757729345857 ) ) ;
#5559 = CARTESIAN_POINT ( 'NONE',  ( -12.50000000000000000, -2.695312500000008438, 0.000000000000000000 ) ) ;
#5560 = CARTESIAN_POINT ( 'NONE',  ( 14.70000000000000107, -1.424157858600947694E-14, 1.980384757729346301 ) ) ;
#5561 = CARTESIAN_POINT ( 'NONE',  ( -12.50000000000000000, 2.695312499999992006, -6.231472203984925073 ) ) ;
#5562 = CARTESIAN_POINT ( 'NONE',  ( 8.350000000000003197, 2.499999999999997780, -1.035533905932742638 ) ) ;
#5563 =( BOUNDED_CURVE ( )  B_SPLINE_CURVE ( 2, ( #3252, #1608, #7426, #6834, #6987, #2196, #315, #3956, #862 ),
 .UNSPECIFIED., .F., .F. ) 
 B_SPLINE_CURVE_WITH_KNOTS ( ( 3, 2, 2, 2, 3 ),
 ( 0.7407407407407406996, 0.7453703703703703498, 0.7500000000000000000, 0.7546296296296296502, 0.7592592592592593004 ),
 .UNSPECIFIED. ) 
 CURVE ( )  GEOMETRIC_REPRESENTATION_ITEM ( )  RATIONAL_B_SPLINE_CURVE ( ( 1.000000000000000000, 0.9238795325112867385, 1.000000000000000000, 0.9238795325112867385, 1.000000000000000000, 0.9238795325112867385, 1.000000000000000000, 0.9238795325112867385, 1.000000000000000000 ) ) 
 REPRESENTATION_ITEM ( '' )  );
#5564 = CARTESIAN_POINT ( 'NONE',  ( 10.30000000000000604, 1.400343491548885044, -1.400343491548898811 ) ) ;
#5565 = ORIENTED_EDGE ( 'NONE', *, *, #6302, .F. ) ;
#5566 = VECTOR ( 'NONE', #7130, 1000.000000000000000 ) ;
#5567 = VERTEX_POINT ( 'NONE', #214 ) ;
#5568 = CARTESIAN_POINT ( 'NONE',  ( 15.00000000000000355, -1.400343491548912578, -1.400343491548898811 ) ) ;
#5569 = FACE_OUTER_BOUND ( 'NONE', #4438, .T. ) ;
#5570 = CARTESIAN_POINT ( 'NONE',  ( 20.50000000000000000, -1.267509437117510519E-14, 0.000000000000000000 ) ) ;
#5571 = CARTESIAN_POINT ( 'NONE',  ( 2.300000000000003375, -1.433703035749471672E-14, 2.500000000000011546 ) ) ;
#5572 = DIRECTION ( 'NONE',  ( 1.000000000000000000, -2.104082812999166678E-16, 0.000000000000000000 ) ) ;
#5573 = DIRECTION ( 'NONE',  ( -0.000000000000000000, 1.000000000000000000, -0.000000000000000000 ) ) ;
#5574 = ORIENTED_EDGE ( 'NONE', *, *, #1843, .F. ) ;
#5575 = ORIENTED_EDGE ( 'NONE', *, *, #3651, .T. ) ;
#5576 = ADVANCED_FACE ( 'NONE', ( #3340 ), #490, .T. ) ;
#5577 = CARTESIAN_POINT ( 'NONE',  ( 2.275000000000002576, -1.053469879313116087, 2.543301270189234575 ) ) ;
#5578 = ORIENTED_EDGE ( 'NONE', *, *, #6538, .F. ) ;
#5579 = FACE_OUTER_BOUND ( 'NONE', #4995, .T. ) ;
#5580 = CARTESIAN_POINT ( 'NONE',  ( 14.30000000000000249, -1.375652421508278441E-14, -1.980384757729346301 ) ) ;
#5581 = CARTESIAN_POINT ( 'NONE',  ( 19.80000000000000426, -1.375652421508278441E-14, -1.980384757729346301 ) ) ;
#5582 = DIRECTION ( 'NONE',  ( 1.000000000000000000, -0.000000000000000000, -0.000000000000000000 ) ) ;
#5583 = CARTESIAN_POINT ( 'NONE',  ( 0.3417821225143960473, -2.500000000000002665, -0.5844688581182920784 ) ) ;
#5584 = CARTESIAN_POINT ( 'NONE',  ( 7.600000000000005862, -1.980384757729360068, -2.425271854633450283E-16 ) ) ;
#5585 = CARTESIAN_POINT ( 'NONE',  ( 2.500000000000002220, 1.980384757729332312, 0.000000000000000000 ) ) ;
#5586 = CARTESIAN_POINT ( 'NONE',  ( 7.800000000000003375, 1.767766952966362659, 1.767766952966377536 ) ) ;
#5587 = ADVANCED_FACE ( 'NONE', ( #5579 ), #3365, .T. ) ;
#5588 = CARTESIAN_POINT ( 'NONE',  ( 8.625000000000001776, 1.053469879313087443, 2.543301270189234575 ) ) ;
#5589 = CARTESIAN_POINT ( 'NONE',  ( 16.07500000000000639, -2.543301270189249674, -1.053469879313101210 ) ) ;
#5590 = CARTESIAN_POINT ( 'NONE',  ( 18.45000000000000284, -2.500000000000026201, 1.035533905932742194 ) ) ;
#5591 = CARTESIAN_POINT ( 'NONE',  ( 15.70000000000000639, -1.400343491548912578, -1.400343491548898811 ) ) ;
#5592 = CARTESIAN_POINT ( 'NONE',  ( 3.100000000000001865, -1.767766952966391303, 1.767766952966376870 ) ) ;
#5593 = EDGE_LOOP ( 'NONE', ( #2881, #4479, #945, #3978 ) ) ;
#5594 = CARTESIAN_POINT ( 'NONE',  ( 3.050000000000004707, 0.8203022253684377763, -1.980384757729346301 ) ) ;
#5595 = CARTESIAN_POINT ( 'NONE',  ( 17.82500000000000639, -1.053469879313114532, -2.543301270189235019 ) ) ;
#5596 = CARTESIAN_POINT ( 'NONE',  ( 3.100000000000001865, -1.375652421508278441E-14, -1.980384757729346301 ) ) ;
#5597 = CARTESIAN_POINT ( 'NONE',  ( 8.050000000000004263, 1.980384757729331868, 0.8203022253684526532 ) ) ;
#5598 = DIRECTION ( 'NONE',  ( -1.224646799147353207E-16, 2.655529440325959183E-32, 1.000000000000000000 ) ) ;
#5599 = CARTESIAN_POINT ( 'NONE',  ( 10.40000000000000213, 1.400343491548885044, -1.400343491548898811 ) ) ;
#5600 = CARTESIAN_POINT ( 'NONE',  ( 18.95000000000000284, 2.499999999999997780, 1.035533905932744414 ) ) ;
#5601 = CARTESIAN_POINT ( 'NONE',  ( 20.50000000000000000, -1.236893267138826574E-14, 2.500000000000010658 ) ) ;
#5602 = CARTESIAN_POINT ( 'NONE',  ( 0.5000000000000017764, 1.767766952964734184, 1.767766952967998240 ) ) ;
#5603 = CARTESIAN_POINT ( 'NONE',  ( 10.05000000000000426, -1.980384757729360290, -0.8203022253684516540 ) ) ;
#5604 = EDGE_LOOP ( 'NONE', ( #867, #321, #6241, #2859 ) ) ;
#5605 = ORIENTED_EDGE ( 'NONE', *, *, #7650, .F. ) ;
#5606 = CARTESIAN_POINT ( 'NONE',  ( 13.25000000000000178, -1.980384757729360512, 0.8203022253684509879 ) ) ;
#5607 = DIRECTION ( 'NONE',  ( 0.000000000000000000, 0.000000000000000000, 1.000000000000000000 ) ) ;
#5608 = CARTESIAN_POINT ( 'NONE',  ( 20.25000000000000355, 0.8203022253684378873, 1.980384757729345857 ) ) ;
#5609 =( BOUNDED_CURVE ( )  B_SPLINE_CURVE ( 2, ( #3290, #6116, #2669, #420, #6873, #279, #5687, #2005, #742 ),
 .UNSPECIFIED., .F., .T. ) 
 B_SPLINE_CURVE_WITH_KNOTS ( ( 3, 2, 2, 2, 3 ),
 ( 0.5000000000000000000, 0.5046296296296295392, 0.5092592592592593004, 0.5138888888888888395, 0.5185185185185184897 ),
 .UNSPECIFIED. ) 
 CURVE ( )  GEOMETRIC_REPRESENTATION_ITEM ( )  RATIONAL_B_SPLINE_CURVE ( ( 1.000000000000000000, 0.9238795325112867385, 1.000000000000000000, 0.9238795325112867385, 1.000000000000000000, 0.9238795325112867385, 1.000000000000000000, 0.9238795325112867385, 1.000000000000000000 ) ) 
 REPRESENTATION_ITEM ( '' )  );
#5610 = CARTESIAN_POINT ( 'NONE',  ( 16.75000000000000355, -1.035533905932757959, 2.500000000000011102 ) ) ;
#5611 = CARTESIAN_POINT ( 'NONE',  ( -6.254484727818772960, -2.625674005841378555, 0.000000000000000000 ) ) ;
#5612 = ORIENTED_EDGE ( 'NONE', *, *, #1470, .F. ) ;
#5613 = VECTOR ( 'NONE', #522, 1000.000000000000000 ) ;
#5614 = CARTESIAN_POINT ( 'NONE',  ( 0.7750000000000050182, -2.543301270189249674, 1.053469879313100099 ) ) ;
#5615 = ORIENTED_EDGE ( 'NONE', *, *, #5388, .T. ) ;
#5616 = CARTESIAN_POINT ( 'NONE',  ( 1.950000000000000622, -0.8203022253684665310, 1.980384757729345857 ) ) ;
#5617 = CARTESIAN_POINT ( 'NONE',  ( 13.10000000000000142, -1.424157858600947694E-14, 1.980384757729346301 ) ) ;
#5618 = CARTESIAN_POINT ( 'NONE',  ( 15.45000000000000462, -0.8203022253684664200, 1.980384757729345857 ) ) ;
#5619 = AXIS2_PLACEMENT_3D ( 'NONE', #1931, #6722, #5027 ) ;
#5620 = CYLINDRICAL_SURFACE ( 'NONE', #7764, 2.500000000000010658 ) ;
#5621 = CARTESIAN_POINT ( 'NONE',  ( 11.45000000000000284, -1.035533905932756404, -2.500000000000011546 ) ) ;
#5622 = CARTESIAN_POINT ( 'NONE',  ( 7.800000000000005151, -1.375652421508278441E-14, -1.980384757729346301 ) ) ;
#5623 = CARTESIAN_POINT ( 'NONE',  ( 3.900000000000000799, -1.375652421508278441E-14, -1.980384757729346301 ) ) ;
#5624 = EDGE_CURVE ( 'NONE', #1614, #3099, #6252, .T. ) ;
#5625 = VECTOR ( 'NONE', #3285, 1000.000000000000114 ) ;
#5626 = CYLINDRICAL_SURFACE ( 'NONE', #7699, 2.500000000000010658 ) ;
#5627 = CARTESIAN_POINT ( 'NONE',  ( 10.42500000000000426, -2.543301270189248786, -3.114645759804644720E-16 ) ) ;
#5628 = CARTESIAN_POINT ( 'NONE',  ( 11.05000000000000071, -0.8203022253684651988, -1.980384757729346301 ) ) ;
#5629 = CARTESIAN_POINT ( 'NONE',  ( 7.775000000000002132, 1.798385574751153682, 1.798385574751168337 ) ) ;
#5630 = AXIS2_PLACEMENT_3D ( 'NONE', #3132, #781, #3170 ) ;
#5631 = CARTESIAN_POINT ( 'NONE',  ( 15.32500000000000462, -1.798385574751181437, -1.798385574751167892 ) ) ;
#5632 = CARTESIAN_POINT ( 'NONE',  ( 3.900000000000004352, -1.433703035749471672E-14, 2.500000000000011546 ) ) ;
#5633 = EDGE_CURVE ( 'NONE', #2494, #121, #993, .T. ) ;
#5634 = CARTESIAN_POINT ( 'NONE',  ( 15.95000000000000639, 1.980384757729332312, -0.8203022253684514320 ) ) ;
#5635 = EDGE_CURVE ( 'NONE', #66, #913, #602, .T. ) ;
#5636 = CARTESIAN_POINT ( 'NONE',  ( 19.30000000000000426, -2.500000000000025757, -3.061616997868397439E-16 ) ) ;
#5637 = CARTESIAN_POINT ( 'NONE',  ( 2.450000000000004174, 1.980384757729331868, 0.8203022253684526532 ) ) ;
#5638 = CARTESIAN_POINT ( 'NONE',  ( 18.72499999999999787, 1.053469879313086999, -2.543301270189235019 ) ) ;
#5639 = CARTESIAN_POINT ( 'NONE',  ( 2.700000000000001066, -1.424157858600947694E-14, 1.980384757729346301 ) ) ;
#5640 = CARTESIAN_POINT ( 'NONE',  ( 8.450000000000006395, -1.980384757729360290, -0.8203022253684516540 ) ) ;
#5641 = CARTESIAN_POINT ( 'NONE',  ( 14.30000000000000249, -1.433703035749471672E-14, 2.500000000000011546 ) ) ;
#5642 = CARTESIAN_POINT ( 'NONE',  ( 10.20000000000000107, -1.400343491548912578, -1.400343491548898811 ) ) ;
#5643 = CARTESIAN_POINT ( 'NONE',  ( 6.650000000000003020, -1.035533905932756404, -2.500000000000011546 ) ) ;
#5644 = CYLINDRICAL_SURFACE ( 'NONE', #2050, 2.500000000000010658 ) ;
#5645 = DIRECTION ( 'NONE',  ( 0.000000000000000000, -0.000000000000000000, -1.000000000000000000 ) ) ;
#5646 = ADVANCED_FACE ( 'NONE', ( #4599 ), #2209, .T. ) ;
#5647 = CARTESIAN_POINT ( 'NONE',  ( 12.65000000000000391, 0.8203022253684377763, -1.980384757729346301 ) ) ;
#5648 = ORIENTED_EDGE ( 'NONE', *, *, #2080, .F. ) ;
#5649 = EDGE_LOOP ( 'NONE', ( #391, #6337, #745, #5750 ) ) ;
#5650 = CARTESIAN_POINT ( 'NONE',  ( 15.15000000000000036, 0.8203022253684377763, -1.980384757729346301 ) ) ;
#5651 = CARTESIAN_POINT ( 'NONE',  ( 0.5652630134910434645, -0.5766878062374160008, 2.320863962504742251 ) ) ;
#5652 = DIRECTION ( 'NONE',  ( -1.000000000000000000, 0.000000000000000000, 0.000000000000000000 ) ) ;
#5653 = CARTESIAN_POINT ( 'NONE',  ( 11.65000000000000391, 2.499999999999997780, -1.035533905932742638 ) ) ;
#5654 = CARTESIAN_POINT ( 'NONE',  ( 20.49999999999999645, -1.241791854335415917E-14, -2.100000000000018296 ) ) ;
#5655 = ORIENTED_EDGE ( 'NONE', *, *, #4397, .T. ) ;
#5656 = CARTESIAN_POINT ( 'NONE',  ( 10.30000000000000426, -1.767766952966391303, 1.767766952966376870 ) ) ;
#5657 = ORIENTED_EDGE ( 'NONE', *, *, #6927, .F. ) ;
#5658 = CARTESIAN_POINT ( 'NONE',  ( 2.550000000000000266, 1.980384757729331868, 0.8203022253684526532 ) ) ;
#5659 = CARTESIAN_POINT ( 'NONE',  ( 14.80000000000000071, -1.400343491548913022, 1.400343491548898589 ) ) ;
#5660 = CARTESIAN_POINT ( 'NONE',  ( 16.50000000000000711, -1.400343491548912578, -1.400343491548898811 ) ) ;
#5661 = CARTESIAN_POINT ( 'NONE',  ( -0.04999999999999449329, 1.980384757729332312, -0.8203022253684513210 ) ) ;
#5662 = LINE ( 'NONE', #2062, #2697 ) ;
#5663 = CARTESIAN_POINT ( 'NONE',  ( 3.400000000000000355, 1.400343491548884600, 1.400343491548899033 ) ) ;
#5664 = CARTESIAN_POINT ( 'NONE',  ( -7.443854296502132151, -2.695312500000009770, 0.000000000000000000 ) ) ;
#5665 = CARTESIAN_POINT ( 'NONE',  ( 9.975000000000003197, 2.543301270189220809, -1.053469879313100765 ) ) ;
#5666 = ORIENTED_EDGE ( 'NONE', *, *, #451, .T. ) ;
#5667 = CARTESIAN_POINT ( 'NONE',  ( 11.75000000000000355, -1.980384757729360068, -0.8203022253684516540 ) ) ;
#5668 = EDGE_CURVE ( 'NONE', #705, #7225, #5149, .T. ) ;
#5669 = CARTESIAN_POINT ( 'NONE',  ( 3.725000000000003197, 2.543301270189220809, 1.053469879313102542 ) ) ;
#5670 = CARTESIAN_POINT ( 'NONE',  ( 14.07500000000000284, 2.543301270189220809, 1.053469879313102542 ) ) ;
#5671 = CARTESIAN_POINT ( 'NONE',  ( 0.7538564944600189000, 0.1320732380644494275, -2.060307653763963742 ) ) ;
#5672 = CLOSED_SHELL ( 'NONE', ( #3328, #935, #4573, #229, #5956, #838, #5114, #1414, #2420, #7374 ) ) ;
#5673 = CARTESIAN_POINT ( 'NONE',  ( 13.60000000000000497, 1.980384757729332312, 0.000000000000000000 ) ) ;
#5674 = DIRECTION ( 'NONE',  ( 1.000000000000000000, 0.000000000000000000, -1.224646799147351975E-16 ) ) ;
#5675 = CARTESIAN_POINT ( 'NONE',  ( 2.000000000000005329, -1.980384757729360068, -2.425271854633450283E-16 ) ) ;
#5676 = CIRCLE ( 'NONE', #4548, 6.245515272181224375 ) ;
#5677 = ADVANCED_FACE ( 'NONE', ( #1627 ), #1768, .T. ) ;
#5678 = EDGE_CURVE ( 'NONE', #359, #2743, #7640, .T. ) ;
#5679 = CARTESIAN_POINT ( 'NONE',  ( 14.97500000000000142, 1.798385574751153682, 1.798385574751168337 ) ) ;
#5680 = CARTESIAN_POINT ( 'NONE',  ( 4.900000000000001243, 1.980384757729332312, 0.000000000000000000 ) ) ;
#5681 = CARTESIAN_POINT ( 'NONE',  ( 6.600000000000004974, -1.424157858600947694E-14, 1.980384757729346301 ) ) ;
#5682 = LINE ( 'NONE', #1410, #4243 ) ;
#5683 = CONICAL_SURFACE ( 'NONE', #6824, 7.842684634639458530, 0.7853981633974492782 ) ;
#5684 = CARTESIAN_POINT ( 'NONE',  ( 10.95000000000000107, -1.980384757729360290, -0.8203022253684516540 ) ) ;
#5685 = LINE ( 'NONE', #1492, #1243 ) ;
#5686 = DIRECTION ( 'NONE',  ( 0.000000000000000000, 0.000000000000000000, -1.000000000000000000 ) ) ;
#5687 = CARTESIAN_POINT ( 'NONE',  ( 11.30000000000000071, -1.767766952966390637, -1.767766952966377092 ) ) ;
#5688 = CARTESIAN_POINT ( 'NONE',  ( 11.65000000000000746, -1.980384757729360290, -0.8203022253684516540 ) ) ;
#5689 = ORIENTED_EDGE ( 'NONE', *, *, #4968, .T. ) ;
#5690 = VECTOR ( 'NONE', #155, 1000.000000000000000 ) ;
#5691 = EDGE_CURVE ( 'NONE', #2132, #2509, #3928, .T. ) ;
#5692 = VERTEX_POINT ( 'NONE', #2680 ) ;
#5693 = CARTESIAN_POINT ( 'NONE',  ( 13.75000000000000178, 1.980384757729331868, 0.8203022253684526532 ) ) ;
#5694 = CARTESIAN_POINT ( 'NONE',  ( 10.10000000000000320, 1.767766952966362659, 1.767766952966377536 ) ) ;
#5695 = CARTESIAN_POINT ( 'NONE',  ( 18.50000000000000355, 1.980384757729332312, 0.000000000000000000 ) ) ;
#5696 = CARTESIAN_POINT ( 'NONE',  ( 17.40000000000000213, 1.767766952966362659, 1.767766952966377536 ) ) ;
#5697 = ORIENTED_EDGE ( 'NONE', *, *, #1950, .T. ) ;
#5698 = CARTESIAN_POINT ( 'NONE',  ( 0.5750000000000025091, 1.053469879313087443, 2.543301270189234575 ) ) ;
#5699 = ORIENTED_EDGE ( 'NONE', *, *, #268, .T. ) ;
#5700 = CARTESIAN_POINT ( 'NONE',  ( 2.350000000000001421, 0.8203022253684377763, -1.980384757729346301 ) ) ;
#5701 = CIRCLE ( 'NONE', #1698, 2.100000000000018296 ) ;
#5702 = DIRECTION ( 'NONE',  ( 2.168404344971008868E-16, 1.000000000000000000, -0.000000000000000000 ) ) ;
#5703 = CARTESIAN_POINT ( 'NONE',  ( 15.55000000000000426, -1.980384757729360512, 0.8203022253684509879 ) ) ;
#5704 = CARTESIAN_POINT ( 'NONE',  ( 1.200000000000006617, -1.980384757729360068, -2.425271854633450283E-16 ) ) ;
#5705 = CARTESIAN_POINT ( 'NONE',  ( -0.4661919746328981873, -2.500000000000002220, -1.484280771488458717 ) ) ;
#5706 = PERSON ( 'UNSPECIFIED', 'UNSPECIFIED', 'UNSPECIFIED', ('UNSPECIFIED'), ('UNSPECIFIED'), ('UNSPECIFIED') ) ;
#5707 = DIRECTION ( 'NONE',  ( 1.000000000000000000, -0.000000000000000000, -0.000000000000000000 ) ) ;
#5708 = CARTESIAN_POINT ( 'NONE',  ( 20.50000000000000000, -1.267509437117510519E-14, 0.000000000000000000 ) ) ;
#5709 = B_SPLINE_CURVE_WITH_KNOTS ( 'NONE', 3,
 ( #1840, #73, #7259, #4223, #1141, #6627, #2459, #4267, #2347, #112, #3525, #6663, #699, #1210, #3595, #3092 ),
 .UNSPECIFIED., .F., .F.,
 ( 4, 2, 2, 2, 2, 2, 2, 4 ),
 ( 2.168404344971008868E-19, 0.0009732167545737349310, 0.001946433509147468778, 0.002919650263721203058, 0.003892867018294937122, 0.005839300527442400912, 0.006812517282016132374, 0.007785734036589863835 ),
 .UNSPECIFIED. ) ;
#5710 = CARTESIAN_POINT ( 'NONE',  ( 8.325000000000004619, 1.798385574751153904, -1.798385574751167892 ) ) ;
#5711 = ORIENTED_EDGE ( 'NONE', *, *, #268, .F. ) ;
#5712 = CARTESIAN_POINT ( 'NONE',  ( 9.900000000000000355, -1.424157858600947694E-14, 1.980384757729346301 ) ) ;
#5713 = CARTESIAN_POINT ( 'NONE',  ( 5.475000000000002309, -1.434498467178515336E-14, 2.543301270189235019 ) ) ;
#5714 = CARTESIAN_POINT ( 'NONE',  ( 4.150000000000004796, -2.500000000000025757, -1.035533905932743082 ) ) ;
#5715 = B_SPLINE_CURVE_WITH_KNOTS ( 'NONE', 3,
 ( #4966, #2405, #1236, #7245, #4253, #6651 ),
 .UNSPECIFIED., .F., .F.,
 ( 4, 2, 4 ),
 ( 0.000000000000000000, 0.0005507691478925762218, 0.001101538295785152444 ),
 .UNSPECIFIED. ) ;
#5716 = CARTESIAN_POINT ( 'NONE',  ( 14.55000000000000604, 0.8203022253684378873, 1.980384757729345857 ) ) ;
#5717 = CC_DESIGN_PERSON_AND_ORGANIZATION_ASSIGNMENT ( #4259, #1279, ( #6393 ) ) ;
#5718 = CARTESIAN_POINT ( 'NONE',  ( 8.700000000000002842, -1.767766952966391303, 1.767766952966376870 ) ) ;
#5719 = CARTESIAN_POINT ( 'NONE',  ( 20.60000000000000142, -1.400343491548912578, -1.400343491548898811 ) ) ;
#5720 = CARTESIAN_POINT ( 'NONE',  ( 14.42500000000000249, -2.543301270189249674, 1.053469879313100099 ) ) ;
#5721 = CARTESIAN_POINT ( 'NONE',  ( 21.22500000000000497, 2.543301270189221253, 0.000000000000000000 ) ) ;
#5722 = CARTESIAN_POINT ( 'NONE',  ( 5.750000000000004441, 0.8203022253684378873, 1.980384757729345857 ) ) ;
#5723 = CARTESIAN_POINT ( 'NONE',  ( -3.620784087587458178, -1.244020173586684042, 4.233803624066498017 ) ) ;
#5724 = CARTESIAN_POINT ( 'NONE',  ( 10.30000000000000249, -1.375652421508278441E-14, -1.980384757729346301 ) ) ;
#5725 = CARTESIAN_POINT ( 'NONE',  ( 9.100000000000003197, -1.372470695792103624E-14, -2.500000000000011546 ) ) ;
#5726 = DIRECTION ( 'NONE',  ( -0.000000000000000000, 1.000000000000000000, -0.000000000000000000 ) ) ;
#5727 = EDGE_CURVE ( 'NONE', #7584, #1479, #897, .T. ) ;
#5728 = EDGE_CURVE ( 'NONE', #121, #2579, #3491, .T. ) ;
#5729 = CARTESIAN_POINT ( 'NONE',  ( 8.050000000000004263, 1.980384757729331868, 0.8203022253684526532 ) ) ;
#5730 = ORIENTED_EDGE ( 'NONE', *, *, #7608, .T. ) ;
#5731 = ORIENTED_EDGE ( 'NONE', *, *, #6009, .F. ) ;
#5732 = AXIS2_PLACEMENT_3D ( 'NONE', #7120, #5968, #6639 ) ;
#5733 = CARTESIAN_POINT ( 'NONE',  ( 10.15000000000000036, -1.980384757729360290, -0.8203022253684516540 ) ) ;
#5734 = DIRECTION ( 'NONE',  ( 0.000000000000000000, 0.000000000000000000, -1.000000000000000000 ) ) ;
#5735 = CARTESIAN_POINT ( 'NONE',  ( 19.25000000000000355, 1.980384757729332312, -0.8203022253684514320 ) ) ;
#5736 = EDGE_CURVE ( 'NONE', #1255, #4060, #4495, .T. ) ;
#5737 = DIRECTION ( 'NONE',  ( -2.168404344971008868E-16, -1.000000000000000000, 0.000000000000000000 ) ) ;
#5738 = VERTEX_POINT ( 'NONE', #5781 ) ;
#5739 = CARTESIAN_POINT ( 'NONE',  ( 0.6750000000000020428, -1.053469879313116087, 2.543301270189234575 ) ) ;
#5740 = ORIENTED_EDGE ( 'NONE', *, *, #4669, .F. ) ;
#5741 = CARTESIAN_POINT ( 'NONE',  ( 3.000000000000002665, -1.400343491548912578, -1.400343491548898811 ) ) ;
#5742 = CARTESIAN_POINT ( 'NONE',  ( -12.50000000000000000, -2.695312499999995115, 0.000000000000000000 ) ) ;
#5743 = CARTESIAN_POINT ( 'NONE',  ( 17.40000000000000568, -1.375652421508278441E-14, -1.980384757729346301 ) ) ;
#5744 = DIRECTION ( 'NONE',  ( 1.000000000000000000, -0.000000000000000000, -0.000000000000000000 ) ) ;
#5745 = DIRECTION ( 'NONE',  ( -0.000000000000000000, 0.000000000000000000, -1.000000000000000000 ) ) ;
#5746 = CARTESIAN_POINT ( 'NONE',  ( -8.589467622627234178, 0.000000000000000000, -6.979092815367826219 ) ) ;
#5747 = CARTESIAN_POINT ( 'NONE',  ( 10.90000000000000391, 1.767766952966362659, 1.767766952966377536 ) ) ;
#5748 = ADVANCED_FACE ( 'NONE', ( #5147 ), #2121, .T. ) ;
#5749 = CARTESIAN_POINT ( 'NONE',  ( 10.12500000000000355, 1.798385574751153682, 1.798385574751168337 ) ) ;
#5750 = ORIENTED_EDGE ( 'NONE', *, *, #5335, .T. ) ;
#5751 = CARTESIAN_POINT ( 'NONE',  ( 10.10000000000000142, -1.980384757729360068, -2.425271854633450283E-16 ) ) ;
#5752 = CARTESIAN_POINT ( 'NONE',  ( 5.075000000000002842, -1.372205551982422560E-14, -2.543301270189235019 ) ) ;
#5753 = CARTESIAN_POINT ( 'NONE',  ( -18.51942169149164030, -2.875000000000007105, 7.472085020746190242E-16 ) ) ;
#5754 = AXIS2_PLACEMENT_3D ( 'NONE', #7636, #2875, #1708 ) ;
#5755 = EDGE_CURVE ( 'NONE', #2132, #5896, #3016, .T. ) ;
#5756 = CARTESIAN_POINT ( 'NONE',  ( 14.25000000000000711, 0.8203022253684377763, -1.980384757729346301 ) ) ;
#5757 = DIRECTION ( 'NONE',  ( 1.000000000000000000, -0.000000000000000000, -0.000000000000000000 ) ) ;
#5758 = CARTESIAN_POINT ( 'NONE',  ( 20.30000000000000071, -1.424157858600947694E-14, 1.980384757729346301 ) ) ;
#5759 = CIRCLE ( 'NONE', #2626, 3.847401720642126044 ) ;
#5760 = CARTESIAN_POINT ( 'NONE',  ( 15.42500000000000249, -1.053469879313114532, -2.543301270189235019 ) ) ;
#5761 = CARTESIAN_POINT ( 'NONE',  ( 1.900000000000002354, -1.424157858600947694E-14, 1.980384757729346301 ) ) ;
#5762 = DIRECTION ( 'NONE',  ( 2.168404344971008868E-16, 1.000000000000000000, -0.000000000000000000 ) ) ;
#5763 = CARTESIAN_POINT ( 'NONE',  ( 5.800000000000005151, -1.424157858600947694E-14, 1.980384757729346301 ) ) ;
#5764 = CARTESIAN_POINT ( 'NONE',  ( -7.619666505508620347, 2.042052523544252374, 6.139222040369233468 ) ) ;
#5765 = CARTESIAN_POINT ( 'NONE',  ( 10.25000000000000178, -0.8203022253684651988, -1.980384757729346301 ) ) ;
#5766 = CARTESIAN_POINT ( 'NONE',  ( 9.150000000000002132, 1.035533905932728871, -2.500000000000011546 ) ) ;
#5767 = AXIS2_PLACEMENT_3D ( 'NONE', #2932, #7174, #7139 ) ;
#5768 = CARTESIAN_POINT ( 'NONE',  ( 15.35000000000000497, -2.500000000000025757, -1.035533905932743082 ) ) ;
#5769 = CARTESIAN_POINT ( 'NONE',  ( 7.750000000000006217, -0.8203022253684651988, -1.980384757729346301 ) ) ;
#5770 = EDGE_LOOP ( 'NONE', ( #5740, #1146, #915, #2711 ) ) ;
#5771 = ORIENTED_EDGE ( 'NONE', *, *, #2658, .F. ) ;
#5772 = CARTESIAN_POINT ( 'NONE',  ( 11.65000000000000213, -1.980384757729360512, 0.8203022253684509879 ) ) ;
#5773 = EDGE_CURVE ( 'NONE', #6357, #1417, #2315, .T. ) ;
#5774 = DIRECTION ( 'NONE',  ( 1.000000000000000000, -0.000000000000000000, -0.000000000000000000 ) ) ;
#5775 = CARTESIAN_POINT ( 'NONE',  ( 17.75000000000000711, 1.980384757729331868, 0.8203022253684526532 ) ) ;
#5776 = CARTESIAN_POINT ( 'NONE',  ( 3.800000000000004707, -1.375652421508278441E-14, -1.980384757729346301 ) ) ;
#5777 = CARTESIAN_POINT ( 'NONE',  ( 7.100000000000004086, -1.433703035749471672E-14, 2.500000000000011546 ) ) ;
#5778 = CARTESIAN_POINT ( 'NONE',  ( 16.14999999999999858, 1.980384757729331868, 0.8203022253684526532 ) ) ;
#5779 = ORIENTED_EDGE ( 'NONE', *, *, #6831, .F. ) ;
#5780 =( BOUNDED_CURVE ( )  B_SPLINE_CURVE ( 2, ( #6234, #6750, #4896, #6711, #2623, #822, #4466, #7299, #3248 ),
 .UNSPECIFIED., .F., .F. ) 
 B_SPLINE_CURVE_WITH_KNOTS ( ( 3, 2, 2, 2, 3 ),
 ( 0.5555555555555555802, 0.5601851851851851194, 0.5648148148148148806, 0.5694444444444444198, 0.5740740740740740700 ),
 .UNSPECIFIED. ) 
 CURVE ( )  GEOMETRIC_REPRESENTATION_ITEM ( )  RATIONAL_B_SPLINE_CURVE ( ( 1.000000000000000000, 0.9238795325112867385, 1.000000000000000000, 0.9238795325112867385, 1.000000000000000000, 0.9238795325112867385, 1.000000000000000000, 0.9238795325112867385, 1.000000000000000000 ) ) 
 REPRESENTATION_ITEM ( '' )  );
#5781 = CARTESIAN_POINT ( 'NONE',  ( 2.600000000000000977, -1.372470695792103782E-14, -2.500000000000011546 ) ) ;
#5782 = ORIENTED_EDGE ( 'NONE', *, *, #7133, .T. ) ;
#5783 = EDGE_CURVE ( 'NONE', #3736, #1622, #1076, .T. ) ;
#5784 = CARTESIAN_POINT ( 'NONE',  ( 19.25000000000000355, 1.980384757729332312, -0.8203022253684513210 ) ) ;
#5785 = EDGE_CURVE ( 'NONE', #1856, #913, #2983, .T. ) ;
#5786 = CARTESIAN_POINT ( 'NONE',  ( 3.900000000000004352, -1.433703035749471672E-14, 2.500000000000011546 ) ) ;
#5787 = CARTESIAN_POINT ( 'NONE',  ( 16.85000000000000497, 1.980384757729331868, 0.8203022253684526532 ) ) ;
#5788 = DIRECTION ( 'NONE',  ( 1.000000000000000000, -0.000000000000000000, -0.000000000000000000 ) ) ;
#5789 = DIRECTION ( 'NONE',  ( 0.000000000000000000, -1.000000000000000000, 0.000000000000000000 ) ) ;
#5790 = CARTESIAN_POINT ( 'NONE',  ( 1.050000000000002265, 0.8203022253684378873, 1.980384757729345857 ) ) ;
#5791 = DIRECTION ( 'NONE',  ( 0.000000000000000000, 0.000000000000000000, 1.000000000000000000 ) ) ;
#5792 = CARTESIAN_POINT ( 'NONE',  ( 8.725000000000003197, -1.798385574751182103, 1.798385574751167670 ) ) ;
#5793 = VERTEX_POINT ( 'NONE', #6074 ) ;
#5794 = CARTESIAN_POINT ( 'NONE',  ( 8.200000000000001066, 1.400343491548884600, 1.400343491548899033 ) ) ;
#5795 = EDGE_CURVE ( 'NONE', #3202, #7389, #3115, .T. ) ;
#5796 = CARTESIAN_POINT ( 'NONE',  ( 3.925000000000001155, -1.053469879313116087, 2.543301270189234575 ) ) ;
#5797 = CARTESIAN_POINT ( 'NONE',  ( 3.850000000000003197, 1.035533905932729315, 2.500000000000011102 ) ) ;
#5798 = CARTESIAN_POINT ( 'NONE',  ( 14.95000000000000462, -0.8203022253684651988, -1.980384757729346301 ) ) ;
#5799 = CARTESIAN_POINT ( 'NONE',  ( 16.30000000000000426, -1.372470695792103624E-14, -2.500000000000011546 ) ) ;
#5800 = CARTESIAN_POINT ( 'NONE',  ( 19.65000000000000213, -1.980384757729360512, 0.8203022253684509879 ) ) ;
#5801 = CARTESIAN_POINT ( 'NONE',  ( 13.97500000000000320, 1.798385574751153904, -1.798385574751167892 ) ) ;
#5802 = CARTESIAN_POINT ( 'NONE',  ( 0.09999999999999939493, 1.980384757729332312, 0.000000000000000000 ) ) ;
#5803 = CARTESIAN_POINT ( 'NONE',  ( -12.49999999999999822, -2.042052523544255482, -7.842684634639458530 ) ) ;
#5804 = CARTESIAN_POINT ( 'NONE',  ( 4.800000000000006040, 1.980384757729332312, 0.000000000000000000 ) ) ;
#5805 = CARTESIAN_POINT ( 'NONE',  ( -3.056361663970814657, -1.283853004669423425, 3.927156090880980166 ) ) ;
#5806 = CARTESIAN_POINT ( 'NONE',  ( 6.150000000000000355, -1.980384757729360290, -0.8203022253684516540 ) ) ;
#5807 = CARTESIAN_POINT ( 'NONE',  ( 7.450000000000003730, -1.035533905932756404, -2.500000000000011546 ) ) ;
#5808 = CARTESIAN_POINT ( 'NONE',  ( 7.150000000000005684, 1.980384757729332312, -0.8203022253684513210 ) ) ;
#5809 = ORIENTED_EDGE ( 'NONE', *, *, #5345, .T. ) ;
#5810 = CARTESIAN_POINT ( 'NONE',  ( 10.35000000000000142, 0.8203022253684377763, -1.980384757729346301 ) ) ;
#5811 = AXIS2_PLACEMENT_3D ( 'NONE', #5123, #4531, #1560 ) ;
#5812 = DIRECTION ( 'NONE',  ( 0.000000000000000000, 0.000000000000000000, -1.000000000000000000 ) ) ;
#5813 = CARTESIAN_POINT ( 'NONE',  ( 18.85000000000000142, -1.980384757729360512, 0.8203022253684510989 ) ) ;
#5814 = CARTESIAN_POINT ( 'NONE',  ( 3.200000000000005063, 1.980384757729332312, 0.000000000000000000 ) ) ;
#5815 = CARTESIAN_POINT ( 'NONE',  ( -8.956206739499515734, 0.5858326306829682029, 7.148309552310840864 ) ) ;
#5816 = CARTESIAN_POINT ( 'NONE',  ( 16.90000000000000213, 1.980384757729332312, 0.000000000000000000 ) ) ;
#5817 = ORIENTED_EDGE ( 'NONE', *, *, #7701, .F. ) ;
#5818 = CARTESIAN_POINT ( 'NONE',  ( 20.49999999999999645, -1.267509437117510519E-14, 0.000000000000000000 ) ) ;
#5819 = ORIENTED_EDGE ( 'NONE', *, *, #5377, .F. ) ;
#5820 = CARTESIAN_POINT ( 'NONE',  ( 20.05000000000000426, 1.980384757729332312, -0.8203022253684513210 ) ) ;
#5821 = CARTESIAN_POINT ( 'NONE',  ( 18.50000000000000355, -1.767766952966390637, -1.767766952966377092 ) ) ;
#5822 = CARTESIAN_POINT ( 'NONE',  ( 14.05000000000000604, -1.980384757729360290, -0.8203022253684516540 ) ) ;
#5823 = DIRECTION ( 'NONE',  ( 0.000000000000000000, -1.000000000000000000, 0.000000000000000000 ) ) ;
#5824 = CARTESIAN_POINT ( 'NONE',  ( 1.549999999999999156, 0.8203022253684377763, -1.980384757729346301 ) ) ;
#5825 = CARTESIAN_POINT ( 'NONE',  ( 20.50000000000000000, -1.236893267138826574E-14, 2.500000000000010658 ) ) ;
#5826 = EDGE_CURVE ( 'NONE', #3138, #1847, #6406, .T. ) ;
#5827 =( BOUNDED_CURVE ( )  B_SPLINE_CURVE ( 2, ( #4635, #5294, #6996, #3375, #7703, #4552, #1735, #7590, #4120 ),
 .UNSPECIFIED., .F., .T. ) 
 B_SPLINE_CURVE_WITH_KNOTS ( ( 3, 2, 2, 2, 3 ),
 ( 0.01851851851850855324, 0.02314814814814068755, 0.02777777777777282187, 0.03240740740740495618, 0.03703703703703697947 ),
 .UNSPECIFIED. ) 
 CURVE ( )  GEOMETRIC_REPRESENTATION_ITEM ( )  RATIONAL_B_SPLINE_CURVE ( ( 1.000000000000163425, 0.9238795325111233137, 1.000000000000000000, 0.9238795325112867385, 1.000000000000000000, 0.9238795325112867385, 1.000000000000000000, 0.9238795325112867385, 1.000000000000000000 ) ) 
 REPRESENTATION_ITEM ( '' )  );
#5828 = CIRCLE ( 'NONE', #4810, 6.979092815367791580 ) ;
#5829 = CARTESIAN_POINT ( 'NONE',  ( 6.025000000000003908, 2.543301270189221253, 0.000000000000000000 ) ) ;
#5830 = ORIENTED_EDGE ( 'NONE', *, *, #7260, .F. ) ;
#5831 = CARTESIAN_POINT ( 'NONE',  ( 9.150000000000002132, -0.8203022253684665310, 1.980384757729345857 ) ) ;
#5832 = CARTESIAN_POINT ( 'NONE',  ( 3.025000000000003464, 1.053469879313087443, 2.543301270189234575 ) ) ;
#5833 = FACE_OUTER_BOUND ( 'NONE', #2321, .T. ) ;
#5834 = CARTESIAN_POINT ( 'NONE',  ( 13.10000000000000497, -1.400343491548913022, 1.400343491548898589 ) ) ;
#5835 = CARTESIAN_POINT ( 'NONE',  ( -12.50000000000000000, -2.042052523544255482, 0.000000000000000000 ) ) ;
#5836 = CARTESIAN_POINT ( 'NONE',  ( 15.25000000000000355, -2.500000000000025757, -1.035533905932743082 ) ) ;
#5837 = CARTESIAN_POINT ( 'NONE',  ( 19.10000000000000142, -1.375652421508278441E-14, -1.980384757729346301 ) ) ;
#5838 = CARTESIAN_POINT ( 'NONE',  ( 14.17500000000000426, 1.798385574751153682, 1.798385574751168337 ) ) ;
#5839 = CARTESIAN_POINT ( 'NONE',  ( 2.000000000000001776, -1.400343491548913022, 1.400343491548898589 ) ) ;
#5840 = DIRECTION ( 'NONE',  ( -0.000000000000000000, 1.000000000000000000, -0.000000000000000000 ) ) ;
#5841 = CARTESIAN_POINT ( 'NONE',  ( 7.150000000000005684, 1.980384757729332312, -0.8203022253684513210 ) ) ;
#5842 = CARTESIAN_POINT ( 'NONE',  ( -1.503081023332830890, -1.772424525833984132, 2.884145864400714743 ) ) ;
#5843 = CARTESIAN_POINT ( 'NONE',  ( 5.550000000000000711, 0.8203022253684377763, -1.980384757729346301 ) ) ;
#5844 = CARTESIAN_POINT ( 'NONE',  ( -0.01973694079754045871, 2.499999999999992006, -1.079778991085255546 ) ) ;
#5845 = DIRECTION ( 'NONE',  ( -0.000000000000000000, 1.000000000000000000, -0.000000000000000000 ) ) ;
#5846 = B_SPLINE_CURVE_WITH_KNOTS ( 'NONE', 3,
 ( #284, #4401, #1421, #3812, #4476, #750, #6205, #7433, #165, #1461, #5065, #833, #6123, #2552, #870, #2051, #7352, #246, #6878, #5026, #1501, #3886, #6842, #3258, #5651, #4041, #1654, #6439 ),
 .UNSPECIFIED., .F., .F.,
 ( 4, 2, 2, 2, 2, 2, 2, 2, 2, 2, 2, 2, 2, 4 ),
 ( 0.001584478570916109585, 0.002462263499958613263, 0.002901155964479865210, 0.003340048429001117158, 0.004217833358043621486, 0.004656725822564874301, 0.005095618287086126248, 0.005534510751607378196, 0.005973403216128631010, 0.006851188145171134905, 0.007290080609692387720, 0.007728973074213640534, 0.008167865538734891614, 0.008606758003256144429 ),
 .UNSPECIFIED. ) ;
#5847 = CARTESIAN_POINT ( 'NONE',  ( 8.750000000000005329, 1.980384757729332312, -0.8203022253684513210 ) ) ;
#5848 = VERTEX_POINT ( 'NONE', #2909 ) ;
#5849 = CARTESIAN_POINT ( 'NONE',  ( 9.350000000000001421, -1.980384757729360290, -0.8203022253684516540 ) ) ;
#5850 = FACE_OUTER_BOUND ( 'NONE', #6444, .T. ) ;
#5851 = CARTESIAN_POINT ( 'NONE',  ( 18.05000000000000426, -1.980384757729360512, 0.8203022253684510989 ) ) ;
#5852 = CARTESIAN_POINT ( 'NONE',  ( 3.400000000000003908, -1.424157858600947694E-14, 1.980384757729346301 ) ) ;
#5853 = CARTESIAN_POINT ( 'NONE',  ( -17.37645820349787229, 2.695312499999990674, 0.000000000000000000 ) ) ;
#5854 = CARTESIAN_POINT ( 'NONE',  ( 17.69999999999999929, 1.980384757729332312, 0.000000000000000000 ) ) ;
#5855 = ORIENTED_EDGE ( 'NONE', *, *, #6795, .T. ) ;
#5856 = CARTESIAN_POINT ( 'NONE',  ( 20.50000000000000000, -1.267509437117510519E-14, -2.500000000000010658 ) ) ;
#5857 = EDGE_LOOP ( 'NONE', ( #4994, #596, #3015, #4122, #4932 ) ) ;
#5858 = CARTESIAN_POINT ( 'NONE',  ( 19.60000000000000142, -1.400343491548913022, 1.400343491548898589 ) ) ;
#5859 = CARTESIAN_POINT ( 'NONE',  ( 11.75000000000000711, 1.035533905932729315, 2.500000000000011102 ) ) ;
#5860 = CARTESIAN_POINT ( 'NONE',  ( 14.15000000000000746, -0.8203022253684651988, -1.980384757729346301 ) ) ;
#5861 = CARTESIAN_POINT ( 'NONE',  ( 2.950000000000001066, 1.035533905932729315, 2.500000000000011102 ) ) ;
#5862 = CARTESIAN_POINT ( 'NONE',  ( -17.55614570349787229, 2.695312499999992006, 0.000000000000000000 ) ) ;
#5863 = CARTESIAN_POINT ( 'NONE',  ( 5.000000000000004441, -1.767766952966390637, -1.767766952966377092 ) ) ;
#5864 = CARTESIAN_POINT ( 'NONE',  ( 14.20000000000000462, -1.433703035749471672E-14, 2.500000000000011546 ) ) ;
#5865 = CARTESIAN_POINT ( 'NONE',  ( 5.275000000000002132, 2.543301270189220809, 1.053469879313102542 ) ) ;
#5866 = EDGE_LOOP ( 'NONE', ( #6566, #6912, #1772, #298 ) ) ;
#5867 = CARTESIAN_POINT ( 'NONE',  ( 7.200000000000001954, 1.400343491548885044, -1.400343491548898811 ) ) ;
#5868 = CARTESIAN_POINT ( 'NONE',  ( 1.075000000000003064, -1.372205551982422560E-14, -2.543301270189235019 ) ) ;
#5869 = DIRECTION ( 'NONE',  ( 0.000000000000000000, 0.000000000000000000, -1.000000000000000000 ) ) ;
#5870 = EDGE_CURVE ( 'NONE', #3184, #1898, #2281, .T. ) ;
#5871 = CARTESIAN_POINT ( 'NONE',  ( 9.950000000000006395, -1.980384757729360512, 0.8203022253684510989 ) ) ;
#5872 =( BOUNDED_CURVE ( )  B_SPLINE_CURVE ( 2, ( #2986, #7158, #6006, #4239, #1744, #7751, #7121, #9, #627 ),
 .UNSPECIFIED., .F., .T. ) 
 B_SPLINE_CURVE_WITH_KNOTS ( ( 3, 2, 2, 2, 3 ),
 ( 0.8981481481481481399, 0.9027777777777777901, 0.9074074074074074403, 0.9120370370370370905, 0.9166666666666666297 ),
 .UNSPECIFIED. ) 
 CURVE ( )  GEOMETRIC_REPRESENTATION_ITEM ( )  RATIONAL_B_SPLINE_CURVE ( ( 1.000000000000000000, 0.9238795325112867385, 1.000000000000000000, 0.9238795325112867385, 1.000000000000000000, 0.9238795325112867385, 1.000000000000000000, 0.9238795325112867385, 1.000000000000000000 ) ) 
 REPRESENTATION_ITEM ( '' )  );
#5873 = CARTESIAN_POINT ( 'NONE',  ( 19.40000000000000213, 1.400343491548884600, 1.400343491548899033 ) ) ;
#5874 = CARTESIAN_POINT ( 'NONE',  ( 11.62500000000000533, 2.543301270189220809, -1.053469879313100765 ) ) ;
#5875 = AXIS2_PLACEMENT_3D ( 'NONE', #448, #1630, #1588 ) ;
#5876 = EDGE_CURVE ( 'NONE', #3084, #1975, #7516, .T. ) ;
#5877 = CARTESIAN_POINT ( 'NONE',  ( 1.350000000000000533, -1.980384757729360290, -0.8203022253684516540 ) ) ;
#5878 = CARTESIAN_POINT ( 'NONE',  ( 0.5000000000000022204, 2.499999999999993339, 3.065751858972787366E-12 ) ) ;
#5879 = EDGE_CURVE ( 'NONE', #5343, #3223, #4234, .T. ) ;
#5880 = CARTESIAN_POINT ( 'NONE',  ( 2.350000000000004530, 1.980384757729332312, -0.8203022253684513210 ) ) ;
#5881 = CARTESIAN_POINT ( 'NONE',  ( 16.65000000000000213, -1.035533905932757959, 2.500000000000011102 ) ) ;
#5882 = CARTESIAN_POINT ( 'NONE',  ( 7.750000000000001776, -1.980384757729360290, -0.8203022253684516540 ) ) ;
#5883 = CARTESIAN_POINT ( 'NONE',  ( -8.956206739499515734, 0.5858326306829682029, 7.148309552310840864 ) ) ;
#5884 = DIRECTION ( 'NONE',  ( -1.000000000000000000, -0.000000000000000000, -0.000000000000000000 ) ) ;
#5885 = CONICAL_SURFACE ( 'NONE', #4499, 11.66705252354425504, 0.7853981633974482790 ) ;
#5886 = CARTESIAN_POINT ( 'NONE',  ( 9.600000000000006750, 1.980384757729332312, 0.000000000000000000 ) ) ;
#5887 = ORIENTED_EDGE ( 'NONE', *, *, #3242, .T. ) ;
#5888 = CARTESIAN_POINT ( 'NONE',  ( 10.95000000000000107, -1.980384757729360290, -0.8203022253684516540 ) ) ;
#5889 = FACE_OUTER_BOUND ( 'NONE', #6170, .T. ) ;
#5890 = CARTESIAN_POINT ( 'NONE',  ( 16.35000000000000497, -0.8203022253684665310, 1.980384757729345857 ) ) ;
#5891 = CARTESIAN_POINT ( 'NONE',  ( 3.850000000000006306, 0.8203022253684377763, -1.980384757729346301 ) ) ;
#5892 = DIRECTION ( 'NONE',  ( 1.000000000000000000, -0.000000000000000000, -0.000000000000000000 ) ) ;
#5893 = CARTESIAN_POINT ( 'NONE',  ( 16.20000000000000284, 1.400343491548884600, 1.400343491548899033 ) ) ;
#5894 = ORIENTED_EDGE ( 'NONE', *, *, #6844, .F. ) ;
#5895 = CARTESIAN_POINT ( 'NONE',  ( 19.82500000000000284, 1.053469879313087443, 2.543301270189234575 ) ) ;
#5896 = VERTEX_POINT ( 'NONE', #443 ) ;
#5897 = CARTESIAN_POINT ( 'NONE',  ( 19.00000000000000355, -1.400343491548912578, -1.400343491548898811 ) ) ;
#5898 = CARTESIAN_POINT ( 'NONE',  ( 12.45000000000000284, 2.499999999999997780, -1.035533905932742638 ) ) ;
#5899 = CARTESIAN_POINT ( 'NONE',  ( 12.55000000000000604, -0.8203022253684651988, -1.980384757729346301 ) ) ;
#5900 = DIRECTION ( 'NONE',  ( 0.000000000000000000, 0.000000000000000000, 1.000000000000000000 ) ) ;
#5901 = CARTESIAN_POINT ( 'NONE',  ( 13.25000000000000533, 2.499999999999997780, 1.035533905932744414 ) ) ;
#5902 = DIRECTION ( 'NONE',  ( -1.000000000000000000, 2.168404344971009361E-16, 0.000000000000000000 ) ) ;
#5903 = DIRECTION ( 'NONE',  ( -0.000000000000000000, 1.000000000000000000, -0.000000000000000000 ) ) ;
#5904 = CARTESIAN_POINT ( 'NONE',  ( 5.375000000000004441, 1.053469879313087443, 2.543301270189234575 ) ) ;
#5905 = ORIENTED_EDGE ( 'NONE', *, *, #411, .F. ) ;
#5906 = CARTESIAN_POINT ( 'NONE',  ( 8.750000000000001776, 0.8203022253684377763, -1.980384757729346301 ) ) ;
#5907 = CARTESIAN_POINT ( 'NONE',  ( 2.575000000000004174, -1.798385574751181437, -1.798385574751167892 ) ) ;
#5908 = CYLINDRICAL_SURFACE ( 'NONE', #3823, 2.500000000000010658 ) ;
#5909 = CARTESIAN_POINT ( 'NONE',  ( 11.05000000000000604, 0.8203022253684377763, -1.980384757729346301 ) ) ;
#5910 = DIRECTION ( 'NONE',  ( -2.168404344971008868E-16, -1.000000000000000000, 0.000000000000000000 ) ) ;
#5911 = ADVANCED_FACE ( 'NONE', ( #4597 ), #4676, .T. ) ;
#5912 = CARTESIAN_POINT ( 'NONE',  ( 11.72500000000000142, 2.543301270189220809, 1.053469879313102542 ) ) ;
#5913 = CARTESIAN_POINT ( 'NONE',  ( 17.87500000000000711, 1.053469879313086999, -2.543301270189235019 ) ) ;
#5914 = FACE_OUTER_BOUND ( 'NONE', #6725, .T. ) ;
#5915 = CARTESIAN_POINT ( 'NONE',  ( 19.85000000000000497, 0.8203022253684377763, -1.980384757729346301 ) ) ;
#5916 = CARTESIAN_POINT ( 'NONE',  ( 7.100000000000004086, -1.433703035749471672E-14, 2.500000000000011546 ) ) ;
#5917 = CARTESIAN_POINT ( 'NONE',  ( 20.50000000000000000, -1.267509437117510519E-14, 0.000000000000000000 ) ) ;
#5918 = CARTESIAN_POINT ( 'NONE',  ( 6.350000000000004974, 1.980384757729332312, -0.8203022253684513210 ) ) ;
#5919 = ORIENTED_EDGE ( 'NONE', *, *, #3758, .T. ) ;
#5920 = EDGE_CURVE ( 'NONE', #4554, #4481, #863, .T. ) ;
#5921 = CARTESIAN_POINT ( 'NONE',  ( 13.57500000000000462, -2.543301270189249674, 1.053469879313100099 ) ) ;
#5922 = CARTESIAN_POINT ( 'NONE',  ( 8.300000000000002487, -1.424157858600947694E-14, 1.980384757729346301 ) ) ;
#5923 = FACE_OUTER_BOUND ( 'NONE', #6881, .T. ) ;
#5924 = AXIS2_PLACEMENT_3D ( 'NONE', #3731, #6125, #5572 ) ;
#5925 = CARTESIAN_POINT ( 'NONE',  ( 3.100000000000005418, 1.400343491548885044, -1.400343491548898811 ) ) ;
#5926 = CARTESIAN_POINT ( 'NONE',  ( 0.5000000000000017764, 1.385658696841721049, 2.080853184601659134 ) ) ;
#5927 = CARTESIAN_POINT ( 'NONE',  ( 15.50000000000000178, -1.424157858600947694E-14, 1.980384757729346301 ) ) ;
#5928 = ORIENTED_EDGE ( 'NONE', *, *, #221, .T. ) ;
#5929 = EDGE_CURVE ( 'NONE', #4958, #6357, #3895, .T. ) ;
#5930 = AXIS2_PLACEMENT_3D ( 'NONE', #389, #6278, #5171 ) ;
#5931 = VERTEX_POINT ( 'NONE', #6853 ) ;
#5932 = CARTESIAN_POINT ( 'NONE',  ( 18.75000000000000355, -0.8203022253684664200, 1.980384757729345857 ) ) ;
#5933 = CARTESIAN_POINT ( 'NONE',  ( 12.30000000000000426, -1.372470695792103624E-14, -2.500000000000011546 ) ) ;
#5934 = CARTESIAN_POINT ( 'NONE',  ( 12.65000000000000391, 0.8203022253684377763, -1.980384757729346301 ) ) ;
#5935 = CARTESIAN_POINT ( 'NONE',  ( 20.29197782553729823, 2.312454686956660677, 0.05235546471745878422 ) ) ;
#5936 = CARTESIAN_POINT ( 'NONE',  ( 7.400000000000002132, -1.372470695792103782E-14, -2.500000000000011546 ) ) ;
#5937 = CARTESIAN_POINT ( 'NONE',  ( 16.85000000000000497, -2.500000000000026201, 1.035533905932742194 ) ) ;
#5938 = CIRCLE ( 'NONE', #180, 0.1796875000000010270 ) ;
#5939 = DIRECTION ( 'NONE',  ( 0.000000000000000000, 0.000000000000000000, -1.000000000000000000 ) ) ;
#5940 = CARTESIAN_POINT ( 'NONE',  ( 5.425000000000002487, -1.434498467178515336E-14, 2.543301270189235019 ) ) ;
#5941 = ORIENTED_EDGE ( 'NONE', *, *, #3994, .F. ) ;
#5942 = CARTESIAN_POINT ( 'NONE',  ( 7.150000000000002132, 0.8203022253684377763, -1.980384757729346301 ) ) ;
#5943 = TOROIDAL_SURFACE ( 'NONE', #2305, 6.019421691491643855, 0.1796875000000000000 ) ;
#5944 = CARTESIAN_POINT ( 'NONE',  ( 1.825000000000003730, -1.053469879313114532, -2.543301270189235019 ) ) ;
#5945 = CARTESIAN_POINT ( 'NONE',  ( -1.093290131144177391, 2.042052523544252374, -2.450935444863358015 ) ) ;
#5946 = CARTESIAN_POINT ( 'NONE',  ( 8.750000000000005329, 1.980384757729332312, -0.8203022253684514320 ) ) ;
#5947 = CARTESIAN_POINT ( 'NONE',  ( 11.02500000000000568, 1.053469879313087443, 2.543301270189234575 ) ) ;
#5948 = CARTESIAN_POINT ( 'NONE',  ( 19.97499999999999787, -2.543301270189249674, 1.053469879313100099 ) ) ;
#5949 = CARTESIAN_POINT ( 'NONE',  ( -8.589467622627234178, 2.190461453405184056, 6.626433063622115149 ) ) ;
#5950 = CARTESIAN_POINT ( 'NONE',  ( 18.65000000000000213, 1.035533905932728871, -2.500000000000011546 ) ) ;
#5951 = CARTESIAN_POINT ( 'NONE',  ( 4.200000000000005507, -1.424157858600947694E-14, 1.980384757729346301 ) ) ;
#5952 = ORIENTED_EDGE ( 'NONE', *, *, #7608, .F. ) ;
#5953 = CARTESIAN_POINT ( 'NONE',  ( 11.07500000000000462, -1.053469879313116087, 2.543301270189234575 ) ) ;
#5954 = CARTESIAN_POINT ( 'NONE',  ( 6.150000000000000355, -1.980384757729360290, -0.8203022253684516540 ) ) ;
#5955 = CARTESIAN_POINT ( 'NONE',  ( 6.100000000000003197, 2.499999999999997780, 0.000000000000000000 ) ) ;
#5956 = ADVANCED_FACE ( 'NONE', ( #3343 ), #3269, .T. ) ;
#5957 = ADVANCED_FACE ( 'NONE', ( #6924 ), #3305, .T. ) ;
#5958 = CARTESIAN_POINT ( 'NONE',  ( 9.250000000000005329, 2.499999999999997780, 1.035533905932744414 ) ) ;
#5959 = CARTESIAN_POINT ( 'NONE',  ( -8.956206739499515734, 0.5858326306829682029, 7.148309552310840864 ) ) ;
#5960 = CARTESIAN_POINT ( 'NONE',  ( 13.60000000000000497, 1.980384757729332312, 0.000000000000000000 ) ) ;
#5961 = ORIENTED_EDGE ( 'NONE', *, *, #103, .F. ) ;
#5962 = ORIENTED_EDGE ( 'NONE', *, *, #6353, .F. ) ;
#5963 = CARTESIAN_POINT ( 'NONE',  ( 16.50000000000000000, -1.980384757729360068, -2.425271854633450283E-16 ) ) ;
#5964 = FACE_OUTER_BOUND ( 'NONE', #3530, .T. ) ;
#5965 = CARTESIAN_POINT ( 'NONE',  ( 12.95000000000000462, 0.8203022253684378873, 1.980384757729345857 ) ) ;
#5966 = ADVANCED_FACE ( 'NONE', ( #332 ), #2603, .T. ) ;
#5967 = CARTESIAN_POINT ( 'NONE',  ( 20.23425752345600159, 1.829979021793860738, -1.506881570720119079 ) ) ;
#5968 = DIRECTION ( 'NONE',  ( 2.168404344971008868E-16, 1.000000000000000000, -0.000000000000000000 ) ) ;
#5969 = CARTESIAN_POINT ( 'NONE',  ( 0.5000000000000002220, 2.434931691670016995, -0.6543697109010042645 ) ) ;
#5970 = CARTESIAN_POINT ( 'NONE',  ( 2.050000000000003375, 2.499999999999997780, -1.035533905932742638 ) ) ;
#5971 = CARTESIAN_POINT ( 'NONE',  ( 17.40000000000000568, -1.375652421508278441E-14, -1.980384757729346301 ) ) ;
#5972 = CARTESIAN_POINT ( 'NONE',  ( 6.575000000000002842, -1.053469879313114532, -2.543301270189235019 ) ) ;
#5973 = ORIENTED_EDGE ( 'NONE', *, *, #3828, .T. ) ;
#5974 = CARTESIAN_POINT ( 'NONE',  ( 4.050000000000001599, 1.980384757729332312, -0.8203022253684514320 ) ) ;
#5975 = CARTESIAN_POINT ( 'NONE',  ( 1.975000000000000977, 1.798385574751153904, -1.798385574751167892 ) ) ;
#5976 = DIRECTION ( 'NONE',  ( 0.000000000000000000, 1.000000000000000000, -0.000000000000000000 ) ) ;
#5977 =( BOUNDED_CURVE ( )  B_SPLINE_CURVE ( 2, ( #4138, #93, #3581, #1903, #3699, #1158, #7758, #567, #4879 ),
 .UNSPECIFIED., .F., .F. ) 
 B_SPLINE_CURVE_WITH_KNOTS ( ( 3, 2, 2, 2, 3 ),
 ( 0.5462962962962962798, 0.5509259259259259300, 0.5555555555555555802, 0.5601851851851852304, 0.5648148148148147696 ),
 .UNSPECIFIED. ) 
 CURVE ( )  GEOMETRIC_REPRESENTATION_ITEM ( )  RATIONAL_B_SPLINE_CURVE ( ( 1.000000000000000000, 0.9238795325112867385, 1.000000000000000000, 0.9238795325112867385, 1.000000000000000000, 0.9238795325112867385, 1.000000000000000000, 0.9238795325112867385, 1.000000000000000000 ) ) 
 REPRESENTATION_ITEM ( '' )  );
#5978 = CARTESIAN_POINT ( 'NONE',  ( 10.75000000000000533, -1.980384757729360512, 0.8203022253684510989 ) ) ;
#5979 = CARTESIAN_POINT ( 'NONE',  ( 11.10000000000000142, -1.433703035749471672E-14, 2.500000000000011546 ) ) ;
#5980 = CARTESIAN_POINT ( 'NONE',  ( 10.67500000000000426, -1.372205551982422560E-14, -2.543301270189235019 ) ) ;
#5981 = CARTESIAN_POINT ( 'NONE',  ( 18.37500000000000355, -2.543301270189249674, 1.053469879313100099 ) ) ;
#5982 = DIRECTION ( 'NONE',  ( 1.224646799147353207E-16, -2.655529440325959183E-32, 1.000000000000000000 ) ) ;
#5983 = CARTESIAN_POINT ( 'NONE',  ( 20.05000000000000426, 1.980384757729331868, 0.8203022253684526532 ) ) ;
#5984 = PERSON_AND_ORGANIZATION ( #5706, #4250 ) ;
#5985 = CARTESIAN_POINT ( 'NONE',  ( -7.443854296502127710, 2.695312499999989342, 6.191992651811313561E-16 ) ) ;
#5986 = CARTESIAN_POINT ( 'NONE',  ( 3.650000000000003908, -1.980384757729360290, -0.8203022253684516540 ) ) ;
#5987 = EDGE_LOOP ( 'NONE', ( #5657, #7252, #6521, #253 ) ) ;
#5988 = AXIS2_PLACEMENT_3D ( 'NONE', #2212, #5788, #7712 ) ;
#5989 = CARTESIAN_POINT ( 'NONE',  ( 13.02500000000000391, -1.372205551982422560E-14, -2.543301270189235019 ) ) ;
#5990 = CARTESIAN_POINT ( 'NONE',  ( 8.850000000000001421, 1.980384757729332312, -0.8203022253684513210 ) ) ;
#5991 = CARTESIAN_POINT ( 'NONE',  ( 18.05000000000000426, 2.499999999999997780, -1.035533905932742638 ) ) ;
#5992 = CARTESIAN_POINT ( 'NONE',  ( 14.15000000000000391, -1.980384757729360290, -0.8203022253684516540 ) ) ;
#5993 = CARTESIAN_POINT ( 'NONE',  ( 1.450000000000003286, 0.8203022253684377763, -1.980384757729346301 ) ) ;
#5994 = AXIS2_PLACEMENT_3D ( 'NONE', #7586, #4632, #5734 ) ;
#5995 = CARTESIAN_POINT ( 'NONE',  ( 8.150000000000003908, -2.500000000000025757, -1.035533905932743082 ) ) ;
#5996 = CARTESIAN_POINT ( 'NONE',  ( 14.75000000000000888, -1.980384757729360512, 0.8203022253684509879 ) ) ;
#5997 = EDGE_LOOP ( 'NONE', ( #3042, #3926, #4405, #2473 ) ) ;
#5998 = ADVANCED_FACE ( 'NONE', ( #7485 ), #5620, .T. ) ;
#5999 = AXIS2_PLACEMENT_3D ( 'NONE', #1922, #1883, #4741 ) ;
#6000 = ORIENTED_EDGE ( 'NONE', *, *, #401, .F. ) ;
#6001 = CARTESIAN_POINT ( 'NONE',  ( 15.70000000000000284, -1.980384757729360068, -2.425271854633450283E-16 ) ) ;
#6002 = DIRECTION ( 'NONE',  ( 1.000000000000000000, -0.000000000000000000, -0.000000000000000000 ) ) ;
#6003 = CARTESIAN_POINT ( 'NONE',  ( 11.30000000000000604, 1.400343491548884600, 1.400343491548899033 ) ) ;
#6004 = CARTESIAN_POINT ( 'NONE',  ( 20.27650975748783324, 2.293302247406221461, -0.4025546333606281335 ) ) ;
#6005 = CARTESIAN_POINT ( 'NONE',  ( 9.650000000000003908, -2.500000000000026201, 1.035533905932742194 ) ) ;
#6006 = CARTESIAN_POINT ( 'NONE',  ( 1.000000000000004441, -1.767766952966390637, -1.767766952966377092 ) ) ;
#6007 = CARTESIAN_POINT ( 'NONE',  ( 20.30874907512335525, -1.770485015523777017, -1.459931635897015134 ) ) ;
#6008 = CARTESIAN_POINT ( 'NONE',  ( 19.50000000000000711, -1.400343491548913022, 1.400343491548898589 ) ) ;
#6009 = EDGE_CURVE ( 'NONE', #5031, #7106, #5222, .T. ) ;
#6010 = ADVANCED_FACE ( 'NONE', ( #5152 ), #4717, .T. ) ;
#6011 = CARTESIAN_POINT ( 'NONE',  ( 3.275000000000003908, -2.543301270189249674, -1.053469879313101210 ) ) ;
#6012 = ORIENTED_EDGE ( 'NONE', *, *, #6603, .F. ) ;
#6013 = CARTESIAN_POINT ( 'NONE',  ( 5.650000000000000355, 1.980384757729332312, -0.8203022253684514320 ) ) ;
#6014 = CARTESIAN_POINT ( 'NONE',  ( 0.4250000000000017097, 2.543301270189220809, -1.053469879313100765 ) ) ;
#6015 = CARTESIAN_POINT ( 'NONE',  ( 2.450000000000004174, 1.980384757729331868, 0.8203022253684526532 ) ) ;
#6016 = CARTESIAN_POINT ( 'NONE',  ( 20.16339745962156016, -1.372858893272101821E-14, -2.436602540378453252 ) ) ;
#6017 = CARTESIAN_POINT ( 'NONE',  ( 10.65000000000000746, -0.8203022253684665310, 1.980384757729345857 ) ) ;
#6018 = CARTESIAN_POINT ( 'NONE',  ( 6.750000000000000888, -0.8203022253684664200, 1.980384757729345857 ) ) ;
#6019 = CARTESIAN_POINT ( 'NONE',  ( -12.50000000000000000, 2.610785383146976724, 0.000000000000000000 ) ) ;
#6020 = EDGE_CURVE ( 'NONE', #4596, #5099, #3986, .T. ) ;
#6021 = CARTESIAN_POINT ( 'NONE',  ( 9.975000000000003197, 1.798385574751153904, -1.798385574751167892 ) ) ;
#6022 =( BOUNDED_CURVE ( )  B_SPLINE_CURVE ( 2, ( #7425, #5643, #2042, #6792, #3844, #1963, #2706, #4349, #2586 ),
 .UNSPECIFIED., .F., .F. ) 
 B_SPLINE_CURVE_WITH_KNOTS ( ( 3, 2, 2, 2, 3 ),
 ( 0.6388888888888888395, 0.6435185185185184897, 0.6481481481481481399, 0.6527777777777777901, 0.6574074074074074403 ),
 .UNSPECIFIED. ) 
 CURVE ( )  GEOMETRIC_REPRESENTATION_ITEM ( )  RATIONAL_B_SPLINE_CURVE ( ( 1.000000000000000000, 0.9238795325112867385, 1.000000000000000000, 0.9238795325112867385, 1.000000000000000000, 0.9238795325112867385, 1.000000000000000000, 0.9238795325112867385, 1.000000000000000000 ) ) 
 REPRESENTATION_ITEM ( '' )  );
#6023 = CARTESIAN_POINT ( 'NONE',  ( 20.02500000000000568, -2.543301270189248786, -3.114645759804644720E-16 ) ) ;
#6024 = CARTESIAN_POINT ( 'NONE',  ( 0.5000000000000002220, -0.6543697108994852574, -2.434931691670441101 ) ) ;
#6025 = CARTESIAN_POINT ( 'NONE',  ( 19.40000000000000924, -1.424157858600947694E-14, 1.980384757729346301 ) ) ;
#6026 = CARTESIAN_POINT ( 'NONE',  ( 0.5000000000000017764, -5.547365066045066406, 0.6904642090818100542 ) ) ;
#6027 = ORIENTED_EDGE ( 'NONE', *, *, #2940, .F. ) ;
#6028 = CARTESIAN_POINT ( 'NONE',  ( 5.350000000000006750, -0.8203022253684651988, -1.980384757729346301 ) ) ;
#6029 = CARTESIAN_POINT ( 'NONE',  ( 20.45000000000000639, -1.980384757729360290, -0.8203022253684516540 ) ) ;
#6030 = CARTESIAN_POINT ( 'NONE',  ( 11.47500000000000320, 1.053469879313086999, -2.543301270189235019 ) ) ;
#6031 = CARTESIAN_POINT ( 'NONE',  ( 20.42500000000000071, 2.543301270189220809, -1.053469879313100765 ) ) ;
#6032 = CARTESIAN_POINT ( 'NONE',  ( 7.300000000000000711, 1.980384757729332312, 0.000000000000000000 ) ) ;
#6033 = DIRECTION ( 'NONE',  ( 1.000000000000000000, -2.161407978480074449E-16, 0.000000000000000000 ) ) ;
#6034 = CARTESIAN_POINT ( 'NONE',  ( 12.50000000000000000, -1.980384757729360068, -2.425271854633450283E-16 ) ) ;
#6035 = CARTESIAN_POINT ( 'NONE',  ( 2.150000000000006128, -0.8203022253684651988, -1.980384757729346301 ) ) ;
#6036 = DIRECTION ( 'NONE',  ( -2.705476449042924943E-15, 0.000000000000000000, -1.000000000000000000 ) ) ;
#6037 = CARTESIAN_POINT ( 'NONE',  ( 0.5162526430185696569, 1.244801852213745397, 2.141514107592993099 ) ) ;
#6038 = CARTESIAN_POINT ( 'NONE',  ( 13.70000000000000639, 1.400343491548884600, 1.400343491548899033 ) ) ;
#6039 = ORIENTED_EDGE ( 'NONE', *, *, #357, .T. ) ;
#6040 = ORIENTED_EDGE ( 'NONE', *, *, #4334, .F. ) ;
#6041 = CARTESIAN_POINT ( 'NONE',  ( 17.35000000000000142, -1.980384757729360290, -0.8203022253684516540 ) ) ;
#6042 = CARTESIAN_POINT ( 'NONE',  ( 20.44418945647784724, -0.7191758872475958464, 2.040533722888792756 ) ) ;
#6043 = DIRECTION ( 'NONE',  ( -1.000000000000000000, 0.000000000000000000, 0.000000000000000000 ) ) ;
#6044 = CARTESIAN_POINT ( 'NONE',  ( -6.254484727818775625, 2.625674005841375447, 0.000000000000000000 ) ) ;
#6045 = CARTESIAN_POINT ( 'NONE',  ( -12.50000000000000000, -2.042052523544255482, 0.000000000000000000 ) ) ;
#6046 = ORIENTED_EDGE ( 'NONE', *, *, #1998, .F. ) ;
#6047 = CARTESIAN_POINT ( 'NONE',  ( 16.75000000000001066, 1.980384757729332312, -0.8203022253684513210 ) ) ;
#6048 = AXIS2_PLACEMENT_3D ( 'NONE', #2259, #3474, #4654 ) ;
#6049 = CARTESIAN_POINT ( 'NONE',  ( 2.575000000000004174, -1.053469879313114532, -2.543301270189235019 ) ) ;
#6050 = ORIENTED_EDGE ( 'NONE', *, *, #7173, .T. ) ;
#6051 = CARTESIAN_POINT ( 'NONE',  ( 5.500000000000001776, -1.375652421508278441E-14, -1.980384757729346301 ) ) ;
#6052 = CARTESIAN_POINT ( 'NONE',  ( 18.55000000000000426, 0.8203022253684378873, 1.980384757729345857 ) ) ;
#6053 = CARTESIAN_POINT ( 'NONE',  ( 1.450000000000003286, 0.8203022253684377763, -1.980384757729346301 ) ) ;
#6054 = LINE ( 'NONE', #5420, #5566 ) ;
#6055 = AXIS2_PLACEMENT_3D ( 'NONE', #10, #7159, #7752 ) ;
#6056 = CARTESIAN_POINT ( 'NONE',  ( 6.550000000000004263, 0.8203022253684378873, 1.980384757729345857 ) ) ;
#6057 = CARTESIAN_POINT ( 'NONE',  ( 7.000000000000000888, -1.400343491548912578, -1.400343491548898811 ) ) ;
#6058 = EDGE_CURVE ( 'NONE', #328, #7630, #5363, .T. ) ;
#6059 = CARTESIAN_POINT ( 'NONE',  ( 10.95000000000000284, 2.499999999999997780, 1.035533905932744414 ) ) ;
#6060 = AXIS2_PLACEMENT_3D ( 'NONE', #5057, #156, #5645 ) ;
#6061 = CARTESIAN_POINT ( 'NONE',  ( 7.975000000000003197, -1.798385574751182103, 1.798385574751167670 ) ) ;
#6062 = CARTESIAN_POINT ( 'NONE',  ( 19.87500000000000355, -1.053469879313116087, 2.543301270189234575 ) ) ;
#6063 = CARTESIAN_POINT ( 'NONE',  ( 5.400000000000002132, -1.433703035749471672E-14, 2.500000000000011546 ) ) ;
#6064 = CARTESIAN_POINT ( 'NONE',  ( 16.10000000000000497, 1.400343491548884600, 1.400343491548899033 ) ) ;
#6065 = CIRCLE ( 'NONE', #2689, 5.549999999999999822 ) ;
#6066 = APPLICATION_PROTOCOL_DEFINITION ( 'international standard', 'config_control_design', 1994, #7742 ) ;
#6067 = DIRECTION ( 'NONE',  ( 0.000000000000000000, 0.000000000000000000, -1.000000000000000000 ) ) ;
#6068 = ORIENTED_EDGE ( 'NONE', *, *, #6681, .T. ) ;
#6069 = CARTESIAN_POINT ( 'NONE',  ( 4.850000000000004086, 1.980384757729331868, 0.8203022253684526532 ) ) ;
#6070 = CARTESIAN_POINT ( 'NONE',  ( 20.60000000000000853, -1.375652421508278441E-14, -1.980384757729346301 ) ) ;
#6071 =( BOUNDED_CURVE ( )  B_SPLINE_CURVE ( 2, ( #4497, #380, #1598, #6864, #2699, #1485, #2732, #4576, #7416 ),
 .UNSPECIFIED., .F., .F. ) 
 B_SPLINE_CURVE_WITH_KNOTS ( ( 3, 2, 2, 2, 3 ),
 ( 0.3055555555555555802, 0.3101851851851851749, 0.3148148148148148251, 0.3194444444444444198, 0.3240740740740740700 ),
 .UNSPECIFIED. ) 
 CURVE ( )  GEOMETRIC_REPRESENTATION_ITEM ( )  RATIONAL_B_SPLINE_CURVE ( ( 1.000000000000000000, 0.9238795325112867385, 1.000000000000000000, 0.9238795325112867385, 1.000000000000000000, 0.9238795325112867385, 1.000000000000000000, 0.9238795325112867385, 1.000000000000000000 ) ) 
 REPRESENTATION_ITEM ( '' )  );
#6072 = TOROIDAL_SURFACE ( 'NONE', #7337, 6.411159703984925073, 0.1796875000000000000 ) ;
#6073 = CARTESIAN_POINT ( 'NONE',  ( 12.65000000000000213, -0.8203022253684651988, -1.980384757729346301 ) ) ;
#6074 = CARTESIAN_POINT ( 'NONE',  ( 0.5000000000000009992, 1.385658696841724158, 2.080853184601664019 ) ) ;
#6075 = CARTESIAN_POINT ( 'NONE',  ( 7.550000000000002487, -0.8203022253684664200, 1.980384757729345857 ) ) ;
#6076 = CARTESIAN_POINT ( 'NONE',  ( 8.950000000000004619, 0.8203022253684378873, 1.980384757729345857 ) ) ;
#6077 = CARTESIAN_POINT ( 'NONE',  ( -12.50000000000000000, -4.102566777143634563E-15, 0.000000000000000000 ) ) ;
#6078 = CARTESIAN_POINT ( 'NONE',  ( 13.40000000000000213, -1.400343491548912578, -1.400343491548898811 ) ) ;
#6079 = CARTESIAN_POINT ( 'NONE',  ( 1.550000000000006484, 1.980384757729332312, -0.8203022253684514320 ) ) ;
#6080 = CARTESIAN_POINT ( 'NONE',  ( 20.15307392012811505, -0.3230810215353515646, -2.430916648970430582 ) ) ;
#6081 = CARTESIAN_POINT ( 'NONE',  ( 14.40000000000000568, 1.980384757729332312, 0.000000000000000000 ) ) ;
#6082 = ORIENTED_EDGE ( 'NONE', *, *, #6101, .F. ) ;
#6083 = ORIENTED_EDGE ( 'NONE', *, *, #5009, .T. ) ;
#6084 = CARTESIAN_POINT ( 'NONE',  ( 17.55000000000000426, 0.8203022253684377763, -1.980384757729346301 ) ) ;
#6085 = CARTESIAN_POINT ( 'NONE',  ( 8.600000000000003197, -1.433703035749471672E-14, 2.500000000000011546 ) ) ;
#6086 = CARTESIAN_POINT ( 'NONE',  ( 9.800000000000002487, -1.372470695792103782E-14, -2.500000000000011546 ) ) ;
#6087 = CARTESIAN_POINT ( 'NONE',  ( 0.5000000000000002220, 0.9781736616499147052, 2.352201104303406343 ) ) ;
#6088 = CARTESIAN_POINT ( 'NONE',  ( 19.80000000000000426, -1.433703035749471672E-14, 2.500000000000011546 ) ) ;
#6089 = DIRECTION ( 'NONE',  ( 0.000000000000000000, 0.000000000000000000, -1.000000000000000000 ) ) ;
#6090 = CARTESIAN_POINT ( 'NONE',  ( 17.30000000000000782, -1.400343491548912578, -1.400343491548898811 ) ) ;
#6091 = CARTESIAN_POINT ( 'NONE',  ( 1.725000000000004308, -1.798385574751181437, -1.798385574751167892 ) ) ;
#6092 = ORIENTED_EDGE ( 'NONE', *, *, #1361, .T. ) ;
#6093 = CARTESIAN_POINT ( 'NONE',  ( 3.550000000000001155, -0.8203022253684665310, 1.980384757729345857 ) ) ;
#6094 = CARTESIAN_POINT ( 'NONE',  ( 14.70000000000000107, -1.424157858600947694E-14, 1.980384757729346301 ) ) ;
#6095 = CARTESIAN_POINT ( 'NONE',  ( 20.00000000000000711, 1.980384757729332312, 0.000000000000000000 ) ) ;
#6096 = CARTESIAN_POINT ( 'NONE',  ( 2.600000000000004974, -1.424157858600947694E-14, 1.980384757729346301 ) ) ;
#6097 = CARTESIAN_POINT ( 'NONE',  ( 4.200000000000001954, -1.372470695792103782E-14, -2.500000000000011546 ) ) ;
#6098 = CARTESIAN_POINT ( 'NONE',  ( 6.000000000000005329, -1.980384757729360068, -2.425271854633450283E-16 ) ) ;
#6099 = CARTESIAN_POINT ( 'NONE',  ( 3.100000000000001865, -1.375652421508278441E-14, -1.980384757729346301 ) ) ;
#6100 = CARTESIAN_POINT ( 'NONE',  ( 16.05000000000000426, -2.500000000000025757, -1.035533905932743082 ) ) ;
#6101 = EDGE_CURVE ( 'NONE', #6684, #5215, #1742, .T. ) ;
#6102 = CARTESIAN_POINT ( 'NONE',  ( 8.975000000000003197, -1.798385574751181437, -1.798385574751167892 ) ) ;
#6103 = CARTESIAN_POINT ( 'NONE',  ( 16.62500000000000355, -1.434498467178515336E-14, 2.543301270189235019 ) ) ;
#6104 = CARTESIAN_POINT ( 'NONE',  ( -8.266735362447137803, 2.176544298399720301, 6.452135290758554298 ) ) ;
#6105 = CARTESIAN_POINT ( 'NONE',  ( 15.80000000000000426, -1.375652421508278441E-14, -1.980384757729346301 ) ) ;
#6106 = CARTESIAN_POINT ( 'NONE',  ( -8.956206739499513958, 13.71078647393870753, -8.319974813676779490 ) ) ;
#6107 = VERTEX_POINT ( 'NONE', #525 ) ;
#6108 = CARTESIAN_POINT ( 'NONE',  ( 1.450000000000003286, 0.8203022253684377763, -1.980384757729346301 ) ) ;
#6109 = CARTESIAN_POINT ( 'NONE',  ( 19.90000000000000568, 1.400343491548885044, -1.400343491548898811 ) ) ;
#6110 = ADVANCED_FACE ( 'NONE', ( #6489 ), #6370, .T. ) ;
#6111 = CARTESIAN_POINT ( 'NONE',  ( 17.97500000000000497, 1.798385574751153904, -1.798385574751167892 ) ) ;
#6112 = CARTESIAN_POINT ( 'NONE',  ( 4.300000000000001599, -1.424157858600947694E-14, 1.980384757729346301 ) ) ;
#6113 = CARTESIAN_POINT ( 'NONE',  ( 9.000000000000007105, -1.424157858600947694E-14, 1.980384757729346301 ) ) ;
#6114 = DIRECTION ( 'NONE',  ( -2.168404344971008868E-16, -1.000000000000000000, 0.000000000000000000 ) ) ;
#6115 = CARTESIAN_POINT ( 'NONE',  ( 12.75000000000000000, 0.8203022253684377763, -1.980384757729346301 ) ) ;
#6116 = CARTESIAN_POINT ( 'NONE',  ( 11.05000000000000249, -1.035533905932757959, 2.500000000000011102 ) ) ;
#6117 = CARTESIAN_POINT ( 'NONE',  ( 16.35000000000000853, -1.980384757729360512, 0.8203022253684509879 ) ) ;
#6118 = ORIENTED_EDGE ( 'NONE', *, *, #4915, .T. ) ;
#6119 = B_SPLINE_CURVE_WITH_KNOTS ( 'NONE', 3,
 ( #7045, #4321, #4164, #3732, #4201, #714, #1934, #6724, #4754, #3691, #1347, #130, #1305, #6126, #3024, #1779 ),
 .UNSPECIFIED., .F., .F.,
 ( 4, 2, 2, 2, 2, 2, 2, 4 ),
 ( 0.000000000000000000, 0.0009699080524979516353, 0.001939816104995903271, 0.003879632209991806541, 0.004849540262489758502, 0.005819448314987710029, 0.006789356367485661556, 0.007759264419983613083 ),
 .UNSPECIFIED. ) ;
#6120 = ORIENTED_EDGE ( 'NONE', *, *, #2708, .T. ) ;
#6121 = CARTESIAN_POINT ( 'NONE',  ( 18.35000000000000142, 0.8203022253684377763, -1.980384757729346301 ) ) ;
#6122 = DIRECTION ( 'NONE',  ( -1.000000000000000000, 1.734723475976808080E-16, 0.000000000000000000 ) ) ;
#6123 = CARTESIAN_POINT ( 'NONE',  ( 0.6502827929710569554, -2.244469461775833619, -0.008985045753227323059 ) ) ;
#6124 = CYLINDRICAL_SURFACE ( 'NONE', #6249, 2.500000000000010658 ) ;
#6125 = DIRECTION ( 'NONE',  ( -2.168404344971008868E-16, -1.000000000000000000, 0.000000000000000000 ) ) ;
#6126 = CARTESIAN_POINT ( 'NONE',  ( -1.503081023332833555, 1.772424525833980358, -2.884145864400704529 ) ) ;
#6127 = ORIENTED_EDGE ( 'NONE', *, *, #2036, .T. ) ;
#6128 = CARTESIAN_POINT ( 'NONE',  ( 18.95000000000000284, -0.8203022253684651988, -1.980384757729346301 ) ) ;
#6129 = AXIS2_PLACEMENT_3D ( 'NONE', #1577, #1027, #5812 ) ;
#6130 = B_SPLINE_CURVE_WITH_KNOTS ( 'NONE', 3,
 ( #6137, #3193, #765, #5583, #7407, #1000, #2724, #5705 ),
 .UNSPECIFIED., .F., .F.,
 ( 4, 2, 2, 4 ),
 ( 0.01138139700900874483, 0.01183591542582341193, 0.01229043384263807728, 0.01319947067626741147 ),
 .UNSPECIFIED. ) ;
#6131 = CARTESIAN_POINT ( 'NONE',  ( 2.875000000000002220, 2.543301270189220809, 1.053469879313102542 ) ) ;
#6132 = EDGE_LOOP ( 'NONE', ( #5185, #6483, #2158, #4509 ) ) ;
#6133 = CARTESIAN_POINT ( 'NONE',  ( 4.550000000000001599, -1.980384757729360068, -0.8203022253684516540 ) ) ;
#6134 = CARTESIAN_POINT ( 'NONE',  ( 14.35000000000000320, 0.8203022253684377763, -1.980384757729346301 ) ) ;
#6135 = CARTESIAN_POINT ( 'NONE',  ( 19.25000000000000355, 1.980384757729331868, 0.8203022253684526532 ) ) ;
#6136 = CARTESIAN_POINT ( 'NONE',  ( 3.600000000000005862, -1.980384757729360068, -2.425271854633450283E-16 ) ) ;
#6137 = CARTESIAN_POINT ( 'NONE',  ( 0.5000000000000004441, -2.500000000000023537, 0.000000000000000000 ) ) ;
#6138 = CONICAL_SURFACE ( 'NONE', #5767, 12.12500000000000178, 0.7853981633974463916 ) ;
#6139 = CARTESIAN_POINT ( 'NONE',  ( 7.850000000000004974, 0.8203022253684377763, -1.980384757729346301 ) ) ;
#6140 = CARTESIAN_POINT ( 'NONE',  ( 5.100000000000000533, -1.424157858600947694E-14, 1.980384757729346301 ) ) ;
#6141 = CARTESIAN_POINT ( 'NONE',  ( 10.80000000000000426, 1.767766952966363103, -1.767766952966377092 ) ) ;
#6142 = CARTESIAN_POINT ( 'NONE',  ( 6.475000000000003197, -2.543301270189248786, -3.114645759804644720E-16 ) ) ;
#6143 = CARTESIAN_POINT ( 'NONE',  ( 14.82500000000000462, 2.543301270189221253, 0.000000000000000000 ) ) ;
#6144 = DIRECTION ( 'NONE',  ( -1.224646799147353207E-16, 2.655529440325959183E-32, 1.000000000000000000 ) ) ;
#6145 = CARTESIAN_POINT ( 'NONE',  ( 17.00000000000000355, -1.424157858600947694E-14, 1.980384757729346301 ) ) ;
#6146 = FACE_BOUND ( 'NONE', #3027, .T. ) ;
#6147 = ORIENTED_EDGE ( 'NONE', *, *, #4532, .F. ) ;
#6148 = CARTESIAN_POINT ( 'NONE',  ( 2.500000000000005773, 1.400343491548884600, 1.400343491548899033 ) ) ;
#6149 = CARTESIAN_POINT ( 'NONE',  ( 18.97500000000000142, 1.798385574751153682, 1.798385574751168337 ) ) ;
#6150 = CARTESIAN_POINT ( 'NONE',  ( 3.800000000000001155, -1.400343491548912578, -1.400343491548898811 ) ) ;
#6151 = CARTESIAN_POINT ( 'NONE',  ( 8.150000000000005684, 0.8203022253684378873, 1.980384757729345857 ) ) ;
#6152 = CARTESIAN_POINT ( 'NONE',  ( -10.00000000000000355, -3.640625000000007105, 3.061616997868382155E-16 ) ) ;
#6153 = CARTESIAN_POINT ( 'NONE',  ( 12.40000000000000213, -1.400343491548913022, 1.400343491548898589 ) ) ;
#6154 = DIRECTION ( 'NONE',  ( 1.000000000000000000, -0.000000000000000000, -0.000000000000000000 ) ) ;
#6155 = CARTESIAN_POINT ( 'NONE',  ( 20.12614211070697223, -1.099580219355418054, -2.221886827059178060 ) ) ;
#6156 = EDGE_CURVE ( 'NONE', #5381, #5692, #2865, .T. ) ;
#6157 = CARTESIAN_POINT ( 'NONE',  ( 0.5000000000000009992, 1.385658696841724158, 2.080853184601664019 ) ) ;
#6158 = CARTESIAN_POINT ( 'NONE',  ( 12.95000000000000462, 0.8203022253684378873, 1.980384757729345857 ) ) ;
#6159 = ORIENTED_EDGE ( 'NONE', *, *, #7744, .T. ) ;
#6160 = ORIENTED_EDGE ( 'NONE', *, *, #400, .F. ) ;
#6161 = CARTESIAN_POINT ( 'NONE',  ( 15.04999999999999893, -0.8203022253684651988, -1.980384757729346301 ) ) ;
#6162 = CARTESIAN_POINT ( 'NONE',  ( 20.49999999999999645, -1.802159658631194983, 1.078063339884262950 ) ) ;
#6163 = DIRECTION ( 'NONE',  ( 1.000000000000000000, -0.000000000000000000, -0.000000000000000000 ) ) ;
#6164 = CARTESIAN_POINT ( 'NONE',  ( -10.00000000000000178, 3.999999999999994671, 3.061616997868380676E-16 ) ) ;
#6165 =( BOUNDED_CURVE ( )  B_SPLINE_CURVE ( 2, ( #754, #7312, #4787, #5495, #3575, #5970, #2435, #2358, #4870 ),
 .UNSPECIFIED., .F., .T. ) 
 B_SPLINE_CURVE_WITH_KNOTS ( ( 3, 2, 2, 2, 3 ),
 ( 0.8425925925925925597, 0.8472222222222222099, 0.8518518518518518601, 0.8564814814814815103, 0.8611111111111111605 ),
 .UNSPECIFIED. ) 
 CURVE ( )  GEOMETRIC_REPRESENTATION_ITEM ( )  RATIONAL_B_SPLINE_CURVE ( ( 1.000000000000000000, 0.9238795325112867385, 1.000000000000000000, 0.9238795325112867385, 1.000000000000000000, 0.9238795325112867385, 1.000000000000000000, 0.9238795325112867385, 1.000000000000000000 ) ) 
 REPRESENTATION_ITEM ( '' )  );
#6166 = CARTESIAN_POINT ( 'NONE',  ( 0.4632705085801822609, -2.500000000000000888, 0.3040394972948872176 ) ) ;
#6167 = EDGE_CURVE ( 'NONE', #7604, #4649, #4602, .T. ) ;
#6168 = CARTESIAN_POINT ( 'NONE',  ( -12.50000000000000000, -2.190461453405102343, 0.000000000000000000 ) ) ;
#6169 = ORIENTED_EDGE ( 'NONE', *, *, #4098, .F. ) ;
#6170 = EDGE_LOOP ( 'NONE', ( #2789, #4125, #6991, #5574 ) ) ;
#6171 = CARTESIAN_POINT ( 'NONE',  ( 2.925000000000003819, 1.798385574751153682, 1.798385574751168337 ) ) ;
#6172 = ORIENTED_EDGE ( 'NONE', *, *, #7170, .F. ) ;
#6173 = CARTESIAN_POINT ( 'NONE',  ( 2.000000000000001776, -1.400343491548913022, 1.400343491548898589 ) ) ;
#6174 = CARTESIAN_POINT ( 'NONE',  ( 15.35000000000000497, 1.980384757729331868, 0.8203022253684526532 ) ) ;
#6175 = CARTESIAN_POINT ( 'NONE',  ( 19.40000000000000924, -1.424157858600947694E-14, 1.980384757729346301 ) ) ;
#6176 = CARTESIAN_POINT ( 'NONE',  ( 1.150000000000005018, -1.980384757729360512, 0.8203022253684509879 ) ) ;
#6177 = DIRECTION ( 'NONE',  ( 0.000000000000000000, 0.000000000000000000, -1.000000000000000000 ) ) ;
#6178 = CARTESIAN_POINT ( 'NONE',  ( 5.800000000000005151, -1.424157858600947694E-14, 1.980384757729346301 ) ) ;
#6179 = CARTESIAN_POINT ( 'NONE',  ( 2.250000000000001776, -0.8203022253684651988, -1.980384757729346301 ) ) ;
#6180 = VECTOR ( 'NONE', #5340, 1000.000000000000000 ) ;
#6181 = LINE ( 'NONE', #372, #4555 ) ;
#6182 = CARTESIAN_POINT ( 'NONE',  ( 7.325000000000003730, -2.543301270189249674, -1.053469879313101210 ) ) ;
#6183 = CARTESIAN_POINT ( 'NONE',  ( 15.92500000000000426, -1.798385574751182103, 1.798385574751167670 ) ) ;
#6184 = DIRECTION ( 'NONE',  ( 1.000000000000000000, -2.573190495840610889E-16, 0.000000000000000000 ) ) ;
#6185 = CARTESIAN_POINT ( 'NONE',  ( 17.60000000000000497, 1.980384757729332312, 0.000000000000000000 ) ) ;
#6186 = CARTESIAN_POINT ( 'NONE',  ( 12.10000000000000320, -2.500000000000025757, -3.061616997868397439E-16 ) ) ;
#6187 = ORIENTED_EDGE ( 'NONE', *, *, #3853, .T. ) ;
#6188 = AXIS2_PLACEMENT_3D ( 'NONE', #2472, #2987, #6089 ) ;
#6189 = CARTESIAN_POINT ( 'NONE',  ( 2.600000000000004974, -1.424157858600947694E-14, 1.980384757729346301 ) ) ;
#6190 = CARTESIAN_POINT ( 'NONE',  ( 16.82500000000000284, -2.543301270189249674, 1.053469879313100099 ) ) ;
#6191 = CARTESIAN_POINT ( 'NONE',  ( 3.550000000000001155, -0.8203022253684664200, 1.980384757729345857 ) ) ;
#6192 = AXIS2_PLACEMENT_3D ( 'NONE', #4680, #3569, #7080 ) ;
#6193 = CARTESIAN_POINT ( 'NONE',  ( 9.950000000000006395, -1.980384757729360512, 0.8203022253684509879 ) ) ;
#6194 = CARTESIAN_POINT ( 'NONE',  ( 11.55000000000000071, -0.8203022253684664200, 1.980384757729345857 ) ) ;
#6195 = CARTESIAN_POINT ( 'NONE',  ( 19.05000000000000426, 1.035533905932729315, 2.500000000000011102 ) ) ;
#6196 = CARTESIAN_POINT ( 'NONE',  ( 15.45000000000000462, 1.035533905932728871, -2.500000000000011546 ) ) ;
#6197 = CARTESIAN_POINT ( 'NONE',  ( -16.34740172064212516, 3.999999999999995559, 0.000000000000000000 ) ) ;
#6198 = CARTESIAN_POINT ( 'NONE',  ( 10.60000000000000497, -1.424157858600947694E-14, 1.980384757729346301 ) ) ;
#6199 = ORIENTED_EDGE ( 'NONE', *, *, #2665, .T. ) ;
#6200 = CIRCLE ( 'NONE', #4567, 0.1796875000000001665 ) ;
#6201 = EDGE_LOOP ( 'NONE', ( #1582, #208, #6950, #6895 ) ) ;
#6202 = CARTESIAN_POINT ( 'NONE',  ( 13.40000000000000213, -1.400343491548912578, -1.400343491548898811 ) ) ;
#6203 = EDGE_CURVE ( 'NONE', #4229, #7509, #360, .T. ) ;
#6204 = CARTESIAN_POINT ( 'NONE',  ( -17.55614570349786874, -2.695312500000007105, 6.191992651811306659E-16 ) ) ;
#6205 = CARTESIAN_POINT ( 'NONE',  ( 0.7013056045426074858, -1.492501199873388362, -1.556364147967053357 ) ) ;
#6206 = CARTESIAN_POINT ( 'NONE',  ( 20.15000000000000213, 1.980384757729331868, 0.8203022253684526532 ) ) ;
#6207 = CARTESIAN_POINT ( 'NONE',  ( 1.100000000000003864, -1.372470695792103624E-14, -2.500000000000011546 ) ) ;
#6208 = CARTESIAN_POINT ( 'NONE',  ( 13.90000000000000213, -1.372470695792103624E-14, -2.500000000000011546 ) ) ;
#6209 = VERTEX_POINT ( 'NONE', #7005 ) ;
#6210 = CARTESIAN_POINT ( 'NONE',  ( 0.9250000000000022649, -1.798385574751181437, -1.798385574751167892 ) ) ;
#6211 = ORIENTED_EDGE ( 'NONE', *, *, #5442, .F. ) ;
#6212 = EDGE_CURVE ( 'NONE', #2977, #7226, #1369, .T. ) ;
#6213 = CARTESIAN_POINT ( 'NONE',  ( 1.900000000000002354, -1.424157858600947694E-14, 1.980384757729346301 ) ) ;
#6214 = CARTESIAN_POINT ( 'NONE',  ( 13.25000000000000178, -1.980384757729360512, 0.8203022253684510989 ) ) ;
#6215 = CARTESIAN_POINT ( 'NONE',  ( 19.95000000000000639, 1.980384757729332312, -0.8203022253684513210 ) ) ;
#6216 = CARTESIAN_POINT ( 'NONE',  ( 1.100000000000003642, -1.400343491548913022, 1.400343491548898589 ) ) ;
#6217 = CARTESIAN_POINT ( 'NONE',  ( 13.10000000000000320, -1.372470695792103624E-14, -2.500000000000011546 ) ) ;
#6218 = CARTESIAN_POINT ( 'NONE',  ( 8.600000000000004974, -1.375652421508278441E-14, -1.980384757729346301 ) ) ;
#6219 = CARTESIAN_POINT ( 'NONE',  ( 3.550000000000001155, -0.8203022253684664200, 1.980384757729345857 ) ) ;
#6220 = FACE_OUTER_BOUND ( 'NONE', #6132, .T. ) ;
#6221 = CARTESIAN_POINT ( 'NONE',  ( 10.20000000000000107, -1.400343491548912578, -1.400343491548898811 ) ) ;
#6222 = CARTESIAN_POINT ( 'NONE',  ( 8.725000000000003197, -1.053469879313116087, 2.543301270189234575 ) ) ;
#6223 = CARTESIAN_POINT ( 'NONE',  ( 17.27500000000000924, 2.543301270189220809, 1.053469879313102542 ) ) ;
#6224 = DIRECTION ( 'NONE',  ( 2.168404344971008868E-16, 1.000000000000000000, -0.000000000000000000 ) ) ;
#6225 = CARTESIAN_POINT ( 'NONE',  ( 17.15000000000000568, -1.980384757729360512, 0.8203022253684510989 ) ) ;
#6226 = EDGE_CURVE ( 'NONE', #2639, #5738, #4720, .T. ) ;
#6227 = LINE ( 'NONE', #3280, #7188 ) ;
#6228 = PRODUCT_DEFINITION_SHAPE ( 'NONE', 'NONE',  #257 ) ;
#6229 = CIRCLE ( 'NONE', #7234, 0.3593750000000003331 ) ;
#6230 = CARTESIAN_POINT ( 'NONE',  ( 0.7500000000000041078, 1.980384757729332312, -0.8203022253684513210 ) ) ;
#6231 = CARTESIAN_POINT ( 'NONE',  ( 18.87500000000000355, 2.543301270189221253, 0.000000000000000000 ) ) ;
#6232 = CARTESIAN_POINT ( 'NONE',  ( 2.800000000000000266, -1.400343491548913022, 1.400343491548898589 ) ) ;
#6233 = CARTESIAN_POINT ( 'NONE',  ( 9.600000000000006750, 1.980384757729332312, 0.000000000000000000 ) ) ;
#6234 = CARTESIAN_POINT ( 'NONE',  ( 12.20000000000000284, -1.372470695792103782E-14, -2.500000000000011546 ) ) ;
#6235 = CARTESIAN_POINT ( 'NONE',  ( 9.450000000000002842, -0.8203022253684651988, -1.980384757729346301 ) ) ;
#6236 = DIRECTION ( 'NONE',  ( 1.000000000000000000, -0.000000000000000000, 0.000000000000000000 ) ) ;
#6237 = FACE_OUTER_BOUND ( 'NONE', #6836, .T. ) ;
#6238 = CARTESIAN_POINT ( 'NONE',  ( 7.300000000000002487, -1.767766952966390637, -1.767766952966377092 ) ) ;
#6239 = CARTESIAN_POINT ( 'NONE',  ( 13.15000000000000568, -1.980384757729360512, 0.8203022253684509879 ) ) ;
#6240 = EDGE_LOOP ( 'NONE', ( #2781, #3778, #4546, #3854 ) ) ;
#6241 = ORIENTED_EDGE ( 'NONE', *, *, #1843, .T. ) ;
#6242 = CARTESIAN_POINT ( 'NONE',  ( 12.55000000000000071, -1.980384757729360290, -0.8203022253684516540 ) ) ;
#6243 = CARTESIAN_POINT ( 'NONE',  ( 17.20000000000000284, 2.499999999999997780, 0.000000000000000000 ) ) ;
#6244 = CARTESIAN_POINT ( 'NONE',  ( 1.250000000000004885, 2.499999999999997780, -1.035533905932742638 ) ) ;
#6245 = CARTESIAN_POINT ( 'NONE',  ( 11.55000000000000426, 1.035533905932728871, -2.500000000000011546 ) ) ;
#6246 = CARTESIAN_POINT ( 'NONE',  ( -1.093290131144165178, -2.042052523544255482, -2.450935444863311385 ) ) ;
#6247 = ORIENTED_EDGE ( 'NONE', *, *, #4769, .F. ) ;
#6248 = EDGE_CURVE ( 'NONE', #5738, #5118, #5514, .T. ) ;
#6249 = AXIS2_PLACEMENT_3D ( 'NONE', #247, #5531, #166 ) ;
#6250 = CARTESIAN_POINT ( 'NONE',  ( 5.450000000000003730, 1.035533905932729315, 2.500000000000011102 ) ) ;
#6251 = EDGE_LOOP ( 'NONE', ( #353, #2310, #4342, #2744 ) ) ;
#6252 = LINE ( 'NONE', #4641, #5613 ) ;
#6253 = CARTESIAN_POINT ( 'NONE',  ( 15.20000000000000107, 1.400343491548885044, -1.400343491548898811 ) ) ;
#6254 = CARTESIAN_POINT ( 'NONE',  ( 14.80000000000000604, -1.980384757729360068, -2.425271854633450283E-16 ) ) ;
#6255 = CARTESIAN_POINT ( 'NONE',  ( 0.1000000000000063338, 1.400343491548884600, 1.400343491548899033 ) ) ;
#6256 = CARTESIAN_POINT ( 'NONE',  ( 13.20000000000000284, 1.767766952966363103, -1.767766952966377092 ) ) ;
#6257 = CARTESIAN_POINT ( 'NONE',  ( 3.650000000000001243, -1.980384757729360512, 0.8203022253684509879 ) ) ;
#6258 = CIRCLE ( 'NONE', #2869, 6.775000000000006573 ) ;
#6259 = CARTESIAN_POINT ( 'NONE',  ( 5.900000000000003908, -1.372470695792103624E-14, -2.500000000000011546 ) ) ;
#6260 = EDGE_CURVE ( 'NONE', #66, #4911, #3606, .T. ) ;
#6261 = CARTESIAN_POINT ( 'NONE',  ( 10.02500000000000391, 2.543301270189221253, 0.000000000000000000 ) ) ;
#6262 = ORIENTED_EDGE ( 'NONE', *, *, #69, .F. ) ;
#6263 = CARTESIAN_POINT ( 'NONE',  ( 11.50000000000000178, -1.424157858600947694E-14, 1.980384757729346301 ) ) ;
#6264 = CARTESIAN_POINT ( 'NONE',  ( 4.425000000000001599, 2.543301270189220809, -1.053469879313100765 ) ) ;
#6265 = LOCAL_TIME ( 14, 23, 12.00000000000000000, #3161 ) ;
#6266 = CARTESIAN_POINT ( 'NONE',  ( 17.42500000000000426, -1.434498467178515336E-14, 2.543301270189235019 ) ) ;
#6267 = FACE_OUTER_BOUND ( 'NONE', #6838, .T. ) ;
#6268 = CARTESIAN_POINT ( 'NONE',  ( 13.35000000000000675, -0.8203022253684651988, -1.980384757729346301 ) ) ;
#6269 = DIRECTION ( 'NONE',  ( 1.224646799147353207E-16, -2.655529440325959183E-32, 1.000000000000000000 ) ) ;
#6270 = EDGE_CURVE ( 'NONE', #622, #3600, #366, .T. ) ;
#6271 = CARTESIAN_POINT ( 'NONE',  ( 3.000000000000006217, -1.375652421508278441E-14, -1.980384757729346301 ) ) ;
#6272 = CARTESIAN_POINT ( 'NONE',  ( 15.82500000000000284, 1.053469879313087443, 2.543301270189234575 ) ) ;
#6273 = CARTESIAN_POINT ( 'NONE',  ( 4.349999999999999645, -0.8203022253684664200, 1.980384757729345857 ) ) ;
#6274 = CARTESIAN_POINT ( 'NONE',  ( 6.500000000000005329, 1.400343491548884600, 1.400343491548899033 ) ) ;
#6275 = FACE_OUTER_BOUND ( 'NONE', #362, .T. ) ;
#6276 = CARTESIAN_POINT ( 'NONE',  ( 10.65000000000000213, 0.8203022253684378873, 1.980384757729345857 ) ) ;
#6277 = CARTESIAN_POINT ( 'NONE',  ( 0.5500000000000009326, -1.432112172891384342E-14, 2.413397459621564156 ) ) ;
#6278 = DIRECTION ( 'NONE',  ( 2.168404344971008868E-16, 1.000000000000000000, -0.000000000000000000 ) ) ;
#6279 = CARTESIAN_POINT ( 'NONE',  ( 6.950000000000002842, 1.035533905932729315, 2.500000000000011102 ) ) ;
#6280 = CARTESIAN_POINT ( 'NONE',  ( 11.35000000000000497, 0.8203022253684378873, 1.980384757729345857 ) ) ;
#6281 = ORIENTED_EDGE ( 'NONE', *, *, #6101, .T. ) ;
#6282 = ORIENTED_EDGE ( 'NONE', *, *, #5795, .T. ) ;
#6283 = CARTESIAN_POINT ( 'NONE',  ( 15.40000000000000036, 1.400343491548884600, 1.400343491548899033 ) ) ;
#6284 = CARTESIAN_POINT ( 'NONE',  ( 10.00000000000000355, 2.499999999999997780, 0.000000000000000000 ) ) ;
#6285 = CARTESIAN_POINT ( 'NONE',  ( 19.14999999999999858, 0.8203022253684377763, -1.980384757729346301 ) ) ;
#6286 = CARTESIAN_POINT ( 'NONE',  ( 19.40000000000000568, -1.372470695792103782E-14, -2.500000000000011546 ) ) ;
#6287 = ORIENTED_EDGE ( 'NONE', *, *, #5061, .F. ) ;
#6288 = CARTESIAN_POINT ( 'NONE',  ( 0.4250000000000017653, 2.543301270189221253, 0.000000000000000000 ) ) ;
#6289 = EDGE_LOOP ( 'NONE', ( #877, #7707, #5894, #2206, #1295, #7661, #1367, #3556 ) ) ;
#6290 = CARTESIAN_POINT ( 'NONE',  ( 1.650000000000002354, 1.980384757729332312, -0.8203022253684514320 ) ) ;
#6291 = CARTESIAN_POINT ( 'NONE',  ( 19.25000000000000355, -2.500000000000025757, -1.035533905932743082 ) ) ;
#6292 = CARTESIAN_POINT ( 'NONE',  ( 16.70000000000000639, 1.400343491548885044, -1.400343491548898811 ) ) ;
#6293 = CARTESIAN_POINT ( 'NONE',  ( 0.8000000000000055955, 1.980384757729332312, 0.000000000000000000 ) ) ;
#6294 = CARTESIAN_POINT ( 'NONE',  ( 13.85000000000000320, 1.035533905932728871, -2.500000000000011546 ) ) ;
#6295 = CYLINDRICAL_SURFACE ( 'NONE', #3916, 2.500000000000010658 ) ;
#6296 = DIRECTION ( 'NONE',  ( -1.000000000000000000, 0.000000000000000000, 0.000000000000000000 ) ) ;
#6297 = CARTESIAN_POINT ( 'NONE',  ( 8.425000000000004263, 2.543301270189221253, 0.000000000000000000 ) ) ;
#6298 = ORIENTED_EDGE ( 'NONE', *, *, #4721, .F. ) ;
#6299 = CARTESIAN_POINT ( 'NONE',  ( 11.80000000000000071, -1.400343491548912578, -1.400343491548898811 ) ) ;
#6300 = CARTESIAN_POINT ( 'NONE',  ( 5.125000000000001776, 1.053469879313086999, -2.543301270189235019 ) ) ;
#6301 = CARTESIAN_POINT ( 'NONE',  ( 0.7917726057435426901, 1.212966755716822442, -1.588917042213218389 ) ) ;
#6302 = EDGE_CURVE ( 'NONE', #4589, #2199, #231, .T. ) ;
#6303 = CARTESIAN_POINT ( 'NONE',  ( 12.00000000000000533, 1.980384757729332312, 0.000000000000000000 ) ) ;
#6304 = CARTESIAN_POINT ( 'NONE',  ( 20.50000000000000000, -1.267509437117510519E-14, 0.000000000000000000 ) ) ;
#6305 = CARTESIAN_POINT ( 'NONE',  ( 20.25000000000000711, 0.8203022253684378873, 1.980384757729345857 ) ) ;
#6306 = CIRCLE ( 'NONE', #6445, 7.694275704778615221 ) ;
#6307 = CARTESIAN_POINT ( 'NONE',  ( 15.67500000000000071, 2.543301270189221253, 0.000000000000000000 ) ) ;
#6308 = EDGE_CURVE ( 'NONE', #7357, #3960, #238, .T. ) ;
#6309 = CARTESIAN_POINT ( 'NONE',  ( 1.250000000000001110, -1.980384757729360512, 0.8203022253684509879 ) ) ;
#6310 = CARTESIAN_POINT ( 'NONE',  ( 7.650000000000005684, -1.980384757729360290, -0.8203022253684516540 ) ) ;
#6311 = CARTESIAN_POINT ( 'NONE',  ( -6.480793083156523693, -1.717168613283584833, 5.619292163694379560 ) ) ;
#6312 = CARTESIAN_POINT ( 'NONE',  ( 10.90000000000000213, -1.980384757729360068, -2.425271854633450283E-16 ) ) ;
#6313 = CONICAL_SURFACE ( 'NONE', #6691, 2.100000000000018296, 0.7853981633974472798 ) ;
#6314 = FACE_OUTER_BOUND ( 'NONE', #4831, .T. ) ;
#6315 = CARTESIAN_POINT ( 'NONE',  ( 11.25000000000000533, 1.980384757729331868, 0.8203022253684526532 ) ) ;
#6316 = ORIENTED_EDGE ( 'NONE', *, *, #2754, .T. ) ;
#6317 = TOROIDAL_SURFACE ( 'NONE', #5311, 6.019421691491643855, 0.1796875000000000000 ) ;
#6318 = ORIENTED_EDGE ( 'NONE', *, *, #2194, .F. ) ;
#6319 = CARTESIAN_POINT ( 'NONE',  ( 10.90000000000000213, -1.980384757729360068, -2.425271854633450283E-16 ) ) ;
#6320 = CARTESIAN_POINT ( 'NONE',  ( 2.150000000000002576, 1.035533905932729315, 2.500000000000011102 ) ) ;
#6321 = CARTESIAN_POINT ( 'NONE',  ( 18.95000000000000284, -1.980384757729360068, -0.8203022253684516540 ) ) ;
#6322 = CIRCLE ( 'NONE', #7333, 5.056145703497867849 ) ;
#6323 = CARTESIAN_POINT ( 'NONE',  ( 3.050000000000004707, 1.035533905932729315, 2.500000000000011102 ) ) ;
#6324 = ORIENTED_EDGE ( 'NONE', *, *, #1612, .F. ) ;
#6325 =( BOUNDED_CURVE ( )  B_SPLINE_CURVE ( 2, ( #591, #4162, #1224, #626, #3022, #6843, #3849, #4319, #5571 ),
 .UNSPECIFIED., .F., .T. ) 
 B_SPLINE_CURVE_WITH_KNOTS ( ( 3, 2, 2, 2, 3 ),
 ( 0.8240740740740740700, 0.8287037037037037202, 0.8333333333333333703, 0.8379629629629629095, 0.8425925925925925597 ),
 .UNSPECIFIED. ) 
 CURVE ( )  GEOMETRIC_REPRESENTATION_ITEM ( )  RATIONAL_B_SPLINE_CURVE ( ( 1.000000000000000000, 0.9238795325112867385, 1.000000000000000000, 0.9238795325112867385, 1.000000000000000000, 0.9238795325112867385, 1.000000000000000000, 0.9238795325112867385, 1.000000000000000000 ) ) 
 REPRESENTATION_ITEM ( '' )  );
#6326 = CARTESIAN_POINT ( 'NONE',  ( 0.5000000000000002220, -0.3272492347489509013, 2.500000000000011102 ) ) ;
#6327 = EDGE_LOOP ( 'NONE', ( #2750, #2828, #4241, #3457 ) ) ;
#6328 = CARTESIAN_POINT ( 'NONE',  ( 2.800000000000000266, -1.400343491548913022, 1.400343491548898589 ) ) ;
#6329 = AXIS2_PLACEMENT_3D ( 'NONE', #1396, #1434, #3741 ) ;
#6330 = CARTESIAN_POINT ( 'NONE',  ( 20.49999999999999645, -1.239342560737121245E-14, -2.100000000000018296 ) ) ;
#6331 = CARTESIAN_POINT ( 'NONE',  ( 15.00000000000000711, -1.375652421508278441E-14, -1.980384757729346301 ) ) ;
#6332 = DIRECTION ( 'NONE',  ( 0.000000000000000000, 0.000000000000000000, 1.000000000000000000 ) ) ;
#6333 = CARTESIAN_POINT ( 'NONE',  ( 4.400000000000001243, 2.499999999999997780, 0.000000000000000000 ) ) ;
#6334 = CARTESIAN_POINT ( 'NONE',  ( 0.5500000000000020428, -1.980384757729360290, -0.8203022253684516540 ) ) ;
#6335 = CARTESIAN_POINT ( 'NONE',  ( 7.600000000000003197, 1.767766952966363103, -1.767766952966377092 ) ) ;
#6336 = CARTESIAN_POINT ( 'NONE',  ( 7.725000000000004086, 1.798385574751153682, 1.798385574751168337 ) ) ;
#6337 = ORIENTED_EDGE ( 'NONE', *, *, #989, .T. ) ;
#6338 = CARTESIAN_POINT ( 'NONE',  ( 11.34999999999999964, 1.980384757729331868, 0.8203022253684526532 ) ) ;
#6339 = CARTESIAN_POINT ( 'NONE',  ( 6.025000000000003020, 2.543301270189220809, -1.053469879313100765 ) ) ;
#6340 = CARTESIAN_POINT ( 'NONE',  ( 15.10000000000000320, -1.433703035749471672E-14, 2.500000000000011546 ) ) ;
#6341 = CARTESIAN_POINT ( 'NONE',  ( 12.30000000000000604, -1.400343491548913022, 1.400343491548898589 ) ) ;
#6342 = CARTESIAN_POINT ( 'NONE',  ( 8.800000000000002487, -2.500000000000025757, -3.061616997868397439E-16 ) ) ;
#6343 = CARTESIAN_POINT ( 'NONE',  ( 0.3500000000000065836, -1.980384757729360512, 0.8203022253684509879 ) ) ;
#6344 = EDGE_CURVE ( 'NONE', #6513, #1417, #3021, .T. ) ;
#6345 = CARTESIAN_POINT ( 'NONE',  ( 13.67500000000000249, -2.543301270189248786, -3.114645759804644720E-16 ) ) ;
#6346 = CARTESIAN_POINT ( 'NONE',  ( 2.150000000000002576, -1.980384757729360290, -0.8203022253684516540 ) ) ;
#6347 = DIRECTION ( 'NONE',  ( 8.659560562354942719E-17, 0.7071067811865467956, -0.7071067811865483499 ) ) ;
#6348 = CARTESIAN_POINT ( 'NONE',  ( 7.350000000000005862, 0.8203022253684378873, 1.980384757729345857 ) ) ;
#6349 = CARTESIAN_POINT ( 'NONE',  ( 4.650000000000004796, 1.035533905932729315, 2.500000000000011102 ) ) ;
#6350 = CARTESIAN_POINT ( 'NONE',  ( 8.850000000000001421, 1.980384757729332312, -0.8203022253684513210 ) ) ;
#6351 = CARTESIAN_POINT ( 'NONE',  ( -12.49999999999999822, -2.190461453405102343, -7.694275704778610780 ) ) ;
#6352 = DIRECTION ( 'NONE',  ( 0.000000000000000000, 0.000000000000000000, 1.000000000000000000 ) ) ;
#6353 = EDGE_CURVE ( 'NONE', #1847, #1465, #164, .T. ) ;
#6354 = CARTESIAN_POINT ( 'NONE',  ( 9.950000000000006395, -1.980384757729360512, 0.8203022253684509879 ) ) ;
#6355 = VERTEX_POINT ( 'NONE', #2469 ) ;
#6356 = EDGE_CURVE ( 'NONE', #282, #5931, #968, .T. ) ;
#6357 = VERTEX_POINT ( 'NONE', #1300 ) ;
#6358 = CARTESIAN_POINT ( 'NONE',  ( 9.750000000000001776, 1.980384757729331868, 0.8203022253684526532 ) ) ;
#6359 = CARTESIAN_POINT ( 'NONE',  ( 20.50000000000000000, -1.267509437117510519E-14, 0.000000000000000000 ) ) ;
#6360 = CARTESIAN_POINT ( 'NONE',  ( 19.50000000000000355, -1.424157858600947694E-14, 1.980384757729346301 ) ) ;
#6361 = CARTESIAN_POINT ( 'NONE',  ( 4.400000000000004796, -1.980384757729360068, -2.425271854633450283E-16 ) ) ;
#6362 = CARTESIAN_POINT ( 'NONE',  ( -0.2371366449944649901, 2.499999999999997335, 1.286398674659395613 ) ) ;
#6363 = CARTESIAN_POINT ( 'NONE',  ( 16.65000000000000213, -0.8203022253684651988, -1.980384757729346301 ) ) ;
#6364 = EDGE_LOOP ( 'NONE', ( #1498, #7306, #6000 ) ) ;
#6365 = EDGE_CURVE ( 'NONE', #828, #2132, #4167, .T. ) ;
#6366 = CARTESIAN_POINT ( 'NONE',  ( 5.300000000000004263, 2.499999999999997780, 0.000000000000000000 ) ) ;
#6367 = VERTEX_POINT ( 'NONE', #3140 ) ;
#6368 = CARTESIAN_POINT ( 'NONE',  ( 20.45000000000000284, -1.980384757729360512, 0.8203022253684509879 ) ) ;
#6369 = CARTESIAN_POINT ( 'NONE',  ( 16.65000000000000568, 0.8203022253684377763, -1.980384757729346301 ) ) ;
#6370 = CYLINDRICAL_SURFACE ( 'NONE', #5988, 2.500000000000010658 ) ;
#6371 = CARTESIAN_POINT ( 'NONE',  ( 5.400000000000002132, -1.433703035749471672E-14, 2.500000000000011546 ) ) ;
#6372 = CARTESIAN_POINT ( 'NONE',  ( 17.50000000000000355, -1.767766952966391303, 1.767766952966376870 ) ) ;
#6373 = CARTESIAN_POINT ( 'NONE',  ( -15.00000000000000000, 3.999999999999996447, 0.000000000000000000 ) ) ;
#6374 =( BOUNDED_CURVE ( )  B_SPLINE_CURVE ( 2, ( #4505, #4469, #3288, #5768, #2043, #2779, #904, #350, #2741 ),
 .UNSPECIFIED., .F., .F. ) 
 B_SPLINE_CURVE_WITH_KNOTS ( ( 3, 2, 2, 2, 3 ),
 ( 0.2314814814814814825, 0.2361111111111111049, 0.2407407407407407274, 0.2453703703703703776, 0.2500000000000000000 ),
 .UNSPECIFIED. ) 
 CURVE ( )  GEOMETRIC_REPRESENTATION_ITEM ( )  RATIONAL_B_SPLINE_CURVE ( ( 1.000000000000000000, 0.9238795325112867385, 1.000000000000000000, 0.9238795325112867385, 1.000000000000000000, 0.9238795325112867385, 1.000000000000000000, 0.9238795325112867385, 1.000000000000000000 ) ) 
 REPRESENTATION_ITEM ( '' )  );
#6375 = AXIS2_PLACEMENT_3D ( 'NONE', #3646, #2984, #1187 ) ;
#6376 = CARTESIAN_POINT ( 'NONE',  ( 10.37500000000000355, -2.543301270189249674, 1.053469879313100099 ) ) ;
#6377 = VERTEX_POINT ( 'NONE', #5530 ) ;
#6378 = CARTESIAN_POINT ( 'NONE',  ( 6.650000000000001243, 0.8203022253684378873, 1.980384757729345857 ) ) ;
#6379 = CARTESIAN_POINT ( 'NONE',  ( 5.575000000000003730, -1.798385574751182103, 1.798385574751167670 ) ) ;
#6380 = DIRECTION ( 'NONE',  ( 1.000000000000000000, -0.000000000000000000, -0.000000000000000000 ) ) ;
#6381 = VECTOR ( 'NONE', #1663, 1000.000000000000000 ) ;
#6382 = CARTESIAN_POINT ( 'NONE',  ( 11.90000000000000568, 1.400343491548885044, -1.400343491548898811 ) ) ;
#6383 = FACE_BOUND ( 'NONE', #1911, .T. ) ;
#6384 = CARTESIAN_POINT ( 'NONE',  ( 20.05000000000000426, 1.980384757729332312, -0.8203022253684513210 ) ) ;
#6385 = AXIS2_PLACEMENT_3D ( 'NONE', #2939, #5328, #7737 ) ;
#6386 = CARTESIAN_POINT ( 'NONE',  ( 12.92500000000000249, -2.543301270189249674, -1.053469879313101210 ) ) ;
#6387 = CARTESIAN_POINT ( 'NONE',  ( 1.199999999999999734, -1.400343491548913022, 1.400343491548898589 ) ) ;
#6388 = DIRECTION ( 'NONE',  ( 1.000000000000000000, -0.000000000000000000, -0.000000000000000000 ) ) ;
#6389 = CARTESIAN_POINT ( 'NONE',  ( 7.100000000000005862, 1.400343491548885044, -1.400343491548898811 ) ) ;
#6390 = CARTESIAN_POINT ( 'NONE',  ( 20.50000000000000000, -1.236893267138826574E-14, 2.500000000000010658 ) ) ;
#6391 = CARTESIAN_POINT ( 'NONE',  ( 6.500000000000000888, 1.980384757729332312, 0.000000000000000000 ) ) ;
#6392 = CARTESIAN_POINT ( 'NONE',  ( 0.5000000000000017764, -2.776047672361596330, 4.852170578285128322 ) ) ;
#6393 = PRODUCT_DEFINITION_FORMATION_WITH_SPECIFIED_SOURCE ( 'ANY', '', #7498, .NOT_KNOWN. ) ;
#6394 = CARTESIAN_POINT ( 'NONE',  ( 10.70000000000000462, -1.372470695792103624E-14, -2.500000000000011546 ) ) ;
#6395 = CARTESIAN_POINT ( 'NONE',  ( 7.350000000000005862, 0.8203022253684378873, 1.980384757729345857 ) ) ;
#6396 = ORIENTED_EDGE ( 'NONE', *, *, #1525, .F. ) ;
#6397 = ORIENTED_EDGE ( 'NONE', *, *, #3232, .T. ) ;
#6398 = CARTESIAN_POINT ( 'NONE',  ( 11.80000000000000071, -1.400343491548912578, -1.400343491548898811 ) ) ;
#6399 = DIRECTION ( 'NONE',  ( 0.000000000000000000, 0.000000000000000000, -1.000000000000000000 ) ) ;
#6400 = CARTESIAN_POINT ( 'NONE',  ( 19.05000000000000071, -0.8203022253684651988, -1.980384757729346301 ) ) ;
#6401 = ADVANCED_FACE ( 'NONE', ( #205 ), #1971, .T. ) ;
#6402 = CARTESIAN_POINT ( 'NONE',  ( 5.300000000000006040, -1.400343491548912578, -1.400343491548898811 ) ) ;
#6403 = CARTESIAN_POINT ( 'NONE',  ( 0.2588321772666399290, 2.499999999999886313, 0.7145734256954694441 ) ) ;
#6404 = CARTESIAN_POINT ( 'NONE',  ( 15.04999999999999893, -0.8203022253684651988, -1.980384757729346301 ) ) ;
#6405 = ORIENTED_EDGE ( 'NONE', *, *, #3853, .F. ) ;
#6406 = LINE ( 'NONE', #5856, #6504 ) ;
#6407 = ORIENTED_EDGE ( 'NONE', *, *, #7316, .T. ) ;
#6408 = AXIS2_PLACEMENT_3D ( 'NONE', #367, #5745, #1548 ) ;
#6409 = CARTESIAN_POINT ( 'NONE',  ( -8.589467622627234178, -1.376936759056590631E-14, 0.000000000000000000 ) ) ;
#6410 = CARTESIAN_POINT ( 'NONE',  ( 20.10000000000000142, -1.267509437117510519E-14, 0.000000000000000000 ) ) ;
#6411 = CARTESIAN_POINT ( 'NONE',  ( 16.95000000000000639, 0.8203022253684378873, 1.980384757729345857 ) ) ;
#6412 = CARTESIAN_POINT ( 'NONE',  ( -12.50000000000000000, 3.999999999999994671, 0.000000000000000000 ) ) ;
#6413 = CARTESIAN_POINT ( 'NONE',  ( 8.200000000000002842, -1.372470695792103782E-14, -2.500000000000011546 ) ) ;
#6414 = CARTESIAN_POINT ( 'NONE',  ( 0.9000000000000014655, 1.980384757729332312, 0.000000000000000000 ) ) ;
#6415 = CARTESIAN_POINT ( 'NONE',  ( 14.30000000000000426, -1.767766952966391303, 1.767766952966376870 ) ) ;
#6416 = CARTESIAN_POINT ( 'NONE',  ( 4.725000000000003197, -1.798385574751182103, 1.798385574751167670 ) ) ;
#6417 = ORIENTED_EDGE ( 'NONE', *, *, #7328, .T. ) ;
#6418 = CARTESIAN_POINT ( 'NONE',  ( 7.100000000000000533, -1.375652421508278441E-14, -1.980384757729346301 ) ) ;
#6419 = CARTESIAN_POINT ( 'NONE',  ( 3.175000000000004263, -1.798385574751182103, 1.798385574751167670 ) ) ;
#6420 = CARTESIAN_POINT ( 'NONE',  ( 1.500000000000001110, -1.767766952966391303, 1.767766952966376870 ) ) ;
#6421 = CARTESIAN_POINT ( 'NONE',  ( 13.70000000000000639, 1.400343491548884600, 1.400343491548899033 ) ) ;
#6422 =( BOUNDED_CURVE ( )  B_SPLINE_CURVE ( 2, ( #2004, #6196, #4393, #5486, #741, #825, #3095, #7263, #6714 ),
 .UNSPECIFIED., .F., .F. ) 
 B_SPLINE_CURVE_WITH_KNOTS ( ( 3, 2, 2, 2, 3 ),
 ( 0.7037037037037037202, 0.7083333333333332593, 0.7129629629629630205, 0.7175925925925925597, 0.7222222222222222099 ),
 .UNSPECIFIED. ) 
 CURVE ( )  GEOMETRIC_REPRESENTATION_ITEM ( )  RATIONAL_B_SPLINE_CURVE ( ( 1.000000000000000000, 0.9238795325112867385, 1.000000000000000000, 0.9238795325112867385, 1.000000000000000000, 0.9238795325112867385, 1.000000000000000000, 0.9238795325112867385, 1.000000000000000000 ) ) 
 REPRESENTATION_ITEM ( '' )  );
#6423 = CARTESIAN_POINT ( 'NONE',  ( 1.350000000000003864, 1.035533905932729315, 2.500000000000011102 ) ) ;
#6424 = CARTESIAN_POINT ( 'NONE',  ( -7.619666505509210097, -2.042052523544255482, -6.139222040369705091 ) ) ;
#6425 = CARTESIAN_POINT ( 'NONE',  ( 0.05000000000000490163, 1.980384757729331868, 0.8203022253684526532 ) ) ;
#6426 = CIRCLE ( 'NONE', #7686, 12.12500000000000178 ) ;
#6427 = CARTESIAN_POINT ( 'NONE',  ( 14.87500000000000355, 2.543301270189221253, 0.000000000000000000 ) ) ;
#6428 = CARTESIAN_POINT ( 'NONE',  ( 1.850000000000000977, 0.8203022253684378873, 1.980384757729345857 ) ) ;
#6429 = FACE_OUTER_BOUND ( 'NONE', #3007, .T. ) ;
#6430 = CARTESIAN_POINT ( 'NONE',  ( 7.550000000000004263, -1.980384757729360512, 0.8203022253684509879 ) ) ;
#6431 = CARTESIAN_POINT ( 'NONE',  ( -3.918252245605146289, 1.246404682397466379, 4.388304836408433829 ) ) ;
#6432 = CARTESIAN_POINT ( 'NONE',  ( 5.950000000000001066, -0.8203022253684664200, 1.980384757729345857 ) ) ;
#6433 = CYLINDRICAL_SURFACE ( 'NONE', #2296, 2.500000000000010658 ) ;
#6434 = AXIS2_PLACEMENT_3D ( 'NONE', #3915, #1454, #6872 ) ;
#6435 = CARTESIAN_POINT ( 'NONE',  ( 7.500000000000005329, -1.400343491548913022, 1.400343491548898589 ) ) ;
#6436 = EDGE_LOOP ( 'NONE', ( #7039, #6281, #78, #3999 ) ) ;
#6437 = CARTESIAN_POINT ( 'NONE',  ( 11.05000000000000071, -0.8203022253684651988, -1.980384757729346301 ) ) ;
#6438 = CIRCLE ( 'NONE', #6564, 0.1796875000000001665 ) ;
#6439 = CARTESIAN_POINT ( 'NONE',  ( 0.5500000000000009326, -1.432112172891384342E-14, 2.413397459621564156 ) ) ;
#6440 = CARTESIAN_POINT ( 'NONE',  ( 17.35000000000000142, -1.980384757729360068, -0.8203022253684516540 ) ) ;
#6441 = CARTESIAN_POINT ( 'NONE',  ( 5.150000000000006573, -1.980384757729360512, 0.8203022253684510989 ) ) ;
#6442 = CARTESIAN_POINT ( 'NONE',  ( 0.5000000000000017764, -1.385658696841748805, -2.080853184601659134 ) ) ;
#6443 = CARTESIAN_POINT ( 'NONE',  ( 15.25000000000000178, 1.980384757729332312, -0.8203022253684513210 ) ) ;
#6444 = EDGE_LOOP ( 'NONE', ( #3919, #1968, #159, #4325 ) ) ;
#6445 = AXIS2_PLACEMENT_3D ( 'NONE', #4175, #1199, #1866 ) ;
#6446 = EDGE_CURVE ( 'NONE', #4596, #5848, #3495, .T. ) ;
#6447 = CARTESIAN_POINT ( 'NONE',  ( 20.07500000000000284, -2.543301270189248786, -3.114645759804644720E-16 ) ) ;
#6448 = ORIENTED_EDGE ( 'NONE', *, *, #6308, .T. ) ;
#6449 = CARTESIAN_POINT ( 'NONE',  ( 20.70000000000000284, -1.375652421508278441E-14, -1.980384757729346301 ) ) ;
#6450 = CARTESIAN_POINT ( 'NONE',  ( 12.10000000000000497, 1.400343491548884600, 1.400343491548899033 ) ) ;
#6451 = CARTESIAN_POINT ( 'NONE',  ( 2.200000000000003730, -1.433703035749471672E-14, 2.500000000000011546 ) ) ;
#6452 = CARTESIAN_POINT ( 'NONE',  ( 16.70000000000000284, -1.433703035749471672E-14, 2.500000000000011546 ) ) ;
#6453 = AXIS2_PLACEMENT_3D ( 'NONE', #3419, #556, #41 ) ;
#6454 = CARTESIAN_POINT ( 'NONE',  ( 1.500000000000001332, -1.375652421508278441E-14, -1.980384757729346301 ) ) ;
#6455 = DIRECTION ( 'NONE',  ( 1.000000000000000000, -0.000000000000000000, -0.000000000000000000 ) ) ;
#6456 = ADVANCED_FACE ( 'NONE', ( #2633 ), #869, .T. ) ;
#6457 = AXIS2_PLACEMENT_3D ( 'NONE', #303, #2110, #6899 ) ;
#6458 = EDGE_CURVE ( 'NONE', #837, #3711, #2571, .T. ) ;
#6459 = CARTESIAN_POINT ( 'NONE',  ( 5.325000000000003730, 1.798385574751153682, 1.798385574751168337 ) ) ;
#6460 = ORIENTED_EDGE ( 'NONE', *, *, #7092, .T. ) ;
#6461 = CARTESIAN_POINT ( 'NONE',  ( 7.850000000000001421, -0.8203022253684651988, -1.980384757729346301 ) ) ;
#6462 = CARTESIAN_POINT ( 'NONE',  ( 1.775000000000002354, -1.798385574751181437, -1.798385574751167892 ) ) ;
#6463 = FACE_OUTER_BOUND ( 'NONE', #6436, .T. ) ;
#6464 = CARTESIAN_POINT ( 'NONE',  ( 10.15000000000000568, -0.8203022253684651988, -1.980384757729346301 ) ) ;
#6465 = FACE_OUTER_BOUND ( 'NONE', #1517, .T. ) ;
#6466 = CARTESIAN_POINT ( 'NONE',  ( 19.80000000000000071, -1.400343491548912578, -1.400343491548898811 ) ) ;
#6467 = CARTESIAN_POINT ( 'NONE',  ( 13.82500000000000284, -1.053469879313114532, -2.543301270189235019 ) ) ;
#6468 = CARTESIAN_POINT ( 'NONE',  ( 0.3000000000000016542, -1.424157858600947694E-14, 1.980384757729346301 ) ) ;
#6469 = DIRECTION ( 'NONE',  ( -1.000000000000000000, 1.778671531248327998E-16, 0.000000000000000000 ) ) ;
#6470 = CARTESIAN_POINT ( 'NONE',  ( 2.250000000000006217, 0.8203022253684377763, -1.980384757729346301 ) ) ;
#6471 = DIRECTION ( 'NONE',  ( -0.000000000000000000, 0.000000000000000000, -1.000000000000000000 ) ) ;
#6472 = CARTESIAN_POINT ( 'NONE',  ( 8.400000000000000355, -1.400343491548913022, 1.400343491548898589 ) ) ;
#6473 = CARTESIAN_POINT ( 'NONE',  ( -0.2381764625705035110, 2.499999999999995559, -1.287296978500458655 ) ) ;
#6474 = CARTESIAN_POINT ( 'NONE',  ( 19.00000000000000355, -1.433703035749471672E-14, 2.500000000000011546 ) ) ;
#6475 = CARTESIAN_POINT ( 'NONE',  ( 6.850000000000004974, -1.980384757729360290, -0.8203022253684516540 ) ) ;
#6476 = ORIENTED_EDGE ( 'NONE', *, *, #501, .F. ) ;
#6477 = CARTESIAN_POINT ( 'NONE',  ( 9.849999999999999645, 0.8203022253684378873, 1.980384757729345857 ) ) ;
#6478 = CARTESIAN_POINT ( 'NONE',  ( 20.50000000000000000, -1.267509437117510519E-14, -2.500000000000010658 ) ) ;
#6479 = CARTESIAN_POINT ( 'NONE',  ( 16.40000000000000213, -1.400343491548913022, 1.400343491548898589 ) ) ;
#6480 = CARTESIAN_POINT ( 'NONE',  ( 4.350000000000006750, -1.980384757729360512, 0.8203022253684510989 ) ) ;
#6481 = CARTESIAN_POINT ( 'NONE',  ( 20.50000000000000000, -1.267509437117510519E-14, 0.000000000000000000 ) ) ;
#6482 = CARTESIAN_POINT ( 'NONE',  ( 16.75000000000000000, 0.8203022253684377763, -1.980384757729346301 ) ) ;
#6483 = ORIENTED_EDGE ( 'NONE', *, *, #5668, .T. ) ;
#6484 = CARTESIAN_POINT ( 'NONE',  ( 19.12500000000000355, -1.053469879313116087, 2.543301270189234575 ) ) ;
#6485 = ORIENTED_EDGE ( 'NONE', *, *, #2672, .T. ) ;
#6486 = DIRECTION ( 'NONE',  ( 0.000000000000000000, 0.000000000000000000, 1.000000000000000000 ) ) ;
#6487 = CARTESIAN_POINT ( 'NONE',  ( -18.68341920263154421, -2.768745557924669587, 0.000000000000000000 ) ) ;
#6488 = CARTESIAN_POINT ( 'NONE',  ( 14.10000000000000497, -1.400343491548912578, -1.400343491548898811 ) ) ;
#6489 = FACE_OUTER_BOUND ( 'NONE', #3846, .T. ) ;
#6490 = CARTESIAN_POINT ( 'NONE',  ( 7.550000000000003375, 2.499999999999997780, -1.035533905932742638 ) ) ;
#6491 = CARTESIAN_POINT ( 'NONE',  ( 0.5000000000000002220, 0.6543697108963978382, -2.434931691671263554 ) ) ;
#6492 = ADVANCED_FACE ( 'NONE', ( #4949 ), #2367, .F. ) ;
#6493 = CARTESIAN_POINT ( 'NONE',  ( -12.50000000000000000, 2.625674005841375447, -6.245515272181225264 ) ) ;
#6494 = CARTESIAN_POINT ( 'NONE',  ( 4.625000000000004441, -1.434498467178515336E-14, 2.543301270189235019 ) ) ;
#6495 = VERTEX_POINT ( 'NONE', #2012 ) ;
#6496 = CARTESIAN_POINT ( 'NONE',  ( 9.750000000000001776, 1.980384757729331868, 0.8203022253684526532 ) ) ;
#6497 = CARTESIAN_POINT ( 'NONE',  ( 2.875000000000002665, 2.543301270189221253, 0.000000000000000000 ) ) ;
#6498 = CARTESIAN_POINT ( 'NONE',  ( -6.480578308508362362, -2.875000000000009770, 0.000000000000000000 ) ) ;
#6499 = CARTESIAN_POINT ( 'NONE',  ( 9.650000000000005684, 1.980384757729331868, 0.8203022253684526532 ) ) ;
#6500 = EDGE_CURVE ( 'NONE', #7705, #7481, #5846, .T. ) ;
#6501 = DIRECTION ( 'NONE',  ( 1.000000000000000000, -1.734723475976809313E-16, 0.000000000000000000 ) ) ;
#6502 = CARTESIAN_POINT ( 'NONE',  ( 18.15000000000000213, -1.980384757729360290, -0.8203022253684516540 ) ) ;
#6503 = CARTESIAN_POINT ( 'NONE',  ( 11.22500000000000142, -2.543301270189249674, 1.053469879313100099 ) ) ;
#6504 = VECTOR ( 'NONE', #4265, 1000.000000000000000 ) ;
#6505 = CARTESIAN_POINT ( 'NONE',  ( 18.77500000000000924, 2.543301270189220809, -1.053469879313100765 ) ) ;
#6506 = CARTESIAN_POINT ( 'NONE',  ( 20.49999999999999645, -1.980384757729359624, -0.2594639845988544469 ) ) ;
#6507 = DIRECTION ( 'NONE',  ( 1.000000000000000000, -0.000000000000000000, -0.000000000000000000 ) ) ;
#6508 = EDGE_CURVE ( 'NONE', #2351, #49, #371, .T. ) ;
#6509 = DATE_TIME_ROLE ( 'creation_date' ) ;
#6510 = CARTESIAN_POINT ( 'NONE',  ( 9.400000000000003908, -1.433703035749471672E-14, 2.500000000000011546 ) ) ;
#6511 = AXIS2_PLACEMENT_3D ( 'NONE', #5559, #6114, #3208 ) ;
#6512 = CARTESIAN_POINT ( 'NONE',  ( 9.350000000000006750, -0.8203022253684651988, -1.980384757729346301 ) ) ;
#6513 = VERTEX_POINT ( 'NONE', #4592 ) ;
#6514 = CARTESIAN_POINT ( 'NONE',  ( 11.02500000000000391, -1.434498467178515336E-14, 2.543301270189235019 ) ) ;
#6515 = CARTESIAN_POINT ( 'NONE',  ( 8.050000000000002487, 1.980384757729332312, -0.8203022253684513210 ) ) ;
#6516 = CARTESIAN_POINT ( 'NONE',  ( 18.25000000000000711, 1.035533905932729315, 2.500000000000011102 ) ) ;
#6517 = CARTESIAN_POINT ( 'NONE',  ( 5.050000000000006040, -0.8203022253684665310, 1.980384757729345857 ) ) ;
#6518 = CARTESIAN_POINT ( 'NONE',  ( -8.956206739499513958, -14.88245173530465237, -5.976644290944898685 ) ) ;
#6519 = CARTESIAN_POINT ( 'NONE',  ( 17.40000000000000213, -1.400343491548912578, -1.400343491548898811 ) ) ;
#6520 = ORIENTED_EDGE ( 'NONE', *, *, #210, .T. ) ;
#6521 = ORIENTED_EDGE ( 'NONE', *, *, #5920, .F. ) ;
#6522 = CARTESIAN_POINT ( 'NONE',  ( 19.75000000000000711, -1.980384757729360290, -0.8203022253684516540 ) ) ;
#6523 = DIRECTION ( 'NONE',  ( -1.000000000000000000, 2.168404344971008621E-16, 0.000000000000000000 ) ) ;
#6524 = CARTESIAN_POINT ( 'NONE',  ( 13.50000000000000533, 1.400343491548885044, -1.400343491548898811 ) ) ;
#6525 = CARTESIAN_POINT ( 'NONE',  ( 16.45000000000000284, 2.499999999999997780, -1.035533905932742638 ) ) ;
#6526 = DIRECTION ( 'NONE',  ( -0.000000000000000000, 0.000000000000000000, -1.000000000000000000 ) ) ;
#6527 = CARTESIAN_POINT ( 'NONE',  ( 20.50000000000000000, -1.267509437117510519E-14, -2.500000000000010658 ) ) ;
#6528 = CARTESIAN_POINT ( 'NONE',  ( 14.55000000000000426, -2.500000000000025757, -1.035533905932743082 ) ) ;
#6529 = FACE_OUTER_BOUND ( 'NONE', #5498, .T. ) ;
#6530 = CARTESIAN_POINT ( 'NONE',  ( 6.225000000000003197, -1.434498467178515336E-14, 2.543301270189235019 ) ) ;
#6531 = CC_DESIGN_PERSON_AND_ORGANIZATION_ASSIGNMENT ( #3667, #690, ( #6393 ) ) ;
#6532 = ORIENTED_EDGE ( 'NONE', *, *, #587, .F. ) ;
#6533 = CARTESIAN_POINT ( 'NONE',  ( 8.300000000000002487, -1.424157858600947694E-14, 1.980384757729346301 ) ) ;
#6534 = CARTESIAN_POINT ( 'NONE',  ( 0.5750000000000026201, 1.798385574751153682, 1.798385574751168337 ) ) ;
#6535 = DIRECTION ( 'NONE',  ( 0.000000000000000000, 0.000000000000000000, -1.000000000000000000 ) ) ;
#6536 =( BOUNDED_CURVE ( )  B_SPLINE_CURVE ( 2, ( #3499, #4127, #3019, #1148, #5407, #5898, #6, #523, #5933 ),
 .UNSPECIFIED., .F., .F. ) 
 B_SPLINE_CURVE_WITH_KNOTS ( ( 3, 2, 2, 2, 3 ),
 ( 0.3611111111111111049, 0.3657407407407407551, 0.3703703703703703498, 0.3750000000000000000, 0.3796296296296296502 ),
 .UNSPECIFIED. ) 
 CURVE ( )  GEOMETRIC_REPRESENTATION_ITEM ( )  RATIONAL_B_SPLINE_CURVE ( ( 1.000000000000000000, 0.9238795325112867385, 1.000000000000000000, 0.9238795325112867385, 1.000000000000000000, 0.9238795325112867385, 1.000000000000000000, 0.9238795325112867385, 1.000000000000000000 ) ) 
 REPRESENTATION_ITEM ( '' )  );
#6537 = CARTESIAN_POINT ( 'NONE',  ( 8.900000000000005684, 1.400343491548884600, 1.400343491548899033 ) ) ;
#6538 = EDGE_CURVE ( 'NONE', #4713, #6513, #6840, .T. ) ;
#6539 = EDGE_CURVE ( 'NONE', #3900, #2639, #4927, .T. ) ;
#6540 = CARTESIAN_POINT ( 'NONE',  ( 11.42500000000000249, -1.053469879313114532, -2.543301270189235019 ) ) ;
#6541 = CARTESIAN_POINT ( 'NONE',  ( 18.17500000000000426, 1.053469879313087443, 2.543301270189234575 ) ) ;
#6542 = DIRECTION ( 'NONE',  ( 1.000000000000000000, -2.168404344971009115E-16, 0.000000000000000000 ) ) ;
#6543 = CARTESIAN_POINT ( 'NONE',  ( 19.50000000000000711, -1.400343491548913022, 1.400343491548898589 ) ) ;
#6544 = APPROVAL_STATUS ( 'not_yet_approved' ) ;
#6545 = CARTESIAN_POINT ( 'NONE',  ( 0.7999999999937542627, 1.980384757740154100, -0.1307452354341848699 ) ) ;
#6546 = CARTESIAN_POINT ( 'NONE',  ( 4.550000000000005151, -0.8203022253684651988, -1.980384757729346301 ) ) ;
#6547 = CARTESIAN_POINT ( 'NONE',  ( 20.75000000000000711, 1.980384757729332312, -0.8203022253684513210 ) ) ;
#6548 = ADVANCED_FACE ( 'NONE', ( #3334 ), #2237, .T. ) ;
#6549 = CARTESIAN_POINT ( 'NONE',  ( 13.77500000000000568, -1.053469879313114532, -2.543301270189235019 ) ) ;
#6550 = CARTESIAN_POINT ( 'NONE',  ( 6.200000000000001066, -1.400343491548912578, -1.400343491548898811 ) ) ;
#6551 = CARTESIAN_POINT ( 'NONE',  ( 18.10000000000000142, 2.499999999999997780, 0.000000000000000000 ) ) ;
#6552 = CARTESIAN_POINT ( 'NONE',  ( 20.49999999999999645, -1.267509437117510519E-14, 2.100000000000018296 ) ) ;
#6553 = CARTESIAN_POINT ( 'NONE',  ( 8.200000000000004619, -1.767766952966390637, -1.767766952966377092 ) ) ;
#6554 = CARTESIAN_POINT ( 'NONE',  ( 13.90000000000000568, -1.400343491548913022, 1.400343491548898589 ) ) ;
#6555 = ORIENTED_EDGE ( 'NONE', *, *, #5428, .F. ) ;
#6556 = CONICAL_SURFACE ( 'NONE', #7571, 7.842684634639458530, 0.7853981633974492782 ) ;
#6557 = VERTEX_POINT ( 'NONE', #1616 ) ;
#6558 = CARTESIAN_POINT ( 'NONE',  ( 16.05000000000000071, 1.980384757729332312, -0.8203022253684513210 ) ) ;
#6559 = FACE_OUTER_BOUND ( 'NONE', #7429, .T. ) ;
#6560 = CARTESIAN_POINT ( 'NONE',  ( 11.80000000000000426, -1.375652421508278441E-14, -1.980384757729346301 ) ) ;
#6561 = CARTESIAN_POINT ( 'NONE',  ( 6.000000000000003553, 2.499999999999997780, 0.000000000000000000 ) ) ;
#6562 = CARTESIAN_POINT ( 'NONE',  ( 13.00000000000000355, -1.372470695792103782E-14, -2.500000000000011546 ) ) ;
#6563 = CARTESIAN_POINT ( 'NONE',  ( 0.5000000000000003331, 1.259047450925403711, -2.184465970886693587 ) ) ;
#6564 = AXIS2_PLACEMENT_3D ( 'NONE', #5664, #296, #6296 ) ;
#6565 = CARTESIAN_POINT ( 'NONE',  ( 10.20000000000000284, -1.433703035749471672E-14, 2.500000000000011546 ) ) ;
#6566 = ORIENTED_EDGE ( 'NONE', *, *, #6167, .F. ) ;
#6567 = CARTESIAN_POINT ( 'NONE',  ( 17.50000000000000355, 1.400343491548885044, -1.400343491548898811 ) ) ;
#6568 = CARTESIAN_POINT ( 'NONE',  ( 6.125000000000003553, 1.798385574751153682, 1.798385574751168337 ) ) ;
#6569 = ORIENTED_EDGE ( 'NONE', *, *, #6308, .F. ) ;
#6570 = CARTESIAN_POINT ( 'NONE',  ( 5.300000000000000711, -1.980384757729360068, -2.425271854633450283E-16 ) ) ;
#6571 = AXIS2_PLACEMENT_3D ( 'NONE', #4900, #7302, #1770 ) ;
#6572 = CARTESIAN_POINT ( 'NONE',  ( 2.175000000000003375, 1.798385574751153682, 1.798385574751168337 ) ) ;
#6573 = CARTESIAN_POINT ( 'NONE',  ( -12.50000000000000000, 0.000000000000000000, 0.000000000000000000 ) ) ;
#6574 = CARTESIAN_POINT ( 'NONE',  ( 11.45000000000000462, -0.8203022253684665310, 1.980384757729345857 ) ) ;
#6575 = CARTESIAN_POINT ( 'NONE',  ( 13.40000000000000213, -1.433703035749471672E-14, 2.500000000000011546 ) ) ;
#6576 = CIRCLE ( 'NONE', #676, 6.979092815367791580 ) ;
#6577 = CARTESIAN_POINT ( 'NONE',  ( 10.07500000000000284, 2.543301270189221253, 0.000000000000000000 ) ) ;
#6578 =( BOUNDED_CURVE ( )  B_SPLINE_CURVE ( 2, ( #4642, #6964, #1079, #3971, #5150, #3303, #5821, #5226, #2210 ),
 .UNSPECIFIED., .F., .F. ) 
 B_SPLINE_CURVE_WITH_KNOTS ( ( 3, 2, 2, 2, 3 ),
 ( 0.8333333333333332593, 0.8379629629629629095, 0.8425925925925925597, 0.8472222222222222099, 0.8518518518518518601 ),
 .UNSPECIFIED. ) 
 CURVE ( )  GEOMETRIC_REPRESENTATION_ITEM ( )  RATIONAL_B_SPLINE_CURVE ( ( 1.000000000000000000, 0.9238795325112867385, 1.000000000000000000, 0.9238795325112867385, 1.000000000000000000, 0.9238795325112867385, 1.000000000000000000, 0.9238795325112867385, 1.000000000000000000 ) ) 
 REPRESENTATION_ITEM ( '' )  );
#6579 = CARTESIAN_POINT ( 'NONE',  ( 19.37500000000000355, -1.053469879313114532, -2.543301270189235019 ) ) ;
#6580 = CARTESIAN_POINT ( 'NONE',  ( -0.4661919746328981873, -2.500000000000002220, -1.484280771488458717 ) ) ;
#6581 = CARTESIAN_POINT ( 'NONE',  ( 19.05000000000000426, 0.8203022253684377763, -1.980384757729346301 ) ) ;
#6582 = DATE_AND_TIME ( #4182, #3000 ) ;
#6583 = CARTESIAN_POINT ( 'NONE',  ( 10.35000000000000320, -1.035533905932757959, 2.500000000000011102 ) ) ;
#6584 = ADVANCED_FACE ( 'NONE', ( #5850 ), #5255, .T. ) ;
#6585 = CARTESIAN_POINT ( 'NONE',  ( 3.850000000000005862, 0.8203022253684377763, -1.980384757729346301 ) ) ;
#6586 = ORIENTED_EDGE ( 'NONE', *, *, #5210, .F. ) ;
#6587 = CARTESIAN_POINT ( 'NONE',  ( 13.12500000000000533, 1.798385574751153904, -1.798385574751167892 ) ) ;
#6588 = CARTESIAN_POINT ( 'NONE',  ( 8.900000000000002132, 1.980384757729332312, 0.000000000000000000 ) ) ;
#6589 = CARTESIAN_POINT ( 'NONE',  ( 20.50000000000000000, -1.236893267138826574E-14, 2.500000000000010658 ) ) ;
#6590 = CARTESIAN_POINT ( 'NONE',  ( -12.50000000000000000, 2.190461453405093462, 7.694275704778615221 ) ) ;
#6591 = ADVANCED_FACE ( 'NONE', ( #4667 ), #1538, .T. ) ;
#6592 = EDGE_CURVE ( 'NONE', #282, #1822, #4082, .T. ) ;
#6593 = CARTESIAN_POINT ( 'NONE',  ( 5.250000000000000888, 2.499999999999997780, 1.035533905932744414 ) ) ;
#6594 = CARTESIAN_POINT ( 'NONE',  ( 14.45000000000000462, 1.980384757729331868, 0.8203022253684526532 ) ) ;
#6595 = ORIENTED_EDGE ( 'NONE', *, *, #3651, .F. ) ;
#6596 = ORIENTED_EDGE ( 'NONE', *, *, #3700, .T. ) ;
#6597 = CARTESIAN_POINT ( 'NONE',  ( 16.10000000000000142, 1.980384757729332312, 0.000000000000000000 ) ) ;
#6598 = CARTESIAN_POINT ( 'NONE',  ( 11.70000000000000284, 1.767766952966362659, 1.767766952966377536 ) ) ;
#6599 = CARTESIAN_POINT ( 'NONE',  ( 11.90000000000000568, 1.400343491548885044, -1.400343491548898811 ) ) ;
#6600 = CARTESIAN_POINT ( 'NONE',  ( 8.750000000000003553, -1.035533905932757959, 2.500000000000011102 ) ) ;
#6601 = CARTESIAN_POINT ( 'NONE',  ( 3.800000000000001155, -1.433703035749471672E-14, 2.500000000000011546 ) ) ;
#6602 = CARTESIAN_POINT ( 'NONE',  ( 0.5000000000000001110, 2.499999999999586109, -0.3272492347519515565 ) ) ;
#6603 = EDGE_CURVE ( 'NONE', #5738, #6875, #1106, .T. ) ;
#6604 = CARTESIAN_POINT ( 'NONE',  ( 20.46281057089440480, -0.7687384387439066824, -2.010430480214260740 ) ) ;
#6605 = CARTESIAN_POINT ( 'NONE',  ( 16.55000000000000782, -0.8203022253684651988, -1.980384757729346301 ) ) ;
#6606 = CARTESIAN_POINT ( 'NONE',  ( 1.425000000000002709, -1.434498467178515336E-14, 2.543301270189235019 ) ) ;
#6607 = EDGE_LOOP ( 'NONE', ( #664, #796, #209, #4049 ) ) ;
#6608 = CARTESIAN_POINT ( 'NONE',  ( 5.700000000000001954, 1.980384757729332312, 0.000000000000000000 ) ) ;
#6609 = CARTESIAN_POINT ( 'NONE',  ( 0.2750000000000009104, -1.372205551982422560E-14, -2.543301270189235019 ) ) ;
#6610 = CARTESIAN_POINT ( 'NONE',  ( 1.850000000000004530, -0.8203022253684664200, 1.980384757729345857 ) ) ;
#6611 = CARTESIAN_POINT ( 'NONE',  ( 3.800000000000001155, -1.433703035749471672E-14, 2.500000000000011546 ) ) ;
#6612 = CARTESIAN_POINT ( 'NONE',  ( 9.350000000000006750, -0.8203022253684651988, -1.980384757729346301 ) ) ;
#6613 = CARTESIAN_POINT ( 'NONE',  ( 7.400000000000002132, 1.400343491548884600, 1.400343491548899033 ) ) ;
#6614 = CARTESIAN_POINT ( 'NONE',  ( -12.50000000000000000, 2.874999999999992006, 0.000000000000000000 ) ) ;
#6615 = CARTESIAN_POINT ( 'NONE',  ( 12.07500000000000284, -2.543301270189248786, -3.114645759804644720E-16 ) ) ;
#6616 = CARTESIAN_POINT ( 'NONE',  ( 19.27500000000000924, -2.543301270189249674, -1.053469879313101210 ) ) ;
#6617 = CARTESIAN_POINT ( 'NONE',  ( 20.49999999999999645, -1.267509437117510519E-14, 2.100000000000018296 ) ) ;
#6618 = FACE_OUTER_BOUND ( 'NONE', #5182, .T. ) ;
#6619 = CARTESIAN_POINT ( 'NONE',  ( 0.5000000000000017764, -2.776047672361596330, 4.852170578285128322 ) ) ;
#6620 = CARTESIAN_POINT ( 'NONE',  ( 4.300000000000005151, -1.400343491548913022, 1.400343491548898589 ) ) ;
#6621 = CARTESIAN_POINT ( 'NONE',  ( 20.65000000000000568, 0.8203022253684377763, -1.980384757729346301 ) ) ;
#6622 =( BOUNDED_SURFACE ( )  B_SPLINE_SURFACE ( 3, 1, ( 
 ( #3412, #5815 ),
 ( #4045, #440 ),
 ( #2826, #1658 ),
 ( #6442, #7071 ),
 ( #1699, #6518 ),
 ( #4227, #1143 ),
 ( #5926, #5959 ) ),
 .UNSPECIFIED., .T., .F., .T. ) 
 B_SPLINE_SURFACE_WITH_KNOTS ( ( 4, 3, 4 ),
 ( 2, 2 ),
 ( 0.000000000000000000, 0.5000000000000000000, 1.000000000000000000 ),
 ( 0.000000000000000000, 1.000000000000000000 ),
 .UNSPECIFIED. ) 
 GEOMETRIC_REPRESENTATION_ITEM ( )  RATIONAL_B_SPLINE_SURFACE ( (
 ( 1.000000000000000000, 1.000000000000000000),
 ( 0.3333333333333333703, 0.3333333333333333703),
 ( 0.3333333333333333703, 0.3333333333333333703),
 ( 1.000000000000000000, 1.000000000000000000),
 ( 0.3333333333333333703, 0.3333333333333333703),
 ( 0.3333333333333333703, 0.3333333333333333703),
 ( 1.000000000000000000, 1.000000000000000000) ) ) 
 REPRESENTATION_ITEM ( '' )  SURFACE ( )  );
#6623 = VECTOR ( 'NONE', #5298, 1000.000000000000000 ) ;
#6624 = CARTESIAN_POINT ( 'NONE',  ( 12.52500000000000391, 1.798385574751153682, 1.798385574751168337 ) ) ;
#6625 = CARTESIAN_POINT ( 'NONE',  ( 20.02500000000000924, -2.543301270189249674, 1.053469879313100099 ) ) ;
#6626 = CARTESIAN_POINT ( 'NONE',  ( 7.400000000000002132, 1.400343491548884600, 1.400343491548899033 ) ) ;
#6627 = CARTESIAN_POINT ( 'NONE',  ( -2.780415448598363426, -1.325477814419292688, -3.770705332291041767 ) ) ;
#6628 = CARTESIAN_POINT ( 'NONE',  ( 13.45000000000000107, -0.8203022253684651988, -1.980384757729346301 ) ) ;
#6629 = CARTESIAN_POINT ( 'NONE',  ( 9.000000000000003553, -1.372470695792103782E-14, -2.500000000000011546 ) ) ;
#6630 = AXIS2_PLACEMENT_3D ( 'NONE', #5016, #4347, #778 ) ;
#6631 = CARTESIAN_POINT ( 'NONE',  ( 15.75000000000000711, -0.8203022253684651988, -1.980384757729346301 ) ) ;
#6632 = EDGE_LOOP ( 'NONE', ( #1111, #6147, #5819, #1352 ) ) ;
#6633 = AXIS2_PLACEMENT_3D ( 'NONE', #2967, #4843, #5322 ) ;
#6634 = ORIENTED_EDGE ( 'NONE', *, *, #4858, .F. ) ;
#6635 = CARTESIAN_POINT ( 'NONE',  ( 16.69999999999999929, -1.375652421508278441E-14, -1.980384757729346301 ) ) ;
#6636 = ADVANCED_FACE ( 'NONE', ( #5889 ), #6993, .T. ) ;
#6637 = CYLINDRICAL_SURFACE ( 'NONE', #1439, 2.500000000000010658 ) ;
#6638 = CARTESIAN_POINT ( 'NONE',  ( 6.050000000000003375, 2.499999999999997780, 1.035533905932744414 ) ) ;
#6639 = DIRECTION ( 'NONE',  ( -1.000000000000000000, 2.161407978480073216E-16, 0.000000000000000000 ) ) ;
#6640 = CARTESIAN_POINT ( 'NONE',  ( 5.100000000000004086, -1.372470695792103624E-14, -2.500000000000011546 ) ) ;
#6641 = DIRECTION ( 'NONE',  ( 0.000000000000000000, 0.000000000000000000, -1.000000000000000000 ) ) ;
#6642 = CARTESIAN_POINT ( 'NONE',  ( 16.45000000000000639, -1.980384757729360290, -0.8203022253684516540 ) ) ;
#6643 = CARTESIAN_POINT ( 'NONE',  ( 3.675000000000005151, 2.543301270189220809, 1.053469879313102542 ) ) ;
#6644 = VERTEX_POINT ( 'NONE', #7700 ) ;
#6645 = CARTESIAN_POINT ( 'NONE',  ( 4.099999999999999645, 1.980384757729332312, 0.000000000000000000 ) ) ;
#6646 = CARTESIAN_POINT ( 'NONE',  ( 19.20000000000000639, 1.980384757729332312, 0.000000000000000000 ) ) ;
#6647 = CARTESIAN_POINT ( 'NONE',  ( 2.800000000000003819, -1.980384757729360068, -2.425271854633450283E-16 ) ) ;
#6648 = CARTESIAN_POINT ( 'NONE',  ( 15.10000000000000320, -1.433703035749471672E-14, 2.500000000000011546 ) ) ;
#6649 = CARTESIAN_POINT ( 'NONE',  ( 7.100000000000005862, 1.400343491548885044, -1.400343491548898811 ) ) ;
#6650 = CARTESIAN_POINT ( 'NONE',  ( 7.800000000000001599, -1.400343491548912578, -1.400343491548898811 ) ) ;
#6651 = CARTESIAN_POINT ( 'NONE',  ( 20.49999999999999645, -0.5120134172183902210, -2.036625213579669857 ) ) ;
#6652 = CARTESIAN_POINT ( 'NONE',  ( 8.675000000000004263, -1.434498467178515336E-14, 2.543301270189235019 ) ) ;
#6653 = CARTESIAN_POINT ( 'NONE',  ( 18.52500000000000213, -1.798385574751181437, -1.798385574751167892 ) ) ;
#6654 = CARTESIAN_POINT ( 'NONE',  ( -7.443854296502127710, 2.695312499999989342, 6.191992651811313561E-16 ) ) ;
#6655 = DIRECTION ( 'NONE',  ( 0.000000000000000000, 0.000000000000000000, -1.000000000000000000 ) ) ;
#6656 = FACE_OUTER_BOUND ( 'NONE', #5770, .T. ) ;
#6657 = ORIENTED_EDGE ( 'NONE', *, *, #5240, .F. ) ;
#6658 = CARTESIAN_POINT ( 'NONE',  ( 6.800000000000006040, -1.980384757729360068, -2.425271854633450283E-16 ) ) ;
#6659 = EDGE_LOOP ( 'NONE', ( #6781, #1925, #2055, #1242 ) ) ;
#6660 = CARTESIAN_POINT ( 'NONE',  ( 12.12500000000000355, -1.798385574751181437, -1.798385574751167892 ) ) ;
#6661 = CARTESIAN_POINT ( 'NONE',  ( 13.00000000000000533, -1.767766952966390637, -1.767766952966377092 ) ) ;
#6662 = CARTESIAN_POINT ( 'NONE',  ( 9.000000000000001776, 1.400343491548884600, 1.400343491548899033 ) ) ;
#6663 = CARTESIAN_POINT ( 'NONE',  ( -6.203318485686619255, -1.637743055973313933, -5.492784768399229023 ) ) ;
#6664 = CARTESIAN_POINT ( 'NONE',  ( 14.00000000000000178, -1.400343491548913022, 1.400343491548898589 ) ) ;
#6665 = CARTESIAN_POINT ( 'NONE',  ( 9.350000000000003197, 1.035533905932729315, 2.500000000000011102 ) ) ;
#6666 = CARTESIAN_POINT ( 'NONE',  ( 8.500000000000001776, 1.767766952966362659, 1.767766952966377536 ) ) ;
#6667 =( BOUNDED_CURVE ( )  B_SPLINE_CURVE ( 2, ( #3063, #1386, #5455, #2554, #793, #4952, #1422, #2053, #7311 ),
 .UNSPECIFIED., .F., .T. ) 
 B_SPLINE_CURVE_WITH_KNOTS ( ( 3, 2, 2, 2, 3 ),
 ( 0.8148148148148147696, 0.8194444444444444198, 0.8240740740740740700, 0.8287037037037037202, 0.8333333333333332593 ),
 .UNSPECIFIED. ) 
 CURVE ( )  GEOMETRIC_REPRESENTATION_ITEM ( )  RATIONAL_B_SPLINE_CURVE ( ( 1.000000000000000000, 0.9238795325112867385, 1.000000000000000000, 0.9238795325112867385, 1.000000000000000000, 0.9238795325112867385, 1.000000000000000000, 0.9238795325112867385, 1.000000000000000000 ) ) 
 REPRESENTATION_ITEM ( '' )  );
#6668 = CARTESIAN_POINT ( 'NONE',  ( 2.200000000000003730, -1.433703035749471672E-14, 2.500000000000011546 ) ) ;
#6669 = CARTESIAN_POINT ( 'NONE',  ( 15.15000000000000568, 1.980384757729332312, -0.8203022253684513210 ) ) ;
#6670 = ORIENTED_EDGE ( 'NONE', *, *, #4397, .F. ) ;
#6671 = EDGE_LOOP ( 'NONE', ( #201, #1780, #5615, #3098 ) ) ;
#6672 = CARTESIAN_POINT ( 'NONE',  ( 18.44999999999999929, 1.980384757729332312, -0.8203022253684513210 ) ) ;
#6673 = CIRCLE ( 'NONE', #536, 7.009737158183716232 ) ;
#6674 = CARTESIAN_POINT ( 'NONE',  ( 7.050000000000004263, 1.035533905932729315, 2.500000000000011102 ) ) ;
#6675 = CARTESIAN_POINT ( 'NONE',  ( 9.000000000000005329, -1.767766952966390637, -1.767766952966377092 ) ) ;
#6676 = CARTESIAN_POINT ( 'NONE',  ( 1.500000000000004885, -1.433703035749471672E-14, 2.500000000000011546 ) ) ;
#6677 = B_SPLINE_CURVE_WITH_KNOTS ( 'NONE', 3,
 ( #4435, #4985, #239, #783, #5523, #5602 ),
 .UNSPECIFIED., .F., .F.,
 ( 4, 2, 4 ),
 ( 0.000000000000000000, 0.5000000000000000000, 1.000000000000000000 ),
 .UNSPECIFIED. ) ;
#6678 = CARTESIAN_POINT ( 'NONE',  ( 19.80000000000000426, -1.433703035749471672E-14, 2.500000000000011546 ) ) ;
#6679 = CARTESIAN_POINT ( 'NONE',  ( 1.000000000000000666, -1.372470695792103782E-14, -2.500000000000011546 ) ) ;
#6680 = CARTESIAN_POINT ( 'NONE',  ( 17.85000000000000497, -0.8203022253684664200, 1.980384757729345857 ) ) ;
#6681 = EDGE_CURVE ( 'NONE', #7720, #241, #2488, .T. ) ;
#6682 = CONICAL_SURFACE ( 'NONE', #422, 2.100000000000018296, 0.7853981633974472798 ) ;
#6683 = CARTESIAN_POINT ( 'NONE',  ( 2.075000000000003730, 2.543301270189220809, 1.053469879313102542 ) ) ;
#6684 = VERTEX_POINT ( 'NONE', #6954 ) ;
#6685 = CARTESIAN_POINT ( 'NONE',  ( 5.850000000000001421, 0.8203022253684378873, 1.980384757729345857 ) ) ;
#6686 = CARTESIAN_POINT ( 'NONE',  ( 14.55000000000000071, 1.980384757729331868, 0.8203022253684526532 ) ) ;
#6687 = CARTESIAN_POINT ( 'NONE',  ( 19.05000000000000426, 0.8203022253684377763, -1.980384757729346301 ) ) ;
#6688 = CARTESIAN_POINT ( 'NONE',  ( 3.750000000000007550, -0.8203022253684651988, -1.980384757729346301 ) ) ;
#6689 = FACE_OUTER_BOUND ( 'NONE', #1266, .T. ) ;
#6690 = AXIS2_PLACEMENT_3D ( 'NONE', #873, #2556, #2054 ) ;
#6691 = AXIS2_PLACEMENT_3D ( 'NONE', #3259, #5652, #5493 ) ;
#6692 = CARTESIAN_POINT ( 'NONE',  ( 8.050000000000004263, 1.980384757729331868, 0.8203022253684526532 ) ) ;
#6693 = CARTESIAN_POINT ( 'NONE',  ( 3.749999999999999556, -1.980384757729360290, -0.8203022253684516540 ) ) ;
#6694 = CARTESIAN_POINT ( 'NONE',  ( 15.95000000000000284, -2.500000000000026201, 1.035533905932742194 ) ) ;
#6695 = ADVANCED_FACE ( 'NONE', ( #2201 ), #3962, .T. ) ;
#6696 = CIRCLE ( 'NONE', #7706, 6.231472203984926850 ) ;
#6697 = CARTESIAN_POINT ( 'NONE',  ( 6.825000000000002842, 2.543301270189220809, -1.053469879313100765 ) ) ;
#6698 = CARTESIAN_POINT ( 'NONE',  ( 17.02500000000000568, -1.372205551982422560E-14, -2.543301270189235019 ) ) ;
#6699 = CARTESIAN_POINT ( 'NONE',  ( -7.619666505508620347, 2.042052523544252374, 6.139222040369233468 ) ) ;
#6700 = CARTESIAN_POINT ( 'NONE',  ( 18.15000000000000568, -0.8203022253684651988, -1.980384757729346301 ) ) ;
#6701 = AXIS2_PLACEMENT_3D ( 'NONE', #3988, #6388, #4619 ) ;
#6702 = CARTESIAN_POINT ( 'NONE',  ( -8.956206739499513958, -13.71078647393870931, 8.319974813676779490 ) ) ;
#6703 = ORIENTED_EDGE ( 'NONE', *, *, #2978, .T. ) ;
#6704 = CARTESIAN_POINT ( 'NONE',  ( 3.550000000000005151, -1.980384757729360512, 0.8203022253684509879 ) ) ;
#6705 = CARTESIAN_POINT ( 'NONE',  ( 19.75000000000000711, -0.8203022253684651988, -1.980384757729346301 ) ) ;
#6706 = AXIS2_PLACEMENT_3D ( 'NONE', #845, #5002, #6177 ) ;
#6707 = CARTESIAN_POINT ( 'NONE',  ( 12.35000000000000142, -0.8203022253684665310, 1.980384757729345857 ) ) ;
#6708 = CARTESIAN_POINT ( 'NONE',  ( 18.82500000000000284, 2.543301270189220809, -1.053469879313100765 ) ) ;
#6709 = CARTESIAN_POINT ( 'NONE',  ( 5.100000000000000533, -1.424157858600947694E-14, 1.980384757729346301 ) ) ;
#6710 = CARTESIAN_POINT ( 'NONE',  ( 10.90000000000000568, -1.400343491548912578, -1.400343491548898811 ) ) ;
#6711 = CARTESIAN_POINT ( 'NONE',  ( 12.35000000000000497, 2.499999999999997780, -1.035533905932742638 ) ) ;
#6712 = CARTESIAN_POINT ( 'NONE',  ( 12.90000000000000213, 1.980384757729332312, 0.000000000000000000 ) ) ;
#6713 = CARTESIAN_POINT ( 'NONE',  ( -7.619666505508622123, 2.042052523544252374, -6.139222040369234357 ) ) ;
#6714 = CARTESIAN_POINT ( 'NONE',  ( 15.80000000000000426, -1.433703035749471672E-14, 2.500000000000011546 ) ) ;
#6715 = CARTESIAN_POINT ( 'NONE',  ( 6.300000000000003375, -1.767766952966391303, 1.767766952966376870 ) ) ;
#6716 = CARTESIAN_POINT ( 'NONE',  ( 14.70000000000000462, -1.400343491548913022, 1.400343491548898589 ) ) ;
#6717 = ORIENTED_EDGE ( 'NONE', *, *, #4386, .T. ) ;
#6718 = VERTEX_POINT ( 'NONE', #7182 ) ;
#6719 = CARTESIAN_POINT ( 'NONE',  ( 18.55000000000000071, 1.980384757729331868, 0.8203022253684526532 ) ) ;
#6720 = CARTESIAN_POINT ( 'NONE',  ( 6.900000000000003020, 2.499999999999997780, 0.000000000000000000 ) ) ;
#6721 = CARTESIAN_POINT ( 'NONE',  ( 20.21437233999698080, 1.402942156555538666, -1.935445429640672010 ) ) ;
#6722 = DIRECTION ( 'NONE',  ( -0.000000000000000000, 0.000000000000000000, -1.000000000000000000 ) ) ;
#6723 = CARTESIAN_POINT ( 'NONE',  ( 19.85000000000000142, -1.035533905932757959, 2.500000000000011102 ) ) ;
#6724 = CARTESIAN_POINT ( 'NONE',  ( -3.905123292404538926, 1.246123495870337994, -4.381516374633452671 ) ) ;
#6725 = EDGE_LOOP ( 'NONE', ( #3293, #1327, #694, #6012 ) ) ;
#6726 = CARTESIAN_POINT ( 'NONE',  ( 18.80000000000000426, -1.980384757729360068, -2.425271854633450283E-16 ) ) ;
#6727 = CARTESIAN_POINT ( 'NONE',  ( 4.125000000000003553, -1.798385574751181437, -1.798385574751167892 ) ) ;
#6728 = ORIENTED_EDGE ( 'NONE', *, *, #103, .T. ) ;
#6729 = CARTESIAN_POINT ( 'NONE',  ( 3.450000000000001510, 0.8203022253684378873, 1.980384757729345857 ) ) ;
#6730 = CARTESIAN_POINT ( 'NONE',  ( 14.50000000000000178, 1.980384757729332312, 0.000000000000000000 ) ) ;
#6731 = CARTESIAN_POINT ( 'NONE',  ( 20.35000000000000853, -1.980384757729360512, 0.8203022253684509879 ) ) ;
#6732 = CARTESIAN_POINT ( 'NONE',  ( 4.050000000000005151, 1.980384757729331868, 0.8203022253684526532 ) ) ;
#6733 = DIRECTION ( 'NONE',  ( 0.000000000000000000, 0.000000000000000000, -1.000000000000000000 ) ) ;
#6734 = CARTESIAN_POINT ( 'NONE',  ( 8.450000000000006395, -1.980384757729360068, -0.8203022253684516540 ) ) ;
#6735 = CARTESIAN_POINT ( 'NONE',  ( 3.050000000000000711, -0.8203022253684651988, -1.980384757729346301 ) ) ;
#6736 = CARTESIAN_POINT ( 'NONE',  ( 13.50000000000000178, -1.767766952966391303, 1.767766952966376870 ) ) ;
#6737 = AXIS2_PLACEMENT_3D ( 'NONE', #7750, #4130, #6526 ) ;
#6738 = CARTESIAN_POINT ( 'NONE',  ( 6.375000000000001776, -1.798385574751182103, 1.798385574751167670 ) ) ;
#6739 = CARTESIAN_POINT ( 'NONE',  ( 15.12500000000000355, -1.798385574751182103, 1.798385574751167670 ) ) ;
#6740 = DIRECTION ( 'NONE',  ( 1.000000000000000000, -0.000000000000000000, -0.000000000000000000 ) ) ;
#6741 = EDGE_CURVE ( 'NONE', #2387, #2494, #7770, .T. ) ;
#6742 = CARTESIAN_POINT ( 'NONE',  ( 15.40000000000000568, -1.424157858600947694E-14, 1.980384757729346301 ) ) ;
#6743 = PLANE ( 'NONE',  #7448 ) ;
#6744 = ORIENTED_EDGE ( 'NONE', *, *, #6344, .F. ) ;
#6745 = CARTESIAN_POINT ( 'NONE',  ( 2.650000000000006128, -0.8203022253684664200, 1.980384757729345857 ) ) ;
#6746 = CARTESIAN_POINT ( 'NONE',  ( 18.52500000000000568, -2.543301270189249674, -1.053469879313101210 ) ) ;
#6747 = CARTESIAN_POINT ( 'NONE',  ( 5.150000000000001243, -0.8203022253684664200, 1.980384757729345857 ) ) ;
#6748 = EDGE_CURVE ( 'NONE', #874, #3819, #4740, .T. ) ;
#6749 = CARTESIAN_POINT ( 'NONE',  ( 8.800000000000006040, 1.980384757729332312, 0.000000000000000000 ) ) ;
#6750 = CARTESIAN_POINT ( 'NONE',  ( 12.25000000000000711, 1.035533905932728871, -2.500000000000011546 ) ) ;
#6751 = CARTESIAN_POINT ( 'NONE',  ( 14.30000000000000249, -1.375652421508278441E-14, -1.980384757729346301 ) ) ;
#6752 = CARTESIAN_POINT ( 'NONE',  ( 3.500000000000003109, -1.372470695792103624E-14, -2.500000000000011546 ) ) ;
#6753 = CARTESIAN_POINT ( 'NONE',  ( 20.10498822959235454, -1.649012836201079191, -1.879466647789963529 ) ) ;
#6754 = DIRECTION ( 'NONE',  ( 0.000000000000000000, 0.000000000000000000, -1.000000000000000000 ) ) ;
#6755 = CARTESIAN_POINT ( 'NONE',  ( 11.55000000000000426, -1.980384757729360512, 0.8203022253684509879 ) ) ;
#6756 = ORIENTED_EDGE ( 'NONE', *, *, #5193, .T. ) ;
#6757 = ORIENTED_EDGE ( 'NONE', *, *, #640, .T. ) ;
#6758 = CARTESIAN_POINT ( 'NONE',  ( 14.90000000000000213, -1.980384757729360068, -2.425271854633450283E-16 ) ) ;
#6759 = CARTESIAN_POINT ( 'NONE',  ( 15.00000000000000355, -1.433703035749471672E-14, 2.500000000000011546 ) ) ;
#6760 = AXIS2_PLACEMENT_3D ( 'NONE', #844, #7523, #2567 ) ;
#6761 = CARTESIAN_POINT ( 'NONE',  ( 1.350000000000004086, 2.499999999999997780, 1.035533905932744414 ) ) ;
#6762 = CARTESIAN_POINT ( 'NONE',  ( -0.4661919746328981873, -2.500000000000002220, 1.484280771488460049 ) ) ;
#6763 = CARTESIAN_POINT ( 'NONE',  ( 17.25000000000000355, 2.499999999999997780, -1.035533905932742638 ) ) ;
#6764 = ORIENTED_EDGE ( 'NONE', *, *, #1564, .T. ) ;
#6765 = ORIENTED_EDGE ( 'NONE', *, *, #2715, .F. ) ;
#6766 = AXIS2_PLACEMENT_3D ( 'NONE', #3729, #2126, #5607 ) ;
#6767 = CARTESIAN_POINT ( 'NONE',  ( 2.475000000000004974, -2.543301270189249674, -1.053469879313101210 ) ) ;
#6768 = ORIENTED_EDGE ( 'NONE', *, *, #892, .F. ) ;
#6769 = CARTESIAN_POINT ( 'NONE',  ( 14.94999999999999929, -1.980384757729360068, -0.8203022253684516540 ) ) ;
#6770 = CARTESIAN_POINT ( 'NONE',  ( -0.3749999999999968359, 2.543301270189220809, -1.053469879313100765 ) ) ;
#6771 = CARTESIAN_POINT ( 'NONE',  ( 3.469446951953614189E-15, 1.980384757729332312, 0.000000000000000000 ) ) ;
#6772 = DIRECTION ( 'NONE',  ( 1.000000000000000000, 0.000000000000000000, 1.224646799147351975E-16 ) ) ;
#6773 = CIRCLE ( 'NONE', #2371, 6.411159703984925073 ) ;
#6774 = CARTESIAN_POINT ( 'NONE',  ( 5.550000000000004263, 1.980384757729332312, -0.8203022253684514320 ) ) ;
#6775 = CARTESIAN_POINT ( 'NONE',  ( 5.050000000000001599, 0.8203022253684378873, 1.980384757729345857 ) ) ;
#6776 = CARTESIAN_POINT ( 'NONE',  ( 7.850000000000004974, 1.035533905932729315, 2.500000000000011102 ) ) ;
#6777 = CARTESIAN_POINT ( 'NONE',  ( 8.825000000000002842, -2.543301270189249674, 1.053469879313100099 ) ) ;
#6778 = CARTESIAN_POINT ( 'NONE',  ( 17.52500000000000568, -1.798385574751182103, 1.798385574751167670 ) ) ;
#6779 = FACE_OUTER_BOUND ( 'NONE', #7696, .T. ) ;
#6780 = CARTESIAN_POINT ( 'NONE',  ( 15.15000000000000568, 1.980384757729332312, -0.8203022253684514320 ) ) ;
#6781 = ORIENTED_EDGE ( 'NONE', *, *, #630, .F. ) ;
#6782 = CARTESIAN_POINT ( 'NONE',  ( 1.550000000000006484, 1.980384757729332312, -0.8203022253684513210 ) ) ;
#6783 = EDGE_CURVE ( 'NONE', #2671, #1822, #3320, .T. ) ;
#6784 = EDGE_CURVE ( 'NONE', #2466, #3389, #1377, .T. ) ;
#6785 = AXIS2_PLACEMENT_3D ( 'NONE', #7558, #2172, #487 ) ;
#6786 = CARTESIAN_POINT ( 'NONE',  ( 15.87500000000000355, -1.434498467178515336E-14, 2.543301270189235019 ) ) ;
#6787 = CARTESIAN_POINT ( 'NONE',  ( 4.150000000000001243, 1.980384757729331868, 0.8203022253684526532 ) ) ;
#6788 = CARTESIAN_POINT ( 'NONE',  ( 10.65000000000000746, -0.8203022253684664200, 1.980384757729345857 ) ) ;
#6789 = DIRECTION ( 'NONE',  ( 0.000000000000000000, -0.000000000000000000, -1.000000000000000000 ) ) ;
#6790 = CARTESIAN_POINT ( 'NONE',  ( 11.30000000000000071, 1.980384757729332312, 0.000000000000000000 ) ) ;
#6791 =( BOUNDED_CURVE ( )  B_SPLINE_CURVE ( 2, ( #4948, #832, #2551, #7351, #1970, #4357, #2011, #3323, #6759 ),
 .UNSPECIFIED., .F., .F. ) 
 B_SPLINE_CURVE_WITH_KNOTS ( ( 3, 2, 2, 2, 3 ),
 ( 0.6666666666666666297, 0.6712962962962962798, 0.6759259259259259300, 0.6805555555555555802, 0.6851851851851851194 ),
 .UNSPECIFIED. ) 
 CURVE ( )  GEOMETRIC_REPRESENTATION_ITEM ( )  RATIONAL_B_SPLINE_CURVE ( ( 1.000000000000000000, 0.9238795325112867385, 1.000000000000000000, 0.9238795325112867385, 1.000000000000000000, 0.9238795325112867385, 1.000000000000000000, 0.9238795325112867385, 1.000000000000000000 ) ) 
 REPRESENTATION_ITEM ( '' )  );
#6792 = CARTESIAN_POINT ( 'NONE',  ( 6.550000000000004263, -2.500000000000025757, -1.035533905932743082 ) ) ;
#6793 = CARTESIAN_POINT ( 'NONE',  ( 14.45000000000000462, -2.500000000000026201, 1.035533905932742194 ) ) ;
#6794 = CARTESIAN_POINT ( 'NONE',  ( 6.650000000000003020, 1.035533905932728871, -2.500000000000011546 ) ) ;
#6795 = EDGE_CURVE ( 'NONE', #4481, #4554, #4124, .T. ) ;
#6796 = CARTESIAN_POINT ( 'NONE',  ( 11.80000000000000426, -1.375652421508278441E-14, -1.980384757729346301 ) ) ;
#6797 = ORIENTED_EDGE ( 'NONE', *, *, #1046, .F. ) ;
#6798 = VERTEX_POINT ( 'NONE', #1767 ) ;
#6799 = CARTESIAN_POINT ( 'NONE',  ( 13.65000000000000213, 1.980384757729332312, -0.8203022253684513210 ) ) ;
#6800 = DIRECTION ( 'NONE',  ( -0.000000000000000000, 1.000000000000000000, -0.000000000000000000 ) ) ;
#6801 = DIRECTION ( 'NONE',  ( 0.000000000000000000, 0.000000000000000000, -1.000000000000000000 ) ) ;
#6802 = FACE_OUTER_BOUND ( 'NONE', #5857, .T. ) ;
#6803 = CARTESIAN_POINT ( 'NONE',  ( 11.75000000000000355, 2.499999999999997780, 1.035533905932744414 ) ) ;
#6804 = CARTESIAN_POINT ( 'NONE',  ( 12.70000000000000284, -1.767766952966391303, 1.767766952966376870 ) ) ;
#6805 = EDGE_LOOP ( 'NONE', ( #5233, #3847, #992, #3107 ) ) ;
#6806 = ORIENTED_EDGE ( 'NONE', *, *, #4798, .F. ) ;
#6807 = CARTESIAN_POINT ( 'NONE',  ( 0.5000000000000002220, -1.259047450927266443, 2.184465970885653974 ) ) ;
#6808 = ORIENTED_EDGE ( 'NONE', *, *, #468, .F. ) ;
#6809 = CARTESIAN_POINT ( 'NONE',  ( 2.450000000000000622, 1.980384757729332312, -0.8203022253684514320 ) ) ;
#6810 = CARTESIAN_POINT ( 'NONE',  ( 13.35000000000000320, -1.980384757729360068, -0.8203022253684516540 ) ) ;
#6811 = CARTESIAN_POINT ( 'NONE',  ( 19.90000000000000568, 1.400343491548885044, -1.400343491548898811 ) ) ;
#6812 = CARTESIAN_POINT ( 'NONE',  ( 0.9000000000000050182, 1.400343491548884600, 1.400343491548899033 ) ) ;
#6813 = CARTESIAN_POINT ( 'NONE',  ( 20.49999999999999645, -1.267509437117510519E-14, 0.000000000000000000 ) ) ;
#6814 = CARTESIAN_POINT ( 'NONE',  ( 5.450000000000005507, 0.8203022253684377763, -1.980384757729346301 ) ) ;
#6815 = CARTESIAN_POINT ( 'NONE',  ( 2.100000000000000977, -1.980384757729360068, -2.425271854633450283E-16 ) ) ;
#6816 = CIRCLE ( 'NONE', #788, 6.245515272181226152 ) ;
#6817 = CARTESIAN_POINT ( 'NONE',  ( 7.750000000000004441, 2.499999999999997780, 1.035533905932744414 ) ) ;
#6818 = CIRCLE ( 'NONE', #4173, 0.1796875000000001665 ) ;
#6819 = CARTESIAN_POINT ( 'NONE',  ( 7.225000000000002309, -2.543301270189249674, 1.053469879313100099 ) ) ;
#6820 = CARTESIAN_POINT ( 'NONE',  ( 16.92500000000000426, -1.798385574751181437, -1.798385574751167892 ) ) ;
#6821 = CARTESIAN_POINT ( 'NONE',  ( 0.7833296150249496881, 1.001401853304439316, -1.746909196848492218 ) ) ;
#6822 = CARTESIAN_POINT ( 'NONE',  ( 16.05000000000000426, 1.980384757729331868, 0.8203022253684526532 ) ) ;
#6823 = CARTESIAN_POINT ( 'NONE',  ( 3.250000000000002665, -2.500000000000025757, -1.035533905932743082 ) ) ;
#6824 = AXIS2_PLACEMENT_3D ( 'NONE', #6045, #671, #4281 ) ;
#6825 = CARTESIAN_POINT ( 'NONE',  ( 1.250000000000004663, -1.980384757729360290, -0.8203022253684516540 ) ) ;
#6826 = CARTESIAN_POINT ( 'NONE',  ( 17.77500000000000213, -1.798385574751181437, -1.798385574751167892 ) ) ;
#6827 = CARTESIAN_POINT ( 'NONE',  ( 3.400000000000000355, 1.400343491548884600, 1.400343491548899033 ) ) ;
#6828 = AXIS2_PLACEMENT_3D ( 'NONE', #6410, #4052, #2832 ) ;
#6829 = CARTESIAN_POINT ( 'NONE',  ( 10.10000000000000497, -1.400343491548912578, -1.400343491548898811 ) ) ;
#6830 = CARTESIAN_POINT ( 'NONE',  ( -12.50000000000000000, -4.102566777143634563E-15, 0.000000000000000000 ) ) ;
#6831 = EDGE_CURVE ( 'NONE', #6557, #5460, #3364, .T. ) ;
#6832 = CARTESIAN_POINT ( 'NONE',  ( 9.150000000000002132, -0.8203022253684664200, 1.980384757729345857 ) ) ;
#6833 = CARTESIAN_POINT ( 'NONE',  ( 18.70000000000000639, -1.372470695792103624E-14, -2.500000000000011546 ) ) ;
#6834 = CARTESIAN_POINT ( 'NONE',  ( 16.35000000000000497, 2.499999999999997780, -1.035533905932742638 ) ) ;
#6835 = CARTESIAN_POINT ( 'NONE',  ( 11.50000000000000533, -1.400343491548913022, 1.400343491548898589 ) ) ;
#6836 = EDGE_LOOP ( 'NONE', ( #521, #621, #7745, #5809 ) ) ;
#6837 = AXIS2_PLACEMENT_3D ( 'NONE', #3904, #930, #2654 ) ;
#6838 = EDGE_LOOP ( 'NONE', ( #3148, #926, #1257, #6282 ) ) ;
#6839 = CARTESIAN_POINT ( 'NONE',  ( 12.85000000000000320, 1.980384757729332312, -0.8203022253684513210 ) ) ;
#6840 =( BOUNDED_CURVE ( )  B_SPLINE_CURVE ( 2, ( #2902, #4002, #3408, #2784, #1069, #7625, #2823, #7031, #436 ),
 .UNSPECIFIED., .F., .T. ) 
 B_SPLINE_CURVE_WITH_KNOTS ( ( 3, 2, 2, 2, 3 ),
 ( 0.2037037037037037202, 0.2083333333333333703, 0.2129629629629629095, 0.2175925925925925597, 0.2222222222222222099 ),
 .UNSPECIFIED. ) 
 CURVE ( )  GEOMETRIC_REPRESENTATION_ITEM ( )  RATIONAL_B_SPLINE_CURVE ( ( 1.000000000000000000, 0.9238795325112867385, 1.000000000000000000, 0.9238795325112867385, 1.000000000000000000, 0.9238795325112867385, 1.000000000000000000, 0.9238795325112867385, 1.000000000000000000 ) ) 
 REPRESENTATION_ITEM ( '' )  );
#6841 = EDGE_CURVE ( 'NONE', #2330, #1194, #5709, .T. ) ;
#6842 = CARTESIAN_POINT ( 'NONE',  ( 0.5773722094450010056, -0.9863228734974477385, 2.155566244446079249 ) ) ;
#6843 = CARTESIAN_POINT ( 'NONE',  ( 2.450000000000004174, -2.500000000000026201, 1.035533905932742194 ) ) ;
#6844 = EDGE_CURVE ( 'NONE', #554, #7390, #7526, .T. ) ;
#6845 = CARTESIAN_POINT ( 'NONE',  ( 0.4999999999999657496, -2.500000000000019540, 0.1529309013582039189 ) ) ;
#6846 = CARTESIAN_POINT ( 'NONE',  ( 12.75000000000000355, -2.500000000000026201, 1.035533905932742194 ) ) ;
#6847 = VERTEX_POINT ( 'NONE', #1733 ) ;
#6848 = DIRECTION ( 'NONE',  ( -2.168404344971008868E-16, -1.000000000000000000, 0.000000000000000000 ) ) ;
#6849 = ORIENTED_EDGE ( 'NONE', *, *, #3222, .F. ) ;
#6850 = CARTESIAN_POINT ( 'NONE',  ( -998.0566243270259292, -1.267509437117510519E-14, 0.000000000000000000 ) ) ;
#6851 = CARTESIAN_POINT ( 'NONE',  ( 14.20000000000000107, -1.400343491548912578, -1.400343491548898811 ) ) ;
#6852 = CARTESIAN_POINT ( 'NONE',  ( 15.15000000000000568, 1.980384757729332312, -0.8203022253684513210 ) ) ;
#6853 = CARTESIAN_POINT ( 'NONE',  ( 6.200000000000001954, -1.433703035749471672E-14, 2.500000000000011546 ) ) ;
#6854 = ADVANCED_FACE ( 'NONE', ( #5923 ), #4625, .T. ) ;
#6855 = CARTESIAN_POINT ( 'NONE',  ( 3.850000000000003642, -0.8203022253684651988, -1.980384757729346301 ) ) ;
#6856 = DIRECTION ( 'NONE',  ( 0.000000000000000000, 0.000000000000000000, -1.000000000000000000 ) ) ;
#6857 = CARTESIAN_POINT ( 'NONE',  ( 9.875000000000003553, 1.053469879313086999, -2.543301270189235019 ) ) ;
#6858 = EDGE_LOOP ( 'NONE', ( #68, #4263, #1349, #352 ) ) ;
#6859 = CARTESIAN_POINT ( 'NONE',  ( 12.60000000000000142, -1.400343491548912578, -1.400343491548898811 ) ) ;
#6860 = CARTESIAN_POINT ( 'NONE',  ( 5.325000000000004619, 2.543301270189220809, 1.053469879313102542 ) ) ;
#6861 = CARTESIAN_POINT ( 'NONE',  ( 14.77500000000000391, 2.543301270189220809, -1.053469879313100765 ) ) ;
#6862 = SPHERICAL_SURFACE ( 'NONE', #6457, 6.775000000000003020 ) ;
#6863 = CARTESIAN_POINT ( 'NONE',  ( 17.75000000000000711, 0.8203022253684378873, 1.980384757729345857 ) ) ;
#6864 = CARTESIAN_POINT ( 'NONE',  ( 13.75000000000000533, -2.500000000000025757, -1.035533905932743082 ) ) ;
#6865 = CARTESIAN_POINT ( 'NONE',  ( 3.150000000000003464, 1.980384757729332312, -0.8203022253684513210 ) ) ;
#6866 = CARTESIAN_POINT ( 'NONE',  ( 18.67500000000000426, -1.372205551982422560E-14, -2.543301270189235019 ) ) ;
#6867 = CARTESIAN_POINT ( 'NONE',  ( 4.599999999999999645, -1.400343491548912578, -1.400343491548898811 ) ) ;
#6868 = CARTESIAN_POINT ( 'NONE',  ( 6.950000000000005507, -0.8203022253684651988, -1.980384757729346301 ) ) ;
#6869 = SPHERICAL_SURFACE ( 'NONE', #1238, 6.775000000000006573 ) ;
#6870 = CARTESIAN_POINT ( 'NONE',  ( 8.700000000000001066, -1.375652421508278441E-14, -1.980384757729346301 ) ) ;
#6871 = CARTESIAN_POINT ( 'NONE',  ( 18.90000000000000213, 2.499999999999997780, 0.000000000000000000 ) ) ;
#6872 = DIRECTION ( 'NONE',  ( 0.000000000000000000, 0.000000000000000000, -1.000000000000000000 ) ) ;
#6873 = CARTESIAN_POINT ( 'NONE',  ( 11.20000000000000284, -2.500000000000025757, -3.061616997868397439E-16 ) ) ;
#6874 = CARTESIAN_POINT ( 'NONE',  ( 10.25000000000000355, 0.8203022253684377763, -1.980384757729346301 ) ) ;
#6875 = VERTEX_POINT ( 'NONE', #580 ) ;
#6876 = ORIENTED_EDGE ( 'NONE', *, *, #3811, .T. ) ;
#6877 = CARTESIAN_POINT ( 'NONE',  ( 15.20000000000000107, 1.400343491548885044, -1.400343491548898811 ) ) ;
#6878 = CARTESIAN_POINT ( 'NONE',  ( 0.6050019105571911027, -1.780619258934654114, 1.512760706279464573 ) ) ;
#6879 = CARTESIAN_POINT ( 'NONE',  ( 17.19999999999999929, -1.400343491548913022, 1.400343491548898589 ) ) ;
#6880 = CARTESIAN_POINT ( 'NONE',  ( 14.10000000000000497, 2.499999999999997780, 0.000000000000000000 ) ) ;
#6881 = EDGE_LOOP ( 'NONE', ( #2589, #2907, #7582, #4398 ) ) ;
#6882 = EDGE_CURVE ( 'NONE', #1993, #6684, #4977, .T. ) ;
#6883 =( BOUNDED_CURVE ( )  B_SPLINE_CURVE ( 2, ( #6575, #3745, #6736, #4838, #725, #5387, #4797, #3623, #7206 ),
 .UNSPECIFIED., .F., .T. ) 
 B_SPLINE_CURVE_WITH_KNOTS ( ( 3, 2, 2, 2, 3 ),
 ( 0.6111111111111111605, 0.6157407407407406996, 0.6203703703703703498, 0.6250000000000000000, 0.6296296296296295392 ),
 .UNSPECIFIED. ) 
 CURVE ( )  GEOMETRIC_REPRESENTATION_ITEM ( )  RATIONAL_B_SPLINE_CURVE ( ( 1.000000000000000000, 0.9238795325112867385, 1.000000000000000000, 0.9238795325112867385, 1.000000000000000000, 0.9238795325112867385, 1.000000000000000000, 0.9238795325112867385, 1.000000000000000000 ) ) 
 REPRESENTATION_ITEM ( '' )  );
#6884 = AXIS2_PLACEMENT_3D ( 'NONE', #2600, #4999, #7403 ) ;
#6885 = CARTESIAN_POINT ( 'NONE',  ( 10.25000000000000533, -1.035533905932757959, 2.500000000000011102 ) ) ;
#6886 = VERTEX_POINT ( 'NONE', #6152 ) ;
#6887 = CARTESIAN_POINT ( 'NONE',  ( 2.600000000000001421, 1.400343491548884600, 1.400343491548899033 ) ) ;
#6888 = LINE ( 'NONE', #3381, #3434 ) ;
#6889 = CARTESIAN_POINT ( 'NONE',  ( 16.40000000000000568, -1.980384757729360068, -2.425271854633450283E-16 ) ) ;
#6890 = CARTESIAN_POINT ( 'NONE',  ( 16.70000000000000284, -1.433703035749471672E-14, 2.500000000000011546 ) ) ;
#6891 = DIRECTION ( 'NONE',  ( 0.000000000000000000, 0.000000000000000000, 1.000000000000000000 ) ) ;
#6892 = CARTESIAN_POINT ( 'NONE',  ( 17.60000000000000497, -2.500000000000025757, -3.061616997868397439E-16 ) ) ;
#6893 = CARTESIAN_POINT ( 'NONE',  ( 20.50000000000000000, -1.267509437117510519E-14, 0.000000000000000000 ) ) ;
#6894 = CARTESIAN_POINT ( 'NONE',  ( 8.625000000000003553, -1.434498467178515336E-14, 2.543301270189235019 ) ) ;
#6895 = ORIENTED_EDGE ( 'NONE', *, *, #790, .T. ) ;
#6896 = CARTESIAN_POINT ( 'NONE',  ( 10.45000000000000107, 1.980384757729332312, -0.8203022253684514320 ) ) ;
#6897 = CARTESIAN_POINT ( 'NONE',  ( 4.975000000000004086, -1.798385574751181437, -1.798385574751167892 ) ) ;
#6898 = CARTESIAN_POINT ( 'NONE',  ( 14.32500000000000462, -1.798385574751182103, 1.798385574751167670 ) ) ;
#6899 = DIRECTION ( 'NONE',  ( 1.000000000000000000, 0.000000000000000000, 0.000000000000000000 ) ) ;
#6900 = ADVANCED_FACE ( 'NONE', ( #3763 ), #6869, .T. ) ;
#6901 = CARTESIAN_POINT ( 'NONE',  ( 11.85000000000000675, 0.8203022253684377763, -1.980384757729346301 ) ) ;
#6902 = CARTESIAN_POINT ( 'NONE',  ( 19.35000000000000142, -2.500000000000025757, -1.035533905932743082 ) ) ;
#6903 = CARTESIAN_POINT ( 'NONE',  ( 20.90000000000000213, 1.980384757729332312, 0.000000000000000000 ) ) ;
#6904 = CARTESIAN_POINT ( 'NONE',  ( 13.17500000000000249, 1.798385574751153904, -1.798385574751167892 ) ) ;
#6905 = CARTESIAN_POINT ( 'NONE',  ( 1.549999999999999156, 0.8203022253684377763, -1.980384757729346301 ) ) ;
#6906 = CARTESIAN_POINT ( 'NONE',  ( 7.300000000000006040, 1.400343491548884600, 1.400343491548899033 ) ) ;
#6907 = CARTESIAN_POINT ( 'NONE',  ( 4.350000000000003197, 1.035533905932728871, -2.500000000000011546 ) ) ;
#6908 = CARTESIAN_POINT ( 'NONE',  ( 8.950000000000001066, 1.980384757729331868, 0.8203022253684526532 ) ) ;
#6909 = CARTESIAN_POINT ( 'NONE',  ( 0.5000000000000011102, -1.240403621052787593E-14, 2.500000000000005773 ) ) ;
#6910 = FACE_OUTER_BOUND ( 'NONE', #3643, .T. ) ;
#6911 = CARTESIAN_POINT ( 'NONE',  ( 13.20000000000000639, -1.980384757729360068, -2.425271854633450283E-16 ) ) ;
#6912 = ORIENTED_EDGE ( 'NONE', *, *, #3319, .T. ) ;
#6913 = ORIENTED_EDGE ( 'NONE', *, *, #1558, .T. ) ;
#6914 = CARTESIAN_POINT ( 'NONE',  ( 14.45000000000000107, 1.980384757729332312, -0.8203022253684513210 ) ) ;
#6915 = CARTESIAN_POINT ( 'NONE',  ( 17.10000000000000497, 1.767766952966363103, -1.767766952966377092 ) ) ;
#6916 = CARTESIAN_POINT ( 'NONE',  ( 19.45000000000000284, 0.8203022253684378873, 1.980384757729345857 ) ) ;
#6917 = CARTESIAN_POINT ( 'NONE',  ( 17.30000000000000071, 2.499999999999997780, 0.000000000000000000 ) ) ;
#6918 = ORIENTED_EDGE ( 'NONE', *, *, #3707, .F. ) ;
#6919 = CARTESIAN_POINT ( 'NONE',  ( 0.7250000000000034195, -1.798385574751182103, 1.798385574751167670 ) ) ;
#6920 = EDGE_LOOP ( 'NONE', ( #4473, #6120, #6050, #1636 ) ) ;
#6921 = CARTESIAN_POINT ( 'NONE',  ( 1.750000000000001554, 1.980384757729331868, 0.8203022253684526532 ) ) ;
#6922 = DIRECTION ( 'NONE',  ( -1.000000000000000000, 0.000000000000000000, 0.000000000000000000 ) ) ;
#6923 = CARTESIAN_POINT ( 'NONE',  ( 15.10000000000000497, 1.400343491548885044, -1.400343491548898811 ) ) ;
#6924 = FACE_OUTER_BOUND ( 'NONE', #759, .T. ) ;
#6925 = DIRECTION ( 'NONE',  ( -1.000000000000000000, 0.000000000000000000, 0.000000000000000000 ) ) ;
#6926 = CARTESIAN_POINT ( 'NONE',  ( 0.9499999999999995115, 1.980384757729331868, 0.8203022253684526532 ) ) ;
#6927 = EDGE_CURVE ( 'NONE', #3417, #4704, #3748, .T. ) ;
#6928 = DIRECTION ( 'NONE',  ( 1.224646799147353207E-16, -2.655529440325959183E-32, 1.000000000000000000 ) ) ;
#6929 =( BOUNDED_CURVE ( )  B_SPLINE_CURVE ( 2, ( #369, #3975, #6372, #4487, #6892, #1513, #5192, #4604, #2761 ),
 .UNSPECIFIED., .F., .F. ) 
 B_SPLINE_CURVE_WITH_KNOTS ( ( 3, 2, 2, 2, 3 ),
 ( 0.7962962962962962798, 0.8009259259259259300, 0.8055555555555555802, 0.8101851851851851194, 0.8148148148148147696 ),
 .UNSPECIFIED. ) 
 CURVE ( )  GEOMETRIC_REPRESENTATION_ITEM ( )  RATIONAL_B_SPLINE_CURVE ( ( 1.000000000000000000, 0.9238795325112867385, 1.000000000000000000, 0.9238795325112867385, 1.000000000000000000, 0.9238795325112867385, 1.000000000000000000, 0.9238795325112867385, 1.000000000000000000 ) ) 
 REPRESENTATION_ITEM ( '' )  );
#6930 = CARTESIAN_POINT ( 'NONE',  ( 7.925000000000003375, -1.798385574751182103, 1.798385574751167670 ) ) ;
#6931 = ORIENTED_EDGE ( 'NONE', *, *, #6784, .F. ) ;
#6932 = CARTESIAN_POINT ( 'NONE',  ( 10.65000000000000213, 0.8203022253684378873, 1.980384757729345857 ) ) ;
#6933 = CARTESIAN_POINT ( 'NONE',  ( 3.875000000000003553, -1.434498467178515336E-14, 2.543301270189235019 ) ) ;
#6934 = CARTESIAN_POINT ( 'NONE',  ( 1.550000000000002487, -2.500000000000026201, 1.035533905932742194 ) ) ;
#6935 = CIRCLE ( 'NONE', #38, 0.1796875000000001665 ) ;
#6936 = EDGE_CURVE ( 'NONE', #1662, #7390, #3842, .T. ) ;
#6937 = CARTESIAN_POINT ( 'NONE',  ( 12.65000000000000746, 0.8203022253684377763, -1.980384757729346301 ) ) ;
#6938 = CARTESIAN_POINT ( 'NONE',  ( -15.35937500000000000, -3.640625000000006217, 3.501724441311960115E-16 ) ) ;
#6939 = CARTESIAN_POINT ( 'NONE',  ( 18.85000000000000142, -1.980384757729360512, 0.8203022253684509879 ) ) ;
#6940 = AXIS2_PLACEMENT_3D ( 'NONE', #5985, #7141, #4624 ) ;
#6941 = CARTESIAN_POINT ( 'NONE',  ( 14.27500000000000213, -1.434498467178515336E-14, 2.543301270189235019 ) ) ;
#6942 = CARTESIAN_POINT ( 'NONE',  ( 1.799999999999999600, 1.400343491548884600, 1.400343491548899033 ) ) ;
#6943 = DIRECTION ( 'NONE',  ( 0.000000000000000000, 0.000000000000000000, 1.000000000000000000 ) ) ;
#6944 = CARTESIAN_POINT ( 'NONE',  ( 7.050000000000005151, 0.8203022253684377763, -1.980384757729346301 ) ) ;
#6945 = CIRCLE ( 'NONE', #1175, 2.100000000000018296 ) ;
#6946 = CARTESIAN_POINT ( 'NONE',  ( 10.50000000000000000, 1.980384757729332312, 0.000000000000000000 ) ) ;
#6947 = CARTESIAN_POINT ( 'NONE',  ( 12.15000000000000036, -1.035533905932756404, -2.500000000000011546 ) ) ;
#6948 = FACE_OUTER_BOUND ( 'NONE', #5987, .T. ) ;
#6949 = CARTESIAN_POINT ( 'NONE',  ( 8.350000000000004974, -1.980384757729360512, 0.8203022253684509879 ) ) ;
#6950 = ORIENTED_EDGE ( 'NONE', *, *, #5736, .F. ) ;
#6951 = AXIS2_PLACEMENT_3D ( 'NONE', #3728, #1383, #6122 ) ;
#6952 = ORIENTED_EDGE ( 'NONE', *, *, #2941, .F. ) ;
#6953 = CARTESIAN_POINT ( 'NONE',  ( 10.05000000000000071, -1.980384757729360512, 0.8203022253684509879 ) ) ;
#6954 = CARTESIAN_POINT ( 'NONE',  ( 0.6000000000000031974, -1.433703035749471672E-14, 2.500000000000011546 ) ) ;
#6955 = CARTESIAN_POINT ( 'NONE',  ( 19.80000000000000071, -1.400343491548912578, -1.400343491548898811 ) ) ;
#6956 = CARTESIAN_POINT ( 'NONE',  ( 4.800000000000006040, 1.980384757729332312, 0.000000000000000000 ) ) ;
#6957 = VECTOR ( 'NONE', #6347, 999.9999999999998863 ) ;
#6958 = DIRECTION ( 'NONE',  ( 0.000000000000000000, 0.000000000000000000, 1.000000000000000000 ) ) ;
#6959 = CARTESIAN_POINT ( 'NONE',  ( 16.55000000000000071, -1.980384757729360290, -0.8203022253684516540 ) ) ;
#6960 = ORIENTED_EDGE ( 'NONE', *, *, #5345, .F. ) ;
#6961 = CARTESIAN_POINT ( 'NONE',  ( 5.500000000000003553, -1.433703035749471672E-14, 2.500000000000011546 ) ) ;
#6962 = ORIENTED_EDGE ( 'NONE', *, *, #5061, .T. ) ;
#6963 = CARTESIAN_POINT ( 'NONE',  ( 20.90000000000000213, 1.980384757729332312, 0.000000000000000000 ) ) ;
#6964 = CARTESIAN_POINT ( 'NONE',  ( 18.25000000000000711, -1.035533905932757959, 2.500000000000011102 ) ) ;
#6965 = CARTESIAN_POINT ( 'NONE',  ( 17.10000000000000497, -1.400343491548913022, 1.400343491548898589 ) ) ;
#6966 = CARTESIAN_POINT ( 'NONE',  ( 2.450000000000004174, -2.500000000000025757, -1.035533905932743082 ) ) ;
#6967 = CARTESIAN_POINT ( 'NONE',  ( 4.300000000000001599, 1.767766952966363103, -1.767766952966377092 ) ) ;
#6968 = CARTESIAN_POINT ( 'NONE',  ( 1.400000000000001910, -1.400343491548912578, -1.400343491548898811 ) ) ;
#6969 = CARTESIAN_POINT ( 'NONE',  ( 20.50000000000000000, -1.267509437117510519E-14, 0.000000000000000000 ) ) ;
#6970 = CARTESIAN_POINT ( 'NONE',  ( 10.17500000000000426, 1.053469879313087443, 2.543301270189234575 ) ) ;
#6971 = ORIENTED_EDGE ( 'NONE', *, *, #3907, .F. ) ;
#6972 = CARTESIAN_POINT ( 'NONE',  ( 12.45000000000000107, -1.980384757729360512, 0.8203022253684510989 ) ) ;
#6973 = CARTESIAN_POINT ( 'NONE',  ( 5.225000000000002309, 2.543301270189220809, -1.053469879313100765 ) ) ;
#6974 = DIRECTION ( 'NONE',  ( -1.000000000000000000, 0.000000000000000000, 0.000000000000000000 ) ) ;
#6975 = CARTESIAN_POINT ( 'NONE',  ( 14.45000000000000462, 1.980384757729331868, 0.8203022253684526532 ) ) ;
#6976 =( BOUNDED_CURVE ( )  B_SPLINE_CURVE ( 2, ( #7514, #3297, #6804, #6846, #2716, #4404, #794, #249, #4953 ),
 .UNSPECIFIED., .F., .F. ) 
 B_SPLINE_CURVE_WITH_KNOTS ( ( 3, 2, 2, 2, 3 ),
 ( 0.5740740740740740700, 0.5787037037037037202, 0.5833333333333332593, 0.5879629629629630205, 0.5925925925925925597 ),
 .UNSPECIFIED. ) 
 CURVE ( )  GEOMETRIC_REPRESENTATION_ITEM ( )  RATIONAL_B_SPLINE_CURVE ( ( 1.000000000000000000, 0.9238795325112867385, 1.000000000000000000, 0.9238795325112867385, 1.000000000000000000, 0.9238795325112867385, 1.000000000000000000, 0.9238795325112867385, 1.000000000000000000 ) ) 
 REPRESENTATION_ITEM ( '' )  );
#6977 = CARTESIAN_POINT ( 'NONE',  ( 8.850000000000003197, -2.500000000000025757, -1.035533905932743082 ) ) ;
#6978 = CARTESIAN_POINT ( 'NONE',  ( 18.40000000000000213, 1.400343491548885044, -1.400343491548898811 ) ) ;
#6979 = ADVANCED_FACE ( 'NONE', ( #6275 ), #3119, .T. ) ;
#6980 = CARTESIAN_POINT ( 'NONE',  ( 13.32500000000000284, 2.543301270189220809, 1.053469879313102542 ) ) ;
#6981 = CARTESIAN_POINT ( 'NONE',  ( 0.05000000000000143219, 1.980384757729332312, -0.8203022253684513210 ) ) ;
#6982 = CYLINDRICAL_SURFACE ( 'NONE', #3441, 2.500000000000010658 ) ;
#6983 = CARTESIAN_POINT ( 'NONE',  ( 5.850000000000004974, -0.8203022253684664200, 1.980384757729345857 ) ) ;
#6984 = CARTESIAN_POINT ( 'NONE',  ( -7.049923139996280952, -1.883389530406229140, 5.877744975530290183 ) ) ;
#6985 = CARTESIAN_POINT ( 'NONE',  ( 6.950000000000001066, -1.980384757729360290, -0.8203022253684516540 ) ) ;
#6986 = CARTESIAN_POINT ( 'NONE',  ( -0.6372531902387248426, 2.374244799338308010, 1.843873128551895446 ) ) ;
#6987 = CARTESIAN_POINT ( 'NONE',  ( 16.40000000000000213, 2.499999999999997780, 0.000000000000000000 ) ) ;
#6988 = CARTESIAN_POINT ( 'NONE',  ( 7.600000000000005862, -1.980384757729360068, -2.425271854633450283E-16 ) ) ;
#6989 = ORIENTED_EDGE ( 'NONE', *, *, #2999, .F. ) ;
#6990 = ADVANCED_FACE ( 'NONE', ( #3130 ), #5885, .F. ) ;
#6991 = ORIENTED_EDGE ( 'NONE', *, *, #4722, .T. ) ;
#6992 = CARTESIAN_POINT ( 'NONE',  ( 11.45000000000000107, 0.8203022253684378873, 1.980384757729345857 ) ) ;
#6993 = CYLINDRICAL_SURFACE ( 'NONE', #2619, 2.500000000000010658 ) ;
#6994 = CARTESIAN_POINT ( 'NONE',  ( 18.15000000000000213, -1.980384757729360068, -0.8203022253684516540 ) ) ;
#6995 = CARTESIAN_POINT ( 'NONE',  ( 3.500000000000006661, -1.400343491548913022, 1.400343491548898589 ) ) ;
#6996 = CARTESIAN_POINT ( 'NONE',  ( 0.7000000000000026201, -1.767766952966391303, 1.767766952966376870 ) ) ;
#6997 = CARTESIAN_POINT ( 'NONE',  ( 15.10000000000000142, -1.375652421508278441E-14, -1.980384757729346301 ) ) ;
#6998 = EDGE_CURVE ( 'NONE', #4998, #2452, #5780, .T. ) ;
#6999 = ORIENTED_EDGE ( 'NONE', *, *, #3661, .T. ) ;
#7000 = CARTESIAN_POINT ( 'NONE',  ( 19.52500000000000924, 1.053469879313086999, -2.543301270189235019 ) ) ;
#7001 = VERTEX_POINT ( 'NONE', #5641 ) ;
#7002 = CARTESIAN_POINT ( 'NONE',  ( 20.50000000000000000, -1.267509437117510519E-14, 0.000000000000000000 ) ) ;
#7003 = DIRECTION ( 'NONE',  ( -0.000000000000000000, 1.000000000000000000, -0.000000000000000000 ) ) ;
#7004 = CARTESIAN_POINT ( 'NONE',  ( 16.80000000000000426, 1.980384757729332312, 0.000000000000000000 ) ) ;
#7005 = CARTESIAN_POINT ( 'NONE',  ( 16.20000000000000284, -1.372470695792103782E-14, -2.500000000000011546 ) ) ;
#7006 = FACE_OUTER_BOUND ( 'NONE', #1341, .T. ) ;
#7007 = CARTESIAN_POINT ( 'NONE',  ( 1.650000000000002576, 1.980384757729332312, -0.8203022253684513210 ) ) ;
#7008 = FACE_OUTER_BOUND ( 'NONE', #1138, .T. ) ;
#7009 = CARTESIAN_POINT ( 'NONE',  ( 9.425000000000004263, -1.434498467178515336E-14, 2.543301270189235019 ) ) ;
#7010 = ORIENTED_EDGE ( 'NONE', *, *, #3034, .F. ) ;
#7011 = CARTESIAN_POINT ( 'NONE',  ( 7.400000000000002132, 1.400343491548884600, 1.400343491548899033 ) ) ;
#7012 = CARTESIAN_POINT ( 'NONE',  ( 5.425000000000002487, 1.053469879313087443, 2.543301270189234575 ) ) ;
#7013 = LINE ( 'NONE', #2220, #1567 ) ;
#7014 = AXIS2_PLACEMENT_3D ( 'NONE', #6359, #5774, #6399 ) ;
#7015 = CARTESIAN_POINT ( 'NONE',  ( 13.85000000000000320, -0.8203022253684665310, 1.980384757729345857 ) ) ;
#7016 = CARTESIAN_POINT ( 'NONE',  ( -12.50000000000000000, -2.695312499999995115, 6.411159703984926850 ) ) ;
#7017 = CARTESIAN_POINT ( 'NONE',  ( 15.05000000000000426, -1.035533905932757959, 2.500000000000011102 ) ) ;
#7018 = CARTESIAN_POINT ( 'NONE',  ( 20.45000000000000284, -1.980384757729360512, 0.8203022253684509879 ) ) ;
#7019 = CARTESIAN_POINT ( 'NONE',  ( 13.72500000000000497, -2.543301270189249674, -1.053469879313101210 ) ) ;
#7020 = CARTESIAN_POINT ( 'NONE',  ( 0.1500000000000008271, 1.980384757729331868, 0.8203022253684526532 ) ) ;
#7021 = DIRECTION ( 'NONE',  ( -1.000000000000000000, 2.254409081679264136E-16, 0.000000000000000000 ) ) ;
#7022 = CARTESIAN_POINT ( 'NONE',  ( 4.650000000000005684, 0.8203022253684377763, -1.980384757729346301 ) ) ;
#7023 = CARTESIAN_POINT ( 'NONE',  ( 16.95000000000000284, -1.035533905932756404, -2.500000000000011546 ) ) ;
#7024 = CARTESIAN_POINT ( 'NONE',  ( 5.800000000000001599, 1.400343491548884600, 1.400343491548899033 ) ) ;
#7025 = CARTESIAN_POINT ( 'NONE',  ( 7.400000000000003020, -1.767766952966390637, -1.767766952966377092 ) ) ;
#7026 = ADVANCED_FACE ( 'NONE', ( #2663 ), #1490, .T. ) ;
#7027 = CARTESIAN_POINT ( 'NONE',  ( 8.450000000000006395, -1.980384757729360290, -0.8203022253684516540 ) ) ;
#7028 = EDGE_LOOP ( 'NONE', ( #1704, #4747, #6595, #1574 ) ) ;
#7029 = CIRCLE ( 'NONE', #4016, 6.411159703984925073 ) ;
#7030 = CARTESIAN_POINT ( 'NONE',  ( 9.200000000000001066, -1.400343491548913022, 1.400343491548898589 ) ) ;
#7031 = CARTESIAN_POINT ( 'NONE',  ( 4.950000000000001954, -1.035533905932756404, -2.500000000000011546 ) ) ;
#7032 = CARTESIAN_POINT ( 'NONE',  ( 18.45000000000000284, 1.980384757729332312, -0.8203022253684514320 ) ) ;
#7033 = CARTESIAN_POINT ( 'NONE',  ( 5.350000000000006750, -0.8203022253684651988, -1.980384757729346301 ) ) ;
#7034 = EDGE_CURVE ( 'NONE', #837, #3256, #5682, .T. ) ;
#7035 = PLANE ( 'NONE',  #7463 ) ;
#7036 = CARTESIAN_POINT ( 'NONE',  ( 14.90000000000000213, -1.980384757729360068, -2.425271854633450283E-16 ) ) ;
#7037 = ORIENTED_EDGE ( 'NONE', *, *, #6784, .T. ) ;
#7038 = CARTESIAN_POINT ( 'NONE',  ( -12.50000000000000178, -4.000000000000006217, 0.000000000000000000 ) ) ;
#7039 = ORIENTED_EDGE ( 'NONE', *, *, #6882, .T. ) ;
#7040 = CARTESIAN_POINT ( 'NONE',  ( 19.35000000000000142, 1.980384757729331868, 0.8203022253684526532 ) ) ;
#7041 = CARTESIAN_POINT ( 'NONE',  ( 13.45000000000000462, 0.8203022253684377763, -1.980384757729346301 ) ) ;
#7042 = CARTESIAN_POINT ( 'NONE',  ( 16.50000000000000355, 2.499999999999997780, 0.000000000000000000 ) ) ;
#7043 = CARTESIAN_POINT ( 'NONE',  ( 15.50000000000000355, -1.372470695792103624E-14, -2.500000000000011546 ) ) ;
#7044 = CARTESIAN_POINT ( 'NONE',  ( 0.3499999999999995892, -0.8203022253684664200, 1.980384757729345857 ) ) ;
#7045 = CARTESIAN_POINT ( 'NONE',  ( -7.619666505508622123, 2.042052523544252374, -6.139222040369234357 ) ) ;
#7046 = CARTESIAN_POINT ( 'NONE',  ( 4.275000000000004796, 1.053469879313086999, -2.543301270189235019 ) ) ;
#7047 = VERTEX_POINT ( 'NONE', #1334 ) ;
#7048 = CARTESIAN_POINT ( 'NONE',  ( 7.500000000000001776, -1.424157858600947694E-14, 1.980384757729346301 ) ) ;
#7049 = CARTESIAN_POINT ( 'NONE',  ( 1.925000000000002931, 1.053469879313086999, -2.543301270189235019 ) ) ;
#7050 = CARTESIAN_POINT ( 'NONE',  ( 14.85000000000000320, 2.499999999999997780, -1.035533905932742638 ) ) ;
#7051 = CARTESIAN_POINT ( 'NONE',  ( 12.75000000000000533, 1.980384757729332312, -0.8203022253684514320 ) ) ;
#7052 = CARTESIAN_POINT ( 'NONE',  ( 1.000000000000000666, -1.372470695792103782E-14, -2.500000000000011546 ) ) ;
#7053 = CARTESIAN_POINT ( 'NONE',  ( 3.469446951953614189E-15, 1.980384757729332312, 0.000000000000000000 ) ) ;
#7054 = CARTESIAN_POINT ( 'NONE',  ( 13.92500000000000249, 1.053469879313086999, -2.543301270189235019 ) ) ;
#7055 = CARTESIAN_POINT ( 'NONE',  ( 20.97500000000000142, -1.053469879313114532, -2.543301270189235019 ) ) ;
#7056 = CARTESIAN_POINT ( 'NONE',  ( 1.500000000000004885, -1.433703035749471672E-14, 2.500000000000011546 ) ) ;
#7057 = CARTESIAN_POINT ( 'NONE',  ( 4.550000000000005151, -0.8203022253684651988, -1.980384757729346301 ) ) ;
#7058 = DIRECTION ( 'NONE',  ( 1.000000000000000000, 0.000000000000000000, 0.000000000000000000 ) ) ;
#7059 = CARTESIAN_POINT ( 'NONE',  ( 7.850000000000001421, -0.8203022253684651988, -1.980384757729346301 ) ) ;
#7060 = CARTESIAN_POINT ( 'NONE',  ( -0.4661919746328027636, 2.499999999999998668, -1.484280771487681783 ) ) ;
#7061 = FACE_OUTER_BOUND ( 'NONE', #4946, .T. ) ;
#7062 = AXIS2_PLACEMENT_3D ( 'NONE', #1092, #5910, #6501 ) ;
#7063 = CARTESIAN_POINT ( 'NONE',  ( 9.650000000000007461, 1.980384757729331868, 0.8203022253684526532 ) ) ;
#7064 = EDGE_LOOP ( 'NONE', ( #1611, #5855 ) ) ;
#7065 = CARTESIAN_POINT ( 'NONE',  ( 9.100000000000001421, -1.424157858600947694E-14, 1.980384757729346301 ) ) ;
#7066 = ADVANCED_FACE ( 'NONE', ( #3876 ), #5367, .T. ) ;
#7067 = AXIS2_PLACEMENT_3D ( 'NONE', #3144, #5533, #5105 ) ;
#7068 = CARTESIAN_POINT ( 'NONE',  ( 2.200000000000003730, -1.433703035749471672E-14, 2.500000000000011546 ) ) ;
#7069 = CARTESIAN_POINT ( 'NONE',  ( 16.75000000000000000, 0.8203022253684377763, -1.980384757729346301 ) ) ;
#7070 = CARTESIAN_POINT ( 'NONE',  ( 3.600000000000005862, -1.980384757729360068, -2.425271854633450283E-16 ) ) ;
#7071 = CARTESIAN_POINT ( 'NONE',  ( -8.956206739499515734, -0.5858326306829725327, -7.148309552310840864 ) ) ;
#7072 = CARTESIAN_POINT ( 'NONE',  ( 17.65000000000000213, 1.980384757729332312, -0.8203022253684513210 ) ) ;
#7073 = ORIENTED_EDGE ( 'NONE', *, *, #7368, .T. ) ;
#7074 = AXIS2_PLACEMENT_3D ( 'NONE', #7117, #7191, #6523 ) ;
#7075 = CARTESIAN_POINT ( 'NONE',  ( 19.72500000000000142, 2.543301270189220809, 1.053469879313102542 ) ) ;
#7076 = ORIENTED_EDGE ( 'NONE', *, *, #1609, .T. ) ;
#7077 = EDGE_CURVE ( 'NONE', #2494, #2387, #5250, .T. ) ;
#7078 = CARTESIAN_POINT ( 'NONE',  ( 20.35000000000000497, -0.8203022253684664200, 1.980384757729345857 ) ) ;
#7079 = EDGE_CURVE ( 'NONE', #4704, #1023, #6258, .T. ) ;
#7080 = DIRECTION ( 'NONE',  ( 0.000000000000000000, 0.000000000000000000, -1.000000000000000000 ) ) ;
#7081 = CARTESIAN_POINT ( 'NONE',  ( 13.55000000000000604, 1.980384757729332312, -0.8203022253684513210 ) ) ;
#7082 = CARTESIAN_POINT ( 'NONE',  ( 2.550000000000003819, -1.035533905932756404, -2.500000000000011546 ) ) ;
#7083 = DIRECTION ( 'NONE',  ( -0.000000000000000000, 1.000000000000000000, -0.000000000000000000 ) ) ;
#7084 = TOROIDAL_SURFACE ( 'NONE', #439, 5.056145703497873178, 0.1796875000000000000 ) ;
#7085 = CARTESIAN_POINT ( 'NONE',  ( 4.750000000000004441, -1.035533905932757959, 2.500000000000011102 ) ) ;
#7086 = DIRECTION ( 'NONE',  ( 0.000000000000000000, 0.000000000000000000, -1.000000000000000000 ) ) ;
#7087 = B_SPLINE_CURVE_WITH_KNOTS ( 'NONE', 3,
 ( #6699, #2965, #6104, #5949 ),
 .UNSPECIFIED., .F., .F.,
 ( 4, 4 ),
 ( 7.407067380015331666E-16, 0.001095405860128782468 ),
 .UNSPECIFIED. ) ;
#7088 = CIRCLE ( 'NONE', #2499, 7.842684634639458530 ) ;
#7089 = CARTESIAN_POINT ( 'NONE',  ( 5.525000000000002132, -1.798385574751182103, 1.798385574751167670 ) ) ;
#7090 = ORIENTED_EDGE ( 'NONE', *, *, #7077, .F. ) ;
#7091 = CARTESIAN_POINT ( 'NONE',  ( 6.750000000000000888, -0.8203022253684665310, 1.980384757729345857 ) ) ;
#7092 = EDGE_CURVE ( 'NONE', #6798, #359, #3872, .T. ) ;
#7093 = CARTESIAN_POINT ( 'NONE',  ( 2.025000000000002576, 2.543301270189220809, -1.053469879313100765 ) ) ;
#7094 = CARTESIAN_POINT ( 'NONE',  ( 3.700000000000001954, 2.499999999999997780, 0.000000000000000000 ) ) ;
#7095 = CARTESIAN_POINT ( 'NONE',  ( 10.05000000000000426, -1.980384757729360068, -0.8203022253684516540 ) ) ;
#7096 = DIRECTION ( 'NONE',  ( 1.000000000000000000, -0.000000000000000000, -0.000000000000000000 ) ) ;
#7097 = CARTESIAN_POINT ( 'NONE',  ( 18.19999999999999929, -1.400343491548912578, -1.400343491548898811 ) ) ;
#7098 = CARTESIAN_POINT ( 'NONE',  ( 9.775000000000002132, -1.798385574751181437, -1.798385574751167892 ) ) ;
#7099 = CARTESIAN_POINT ( 'NONE',  ( 19.22500000000000497, -2.543301270189248786, -3.114645759804644720E-16 ) ) ;
#7100 = CARTESIAN_POINT ( 'NONE',  ( 20.50000000000000355, -1.400343491548912578, -1.400343491548898811 ) ) ;
#7101 = CARTESIAN_POINT ( 'NONE',  ( 19.65000000000000924, -1.980384757729360068, -0.8203022253684516540 ) ) ;
#7102 = CARTESIAN_POINT ( 'NONE',  ( 8.050000000000002487, 1.980384757729332312, -0.8203022253684513210 ) ) ;
#7103 = CARTESIAN_POINT ( 'NONE',  ( 11.90000000000000213, -1.767766952966391303, 1.767766952966376870 ) ) ;
#7104 = CARTESIAN_POINT ( 'NONE',  ( -12.50000000000000178, -4.000000000000006217, 0.000000000000000000 ) ) ;
#7105 = CARTESIAN_POINT ( 'NONE',  ( 9.200000000000004619, -1.980384757729360068, -2.425271854633450283E-16 ) ) ;
#7106 = VERTEX_POINT ( 'NONE', #7382 ) ;
#7107 = CARTESIAN_POINT ( 'NONE',  ( 11.37500000000000711, -1.053469879313114532, -2.543301270189235019 ) ) ;
#7108 = CARTESIAN_POINT ( 'NONE',  ( 10.55000000000000249, 1.980384757729331868, 0.8203022253684526532 ) ) ;
#7109 = DIRECTION ( 'NONE',  ( 2.705476449042923365E-15, 0.000000000000000000, 1.000000000000000000 ) ) ;
#7110 = CARTESIAN_POINT ( 'NONE',  ( 2.950000000000004619, -0.8203022253684651988, -1.980384757729346301 ) ) ;
#7111 = DIRECTION ( 'NONE',  ( 1.000000000000000000, -2.168404344971008868E-16, 0.000000000000000000 ) ) ;
#7112 = CARTESIAN_POINT ( 'NONE',  ( 16.00000000000000000, 1.400343491548885044, -1.400343491548898811 ) ) ;
#7113 = ORIENTED_EDGE ( 'NONE', *, *, #7368, .F. ) ;
#7114 = VECTOR ( 'NONE', #4867, 1000.000000000000000 ) ;
#7115 = ORIENTED_EDGE ( 'NONE', *, *, #4626, .T. ) ;
#7116 = CARTESIAN_POINT ( 'NONE',  ( 20.40000000000000213, -1.400343491548913022, 1.400343491548898589 ) ) ;
#7117 = CARTESIAN_POINT ( 'NONE',  ( -12.50000000000000000, 2.695312499999990674, 0.000000000000000000 ) ) ;
#7118 = CARTESIAN_POINT ( 'NONE',  ( 13.70000000000000639, 1.400343491548884600, 1.400343491548899033 ) ) ;
#7119 = CARTESIAN_POINT ( 'NONE',  ( 2.500000000000002220, -1.767766952966390637, -1.767766952966377092 ) ) ;
#7120 = CARTESIAN_POINT ( 'NONE',  ( -12.50000000000000000, 2.874999999999990674, 0.000000000000000000 ) ) ;
#7121 = CARTESIAN_POINT ( 'NONE',  ( 0.8000000000000020428, -1.767766952966391303, 1.767766952966376870 ) ) ;
#7122 = CARTESIAN_POINT ( 'NONE',  ( 0.5000000000000017764, 1.767766952964734184, 1.767766952967998240 ) ) ;
#7123 = ADVANCED_FACE ( 'NONE', ( #1451 ), #2000, .T. ) ;
#7124 = ADVANCED_FACE ( 'NONE', ( #276 ), #2854, .F. ) ;
#7125 = B_SPLINE_CURVE_WITH_KNOTS ( 'NONE', 3,
 ( #1011, #4729, #1719, #3433 ),
 .UNSPECIFIED., .F., .F.,
 ( 4, 4 ),
 ( 1.949273695405025121E-17, 0.001239915015898117095 ),
 .UNSPECIFIED. ) ;
#7126 = CARTESIAN_POINT ( 'NONE',  ( 4.425000000000001599, 2.543301270189221253, 0.000000000000000000 ) ) ;
#7127 = ORIENTED_EDGE ( 'NONE', *, *, #2888, .T. ) ;
#7128 = CARTESIAN_POINT ( 'NONE',  ( 6.850000000000002309, -1.980384757729360512, 0.8203022253684510989 ) ) ;
#7129 = CARTESIAN_POINT ( 'NONE',  ( 0.1250000000000035805, -2.543301270189249674, -1.053469879313101210 ) ) ;
#7130 = DIRECTION ( 'NONE',  ( 1.000000000000000000, -0.000000000000000000, -0.000000000000000000 ) ) ;
#7131 = CARTESIAN_POINT ( 'NONE',  ( 9.200000000000004619, -1.980384757729360068, -2.425271854633450283E-16 ) ) ;
#7132 = DIRECTION ( 'NONE',  ( 2.168404344971008868E-16, 1.000000000000000000, -0.000000000000000000 ) ) ;
#7133 = EDGE_CURVE ( 'NONE', #2988, #4090, #3071, .T. ) ;
#7134 = CARTESIAN_POINT ( 'NONE',  ( 11.82500000000000284, 1.053469879313087443, 2.543301270189234575 ) ) ;
#7135 =( BOUNDED_CURVE ( )  B_SPLINE_CURVE ( 2, ( #5078, #4452, #2024, #7323, #4414, #7486, #804, #3112, #6097 ),
 .UNSPECIFIED., .F., .F. ) 
 B_SPLINE_CURVE_WITH_KNOTS ( ( 3, 2, 2, 2, 3 ),
 ( 0.1666666666666666297, 0.1712962962962962798, 0.1759259259259259300, 0.1805555555555555802, 0.1851851851851851194 ),
 .UNSPECIFIED. ) 
 CURVE ( )  GEOMETRIC_REPRESENTATION_ITEM ( )  RATIONAL_B_SPLINE_CURVE ( ( 1.000000000000000000, 0.9238795325112867385, 1.000000000000000000, 0.9238795325112867385, 1.000000000000000000, 0.9238795325112867385, 1.000000000000000000, 0.9238795325112867385, 1.000000000000000000 ) ) 
 REPRESENTATION_ITEM ( '' )  );
#7136 = VECTOR ( 'NONE', #4094, 1000.000000000000000 ) ;
#7137 = CARTESIAN_POINT ( 'NONE',  ( 18.82500000000000639, 2.543301270189221253, 0.000000000000000000 ) ) ;
#7138 = CARTESIAN_POINT ( 'NONE',  ( -17.55614570349786874, -2.695312500000007105, 6.191992651811306659E-16 ) ) ;
#7139 = DIRECTION ( 'NONE',  ( 0.000000000000000000, 0.000000000000000000, -1.000000000000000000 ) ) ;
#7140 = PERSON_AND_ORGANIZATION_ROLE ( 'classification_officer' ) ;
#7141 = DIRECTION ( 'NONE',  ( -1.224646799147353207E-16, 2.655529440325959183E-32, 1.000000000000000000 ) ) ;
#7142 = AXIS2_PLACEMENT_3D ( 'NONE', #1165, #6507, #6655 ) ;
#7143 = CARTESIAN_POINT ( 'NONE',  ( 4.700000000000006395, 1.400343491548885044, -1.400343491548898811 ) ) ;
#7144 = VERTEX_POINT ( 'NONE', #4538 ) ;
#7145 = CARTESIAN_POINT ( 'NONE',  ( 11.52500000000000391, 1.798385574751153904, -1.798385574751167892 ) ) ;
#7146 = CARTESIAN_POINT ( 'NONE',  ( 6.300000000000001599, -1.375652421508278441E-14, -1.980384757729346301 ) ) ;
#7147 = CIRCLE ( 'NONE', #251, 4.876458203497874955 ) ;
#7148 = CARTESIAN_POINT ( 'NONE',  ( 0.5000000000000017764, 1.767766952964734184, 1.767766952967998240 ) ) ;
#7149 = CARTESIAN_POINT ( 'NONE',  ( 5.800000000000003375, -1.767766952966390637, -1.767766952966377092 ) ) ;
#7150 = CARTESIAN_POINT ( 'NONE',  ( 5.400000000000002132, -1.433703035749471672E-14, 2.500000000000011546 ) ) ;
#7151 = CARTESIAN_POINT ( 'NONE',  ( 15.00000000000000711, -1.375652421508278441E-14, -1.980384757729346301 ) ) ;
#7152 = ORIENTED_EDGE ( 'NONE', *, *, #5210, .T. ) ;
#7153 = VERTEX_POINT ( 'NONE', #2117 ) ;
#7154 = CARTESIAN_POINT ( 'NONE',  ( 17.80000000000000426, 1.400343491548884600, 1.400343491548899033 ) ) ;
#7155 = CARTESIAN_POINT ( 'NONE',  ( 20.50000000000000355, -1.400343491548912578, -1.400343491548898811 ) ) ;
#7156 = CARTESIAN_POINT ( 'NONE',  ( 12.30000000000000604, -1.400343491548913022, 1.400343491548898589 ) ) ;
#7157 = CARTESIAN_POINT ( 'NONE',  ( 20.41698729810778090, -1.427880073549500931E-14, 2.183012701892230290 ) ) ;
#7158 = CARTESIAN_POINT ( 'NONE',  ( 1.050000000000002487, -1.035533905932756404, -2.500000000000011546 ) ) ;
#7159 = DIRECTION ( 'NONE',  ( -2.168404344971008868E-16, -1.000000000000000000, 0.000000000000000000 ) ) ;
#7160 = ORIENTED_EDGE ( 'NONE', *, *, #7034, .T. ) ;
#7161 = CARTESIAN_POINT ( 'NONE',  ( 5.475000000000004086, -1.053469879313116087, 2.543301270189234575 ) ) ;
#7162 = EDGE_LOOP ( 'NONE', ( #6768, #3539, #5029, #4383 ) ) ;
#7163 = CARTESIAN_POINT ( 'NONE',  ( 7.050000000000001599, -0.8203022253684651988, -1.980384757729346301 ) ) ;
#7164 = CARTESIAN_POINT ( 'NONE',  ( 0.8750000000000042188, -2.543301270189248786, -3.114645759804644720E-16 ) ) ;
#7165 = DIRECTION ( 'NONE',  ( 1.000000000000000000, -0.000000000000000000, -0.000000000000000000 ) ) ;
#7166 = EDGE_CURVE ( 'NONE', #6355, #4737, #4503, .T. ) ;
#7167 = CARTESIAN_POINT ( 'NONE',  ( 10.25000000000000533, 0.8203022253684377763, -1.980384757729346301 ) ) ;
#7168 = CARTESIAN_POINT ( 'NONE',  ( 8.700000000000004619, -1.433703035749471672E-14, 2.500000000000011546 ) ) ;
#7169 = CARTESIAN_POINT ( 'NONE',  ( 10.27500000000000213, -1.434498467178515336E-14, 2.543301270189235019 ) ) ;
#7170 = EDGE_CURVE ( 'NONE', #1217, #1622, #1213, .T. ) ;
#7171 = CARTESIAN_POINT ( 'NONE',  ( 19.62500000000000355, 2.543301270189221253, 0.000000000000000000 ) ) ;
#7172 = DIRECTION ( 'NONE',  ( -1.224646799147353207E-16, 2.655529440325959183E-32, 1.000000000000000000 ) ) ;
#7173 = EDGE_CURVE ( 'NONE', #3417, #2292, #2003, .T. ) ;
#7174 = DIRECTION ( 'NONE',  ( 0.000000000000000000, -1.000000000000000000, 0.000000000000000000 ) ) ;
#7175 = APPROVAL_ROLE ( '' ) ;
#7176 = CARTESIAN_POINT ( 'NONE',  ( 10.50000000000000355, -2.500000000000025757, -3.061616997868397439E-16 ) ) ;
#7177 = CARTESIAN_POINT ( 'NONE',  ( 5.250000000000004441, -1.980384757729360290, -0.8203022253684516540 ) ) ;
#7178 = VERTEX_POINT ( 'NONE', #1530 ) ;
#7179 = CARTESIAN_POINT ( 'NONE',  ( 12.97500000000000320, -1.053469879313114532, -2.543301270189235019 ) ) ;
#7180 = CARTESIAN_POINT ( 'NONE',  ( 6.000000000000001776, -1.400343491548913022, 1.400343491548898589 ) ) ;
#7181 = EDGE_CURVE ( 'NONE', #454, #837, #2027, .T. ) ;
#7182 = CARTESIAN_POINT ( 'NONE',  ( -15.00000000000000178, -3.640625000000006217, 0.000000000000000000 ) ) ;
#7183 = VECTOR ( 'NONE', #2471, 1000.000000000000000 ) ;
#7184 = LINE ( 'NONE', #6552, #2751 ) ;
#7185 = CARTESIAN_POINT ( 'NONE',  ( 20.50000000000000355, -1.999895826969808388, 0.1848095153712323302 ) ) ;
#7186 = CARTESIAN_POINT ( 'NONE',  ( 15.20000000000000462, 1.980384757729332312, 0.000000000000000000 ) ) ;
#7187 = ORIENTED_EDGE ( 'NONE', *, *, #2411, .T. ) ;
#7188 = VECTOR ( 'NONE', #5088, 1000.000000000000000 ) ;
#7189 = ORIENTED_EDGE ( 'NONE', *, *, #5478, .F. ) ;
#7190 = CARTESIAN_POINT ( 'NONE',  ( 17.94999999999999929, -0.8203022253684664200, 1.980384757729345857 ) ) ;
#7191 = DIRECTION ( 'NONE',  ( 2.168404344971008868E-16, 1.000000000000000000, -0.000000000000000000 ) ) ;
#7192 = CARTESIAN_POINT ( 'NONE',  ( 14.55000000000000604, 0.8203022253684378873, 1.980384757729345857 ) ) ;
#7193 = CARTESIAN_POINT ( 'NONE',  ( 8.900000000000002132, -2.500000000000025757, -3.061616997868397439E-16 ) ) ;
#7194 = CARTESIAN_POINT ( 'NONE',  ( 0.7000000000000028422, -1.433703035749471672E-14, 2.500000000000011546 ) ) ;
#7195 = DIRECTION ( 'NONE',  ( 1.000000000000000000, 0.000000000000000000, 1.224646799147354686E-16 ) ) ;
#7196 = DIRECTION ( 'NONE',  ( 1.000000000000000000, -0.000000000000000000, -0.000000000000000000 ) ) ;
#7197 = CARTESIAN_POINT ( 'NONE',  ( 16.90000000000000568, 1.400343491548884600, 1.400343491548899033 ) ) ;
#7198 = CARTESIAN_POINT ( 'NONE',  ( 5.775000000000003908, -1.053469879313114532, -2.543301270189235019 ) ) ;
#7199 = ORIENTED_EDGE ( 'NONE', *, *, #6203, .T. ) ;
#7200 = CARTESIAN_POINT ( 'NONE',  ( 5.750000000000003553, 1.980384757729331868, 0.8203022253684526532 ) ) ;
#7201 = AXIS2_PLACEMENT_3D ( 'NONE', #1299, #749, #5452 ) ;
#7202 = CARTESIAN_POINT ( 'NONE',  ( -0.07499999999999867883, -1.053469879313116087, 2.543301270189234575 ) ) ;
#7203 = CARTESIAN_POINT ( 'NONE',  ( 1.900000000000005906, -1.400343491548913022, 1.400343491548898589 ) ) ;
#7204 = DIRECTION ( 'NONE',  ( -1.000000000000000000, 2.573190495840608917E-16, 0.000000000000000000 ) ) ;
#7205 = CARTESIAN_POINT ( 'NONE',  ( 10.50000000000000533, 1.400343491548884600, 1.400343491548899033 ) ) ;
#7206 = CARTESIAN_POINT ( 'NONE',  ( 13.80000000000000249, -1.372470695792103782E-14, -2.500000000000011546 ) ) ;
#7207 = AXIS2_PLACEMENT_3D ( 'NONE', #2190, #5840, #3478 ) ;
#7208 = CARTESIAN_POINT ( 'NONE',  ( 11.52500000000000391, 1.053469879313086999, -2.543301270189235019 ) ) ;
#7209 = CARTESIAN_POINT ( 'NONE',  ( 20.37500000000000711, 2.543301270189220809, -1.053469879313100765 ) ) ;
#7210 = CARTESIAN_POINT ( 'NONE',  ( 19.35000000000000497, 0.8203022253684378873, 1.980384757729345857 ) ) ;
#7211 = PERSON_AND_ORGANIZATION ( #5706, #4250 ) ;
#7212 = CARTESIAN_POINT ( 'NONE',  ( -8.956206739499513958, -14.88245173530465237, -5.976644290944898685 ) ) ;
#7213 = CARTESIAN_POINT ( 'NONE',  ( 5.300000000000006040, -1.400343491548912578, -1.400343491548898811 ) ) ;
#7214 = ORIENTED_EDGE ( 'NONE', *, *, #1468, .T. ) ;
#7215 = EDGE_CURVE ( 'NONE', #1155, #173, #3636, .T. ) ;
#7216 = CARTESIAN_POINT ( 'NONE',  ( 13.72500000000000497, -1.798385574751181437, -1.798385574751167892 ) ) ;
#7217 = CARTESIAN_POINT ( 'NONE',  ( 20.32500000000000284, 1.053469879313086999, -2.543301270189235019 ) ) ;
#7218 = CARTESIAN_POINT ( 'NONE',  ( 8.250000000000003553, 0.8203022253684378873, 1.980384757729345857 ) ) ;
#7219 = CARTESIAN_POINT ( 'NONE',  ( 6.050000000000003375, 2.499999999999997780, -1.035533905932742638 ) ) ;
#7220 = CARTESIAN_POINT ( 'NONE',  ( 14.55000000000000071, 1.980384757729331868, 0.8203022253684526532 ) ) ;
#7221 = CARTESIAN_POINT ( 'NONE',  ( 1.000000000000004441, -1.424157858600947694E-14, 1.980384757729346301 ) ) ;
#7222 =( BOUNDED_CURVE ( )  B_SPLINE_CURVE ( 2, ( #3317, #3241, #2147, #6902, #5636, #1524, #270, #895, #2656 ),
 .UNSPECIFIED., .F., .F. ) 
 B_SPLINE_CURVE_WITH_KNOTS ( ( 3, 2, 2, 2, 3 ),
 ( 0.04629629629629629373, 0.05092592592592592310, 0.05555555555555555247, 0.06018518518518518184, 0.06481481481481481122 ),
 .UNSPECIFIED. ) 
 CURVE ( )  GEOMETRIC_REPRESENTATION_ITEM ( )  RATIONAL_B_SPLINE_CURVE ( ( 1.000000000000000000, 0.9238795325112867385, 1.000000000000000000, 0.9238795325112867385, 1.000000000000000000, 0.9238795325112867385, 1.000000000000000000, 0.9238795325112867385, 1.000000000000000000 ) ) 
 REPRESENTATION_ITEM ( '' )  );
#7223 = CARTESIAN_POINT ( 'NONE',  ( 7.900000000000003908, -1.433703035749471672E-14, 2.500000000000011546 ) ) ;
#7224 = CARTESIAN_POINT ( 'NONE',  ( 15.30000000000000426, 1.400343491548884600, 1.400343491548899033 ) ) ;
#7225 = VERTEX_POINT ( 'NONE', #506 ) ;
#7226 = VERTEX_POINT ( 'NONE', #3550 ) ;
#7227 = CARTESIAN_POINT ( 'NONE',  ( 17.00000000000000000, 1.400343491548884600, 1.400343491548899033 ) ) ;
#7228 = DIRECTION ( 'NONE',  ( -2.168404344971008868E-16, -1.000000000000000000, 0.000000000000000000 ) ) ;
#7229 = CARTESIAN_POINT ( 'NONE',  ( 11.50000000000000533, -1.400343491548913022, 1.400343491548898589 ) ) ;
#7230 = CARTESIAN_POINT ( 'NONE',  ( 20.37803950795422026, 1.028312550226196942, 1.975432241992061355 ) ) ;
#7231 = CARTESIAN_POINT ( 'NONE',  ( 3.600000000000002309, 2.499999999999997780, 0.000000000000000000 ) ) ;
#7232 = FACE_OUTER_BOUND ( 'NONE', #5997, .T. ) ;
#7233 = CARTESIAN_POINT ( 'NONE',  ( 20.10000000000000497, -2.500000000000025757, -3.061616997868397439E-16 ) ) ;
#7234 = AXIS2_PLACEMENT_3D ( 'NONE', #4237, #5410, #6043 ) ;
#7235 = ORIENTED_EDGE ( 'NONE', *, *, #6841, .F. ) ;
#7236 = CARTESIAN_POINT ( 'NONE',  ( 17.55000000000001137, 1.980384757729332312, -0.8203022253684513210 ) ) ;
#7237 = CARTESIAN_POINT ( 'NONE',  ( 1.075000000000003064, 1.053469879313086999, -2.543301270189235019 ) ) ;
#7238 = ORIENTED_EDGE ( 'NONE', *, *, #4009, .T. ) ;
#7239 = CARTESIAN_POINT ( 'NONE',  ( 4.200000000000001954, 1.400343491548884600, 1.400343491548899033 ) ) ;
#7240 = CARTESIAN_POINT ( 'NONE',  ( -0.2249999999999960365, 1.798385574751153682, 1.798385574751168337 ) ) ;
#7241 = CARTESIAN_POINT ( 'NONE',  ( 1.800000000000006484, -1.424157858600947694E-14, 1.980384757729346301 ) ) ;
#7242 = CARTESIAN_POINT ( 'NONE',  ( 15.55000000000000249, 1.035533905932728871, -2.500000000000011546 ) ) ;
#7243 = CARTESIAN_POINT ( 'NONE',  ( 6.900000000000004796, -1.400343491548912578, -1.400343491548898811 ) ) ;
#7244 = CARTESIAN_POINT ( 'NONE',  ( 7.200000000000001954, 1.400343491548885044, -1.400343491548898811 ) ) ;
#7245 = CARTESIAN_POINT ( 'NONE',  ( 20.49999999999997868, -0.8494467915653004519, -1.885931751435494741 ) ) ;
#7246 = CARTESIAN_POINT ( 'NONE',  ( 12.22500000000000320, -1.053469879313114532, -2.543301270189235019 ) ) ;
#7247 = CARTESIAN_POINT ( 'NONE',  ( 19.17500000000000426, -2.543301270189249674, 1.053469879313100099 ) ) ;
#7248 = CARTESIAN_POINT ( 'NONE',  ( 0.5000000000000003331, -1.536366799938027494, -1.999167105994883009 ) ) ;
#7249 = CARTESIAN_POINT ( 'NONE',  ( 20.40000000000000568, -1.980384757729360068, -2.425271854633450283E-16 ) ) ;
#7250 = COORDINATED_UNIVERSAL_TIME_OFFSET ( 6, 0, .BEHIND. ) ;
#7251 = CARTESIAN_POINT ( 'NONE',  ( 0.5000000000000017764, 5.547365066045038873, -0.6904642090818104982 ) ) ;
#7252 = ORIENTED_EDGE ( 'NONE', *, *, #1712, .T. ) ;
#7253 = CARTESIAN_POINT ( 'NONE',  ( 4.150000000000003908, 0.8203022253684378873, 1.980384757729345857 ) ) ;
#7254 = CARTESIAN_POINT ( 'NONE',  ( 19.95000000000000639, 1.980384757729332312, -0.8203022253684513210 ) ) ;
#7255 = AXIS2_PLACEMENT_3D ( 'NONE', #2795, #2915, #4017 ) ;
#7256 = CARTESIAN_POINT ( 'NONE',  ( 11.22500000000000320, -2.543301270189248786, -3.114645759804644720E-16 ) ) ;
#7257 = CARTESIAN_POINT ( 'NONE',  ( 19.42500000000000426, -1.053469879313114532, -2.543301270189235019 ) ) ;
#7258 = CARTESIAN_POINT ( 'NONE',  ( 7.450000000000001954, 0.8203022253684378873, 1.980384757729345857 ) ) ;
#7259 = CARTESIAN_POINT ( 'NONE',  ( -1.500931964807164176, -1.773493599369561746, -2.882371739434727242 ) ) ;
#7260 = EDGE_CURVE ( 'NONE', #3578, #1465, #2340, .T. ) ;
#7261 = CARTESIAN_POINT ( 'NONE',  ( 13.10000000000000142, -1.424157858600947694E-14, 1.980384757729346301 ) ) ;
#7262 = VECTOR ( 'NONE', #3923, 1000.000000000000000 ) ;
#7263 = CARTESIAN_POINT ( 'NONE',  ( 15.75000000000000355, 1.035533905932729315, 2.500000000000011102 ) ) ;
#7264 = CARTESIAN_POINT ( 'NONE',  ( 8.250000000000003553, -1.035533905932756404, -2.500000000000011546 ) ) ;
#7265 = CARTESIAN_POINT ( 'NONE',  ( 13.45000000000000462, 0.8203022253684377763, -1.980384757729346301 ) ) ;
#7266 = ORIENTED_EDGE ( 'NONE', *, *, #1026, .T. ) ;
#7267 = ORIENTED_EDGE ( 'NONE', *, *, #4721, .T. ) ;
#7268 = CARTESIAN_POINT ( 'NONE',  ( 17.19999999999999929, -1.400343491548913022, 1.400343491548898589 ) ) ;
#7269 = CARTESIAN_POINT ( 'NONE',  ( 20.48585382392579035, -1.603316568744393544, 1.390416861855290342 ) ) ;
#7270 = ADVANCED_FACE ( 'NONE', ( #6618 ), #1240, .T. ) ;
#7271 = CARTESIAN_POINT ( 'NONE',  ( 5.900000000000002132, 1.767766952966363103, -1.767766952966377092 ) ) ;
#7272 = CARTESIAN_POINT ( 'NONE',  ( 1.450000000000003508, 1.035533905932729315, 2.500000000000011102 ) ) ;
#7273 = CARTESIAN_POINT ( 'NONE',  ( 19.90000000000000568, -1.767766952966391303, 1.767766952966376870 ) ) ;
#7274 = CYLINDRICAL_SURFACE ( 'NONE', #6188, 2.500000000000010658 ) ;
#7275 = CARTESIAN_POINT ( 'NONE',  ( 17.45000000000000639, 0.8203022253684377763, -1.980384757729346301 ) ) ;
#7276 = CARTESIAN_POINT ( 'NONE',  ( 3.625000000000003109, 2.543301270189221253, 0.000000000000000000 ) ) ;
#7277 = ORIENTED_EDGE ( 'NONE', *, *, #2651, .T. ) ;
#7278 = CARTESIAN_POINT ( 'NONE',  ( 3.600000000000002309, -1.400343491548913022, 1.400343491548898589 ) ) ;
#7279 = CARTESIAN_POINT ( 'NONE',  ( 16.05000000000000071, 1.980384757729332312, -0.8203022253684514320 ) ) ;
#7280 = CARTESIAN_POINT ( 'NONE',  ( 19.50000000000000711, -1.400343491548913022, 1.400343491548898589 ) ) ;
#7281 = CARTESIAN_POINT ( 'NONE',  ( 3.900000000000004352, 1.400343491548885044, -1.400343491548898811 ) ) ;
#7282 = CARTESIAN_POINT ( 'NONE',  ( -0.4661919746328942460, 2.499999999999996891, 1.484280771488420969 ) ) ;
#7283 = CARTESIAN_POINT ( 'NONE',  ( 7.900000000000005684, 1.400343491548885044, -1.400343491548898811 ) ) ;
#7284 = CARTESIAN_POINT ( 'NONE',  ( 5.000000000000000888, 1.400343491548884600, 1.400343491548899033 ) ) ;
#7285 = CARTESIAN_POINT ( 'NONE',  ( 0.5000000000000004441, -2.500000000000023537, 0.000000000000000000 ) ) ;
#7286 = CARTESIAN_POINT ( 'NONE',  ( 7.125000000000004441, -1.053469879313116087, 2.543301270189234575 ) ) ;
#7287 = CARTESIAN_POINT ( 'NONE',  ( 17.17500000000000426, 2.543301270189220809, -1.053469879313100765 ) ) ;
#7288 = CARTESIAN_POINT ( 'NONE',  ( -12.50000000000000000, -2.875000000000008438, 0.000000000000000000 ) ) ;
#7289 = CARTESIAN_POINT ( 'NONE',  ( 17.85000000000000497, -0.8203022253684665310, 1.980384757729345857 ) ) ;
#7290 = CARTESIAN_POINT ( 'NONE',  ( 7.150000000000004796, -1.035533905932757959, 2.500000000000011102 ) ) ;
#7291 = CARTESIAN_POINT ( 'NONE',  ( -8.956206739499515734, 0.5858326306829682029, 7.148309552310840864 ) ) ;
#7292 = ORIENTED_EDGE ( 'NONE', *, *, #685, .T. ) ;
#7293 = CARTESIAN_POINT ( 'NONE',  ( 6.750000000000005329, -1.980384757729360512, 0.8203022253684509879 ) ) ;
#7294 = VERTEX_POINT ( 'NONE', #2966 ) ;
#7295 = CARTESIAN_POINT ( 'NONE',  ( 12.05000000000000249, 1.980384757729332312, -0.8203022253684514320 ) ) ;
#7296 = CARTESIAN_POINT ( 'NONE',  ( 18.62500000000000000, -1.053469879313114532, -2.543301270189235019 ) ) ;
#7297 = CARTESIAN_POINT ( 'NONE',  ( 7.500000000000001776, -1.424157858600947694E-14, 1.980384757729346301 ) ) ;
#7298 = CARTESIAN_POINT ( 'NONE',  ( 10.45000000000000639, 1.980384757729331868, 0.8203022253684526532 ) ) ;
#7299 = CARTESIAN_POINT ( 'NONE',  ( 12.55000000000000604, 1.035533905932729315, 2.500000000000011102 ) ) ;
#7300 = CARTESIAN_POINT ( 'NONE',  ( 14.65000000000000213, 0.8203022253684378873, 1.980384757729345857 ) ) ;
#7301 = CARTESIAN_POINT ( 'NONE',  ( 14.65000000000000391, -1.035533905932756404, -2.500000000000011546 ) ) ;
#7302 = DIRECTION ( 'NONE',  ( -0.000000000000000000, 1.000000000000000000, -0.000000000000000000 ) ) ;
#7303 = CARTESIAN_POINT ( 'NONE',  ( 15.70000000000000639, -1.400343491548912578, -1.400343491548898811 ) ) ;
#7304 = ORIENTED_EDGE ( 'NONE', *, *, #7166, .T. ) ;
#7305 = ADVANCED_FACE ( 'NONE', ( #7767 ), #6138, .F. ) ;
#7306 = ORIENTED_EDGE ( 'NONE', *, *, #4956, .F. ) ;
#7307 = CARTESIAN_POINT ( 'NONE',  ( 17.05000000000000426, 0.8203022253684378873, 1.980384757729345857 ) ) ;
#7308 = CARTESIAN_POINT ( 'NONE',  ( 20.50000000000000000, -1.267509437117510519E-14, -2.500000000000010658 ) ) ;
#7309 = CARTESIAN_POINT ( 'NONE',  ( 20.32401032528383311, 2.084290618709182308, 0.9267646921240383362 ) ) ;
#7310 = CARTESIAN_POINT ( 'NONE',  ( 1.400000000000001910, 1.767766952966362659, 1.767766952966377536 ) ) ;
#7311 = CARTESIAN_POINT ( 'NONE',  ( 18.19999999999999929, -1.433703035749471672E-14, 2.500000000000011546 ) ) ;
#7312 = CARTESIAN_POINT ( 'NONE',  ( 2.250000000000002220, 1.035533905932729315, 2.500000000000011102 ) ) ;
#7313 = VERTEX_POINT ( 'NONE', #1761 ) ;
#7314 = CARTESIAN_POINT ( 'NONE',  ( 17.20000000000000639, -1.980384757729360068, -2.425271854633450283E-16 ) ) ;
#7315 = CIRCLE ( 'NONE', #6940, 0.1796875000000001665 ) ;
#7316 = EDGE_CURVE ( 'NONE', #3368, #7399, #923, .T. ) ;
#7317 = CARTESIAN_POINT ( 'NONE',  ( 3.025000000000003464, -1.434498467178515336E-14, 2.543301270189235019 ) ) ;
#7318 = ORIENTED_EDGE ( 'NONE', *, *, #1937, .F. ) ;
#7319 = CARTESIAN_POINT ( 'NONE',  ( 6.100000000000001421, -1.980384757729360068, -2.425271854633450283E-16 ) ) ;
#7320 = CARTESIAN_POINT ( 'NONE',  ( 16.10000000000000142, 1.980384757729332312, 0.000000000000000000 ) ) ;
#7321 = CARTESIAN_POINT ( 'NONE',  ( 18.00000000000000711, -1.980384757729360068, -2.425271854633450283E-16 ) ) ;
#7322 = CARTESIAN_POINT ( 'NONE',  ( 4.150000000000003908, 0.8203022253684378873, 1.980384757729345857 ) ) ;
#7323 = CARTESIAN_POINT ( 'NONE',  ( 3.950000000000002842, -2.500000000000026201, 1.035533905932742194 ) ) ;
#7324 = AXIS2_PLACEMENT_3D ( 'NONE', #6481, #5892, #2866 ) ;
#7325 = CARTESIAN_POINT ( 'NONE',  ( 7.000000000000004441, -1.375652421508278441E-14, -1.980384757729346301 ) ) ;
#7326 = CARTESIAN_POINT ( 'NONE',  ( 2.750000000000002220, -0.8203022253684664200, 1.980384757729345857 ) ) ;
#7327 = CARTESIAN_POINT ( 'NONE',  ( 10.70000000000000462, -1.372470695792103624E-14, -2.500000000000011546 ) ) ;
#7328 = EDGE_CURVE ( 'NONE', #3298, #2743, #5759, .T. ) ;
#7329 = CARTESIAN_POINT ( 'NONE',  ( 9.225000000000001421, 2.543301270189220809, -1.053469879313100765 ) ) ;
#7330 = CARTESIAN_POINT ( 'NONE',  ( 16.47500000000000497, 2.543301270189220809, 1.053469879313102542 ) ) ;
#7331 = CYLINDRICAL_SURFACE ( 'NONE', #1693, 2.500000000000010658 ) ;
#7332 = CARTESIAN_POINT ( 'NONE',  ( 15.50000000000000711, -1.400343491548913022, 1.400343491548898589 ) ) ;
#7333 = AXIS2_PLACEMENT_3D ( 'NONE', #7288, #2532, #6184 ) ;
#7334 = CARTESIAN_POINT ( 'NONE',  ( 11.95000000000000462, -1.035533905932757959, 2.500000000000011102 ) ) ;
#7335 = ORIENTED_EDGE ( 'NONE', *, *, #5635, .T. ) ;
#7336 = CARTESIAN_POINT ( 'NONE',  ( 1.800000000000006484, -1.424157858600947694E-14, 1.980384757729346301 ) ) ;
#7337 = AXIS2_PLACEMENT_3D ( 'NONE', #1474, #2101, #6891 ) ;
#7338 = CARTESIAN_POINT ( 'NONE',  ( 17.32500000000000639, 2.543301270189220809, 1.053469879313102542 ) ) ;
#7339 = CARTESIAN_POINT ( 'NONE',  ( 5.250000000000001776, -1.980384757729360512, 0.8203022253684509879 ) ) ;
#7340 = CARTESIAN_POINT ( 'NONE',  ( 8.200000000000006395, -1.424157858600947694E-14, 1.980384757729346301 ) ) ;
#7341 = DIRECTION ( 'NONE',  ( 0.000000000000000000, 0.000000000000000000, 1.000000000000000000 ) ) ;
#7342 = CARTESIAN_POINT ( 'NONE',  ( 11.75000000000000533, -1.980384757729360290, -0.8203022253684516540 ) ) ;
#7343 =( BOUNDED_CURVE ( )  B_SPLINE_CURVE ( 2, ( #687, #5471, #4179, #3038, #99, #1202, #62, #3587, #1870 ),
 .UNSPECIFIED., .F., .F. ) 
 B_SPLINE_CURVE_WITH_KNOTS ( ( 3, 2, 2, 2, 3 ),
 ( 0.3518518518518518601, 0.3564814814814815103, 0.3611111111111110494, 0.3657407407407406996, 0.3703703703703703498 ),
 .UNSPECIFIED. ) 
 CURVE ( )  GEOMETRIC_REPRESENTATION_ITEM ( )  RATIONAL_B_SPLINE_CURVE ( ( 1.000000000000000000, 0.9238795325112867385, 1.000000000000000000, 0.9238795325112867385, 1.000000000000000000, 0.9238795325112867385, 1.000000000000000000, 0.9238795325112867385, 1.000000000000000000 ) ) 
 REPRESENTATION_ITEM ( '' )  );
#7344 = DIRECTION ( 'NONE',  ( 0.000000000000000000, 4.440892098500626951E-15, 1.000000000000000000 ) ) ;
#7345 = CARTESIAN_POINT ( 'NONE',  ( 14.50000000000000355, -2.500000000000025757, -3.061616997868397439E-16 ) ) ;
#7346 = CARTESIAN_POINT ( 'NONE',  ( -8.589467622627234178, 0.6168522047294210386, 6.951778900615206425 ) ) ;
#7347 = CARTESIAN_POINT ( 'NONE',  ( 11.85000000000000675, 0.8203022253684377763, -1.980384757729346301 ) ) ;
#7348 = ORIENTED_EDGE ( 'NONE', *, *, #2614, .T. ) ;
#7349 = EDGE_LOOP ( 'NONE', ( #1671, #1749, #5887, #7292 ) ) ;
#7350 = CARTESIAN_POINT ( 'NONE',  ( 13.05000000000000071, 0.8203022253684378873, 1.980384757729345857 ) ) ;
#7351 = CARTESIAN_POINT ( 'NONE',  ( 14.75000000000000178, 2.499999999999997780, -1.035533905932742638 ) ) ;
#7352 = CARTESIAN_POINT ( 'NONE',  ( 0.6254732394305334564, -2.119666231131830170, 0.8596004429308986561 ) ) ;
#7353 = DIRECTION ( 'NONE',  ( -0.000000000000000000, 1.000000000000000000, -0.000000000000000000 ) ) ;
#7354 = DIRECTION ( 'NONE',  ( 1.000000000000000000, -0.000000000000000000, -0.000000000000000000 ) ) ;
#7355 = CARTESIAN_POINT ( 'NONE',  ( 2.700000000000004619, -1.372470695792103624E-14, -2.500000000000011546 ) ) ;
#7356 = VERTEX_POINT ( 'NONE', #6713 ) ;
#7357 = VERTEX_POINT ( 'NONE', #3721 ) ;
#7358 = CARTESIAN_POINT ( 'NONE',  ( 1.525000000000002132, -1.798385574751182103, 1.798385574751167670 ) ) ;
#7359 = ORIENTED_EDGE ( 'NONE', *, *, #5727, .T. ) ;
#7360 = CARTESIAN_POINT ( 'NONE',  ( 1.400000000000001910, -1.400343491548912578, -1.400343491548898811 ) ) ;
#7361 = CARTESIAN_POINT ( 'NONE',  ( 13.70000000000000107, 1.980384757729332312, 0.000000000000000000 ) ) ;
#7362 = CARTESIAN_POINT ( 'NONE',  ( 18.30000000000000782, 1.400343491548885044, -1.400343491548898811 ) ) ;
#7363 = CARTESIAN_POINT ( 'NONE',  ( -12.50000000000000000, -4.102566777143634563E-15, 0.000000000000000000 ) ) ;
#7364 = CARTESIAN_POINT ( 'NONE',  ( 13.40000000000000213, 1.767766952966362659, 1.767766952966377536 ) ) ;
#7365 = CARTESIAN_POINT ( 'NONE',  ( 5.700000000000005507, 1.400343491548884600, 1.400343491548899033 ) ) ;
#7366 = CARTESIAN_POINT ( 'NONE',  ( 5.150000000000001243, -0.8203022253684664200, 1.980384757729345857 ) ) ;
#7367 = EDGE_CURVE ( 'NONE', #4008, #2199, #7184, .T. ) ;
#7368 = EDGE_CURVE ( 'NONE', #1822, #6357, #3613, .T. ) ;
#7369 = CARTESIAN_POINT ( 'NONE',  ( 10.85000000000000320, 2.499999999999997780, -1.035533905932742638 ) ) ;
#7370 = B_SPLINE_CURVE_WITH_KNOTS ( 'NONE', 3,
 ( #5319, #6506, #2303, #3515, #1566, #7100 ),
 .UNSPECIFIED., .F., .F.,
 ( 4, 2, 4 ),
 ( 0.000000000000000000, 0.0007773964140223559721, 0.001554792828044711944 ),
 .UNSPECIFIED. ) ;
#7371 = CARTESIAN_POINT ( 'NONE',  ( 8.075000000000002842, -2.543301270189248786, -3.114645759804644720E-16 ) ) ;
#7372 = CARTESIAN_POINT ( 'NONE',  ( 16.67500000000000071, -1.053469879313116087, 2.543301270189234575 ) ) ;
#7373 = CARTESIAN_POINT ( 'NONE',  ( 18.60000000000000142, -1.767766952966390637, -1.767766952966377092 ) ) ;
#7374 = ADVANCED_FACE ( 'NONE', ( #34 ), #611, .T. ) ;
#7375 = CARTESIAN_POINT ( 'NONE',  ( 17.70000000000000639, 1.400343491548884600, 1.400343491548899033 ) ) ;
#7376 = CARTESIAN_POINT ( 'NONE',  ( 0.7999999999999976019, 1.492794334131841483, -1.307892648965942373 ) ) ;
#7377 = ORIENTED_EDGE ( 'NONE', *, *, #3464, .T. ) ;
#7378 = CARTESIAN_POINT ( 'NONE',  ( 2.400000000000006128, 1.980384757729332312, 0.000000000000000000 ) ) ;
#7379 = CARTESIAN_POINT ( 'NONE',  ( 17.12500000000000711, 1.053469879313086999, -2.543301270189235019 ) ) ;
#7380 = CARTESIAN_POINT ( 'NONE',  ( 3.150000000000000355, 0.8203022253684377763, -1.980384757729346301 ) ) ;
#7381 = CARTESIAN_POINT ( 'NONE',  ( 10.70000000000000462, -1.400343491548913022, 1.400343491548898589 ) ) ;
#7382 = CARTESIAN_POINT ( 'NONE',  ( 16.30000000000000426, -1.372470695792103624E-14, -2.500000000000011546 ) ) ;
#7383 = CARTESIAN_POINT ( 'NONE',  ( 14.50000000000000178, 1.980384757729332312, 0.000000000000000000 ) ) ;
#7384 = CARTESIAN_POINT ( 'NONE',  ( 19.00000000000000355, -1.433703035749471672E-14, 2.500000000000011546 ) ) ;
#7385 = CARTESIAN_POINT ( 'NONE',  ( -12.50000000000000000, -2.190461453405102343, 0.000000000000000000 ) ) ;
#7386 = AXIS2_PLACEMENT_3D ( 'NONE', #3973, #2171, #5900 ) ;
#7387 = CARTESIAN_POINT ( 'NONE',  ( 7.000000000000002665, -1.433703035749471672E-14, 2.500000000000011546 ) ) ;
#7388 = CARTESIAN_POINT ( 'NONE',  ( 13.05000000000000604, -0.8203022253684664200, 1.980384757729345857 ) ) ;
#7389 = VERTEX_POINT ( 'NONE', #4309 ) ;
#7390 = VERTEX_POINT ( 'NONE', #6590 ) ;
#7391 = CARTESIAN_POINT ( 'NONE',  ( 13.90000000000000213, -1.424157858600947694E-14, 1.980384757729346301 ) ) ;
#7392 = DIRECTION ( 'NONE',  ( 1.224646799147353207E-16, -2.655529440325959183E-32, 1.000000000000000000 ) ) ;
#7393 =( BOUNDED_CURVE ( )  B_SPLINE_CURVE ( 2, ( #3688, #7434, #711, #3103, #1972, #751, #127, #4991, #2052 ),
 .UNSPECIFIED., .F., .T. ) 
 B_SPLINE_CURVE_WITH_KNOTS ( ( 3, 2, 2, 2, 3 ),
 ( 0.1203703703703703637, 0.1250000000000000000, 0.1296296296296296224, 0.1342592592592592726, 0.1388888888888888951 ),
 .UNSPECIFIED. ) 
 CURVE ( )  GEOMETRIC_REPRESENTATION_ITEM ( )  RATIONAL_B_SPLINE_CURVE ( ( 1.000000000000000000, 0.9238795325112867385, 1.000000000000000000, 0.9238795325112867385, 1.000000000000000000, 0.9238795325112867385, 1.000000000000000000, 0.9238795325112867385, 1.000000000000000000 ) ) 
 REPRESENTATION_ITEM ( '' )  );
#7394 = AXIS2_PLACEMENT_3D ( 'NONE', #7663, #986, #394 ) ;
#7395 = CARTESIAN_POINT ( 'NONE',  ( 17.15000000000000213, 2.499999999999997780, -1.035533905932742638 ) ) ;
#7396 = CARTESIAN_POINT ( 'NONE',  ( 20.50000000000000000, -1.980384757729360068, -2.425271854633450283E-16 ) ) ;
#7397 = CARTESIAN_POINT ( 'NONE',  ( 11.90000000000000391, -1.433703035749471672E-14, 2.500000000000011546 ) ) ;
#7398 = CARTESIAN_POINT ( 'NONE',  ( 17.10000000000000497, -1.372470695792103624E-14, -2.500000000000011546 ) ) ;
#7399 = VERTEX_POINT ( 'NONE', #1214 ) ;
#7400 = ORIENTED_EDGE ( 'NONE', *, *, #1609, .F. ) ;
#7401 = CARTESIAN_POINT ( 'NONE',  ( 2.375000000000002220, -2.543301270189249674, 1.053469879313100099 ) ) ;
#7402 = ORIENTED_EDGE ( 'NONE', *, *, #3372, .T. ) ;
#7403 = DIRECTION ( 'NONE',  ( 1.000000000000000000, -2.168404344971009115E-16, 0.000000000000000000 ) ) ;
#7404 = CARTESIAN_POINT ( 'NONE',  ( 14.44999999999999929, 1.980384757729332312, -0.8203022253684514320 ) ) ;
#7405 = CARTESIAN_POINT ( 'NONE',  ( 18.80000000000000426, -1.980384757729360068, -2.425271854633450283E-16 ) ) ;
#7406 = DIRECTION ( 'NONE',  ( 0.000000000000000000, -1.000000000000000000, -0.000000000000000000 ) ) ;
#7407 = CARTESIAN_POINT ( 'NONE',  ( 0.2588321772666655196, -2.499999999999894307, -0.7145734256955001973 ) ) ;
#7408 = CARTESIAN_POINT ( 'NONE',  ( 8.550000000000006040, -0.8203022253684651988, -1.980384757729346301 ) ) ;
#7409 = CARTESIAN_POINT ( 'NONE',  ( 4.349999999999999645, -0.8203022253684664200, 1.980384757729345857 ) ) ;
#7410 = EDGE_CURVE ( 'NONE', #3138, #705, #4425, .T. ) ;
#7411 = CARTESIAN_POINT ( 'NONE',  ( 8.025000000000002132, -2.543301270189249674, 1.053469879313100099 ) ) ;
#7412 = CARTESIAN_POINT ( 'NONE',  ( 15.27500000000000391, -2.543301270189249674, -1.053469879313101210 ) ) ;
#7413 = DIRECTION ( 'NONE',  ( 1.000000000000000000, 0.000000000000000000, 1.224646799147353454E-16 ) ) ;
#7414 = CARTESIAN_POINT ( 'NONE',  ( 15.65000000000000391, -1.980384757729360068, -0.8203022253684516540 ) ) ;
#7415 = APPROVAL_DATE_TIME ( #3752, #4086 ) ;
#7416 = CARTESIAN_POINT ( 'NONE',  ( 13.50000000000000533, -1.433703035749471672E-14, 2.500000000000011546 ) ) ;
#7417 = ORIENTED_EDGE ( 'NONE', *, *, #4040, .F. ) ;
#7418 = CARTESIAN_POINT ( 'NONE',  ( 1.300000000000006040, -1.400343491548912578, -1.400343491548898811 ) ) ;
#7419 = EDGE_CURVE ( 'NONE', #5148, #4862, #4392, .T. ) ;
#7420 = EDGE_CURVE ( 'NONE', #3592, #66, #616, .T. ) ;
#7421 = CARTESIAN_POINT ( 'NONE',  ( 16.07500000000000284, -2.543301270189248786, -3.114645759804644720E-16 ) ) ;
#7422 = CARTESIAN_POINT ( 'NONE',  ( 5.450000000000001954, -0.8203022253684651988, -1.980384757729346301 ) ) ;
#7423 = CARTESIAN_POINT ( 'NONE',  ( 10.05000000000000426, -1.980384757729360290, -0.8203022253684516540 ) ) ;
#7424 = CARTESIAN_POINT ( 'NONE',  ( 9.500000000000001776, -1.375652421508278441E-14, -1.980384757729346301 ) ) ;
#7425 = CARTESIAN_POINT ( 'NONE',  ( 6.700000000000002842, -1.372470695792103624E-14, -2.500000000000011546 ) ) ;
#7426 = CARTESIAN_POINT ( 'NONE',  ( 16.30000000000000426, 1.767766952966363103, -1.767766952966377092 ) ) ;
#7427 = CARTESIAN_POINT ( 'NONE',  ( 7.200000000000002842, -2.500000000000025757, -3.061616997868397439E-16 ) ) ;
#7428 = CARTESIAN_POINT ( 'NONE',  ( 11.70000000000000639, -1.400343491548912578, -1.400343491548898811 ) ) ;
#7429 = EDGE_LOOP ( 'NONE', ( #3884, #7238, #7474, #7073 ) ) ;
#7430 = EDGE_CURVE ( 'NONE', #2124, #2671, #6022, .T. ) ;
#7431 = EDGE_LOOP ( 'NONE', ( #413, #6039, #169, #6485 ) ) ;
#7432 = CARTESIAN_POINT ( 'NONE',  ( 14.50000000000000178, 1.980384757729332312, 0.000000000000000000 ) ) ;
#7433 = CARTESIAN_POINT ( 'NONE',  ( 0.6887455393282723159, -1.805379810620572734, -1.244730560499978322 ) ) ;
#7434 = CARTESIAN_POINT ( 'NONE',  ( 17.85000000000000497, -1.035533905932756404, -2.500000000000011546 ) ) ;
#7435 = CARTESIAN_POINT ( 'NONE',  ( 20.50000000000000000, -1.267509437117510519E-14, -2.500000000000010658 ) ) ;
#7436 = EDGE_LOOP ( 'NONE', ( #7090, #2681, #5299, #6999 ) ) ;
#7437 =( BOUNDED_CURVE ( )  B_SPLINE_CURVE ( 2, ( #2128, #4514, #5696, #4361, #6917, #6763, #1540, #1973, #7398 ),
 .UNSPECIFIED., .F., .F. ) 
 B_SPLINE_CURVE_WITH_KNOTS ( ( 3, 2, 2, 2, 3 ),
 ( 0.1388888888888888951, 0.1435185185185185175, 0.1481481481481481399, 0.1527777777777777901, 0.1574074074074074125 ),
 .UNSPECIFIED. ) 
 CURVE ( )  GEOMETRIC_REPRESENTATION_ITEM ( )  RATIONAL_B_SPLINE_CURVE ( ( 1.000000000000000000, 0.9238795325112867385, 1.000000000000000000, 0.9238795325112867385, 1.000000000000000000, 0.9238795325112867385, 1.000000000000000000, 0.9238795325112867385, 1.000000000000000000 ) ) 
 REPRESENTATION_ITEM ( '' )  );
#7438 = CARTESIAN_POINT ( 'NONE',  ( 20.50000000000000000, -1.236893267138826574E-14, 2.500000000000010658 ) ) ;
#7439 = ORIENTED_EDGE ( 'NONE', *, *, #640, .F. ) ;
#7440 = CARTESIAN_POINT ( 'NONE',  ( 2.899999999999999911, -1.980384757729360068, -2.425271854633450283E-16 ) ) ;
#7441 = CARTESIAN_POINT ( 'NONE',  ( 13.75000000000000178, 1.980384757729331868, 0.8203022253684526532 ) ) ;
#7442 = CARTESIAN_POINT ( 'NONE',  ( 16.90000000000000568, 1.400343491548884600, 1.400343491548899033 ) ) ;
#7443 = B_SPLINE_CURVE_WITH_KNOTS ( 'NONE', 3,
 ( #1, #660, #4271, #551, #2944, #3527, #6037, #3096, #2385, #1923 ),
 .UNSPECIFIED., .F., .F.,
 ( 4, 2, 2, 2, 4 ),
 ( 0.008606758003256144429, 0.009087753122252482940, 0.009568748241248821451, 0.01004974336024515823, 0.01053073847924149674 ),
 .UNSPECIFIED. ) ;
#7444 = CARTESIAN_POINT ( 'NONE',  ( 1.000000000000004441, -1.424157858600947694E-14, 1.980384757729346301 ) ) ;
#7445 = CARTESIAN_POINT ( 'NONE',  ( 11.15000000000000391, -1.035533905932757959, 2.500000000000011102 ) ) ;
#7446 = CARTESIAN_POINT ( 'NONE',  ( 5.000000000000004441, -1.424157858600947694E-14, 1.980384757729346301 ) ) ;
#7447 = CARTESIAN_POINT ( 'NONE',  ( 2.950000000000001510, -1.980384757729360290, -0.8203022253684516540 ) ) ;
#7448 = AXIS2_PLACEMENT_3D ( 'NONE', #1404, #3083, #1833 ) ;
#7449 = FACE_OUTER_BOUND ( 'NONE', #1888, .T. ) ;
#7450 = CARTESIAN_POINT ( 'NONE',  ( 8.125000000000003553, -1.798385574751181437, -1.798385574751167892 ) ) ;
#7451 = CARTESIAN_POINT ( 'NONE',  ( 10.55000000000000249, 1.980384757729331868, 0.8203022253684526532 ) ) ;
#7452 = AXIS2_PLACEMENT_3D ( 'NONE', #6614, #5545, #1273 ) ;
#7453 = CARTESIAN_POINT ( 'NONE',  ( 6.875000000000002665, 2.543301270189221253, 0.000000000000000000 ) ) ;
#7454 = CARTESIAN_POINT ( 'NONE',  ( 16.37500000000000355, 2.543301270189220809, -1.053469879313100765 ) ) ;
#7455 = DIRECTION ( 'NONE',  ( -1.000000000000000000, 0.000000000000000000, 0.000000000000000000 ) ) ;
#7456 = B_SPLINE_CURVE_WITH_KNOTS ( 'NONE', 3,
 ( #4024, #3509, #1048, #7645 ),
 .UNSPECIFIED., .F., .F.,
 ( 4, 4 ),
 ( 2.424349759030540154E-19, 0.001239915015898048790 ),
 .UNSPECIFIED. ) ;
#7457 = CARTESIAN_POINT ( 'NONE',  ( 17.20000000000000639, -1.980384757729360068, -2.425271854633450283E-16 ) ) ;
#7458 = CARTESIAN_POINT ( 'NONE',  ( 3.200000000000001510, -2.500000000000025757, -3.061616997868397439E-16 ) ) ;
#7459 = AXIS2_PLACEMENT_3D ( 'NONE', #1252, #35, #4818 ) ;
#7460 = CARTESIAN_POINT ( 'NONE',  ( 1.500000000000004885, 1.400343491548885044, -1.400343491548898811 ) ) ;
#7461 = CARTESIAN_POINT ( 'NONE',  ( 16.42500000000000071, 2.543301270189220809, -1.053469879313100765 ) ) ;
#7462 = CARTESIAN_POINT ( 'NONE',  ( 3.650000000000001243, -1.980384757729360512, 0.8203022253684509879 ) ) ;
#7463 = AXIS2_PLACEMENT_3D ( 'NONE', #1580, #397, #2787 ) ;
#7464 = CARTESIAN_POINT ( 'NONE',  ( 10.40000000000000391, 1.980384757729332312, 0.000000000000000000 ) ) ;
#7465 = DIRECTION ( 'NONE',  ( 2.168404344971008868E-16, 1.000000000000000000, -0.000000000000000000 ) ) ;
#7466 = CARTESIAN_POINT ( 'NONE',  ( 11.25000000000000355, 1.980384757729332312, -0.8203022253684513210 ) ) ;
#7467 = FACE_OUTER_BOUND ( 'NONE', #4300, .T. ) ;
#7468 = DIRECTION ( 'NONE',  ( 1.000000000000000000, -0.000000000000000000, -0.000000000000000000 ) ) ;
#7469 = EDGE_CURVE ( 'NONE', #5396, #7509, #746, .T. ) ;
#7470 = CARTESIAN_POINT ( 'NONE',  ( 20.50000000000000000, -1.267509437117510519E-14, 0.000000000000000000 ) ) ;
#7471 = CARTESIAN_POINT ( 'NONE',  ( 12.75000000000000533, 1.980384757729332312, -0.8203022253684513210 ) ) ;
#7472 = VERTEX_POINT ( 'NONE', #2625 ) ;
#7473 = CIRCLE ( 'NONE', #683, 3.847401720642126044 ) ;
#7474 = ORIENTED_EDGE ( 'NONE', *, *, #6592, .T. ) ;
#7475 = CARTESIAN_POINT ( 'NONE',  ( 13.60000000000000142, 1.400343491548885044, -1.400343491548898811 ) ) ;
#7476 = CARTESIAN_POINT ( 'NONE',  ( 17.39999999999999858, -1.433703035749471672E-14, 2.500000000000011546 ) ) ;
#7477 = CARTESIAN_POINT ( 'NONE',  ( 19.55000000000000071, -0.8203022253684665310, 1.980384757729345857 ) ) ;
#7478 = CARTESIAN_POINT ( 'NONE',  ( 2.850000000000001865, 2.499999999999997780, -1.035533905932742638 ) ) ;
#7479 = ORIENTED_EDGE ( 'NONE', *, *, #7173, .F. ) ;
#7480 = CARTESIAN_POINT ( 'NONE',  ( 5.150000000000003020, 1.035533905932728871, -2.500000000000011546 ) ) ;
#7481 = VERTEX_POINT ( 'NONE', #6277 ) ;
#7482 = CARTESIAN_POINT ( 'NONE',  ( 3.200000000000001510, 1.400343491548885044, -1.400343491548898811 ) ) ;
#7483 = CARTESIAN_POINT ( 'NONE',  ( 3.350000000000002753, -2.500000000000025757, -1.035533905932743082 ) ) ;
#7484 = CARTESIAN_POINT ( 'NONE',  ( 17.55000000000001137, 1.980384757729332312, -0.8203022253684513210 ) ) ;
#7485 = FACE_OUTER_BOUND ( 'NONE', #5333, .T. ) ;
#7486 = CARTESIAN_POINT ( 'NONE',  ( 4.050000000000001599, -2.500000000000025757, -1.035533905932743082 ) ) ;
#7487 = CARTESIAN_POINT ( 'NONE',  ( 0.3000000000000016542, -1.424157858600947694E-14, 1.980384757729346301 ) ) ;
#7488 = CARTESIAN_POINT ( 'NONE',  ( 10.80000000000000249, 2.499999999999997780, 0.000000000000000000 ) ) ;
#7489 =( BOUNDED_CURVE ( )  B_SPLINE_CURVE ( 2, ( #4078, #5950, #4702, #2268, #1102, #575, #7621, #2377, #6474 ),
 .UNSPECIFIED., .F., .F. ) 
 B_SPLINE_CURVE_WITH_KNOTS ( ( 3, 2, 2, 2, 3 ),
 ( 0.8518518518518518601, 0.8564814814814815103, 0.8611111111111111605, 0.8657407407407406996, 0.8703703703703703498 ),
 .UNSPECIFIED. ) 
 CURVE ( )  GEOMETRIC_REPRESENTATION_ITEM ( )  RATIONAL_B_SPLINE_CURVE ( ( 1.000000000000000000, 0.9238795325112867385, 1.000000000000000000, 0.9238795325112867385, 1.000000000000000000, 0.9238795325112867385, 1.000000000000000000, 0.9238795325112867385, 1.000000000000000000 ) ) 
 REPRESENTATION_ITEM ( '' )  );
#7490 = CARTESIAN_POINT ( 'NONE',  ( 8.875000000000003553, -2.543301270189249674, -1.053469879313101210 ) ) ;
#7491 = VERTEX_POINT ( 'NONE', #6752 ) ;
#7492 = CARTESIAN_POINT ( 'NONE',  ( 10.35000000000000142, 0.8203022253684377763, -1.980384757729346301 ) ) ;
#7493 = CARTESIAN_POINT ( 'NONE',  ( 5.675000000000003375, -2.543301270189248786, -3.114645759804644720E-16 ) ) ;
#7494 = CARTESIAN_POINT ( 'NONE',  ( 14.02500000000000213, 2.543301270189221253, 0.000000000000000000 ) ) ;
#7495 = FACE_OUTER_BOUND ( 'NONE', #2417, .T. ) ;
#7496 = CARTESIAN_POINT ( 'NONE',  ( 12.10000000000000497, 1.400343491548884600, 1.400343491548899033 ) ) ;
#7497 = CARTESIAN_POINT ( 'NONE',  ( 8.650000000000005684, -1.035533905932757959, 2.500000000000011102 ) ) ;
#7498 = PRODUCT ( '59935K81_Ball Joint Rod End', '59935K81_Ball Joint Rod End', '', ( #646 ) ) ;
#7499 = CARTESIAN_POINT ( 'NONE',  ( 2.300000000000003375, 1.400343491548885044, -1.400343491548898811 ) ) ;
#7500 = CARTESIAN_POINT ( 'NONE',  ( 13.42500000000000426, 1.053469879313087443, 2.543301270189234575 ) ) ;
#7501 = CARTESIAN_POINT ( 'NONE',  ( 2.250000000000001776, -0.8203022253684651988, -1.980384757729346301 ) ) ;
#7502 = CARTESIAN_POINT ( 'NONE',  ( 6.400000000000004796, 1.980384757729332312, 0.000000000000000000 ) ) ;
#7503 = CARTESIAN_POINT ( 'NONE',  ( -1.979711378058479410, 1.550457516033141081, 3.261346576065590419 ) ) ;
#7504 = CARTESIAN_POINT ( 'NONE',  ( 9.750000000000001776, 1.980384757729331868, 0.8203022253684526532 ) ) ;
#7505 = SPHERICAL_SURFACE ( 'NONE', #5630, 5.549999999999998046 ) ;
#7506 = DIRECTION ( 'NONE',  ( -0.4999999999999951150, 0.000000000000000000, 0.8660254037844414832 ) ) ;
#7507 = CARTESIAN_POINT ( 'NONE',  ( 10.70000000000000462, -1.400343491548913022, 1.400343491548898589 ) ) ;
#7508 = ORIENTED_EDGE ( 'NONE', *, *, #7711, .T. ) ;
#7509 = VERTEX_POINT ( 'NONE', #5561 ) ;
#7510 = CARTESIAN_POINT ( 'NONE',  ( 15.35000000000000497, 1.980384757729331868, 0.8203022253684526532 ) ) ;
#7511 = ADVANCED_FACE ( 'NONE', ( #4983 ), #4001, .T. ) ;
#7512 = CARTESIAN_POINT ( 'NONE',  ( 17.30000000000000426, 1.767766952966362659, 1.767766952966377536 ) ) ;
#7513 = CARTESIAN_POINT ( 'NONE',  ( 17.10000000000000142, -1.424157858600947694E-14, 1.980384757729346301 ) ) ;
#7514 = CARTESIAN_POINT ( 'NONE',  ( 12.60000000000000142, -1.433703035749471672E-14, 2.500000000000011546 ) ) ;
#7515 = ORIENTED_EDGE ( 'NONE', *, *, #174, .F. ) ;
#7516 = CIRCLE ( 'NONE', #4119, 2.859374999999997335 ) ;
#7517 = CARTESIAN_POINT ( 'NONE',  ( -12.50000000000000000, -4.102566777143634563E-15, 0.000000000000000000 ) ) ;
#7518 = ORIENTED_EDGE ( 'NONE', *, *, #2359, .F. ) ;
#7519 = CARTESIAN_POINT ( 'NONE',  ( 1.350000000000000533, -1.980384757729360068, -0.8203022253684516540 ) ) ;
#7520 = EDGE_CURVE ( 'NONE', #5396, #799, #6773, .T. ) ;
#7521 = CARTESIAN_POINT ( 'NONE',  ( 19.40000000000000568, -1.372470695792103782E-14, -2.500000000000011546 ) ) ;
#7522 = CARTESIAN_POINT ( 'NONE',  ( 16.10000000000000497, 1.400343491548884600, 1.400343491548899033 ) ) ;
#7523 = DIRECTION ( 'NONE',  ( -2.168404344971008868E-16, -1.000000000000000000, 0.000000000000000000 ) ) ;
#7524 = DIRECTION ( 'NONE',  ( 1.000000000000000000, -2.104082812999166678E-16, 0.000000000000000000 ) ) ;
#7525 = CARTESIAN_POINT ( 'NONE',  ( 1.700000000000000178, 1.980384757729332312, 0.000000000000000000 ) ) ;
#7526 = CIRCLE ( 'NONE', #740, 7.694275704778615221 ) ;
#7527 = CARTESIAN_POINT ( 'NONE',  ( 11.00000000000000355, -1.433703035749471672E-14, 2.500000000000011546 ) ) ;
#7528 = CARTESIAN_POINT ( 'NONE',  ( 9.475000000000003197, -1.053469879313116087, 2.543301270189234575 ) ) ;
#7529 = ORIENTED_EDGE ( 'NONE', *, *, #549, .F. ) ;
#7530 = CARTESIAN_POINT ( 'NONE',  ( 12.85000000000000320, 1.980384757729332312, -0.8203022253684514320 ) ) ;
#7531 = CARTESIAN_POINT ( 'NONE',  ( 4.325000000000002842, 1.053469879313086999, -2.543301270189235019 ) ) ;
#7532 = CARTESIAN_POINT ( 'NONE',  ( 3.600000000000002309, 1.767766952966363103, -1.767766952966377092 ) ) ;
#7533 = CARTESIAN_POINT ( 'NONE',  ( 13.45000000000000462, 0.8203022253684377763, -1.980384757729346301 ) ) ;
#7534 = CARTESIAN_POINT ( 'NONE',  ( -6.316580797368452238, 2.768745557924651379, 7.572504534289004259E-16 ) ) ;
#7535 = CARTESIAN_POINT ( 'NONE',  ( 20.55000000000000426, -1.980384757729360290, -0.8203022253684516540 ) ) ;
#7536 = CARTESIAN_POINT ( 'NONE',  ( 14.47500000000000320, -2.543301270189248786, -3.114645759804644720E-16 ) ) ;
#7537 = CARTESIAN_POINT ( 'NONE',  ( 20.82500000000000284, -2.543301270189248786, -3.114645759804644720E-16 ) ) ;
#7538 = CARTESIAN_POINT ( 'NONE',  ( 17.39999999999999858, -1.433703035749471672E-14, 2.500000000000011546 ) ) ;
#7539 = CARTESIAN_POINT ( 'NONE',  ( 5.450000000000004619, 0.8203022253684377763, -1.980384757729346301 ) ) ;
#7540 = CARTESIAN_POINT ( 'NONE',  ( -3.058742298471466725, 1.283459631551350233, 3.928520927121551765 ) ) ;
#7541 = CARTESIAN_POINT ( 'NONE',  ( 9.600000000000001421, 1.400343491548885044, -1.400343491548898811 ) ) ;
#7542 = DIRECTION ( 'NONE',  ( 0.000000000000000000, 0.000000000000000000, -1.000000000000000000 ) ) ;
#7543 = DIRECTION ( 'NONE',  ( -1.000000000000000000, 0.000000000000000000, 0.000000000000000000 ) ) ;
#7544 = CARTESIAN_POINT ( 'NONE',  ( 7.900000000000005684, 1.400343491548885044, -1.400343491548898811 ) ) ;
#7545 = ORIENTED_EDGE ( 'NONE', *, *, #3222, .T. ) ;
#7546 = ORIENTED_EDGE ( 'NONE', *, *, #1712, .F. ) ;
#7547 = CARTESIAN_POINT ( 'NONE',  ( 10.65000000000000213, 0.8203022253684378873, 1.980384757729345857 ) ) ;
#7548 = DIRECTION ( 'NONE',  ( -0.000000000000000000, 1.000000000000000000, -0.000000000000000000 ) ) ;
#7549 = CARTESIAN_POINT ( 'NONE',  ( 17.00000000000000000, 1.400343491548884600, 1.400343491548899033 ) ) ;
#7550 = CARTESIAN_POINT ( 'NONE',  ( -7.623541796502133039, -2.695312500000008438, 0.000000000000000000 ) ) ;
#7551 = ORIENTED_EDGE ( 'NONE', *, *, #4186, .T. ) ;
#7552 = DIRECTION ( 'NONE',  ( -1.000000000000000000, 0.000000000000000000, 0.000000000000000000 ) ) ;
#7553 = ORIENTED_EDGE ( 'NONE', *, *, #2951, .T. ) ;
#7554 = DIRECTION ( 'NONE',  ( 0.000000000000000000, 0.000000000000000000, -1.000000000000000000 ) ) ;
#7555 = CARTESIAN_POINT ( 'NONE',  ( 3.100000000000001865, -1.433703035749471672E-14, 2.500000000000011546 ) ) ;
#7556 = CARTESIAN_POINT ( 'NONE',  ( 15.65000000000000391, -1.980384757729360290, -0.8203022253684516540 ) ) ;
#7557 = DIRECTION ( 'NONE',  ( -0.000000000000000000, 1.000000000000000000, -0.000000000000000000 ) ) ;
#7558 = CARTESIAN_POINT ( 'NONE',  ( -12.50000000000000000, 3.999999999999995559, 0.000000000000000000 ) ) ;
#7559 = CARTESIAN_POINT ( 'NONE',  ( 1.799999999999999600, 1.400343491548884600, 1.400343491548899033 ) ) ;
#7560 = CARTESIAN_POINT ( 'NONE',  ( 20.10000000000000497, -1.767766952966390637, -1.767766952966377092 ) ) ;
#7561 = ADVANCED_FACE ( 'NONE', ( #7467 ), #1412, .T. ) ;
#7562 = CARTESIAN_POINT ( 'NONE',  ( 10.57500000000000462, -1.053469879313114532, -2.543301270189235019 ) ) ;
#7563 = ORIENTED_EDGE ( 'NONE', *, *, #6353, .T. ) ;
#7564 = CARTESIAN_POINT ( 'NONE',  ( 11.40000000000000213, 1.400343491548884600, 1.400343491548899033 ) ) ;
#7565 = CARTESIAN_POINT ( 'NONE',  ( 3.425000000000005151, -1.053469879313114532, -2.543301270189235019 ) ) ;
#7566 = CARTESIAN_POINT ( 'NONE',  ( 20.50000000000000000, -1.267509437117510519E-14, 0.000000000000000000 ) ) ;
#7567 = CARTESIAN_POINT ( 'NONE',  ( 12.15000000000000746, 0.8203022253684378873, 1.980384757729345857 ) ) ;
#7568 = CARTESIAN_POINT ( 'NONE',  ( 0.5000000000000022204, 2.499999999999993339, 3.065751858972787366E-12 ) ) ;
#7569 = EDGE_CURVE ( 'NONE', #2379, #3379, #7147, .T. ) ;
#7570 = CARTESIAN_POINT ( 'NONE',  ( 18.55000000000000071, 1.980384757729331868, 0.8203022253684526532 ) ) ;
#7571 = AXIS2_PLACEMENT_3D ( 'NONE', #5835, #4764, #2846 ) ;
#7572 = CARTESIAN_POINT ( 'NONE',  ( 14.92500000000000426, 2.543301270189220809, 1.053469879313102542 ) ) ;
#7573 = CARTESIAN_POINT ( 'NONE',  ( 0.5999999999999998668, -1.400343491548912578, -1.400343491548898811 ) ) ;
#7574 = CARTESIAN_POINT ( 'NONE',  ( -12.50000000000000000, -2.695312500000008438, 0.000000000000000000 ) ) ;
#7575 = CARTESIAN_POINT ( 'NONE',  ( 5.150000000000006573, -1.980384757729360512, 0.8203022253684509879 ) ) ;
#7576 = CARTESIAN_POINT ( 'NONE',  ( -7.619666505508623011, -2.042052523544255482, 6.139222040369237909 ) ) ;
#7577 = CONICAL_SURFACE ( 'NONE', #300, 7.009737158183716232, 0.7853981633974482790 ) ;
#7578 = CARTESIAN_POINT ( 'NONE',  ( 8.500000000000000000, -1.980384757729360068, -2.425271854633450283E-16 ) ) ;
#7579 = CARTESIAN_POINT ( 'NONE',  ( 0.5000000000000017764, 2.776047672361568353, -4.852170578285128322 ) ) ;
#7580 = CARTESIAN_POINT ( 'NONE',  ( 20.49999999999999645, -1.267509437117510519E-14, 0.000000000000000000 ) ) ;
#7581 = CARTESIAN_POINT ( 'NONE',  ( 9.100000000000004974, -1.400343491548913022, 1.400343491548898589 ) ) ;
#7582 = ORIENTED_EDGE ( 'NONE', *, *, #4638, .F. ) ;
#7583 = CIRCLE ( 'NONE', #7459, 6.183419202631542433 ) ;
#7584 = VERTEX_POINT ( 'NONE', #6909 ) ;
#7585 = CARTESIAN_POINT ( 'NONE',  ( 9.550000000000000711, 0.8203022253684377763, -1.980384757729346301 ) ) ;
#7586 = CARTESIAN_POINT ( 'NONE',  ( 20.50000000000000000, -1.267509437117510519E-14, 0.000000000000000000 ) ) ;
#7587 = CARTESIAN_POINT ( 'NONE',  ( 18.30000000000000071, -1.375652421508278441E-14, -1.980384757729346301 ) ) ;
#7588 = CARTESIAN_POINT ( 'NONE',  ( 2.700000000000004619, -1.400343491548913022, 1.400343491548898589 ) ) ;
#7589 = TOROIDAL_SURFACE ( 'NONE', #2433, 5.056145703497867849, 0.1796875000000000000 ) ;
#7590 = CARTESIAN_POINT ( 'NONE',  ( 0.9500000000000030642, -1.035533905932756404, -2.500000000000011546 ) ) ;
#7591 = CARTESIAN_POINT ( 'NONE',  ( 15.30000000000000071, 1.980384757729332312, 0.000000000000000000 ) ) ;
#7592 = ORIENTED_EDGE ( 'NONE', *, *, #2746, .T. ) ;
#7593 = CARTESIAN_POINT ( 'NONE',  ( 20.47500000000000497, 2.543301270189221253, 0.000000000000000000 ) ) ;
#7594 = ORIENTED_EDGE ( 'NONE', *, *, #129, .T. ) ;
#7595 = CARTESIAN_POINT ( 'NONE',  ( 20.30000000000000071, -1.424157858600947694E-14, 1.980384757729346301 ) ) ;
#7596 = CARTESIAN_POINT ( 'NONE',  ( 3.200000000000005063, -1.767766952966391303, 1.767766952966376870 ) ) ;
#7597 = CARTESIAN_POINT ( 'NONE',  ( 15.50000000000000711, -1.400343491548913022, 1.400343491548898589 ) ) ;
#7598 = DIRECTION ( 'NONE',  ( 0.000000000000000000, 0.000000000000000000, -1.000000000000000000 ) ) ;
#7599 = CARTESIAN_POINT ( 'NONE',  ( 4.250000000000003553, 1.035533905932728871, -2.500000000000011546 ) ) ;
#7600 = CARTESIAN_POINT ( 'NONE',  ( 0.05000000000000143219, 1.980384757729332312, -0.8203022253684513210 ) ) ;
#7601 =( BOUNDED_CURVE ( )  B_SPLINE_CURVE ( 2, ( #8, #3061, #1778, #6490, #1709, #1743, #1188, #3572, #3647 ),
 .UNSPECIFIED., .F., .F. ) 
 B_SPLINE_CURVE_WITH_KNOTS ( ( 3, 2, 2, 2, 3 ),
 ( 0.3333333333333333703, 0.3379629629629629095, 0.3425925925925925597, 0.3472222222222222099, 0.3518518518518518601 ),
 .UNSPECIFIED. ) 
 CURVE ( )  GEOMETRIC_REPRESENTATION_ITEM ( )  RATIONAL_B_SPLINE_CURVE ( ( 1.000000000000000000, 0.9238795325112867385, 1.000000000000000000, 0.9238795325112867385, 1.000000000000000000, 0.9238795325112867385, 1.000000000000000000, 0.9238795325112867385, 1.000000000000000000 ) ) 
 REPRESENTATION_ITEM ( '' )  );
#7602 = LINE ( 'NONE', #2215, #5183 ) ;
#7603 = CARTESIAN_POINT ( 'NONE',  ( 10.32500000000000462, -1.798385574751182103, 1.798385574751167670 ) ) ;
#7604 = VERTEX_POINT ( 'NONE', #7384 ) ;
#7605 = CARTESIAN_POINT ( 'NONE',  ( 8.050000000000000711, 1.980384757729332312, -0.8203022253684514320 ) ) ;
#7606 = CARTESIAN_POINT ( 'NONE',  ( 6.125000000000003553, 2.543301270189220809, 1.053469879313102542 ) ) ;
#7607 = LINE ( 'NONE', #1556, #3938 ) ;
#7608 = EDGE_CURVE ( 'NONE', #5931, #2671, #5685, .T. ) ;
#7609 = CARTESIAN_POINT ( 'NONE',  ( 12.90000000000000568, 1.400343491548884600, 1.400343491548899033 ) ) ;
#7610 = CARTESIAN_POINT ( 'NONE',  ( 1.050000000000002265, 1.035533905932728871, -2.500000000000011546 ) ) ;
#7611 = CARTESIAN_POINT ( 'NONE',  ( 7.000000000000002665, -1.433703035749471672E-14, 2.500000000000011546 ) ) ;
#7612 = CARTESIAN_POINT ( 'NONE',  ( 0.4000000000000045186, -1.980384757729360068, -2.425271854633450283E-16 ) ) ;
#7613 = CARTESIAN_POINT ( 'NONE',  ( 12.72500000000000320, -1.053469879313116087, 2.543301270189234575 ) ) ;
#7614 = ADVANCED_FACE ( 'NONE', ( #5521 ), #7505, .F. ) ;
#7615 = CARTESIAN_POINT ( 'NONE',  ( 21.12500000000000355, 1.798385574751153904, -1.798385574751167892 ) ) ;
#7616 = DIRECTION ( 'NONE',  ( -1.000000000000000000, 0.000000000000000000, 0.000000000000000000 ) ) ;
#7617 = CARTESIAN_POINT ( 'NONE',  ( 4.600000000000006750, -1.375652421508278441E-14, -1.980384757729346301 ) ) ;
#7618 = CARTESIAN_POINT ( 'NONE',  ( -3.627006715994460784, 1.243809829664234368, 4.237111801590319971 ) ) ;
#7619 = CARTESIAN_POINT ( 'NONE',  ( 8.100000000000001421, 1.980384757729332312, 0.000000000000000000 ) ) ;
#7620 = CARTESIAN_POINT ( 'NONE',  ( 0.5000000000000017764, 1.385658696841721049, 2.080853184601659134 ) ) ;
#7621 = CARTESIAN_POINT ( 'NONE',  ( 18.90000000000000213, 1.767766952966362659, 1.767766952966377536 ) ) ;
#7622 = CARTESIAN_POINT ( 'NONE',  ( 7.000000000000004441, -1.375652421508278441E-14, -1.980384757729346301 ) ) ;
#7623 = VERTEX_POINT ( 'NONE', #4468 ) ;
#7624 = CARTESIAN_POINT ( 'NONE',  ( 9.300000000000000711, -1.980384757729360068, -2.425271854633450283E-16 ) ) ;
#7625 = CARTESIAN_POINT ( 'NONE',  ( 4.850000000000002309, -2.500000000000025757, -1.035533905932743082 ) ) ;
#7626 = CARTESIAN_POINT ( 'NONE',  ( 17.90000000000000213, -1.424157858600947694E-14, 1.980384757729346301 ) ) ;
#7627 = CARTESIAN_POINT ( 'NONE',  ( 5.400000000000005684, -1.375652421508278441E-14, -1.980384757729346301 ) ) ;
#7628 = FACE_OUTER_BOUND ( 'NONE', #7349, .T. ) ;
#7629 = CARTESIAN_POINT ( 'NONE',  ( 17.35000000000000142, -1.980384757729360290, -0.8203022253684516540 ) ) ;
#7630 = VERTEX_POINT ( 'NONE', #198 ) ;
#7631 = CARTESIAN_POINT ( 'NONE',  ( 19.37500000000000355, -1.798385574751181437, -1.798385574751167892 ) ) ;
#7632 = ORIENTED_EDGE ( 'NONE', *, *, #4856, .T. ) ;
#7633 = CARTESIAN_POINT ( 'NONE',  ( 19.45000000000000284, 0.8203022253684378873, 1.980384757729345857 ) ) ;
#7634 = DIRECTION ( 'NONE',  ( 0.000000000000000000, 0.000000000000000000, -1.000000000000000000 ) ) ;
#7635 = CARTESIAN_POINT ( 'NONE',  ( 13.90000000000000568, -1.400343491548913022, 1.400343491548898589 ) ) ;
#7636 = CARTESIAN_POINT ( 'NONE',  ( -12.50000000000000000, 0.000000000000000000, 0.000000000000000000 ) ) ;
#7637 = DIRECTION ( 'NONE',  ( -0.000000000000000000, 1.000000000000000000, -0.000000000000000000 ) ) ;
#7638 = CARTESIAN_POINT ( 'NONE',  ( 1.199999999999999734, -1.400343491548913022, 1.400343491548898589 ) ) ;
#7639 = DIRECTION ( 'NONE',  ( 0.000000000000000000, 0.000000000000000000, -1.000000000000000000 ) ) ;
#7640 = CIRCLE ( 'NONE', #1120, 5.549999999999998934 ) ;
#7641 = CARTESIAN_POINT ( 'NONE',  ( 7.225000000000004086, -2.543301270189248786, -3.114645759804644720E-16 ) ) ;
#7642 = VERTEX_POINT ( 'NONE', #2002 ) ;
#7643 = CARTESIAN_POINT ( 'NONE',  ( 8.600000000000001421, -1.400343491548912578, -1.400343491548898811 ) ) ;
#7644 = CARTESIAN_POINT ( 'NONE',  ( 4.225000000000003197, -1.053469879313114532, -2.543301270189235019 ) ) ;
#7645 = CARTESIAN_POINT ( 'NONE',  ( -1.093290131144165178, -2.042052523544255482, -2.450935444863311385 ) ) ;
#7646 =( BOUNDED_CURVE ( )  B_SPLINE_CURVE ( 2, ( #314, #6195, #824, #5600, #6871, #4432, #3878, #2119, #6833 ),
 .UNSPECIFIED., .F., .T. ) 
 B_SPLINE_CURVE_WITH_KNOTS ( ( 3, 2, 2, 2, 3 ),
 ( 0.06481481481481481122, 0.06944444444444444753, 0.07407407407407406996, 0.07870370370370370627, 0.08333333333333332871 ),
 .UNSPECIFIED. ) 
 CURVE ( )  GEOMETRIC_REPRESENTATION_ITEM ( )  RATIONAL_B_SPLINE_CURVE ( ( 1.000000000000000000, 0.9238795325112867385, 1.000000000000000000, 0.9238795325112867385, 1.000000000000000000, 0.9238795325112867385, 1.000000000000000000, 0.9238795325112867385, 1.000000000000000000 ) ) 
 REPRESENTATION_ITEM ( '' )  );
#7647 = CARTESIAN_POINT ( 'NONE',  ( 13.65000000000000568, 1.980384757729331868, 0.8203022253684526532 ) ) ;
#7648 = CARTESIAN_POINT ( 'NONE',  ( -7.619666505509210097, -2.042052523544255482, -6.139222040369705091 ) ) ;
#7649 = CARTESIAN_POINT ( 'NONE',  ( 20.70000000000000284, -1.375652421508278441E-14, -1.980384757729346301 ) ) ;
#7650 = EDGE_CURVE ( 'NONE', #4649, #6367, #7646, .T. ) ;
#7651 = CARTESIAN_POINT ( 'NONE',  ( 12.67500000000000249, -1.434498467178515336E-14, 2.543301270189235019 ) ) ;
#7652 = CARTESIAN_POINT ( 'NONE',  ( 20.92500000000000426, -1.798385574751181437, -1.798385574751167892 ) ) ;
#7653 = CARTESIAN_POINT ( 'NONE',  ( 1.600000000000004086, -1.767766952966391303, 1.767766952966376870 ) ) ;
#7654 = CARTESIAN_POINT ( 'NONE',  ( 7.450000000000006395, -0.8203022253684664200, 1.980384757729345857 ) ) ;
#7655 = CARTESIAN_POINT ( 'NONE',  ( -1.282837043398638022, -1.904620535319860197, 2.678881232160942538 ) ) ;
#7656 = CARTESIAN_POINT ( 'NONE',  ( 6.350000000000000533, 0.8203022253684377763, -1.980384757729346301 ) ) ;
#7657 = CARTESIAN_POINT ( 'NONE',  ( 9.200000000000002842, 1.767766952966363103, -1.767766952966377092 ) ) ;
#7658 = CARTESIAN_POINT ( 'NONE',  ( 17.00000000000000355, -1.372470695792103782E-14, -2.500000000000011546 ) ) ;
#7659 = ADVANCED_FACE ( 'NONE', ( #1453 ), #349, .T. ) ;
#7660 = CARTESIAN_POINT ( 'NONE',  ( 7.800000000000005151, -1.375652421508278441E-14, -1.980384757729346301 ) ) ;
#7661 = ORIENTED_EDGE ( 'NONE', *, *, #7744, .F. ) ;
#7662 = CARTESIAN_POINT ( 'NONE',  ( 11.25000000000000355, 1.980384757729332312, -0.8203022253684513210 ) ) ;
#7663 = CARTESIAN_POINT ( 'NONE',  ( 20.50000000000000000, -1.267509437117510519E-14, 0.000000000000000000 ) ) ;
#7664 = CARTESIAN_POINT ( 'NONE',  ( 16.50000000000000000, -1.980384757729360068, -2.425271854633450283E-16 ) ) ;
#7665 = CARTESIAN_POINT ( 'NONE',  ( 3.050000000000004707, 0.8203022253684377763, -1.980384757729346301 ) ) ;
#7666 = CARTESIAN_POINT ( 'NONE',  ( -12.50000000000000000, 3.999999999999994671, 0.000000000000000000 ) ) ;
#7667 = CARTESIAN_POINT ( 'NONE',  ( 17.25000000000000355, -1.980384757729360512, 0.8203022253684509879 ) ) ;
#7668 = ORIENTED_EDGE ( 'NONE', *, *, #6156, .F. ) ;
#7669 = EDGE_CURVE ( 'NONE', #1701, #4998, #657, .T. ) ;
#7670 = CARTESIAN_POINT ( 'NONE',  ( 12.80000000000000426, -1.767766952966391303, 1.767766952966376870 ) ) ;
#7671 = ORIENTED_EDGE ( 'NONE', *, *, #5929, .T. ) ;
#7672 = CARTESIAN_POINT ( 'NONE',  ( 19.75000000000000355, 2.499999999999997780, 1.035533905932744414 ) ) ;
#7673 = CARTESIAN_POINT ( 'NONE',  ( 13.20000000000000639, -1.980384757729360068, -2.425271854633450283E-16 ) ) ;
#7674 = CARTESIAN_POINT ( 'NONE',  ( 20.50000000000000000, -1.267509437117510519E-14, 0.000000000000000000 ) ) ;
#7675 = CARTESIAN_POINT ( 'NONE',  ( -12.50000000000000000, 2.874999999999992006, 0.000000000000000000 ) ) ;
#7676 = CARTESIAN_POINT ( 'NONE',  ( -1.093290131144177391, -2.042052523544255482, 2.450935444863366897 ) ) ;
#7677 = CARTESIAN_POINT ( 'NONE',  ( 14.40000000000000391, -2.500000000000025757, -3.061616997868397439E-16 ) ) ;
#7678 = CARTESIAN_POINT ( 'NONE',  ( 6.275000000000003020, -1.053469879313116087, 2.543301270189234575 ) ) ;
#7679 = ORIENTED_EDGE ( 'NONE', *, *, #7669, .T. ) ;
#7680 = CARTESIAN_POINT ( 'NONE',  ( 8.850000000000001421, 1.980384757729332312, -0.8203022253684514320 ) ) ;
#7681 = CARTESIAN_POINT ( 'NONE',  ( -0.1249999999999966416, -1.434498467178515336E-14, 2.543301270189235019 ) ) ;
#7682 = CARTESIAN_POINT ( 'NONE',  ( -6.480578308508362362, -2.695312500000009770, 0.000000000000000000 ) ) ;
#7683 = CARTESIAN_POINT ( 'NONE',  ( 10.80000000000000604, -1.980384757729360068, -2.425271854633450283E-16 ) ) ;
#7684 = CARTESIAN_POINT ( 'NONE',  ( 1.200000000000003064, 2.499999999999997780, 0.000000000000000000 ) ) ;
#7685 = CARTESIAN_POINT ( 'NONE',  ( 19.95000000000000284, 0.8203022253684377763, -1.980384757729346301 ) ) ;
#7686 = AXIS2_PLACEMENT_3D ( 'NONE', #5079, #409, #2797 ) ;
#7687 = CARTESIAN_POINT ( 'NONE',  ( 10.47500000000000320, -2.543301270189248786, -3.114645759804644720E-16 ) ) ;
#7688 =( BOUNDED_CURVE ( )  B_SPLINE_CURVE ( 2, ( #3893, #997, #2793, #5187, #1628, #6291, #330, #2721, #7521 ),
 .UNSPECIFIED., .F., .F. ) 
 B_SPLINE_CURVE_WITH_KNOTS ( ( 3, 2, 2, 2, 3 ),
 ( 0.8703703703703703498, 0.8750000000000000000, 0.8796296296296296502, 0.8842592592592593004, 0.8888888888888888395 ),
 .UNSPECIFIED. ) 
 CURVE ( )  GEOMETRIC_REPRESENTATION_ITEM ( )  RATIONAL_B_SPLINE_CURVE ( ( 1.000000000000000000, 0.9238795325112867385, 1.000000000000000000, 0.9238795325112867385, 1.000000000000000000, 0.9238795325112867385, 1.000000000000000000, 0.9238795325112867385, 1.000000000000000000 ) ) 
 REPRESENTATION_ITEM ( '' )  );
#7689 = CARTESIAN_POINT ( 'NONE',  ( 18.07500000000000639, 2.543301270189220809, 1.053469879313102542 ) ) ;
#7690 = FACE_OUTER_BOUND ( 'NONE', #2178, .T. ) ;
#7691 = CARTESIAN_POINT ( 'NONE',  ( 19.10000000000000497, 1.400343491548885044, -1.400343491548898811 ) ) ;
#7692 = CARTESIAN_POINT ( 'NONE',  ( 6.400000000000001243, 1.400343491548885044, -1.400343491548898811 ) ) ;
#7693 = DIRECTION ( 'NONE',  ( 1.000000000000000000, -2.168404344971008868E-16, 0.000000000000000000 ) ) ;
#7694 = CIRCLE ( 'NONE', #1550, 0.1796875000000001665 ) ;
#7695 = CARTESIAN_POINT ( 'NONE',  ( 9.400000000000005684, -1.375652421508278441E-14, -1.980384757729346301 ) ) ;
#7696 = EDGE_LOOP ( 'NONE', ( #4678, #3733, #1405, #79 ) ) ;
#7697 = CARTESIAN_POINT ( 'NONE',  ( 12.77500000000000391, -2.543301270189249674, 1.053469879313100099 ) ) ;
#7698 = CARTESIAN_POINT ( 'NONE',  ( 12.00000000000000178, 1.400343491548885044, -1.400343491548898811 ) ) ;
#7699 = AXIS2_PLACEMENT_3D ( 'NONE', #3898, #262, #5039 ) ;
#7700 = CARTESIAN_POINT ( 'NONE',  ( 0.8000000000000020428, 1.400343491548885044, -1.400343491548898811 ) ) ;
#7701 = EDGE_CURVE ( 'NONE', #7225, #1847, #4123, .T. ) ;
#7702 = CARTESIAN_POINT ( 'NONE',  ( 3.250000000000006661, 1.980384757729331868, 0.8203022253684526532 ) ) ;
#7703 = CARTESIAN_POINT ( 'NONE',  ( 0.8000000000000020428, -2.500000000000025757, -3.061616997868397439E-16 ) ) ;
#7704 = CARTESIAN_POINT ( 'NONE',  ( 17.00000000000000000, 1.400343491548884600, 1.400343491548899033 ) ) ;
#7705 = VERTEX_POINT ( 'NONE', #4701 ) ;
#7706 = AXIS2_PLACEMENT_3D ( 'NONE', #5742, #364, #3931 ) ;
#7707 = ORIENTED_EDGE ( 'NONE', *, *, #6936, .T. ) ;
#7708 = CARTESIAN_POINT ( 'NONE',  ( 19.95000000000000284, 0.8203022253684377763, -1.980384757729346301 ) ) ;
#7709 = CARTESIAN_POINT ( 'NONE',  ( 20.50000000000000000, -1.267509437117510519E-14, -2.500000000000010658 ) ) ;
#7710 = CARTESIAN_POINT ( 'NONE',  ( 14.65000000000000746, -0.8203022253684664200, 1.980384757729345857 ) ) ;
#7711 = EDGE_CURVE ( 'NONE', #4665, #2988, #4845, .T. ) ;
#7712 = DIRECTION ( 'NONE',  ( 0.000000000000000000, 0.000000000000000000, -1.000000000000000000 ) ) ;
#7713 = CARTESIAN_POINT ( 'NONE',  ( 13.35000000000000320, 1.035533905932729315, 2.500000000000011102 ) ) ;
#7714 = CIRCLE ( 'NONE', #4693, 0.1796875000000001665 ) ;
#7715 = CARTESIAN_POINT ( 'NONE',  ( 16.90000000000000568, -2.500000000000025757, -3.061616997868397439E-16 ) ) ;
#7716 = CARTESIAN_POINT ( 'NONE',  ( -15.35937500000000000, -4.000000000000005329, 3.501724441311960115E-16 ) ) ;
#7717 = CIRCLE ( 'NONE', #3316, 0.3593750000000003331 ) ;
#7718 = B_SPLINE_CURVE_WITH_KNOTS ( 'NONE', 3,
 ( #6424, #1052, #1745, #4942 ),
 .UNSPECIFIED., .F., .F.,
 ( 4, 4 ),
 ( 9.784286378217222749E-18, 0.001095405860128783335 ),
 .UNSPECIFIED. ) ;
#7719 = CARTESIAN_POINT ( 'NONE',  ( 4.775000000000006573, -2.543301270189249674, 1.053469879313100099 ) ) ;
#7720 = VERTEX_POINT ( 'NONE', #6351 ) ;
#7721 = EDGE_CURVE ( 'NONE', #3629, #3427, #4577, .T. ) ;
#7722 = CARTESIAN_POINT ( 'NONE',  ( 6.950000000000001066, -1.980384757729360068, -0.8203022253684516540 ) ) ;
#7723 = CARTESIAN_POINT ( 'NONE',  ( 0.3750000000000037748, 1.798385574751153904, -1.798385574751167892 ) ) ;
#7724 = CARTESIAN_POINT ( 'NONE',  ( 7.800000000000003375, -1.433703035749471672E-14, 2.500000000000011546 ) ) ;
#7725 = CARTESIAN_POINT ( 'NONE',  ( 9.400000000000005684, -1.375652421508278441E-14, -1.980384757729346301 ) ) ;
#7726 = CARTESIAN_POINT ( 'NONE',  ( -16.34740172064212516, 3.999999999999995559, 0.000000000000000000 ) ) ;
#7727 = CARTESIAN_POINT ( 'NONE',  ( 11.32500000000000284, -2.543301270189249674, -1.053469879313101210 ) ) ;
#7728 = CARTESIAN_POINT ( 'NONE',  ( 19.07500000000000639, -1.053469879313116087, 2.543301270189234575 ) ) ;
#7729 = CARTESIAN_POINT ( 'NONE',  ( -12.50000000000000000, 2.695312499999992006, 6.411159703984925073 ) ) ;
#7730 = CARTESIAN_POINT ( 'NONE',  ( 18.95000000000000639, -0.8203022253684651988, -1.980384757729346301 ) ) ;
#7731 = CYLINDRICAL_SURFACE ( 'NONE', #3168, 2.500000000000010658 ) ;
#7732 = CARTESIAN_POINT ( 'NONE',  ( 5.100000000000004086, -1.400343491548913022, 1.400343491548898589 ) ) ;
#7733 = CARTESIAN_POINT ( 'NONE',  ( -12.50000000000000000, 2.695312499999992006, 6.411159703984925073 ) ) ;
#7734 =( BOUNDED_SURFACE ( )  B_SPLINE_SURFACE ( 3, 1, ( 
 ( #5552, #1992 ),
 ( #7251, #2493 ),
 ( #1326, #6106 ),
 ( #4931, #5511 ),
 ( #6026, #7212 ),
 ( #6619, #6702 ),
 ( #4888, #7291 ) ),
 .UNSPECIFIED., .T., .F., .F. ) 
 B_SPLINE_SURFACE_WITH_KNOTS ( ( 4, 3, 4 ),
 ( 2, 2 ),
 ( 0.000000000000000000, 0.5000000000000000000, 1.000000000000000000 ),
 ( 0.000000000000000000, 1.000000000000000000 ),
 .UNSPECIFIED. ) 
 GEOMETRIC_REPRESENTATION_ITEM ( )  RATIONAL_B_SPLINE_SURFACE ( (
 ( 1.000000000000000000, 1.000000000000000000),
 ( 0.3333333333333333703, 0.3333333333333333703),
 ( 0.3333333333333333703, 0.3333333333333333703),
 ( 1.000000000000000000, 1.000000000000000000),
 ( 0.3333333333333333703, 0.3333333333333333703),
 ( 0.3333333333333333703, 0.3333333333333333703),
 ( 1.000000000000000000, 1.000000000000000000) ) ) 
 REPRESENTATION_ITEM ( '' )  SURFACE ( )  );
#7735 = CARTESIAN_POINT ( 'NONE',  ( 12.27500000000000568, 1.053469879313086999, -2.543301270189235019 ) ) ;
#7736 = CARTESIAN_POINT ( 'NONE',  ( 6.400000000000001243, 1.400343491548885044, -1.400343491548898811 ) ) ;
#7737 = DIRECTION ( 'NONE',  ( -1.000000000000000000, 2.168404344971008621E-16, 0.000000000000000000 ) ) ;
#7738 = CARTESIAN_POINT ( 'NONE',  ( 5.550000000000002487, -1.035533905932757959, 2.500000000000011102 ) ) ;
#7739 = CARTESIAN_POINT ( 'NONE',  ( 20.49999999999999645, -1.802159658631194983, 1.078063339884262950 ) ) ;
#7740 = CARTESIAN_POINT ( 'NONE',  ( 16.25000000000000711, -0.8203022253684664200, 1.980384757729345857 ) ) ;
#7741 = EDGE_LOOP ( 'NONE', ( #4322, #2254, #2007, #4135, #5526 ) ) ;
#7742 = APPLICATION_CONTEXT ( 'configuration controlled 3d designs of mechanical parts and assemblies' ) ;
#7743 = AXIS2_PLACEMENT_3D ( 'NONE', #871, #7353, #4279 ) ;
#7744 = EDGE_CURVE ( 'NONE', #913, #7356, #1679, .T. ) ;
#7745 = ORIENTED_EDGE ( 'NONE', *, *, #6603, .T. ) ;
#7746 = CARTESIAN_POINT ( 'NONE',  ( 16.75000000000000000, 0.8203022253684377763, -1.980384757729346301 ) ) ;
#7747 = DIRECTION ( 'NONE',  ( 1.000000000000000000, 0.000000000000000000, 0.000000000000000000 ) ) ;
#7748 = CARTESIAN_POINT ( 'NONE',  ( 12.50000000000000533, -1.400343491548912578, -1.400343491548898811 ) ) ;
#7749 = CARTESIAN_POINT ( 'NONE',  ( 20.24980943050225690, 2.069721636589459735, -1.123629891675621995 ) ) ;
#7750 = CARTESIAN_POINT ( 'NONE',  ( 20.49999999999999645, 2.100000000000005418, 0.000000000000000000 ) ) ;
#7751 = CARTESIAN_POINT ( 'NONE',  ( 0.8500000000000035305, -2.500000000000026201, 1.035533905932742194 ) ) ;
#7752 = DIRECTION ( 'NONE',  ( 1.000000000000000000, -1.734723475976809313E-16, 0.000000000000000000 ) ) ;
#7753 = ADVANCED_FACE ( 'NONE', ( #5170 ), #1476, .T. ) ;
#7754 = CARTESIAN_POINT ( 'NONE',  ( 5.925000000000003375, 1.798385574751153904, -1.798385574751167892 ) ) ;
#7755 = ORIENTED_EDGE ( 'NONE', *, *, #6539, .F. ) ;
#7756 = CARTESIAN_POINT ( 'NONE',  ( 8.250000000000001776, 0.8203022253684378873, 1.980384757729345857 ) ) ;
#7757 = CARTESIAN_POINT ( 'NONE',  ( 1.725000000000004530, -2.543301270189249674, -1.053469879313101210 ) ) ;
#7758 = CARTESIAN_POINT ( 'NONE',  ( 8.400000000000002132, 1.767766952966363103, -1.767766952966377092 ) ) ;
#7759 = CARTESIAN_POINT ( 'NONE',  ( 10.35000000000000497, 1.980384757729332312, -0.8203022253684514320 ) ) ;
#7760 = CARTESIAN_POINT ( 'NONE',  ( -7.443854296502127710, 2.874999999999989342, 6.191992651811313561E-16 ) ) ;
#7761 = CIRCLE ( 'NONE', #5619, 0.1796875000000010270 ) ;
#7762 = EDGE_CURVE ( 'NONE', #4862, #2558, #5469, .T. ) ;
#7763 = CARTESIAN_POINT ( 'NONE',  ( 11.97500000000000320, -1.798385574751182103, 1.798385574751167670 ) ) ;
#7764 = AXIS2_PLACEMENT_3D ( 'NONE', #3933, #4413, #258 ) ;
#7765 = CARTESIAN_POINT ( 'NONE',  ( 17.97500000000000497, 2.543301270189220809, -1.053469879313100765 ) ) ;
#7766 = CARTESIAN_POINT ( 'NONE',  ( 0.5000000000000002220, -1.999167105995861782, -1.536366799936758509 ) ) ;
#7767 = FACE_OUTER_BOUND ( 'NONE', #6632, .T. ) ;
#7768 = APPROVAL_DATE_TIME ( #2492, #3746 ) ;
#7769 = CARTESIAN_POINT ( 'NONE',  ( 10.30000000000000426, -1.433703035749471672E-14, 2.500000000000011546 ) ) ;
#7770 = CIRCLE ( 'NONE', #3614, 4.876458203497867849 ) ;
#7771 = CARTESIAN_POINT ( 'NONE',  ( 6.200000000000005507, -1.375652421508278441E-14, -1.980384757729346301 ) ) ;
#7772 = ORIENTED_EDGE ( 'NONE', *, *, #7762, .F. ) ;
#7773 = CARTESIAN_POINT ( 'NONE',  ( 12.92500000000000426, -1.798385574751181437, -1.798385574751167892 ) ) ;
#7774 = CARTESIAN_POINT ( 'NONE',  ( 6.100000000000001421, -1.980384757729360068, -2.425271854633450283E-16 ) ) ;
#7775 = DIRECTION ( 'NONE',  ( -1.000000000000000000, 0.000000000000000000, -1.224646799147353207E-16 ) ) ;
#7776 = CARTESIAN_POINT ( 'NONE',  ( 1.200000000000006617, -1.980384757729360068, -2.425271854633450283E-16 ) ) ;
ENDSEC;
END-ISO-10303-21;
