ISO-10303-21;
HEADER;
FILE_DESCRIPTION (( 'STEP AP203' ),
    '1' );
FILE_NAME ('59935K71_Ball Joint Rod End.STEP',
    '2026-06-26T19:24:13',
    ( 'McMaster Carr Supply' ),
    ( 'McMaster Carr Supply' ),
    'SwSTEP 2.0',
    'SolidWorks 2024',
    '' );
FILE_SCHEMA (( 'CONFIG_CONTROL_DESIGN' ));
ENDSEC;

DATA;
#1 = EDGE_LOOP ( 'NONE', ( #5982, #2930, #5390, #5463, #5278, #5331, #1290 ) ) ;
#2 = CARTESIAN_POINT ( 'NONE',  ( 17.00000000000000355, 1.980384757729333201, -4.850543709266902538E-16 ) ) ;
#3 = EDGE_CURVE ( 'NONE', #1996, #5191, #4999, .T. ) ;
#4 = CARTESIAN_POINT ( 'NONE',  ( 14.65000000000000391, -2.500000000000024425, -1.035533905932741749 ) ) ;
#5 = CARTESIAN_POINT ( 'NONE',  ( 16.40000000000000568, -1.375652421508278441E-14, 1.980384757729347189 ) ) ;
#6 = CARTESIAN_POINT ( 'NONE',  ( 8.075000000000004619, -1.372205551982422560E-14, 2.543301270189231911 ) ) ;
#7 = ORIENTED_EDGE ( 'NONE', *, *, #5406, .T. ) ;
#8 = CARTESIAN_POINT ( 'NONE',  ( 5.290627320931807098, -2.475579654444719502, 0.3563646568770924561 ) ) ;
#9 = CARTESIAN_POINT ( 'NONE',  ( 4.400000000000003908, -1.433703035749471672E-14, -2.500000000000010214 ) ) ;
#10 = EDGE_CURVE ( 'NONE', #640, #1326, #29, .T. ) ;
#11 = CALENDAR_DATE ( 2026, 26, 6 ) ;
#12 = AXIS2_PLACEMENT_3D ( 'NONE', #6441, #2568, #2157 ) ;
#13 = CARTESIAN_POINT ( 'NONE',  ( 1.463520582747254606, 2.222383769782859009, -1.074809811067891863 ) ) ;
#14 = CARTESIAN_POINT ( 'NONE',  ( 16.47500000000000497, -1.434498467178515336E-14, -2.543301270189231911 ) ) ;
#15 = ORIENTED_EDGE ( 'NONE', *, *, #254, .T. ) ;
#16 = ORIENTED_EDGE ( 'NONE', *, *, #2579, .T. ) ;
#17 = CARTESIAN_POINT ( 'NONE',  ( 5.425000000000004263, 2.543301270189218144, -6.229291519609281552E-16 ) ) ;
#18 = CARTESIAN_POINT ( 'NONE',  ( 3.650000000000006573, 0.8203022253684378873, 1.980384757729346967 ) ) ;
#19 = FACE_OUTER_BOUND ( 'NONE', #3335, .T. ) ;
#20 = CARTESIAN_POINT ( 'NONE',  ( 5.806048645776799688, -2.500000000000024425, -0.1252715557369643851 ) ) ;
#21 = CARTESIAN_POINT ( 'NONE',  ( 15.65000000000000391, -1.035533905932757293, -2.500000000000010214 ) ) ;
#22 = CARTESIAN_POINT ( 'NONE',  ( 4.750000000000006217, -1.980384757729361178, -0.8203022253684513210 ) ) ;
#23 = CARTESIAN_POINT ( 'NONE',  ( 12.95000000000000639, 0.8203022253684382203, -1.980384757729346745 ) ) ;
#24 = ORIENTED_EDGE ( 'NONE', *, *, #4123, .F. ) ;
#25 = CARTESIAN_POINT ( 'NONE',  ( 2.700000000000002842, 1.400343491548885710, 1.400343491548899477 ) ) ;
#26 = EDGE_CURVE ( 'NONE', #4206, #643, #315, .T. ) ;
#27 = CARTESIAN_POINT ( 'NONE',  ( 4.200000000000005507, 1.400343491548885266, -1.400343491548899699 ) ) ;
#28 = CARTESIAN_POINT ( 'NONE',  ( 13.50000000000000533, -1.980384757729360956, 2.425271854633451269E-16 ) ) ;
#29 = CIRCLE ( 'NONE', #2230, 6.183419202631550426 ) ;
#30 = CARTESIAN_POINT ( 'NONE',  ( 3.600000000000002309, -1.375652421508278441E-14, 1.980384757729347189 ) ) ;
#31 = ORIENTED_EDGE ( 'NONE', *, *, #1090, .F. ) ;
#32 = FACE_OUTER_BOUND ( 'NONE', #164, .T. ) ;
#33 = VERTEX_POINT ( 'NONE', #1738 ) ;
#34 = VERTEX_POINT ( 'NONE', #3870 ) ;
#35 = CARTESIAN_POINT ( 'NONE',  ( 15.95000000000000284, -0.8203022253684666421, -1.980384757729346745 ) ) ;
#36 = CARTESIAN_POINT ( 'NONE',  ( 12.20000000000000284, 1.980384757729333201, -4.850543709266902538E-16 ) ) ;
#37 = CARTESIAN_POINT ( 'NONE',  ( 14.20000000000000284, -1.980384757729360956, 2.425271854633451269E-16 ) ) ;
#38 = CARTESIAN_POINT ( 'NONE',  ( 8.825000000000004619, 1.053469879313085666, 2.543301270189232799 ) ) ;
#39 = ADVANCED_FACE ( 'NONE', ( #5499 ), #4922, .F. ) ;
#40 = ORIENTED_EDGE ( 'NONE', *, *, #2883, .F. ) ;
#41 = CARTESIAN_POINT ( 'NONE',  ( 3.300000000000003819, -1.372470695792103782E-14, 2.500000000000010214 ) ) ;
#42 = CARTESIAN_POINT ( 'NONE',  ( 7.500000000000003553, 1.400343491548885710, 1.400343491548899477 ) ) ;
#43 = CARTESIAN_POINT ( 'NONE',  ( 16.65000000000000568, 2.499999999999996003, -1.035533905932743526 ) ) ;
#44 = CARTESIAN_POINT ( 'NONE',  ( 17.50000000000000000, -1.163414459189985801E-14, 2.500000000000008438 ) ) ;
#45 = CARTESIAN_POINT ( 'NONE',  ( 6.100000000000004974, -1.433703035749471672E-14, -2.500000000000010214 ) ) ;
#46 = CARTESIAN_POINT ( 'NONE',  ( 16.15000000000000568, -1.035533905932755516, 2.500000000000010214 ) ) ;
#47 = EDGE_CURVE ( 'NONE', #1930, #4119, #1091, .T. ) ;
#48 = ORIENTED_EDGE ( 'NONE', *, *, #3728, .T. ) ;
#49 = CARTESIAN_POINT ( 'NONE',  ( 7.875000000000006217, 2.543301270189218588, 1.053469879313099433 ) ) ;
#50 = CARTESIAN_POINT ( 'NONE',  ( 16.82500000000000639, -1.372205551982422560E-14, 2.543301270189231911 ) ) ;
#51 = CYLINDRICAL_SURFACE ( 'NONE', #3572, 2.500000000000008438 ) ;
#52 = DIRECTION ( 'NONE',  ( 1.000000000000000000, -0.000000000000000000, -0.000000000000000000 ) ) ;
#53 = CARTESIAN_POINT ( 'NONE',  ( 1.158693361698398983, -1.002062719730028473, 1.917663018191105850 ) ) ;
#54 = CARTESIAN_POINT ( 'NONE',  ( 16.65683676287907389, -1.448136454062207035, -1.468030675304466293 ) ) ;
#55 = CARTESIAN_POINT ( 'NONE',  ( 4.350000000000004974, 1.980384757729333201, 0.8203022253684517651 ) ) ;
#56 = CARTESIAN_POINT ( 'NONE',  ( 12.85000000000000497, -0.8203022253684666421, -1.980384757729346745 ) ) ;
#57 = ORIENTED_EDGE ( 'NONE', *, *, #5020, .F. ) ;
#58 = CARTESIAN_POINT ( 'NONE',  ( 3.700000000000001954, -1.400343491548913244, 1.400343491548899477 ) ) ;
#59 = CARTESIAN_POINT ( 'NONE',  ( 4.600000000000004974, -1.400343491548913244, 1.400343491548899477 ) ) ;
#60 = CARTESIAN_POINT ( 'NONE',  ( 12.55000000000000604, -0.8203022253684655318, 1.980384757729346967 ) ) ;
#61 = AXIS2_PLACEMENT_3D ( 'NONE', #928, #3150, #996 ) ;
#62 = CARTESIAN_POINT ( 'NONE',  ( 5.150000000000004796, 0.8203022253684378873, 1.980384757729347189 ) ) ;
#63 = ORIENTED_EDGE ( 'NONE', *, *, #1419, .F. ) ;
#64 = CARTESIAN_POINT ( 'NONE',  ( 17.05000000000001137, -2.500000000000023981, 1.035533905932742194 ) ) ;
#65 = B_SPLINE_CURVE_WITH_KNOTS ( 'NONE', 3,
 ( #2128, #2021, #5341, #4354, #229, #3670 ),
 .UNSPECIFIED., .F., .F.,
 ( 4, 2, 4 ),
 ( 0.000000000000000000, 0.0001589209886214443149, 0.0003178419772428886297 ),
 .UNSPECIFIED. ) ;
#66 = ORIENTED_EDGE ( 'NONE', *, *, #136, .F. ) ;
#67 = CARTESIAN_POINT ( 'NONE',  ( 14.50000000000000178, 1.400343491548885266, -1.400343491548899699 ) ) ;
#68 = CARTESIAN_POINT ( 'NONE',  ( 14.30000000000000426, -1.400343491548913688, -1.400343491548899255 ) ) ;
#69 = DIRECTION ( 'NONE',  ( 1.000000000000000000, -0.000000000000000000, -0.000000000000000000 ) ) ;
#70 = CARTESIAN_POINT ( 'NONE',  ( 12.15000000000000036, 1.980384757729332978, -0.8203022253684528753 ) ) ;
#71 = CARTESIAN_POINT ( 'NONE',  ( 7.175000000000004263, 1.798385574751152127, 1.798385574751165894 ) ) ;
#72 = AXIS2_PLACEMENT_3D ( 'NONE', #2031, #4193, #1484 ) ;
#73 = CARTESIAN_POINT ( 'NONE',  ( 3.200000000000004174, 1.767766952966362215, 1.767766952966375982 ) ) ;
#74 = CARTESIAN_POINT ( 'NONE',  ( 4.750000000000002665, -0.8203022253684666421, -1.980384757729346745 ) ) ;
#75 = CARTESIAN_POINT ( 'NONE',  ( -1.298075826667192345, 3.345793604653627185, -4.376424775253403787 ) ) ;
#76 = EDGE_CURVE ( 'NONE', #5432, #4828, #4255, .T. ) ;
#77 = VECTOR ( 'NONE', #201, 1000.000000000000000 ) ;
#78 = CARTESIAN_POINT ( 'NONE',  ( 1.416468144746291236, 1.234141558252434212, -2.101676577075028085 ) ) ;
#79 = CARTESIAN_POINT ( 'NONE',  ( 17.50000000000000000, -1.194030629168669588E-14, 0.000000000000000000 ) ) ;
#80 = CARTESIAN_POINT ( 'NONE',  ( 16.25000000000000355, -2.500000000000023981, 1.035533905932742194 ) ) ;
#81 = VERTEX_POINT ( 'NONE', #4960 ) ;
#82 = CARTESIAN_POINT ( 'NONE',  ( 7.075000000000005507, 2.543301270189218588, 1.053469879313099433 ) ) ;
#83 = CARTESIAN_POINT ( 'NONE',  ( 15.92500000000000426, 1.798385574751152127, 1.798385574751165894 ) ) ;
#84 = DIRECTION ( 'NONE',  ( 1.000000000000000000, -0.000000000000000000, -0.000000000000000000 ) ) ;
#85 = CARTESIAN_POINT ( 'NONE',  ( 12.80000000000000426, -1.372470695792103782E-14, 2.500000000000010214 ) ) ;
#86 = ADVANCED_FACE ( 'NONE', ( #6616 ), #2472, .F. ) ;
#87 = CARTESIAN_POINT ( 'NONE',  ( 1.141627964999364364, -0.5841404092848784257, 2.065629317472957194 ) ) ;
#88 = AXIS2_PLACEMENT_3D ( 'NONE', #3585, #2006, #3691 ) ;
#89 = CARTESIAN_POINT ( 'NONE',  ( 13.85000000000000675, -2.500000000000024425, -1.035533905932741749 ) ) ;
#90 = CARTESIAN_POINT ( 'NONE',  ( 3.000000000000006217, -1.400343491548913244, 1.400343491548899477 ) ) ;
#91 =( BOUNDED_CURVE ( )  B_SPLINE_CURVE ( 2, ( #500, #3803, #4930, #3223, #961, #7063, #1646, #1107, #6623 ),
 .UNSPECIFIED., .F., .F. ) 
 B_SPLINE_CURVE_WITH_KNOTS ( ( 3, 2, 2, 2, 3 ),
 ( 0.1704545454545454419, 0.1761363636363636465, 0.1818181818181818232, 0.1875000000000000000, 0.1931818181818181768 ),
 .UNSPECIFIED. ) 
 CURVE ( )  GEOMETRIC_REPRESENTATION_ITEM ( )  RATIONAL_B_SPLINE_CURVE ( ( 1.000000000000000000, 0.9238795325112867385, 1.000000000000000000, 0.9238795325112867385, 1.000000000000000000, 0.9238795325112867385, 1.000000000000000000, 0.9238795325112867385, 1.000000000000000000 ) ) 
 REPRESENTATION_ITEM ( '' )  );
#92 = CARTESIAN_POINT ( 'NONE',  ( 8.500000000000005329, -1.375652421508278441E-14, 1.980384757729347189 ) ) ;
#93 = CARTESIAN_POINT ( 'NONE',  ( 10.10000000000000497, -1.433703035749471672E-14, -2.500000000000010214 ) ) ;
#94 = ORIENTED_EDGE ( 'NONE', *, *, #2392, .F. ) ;
#95 = CARTESIAN_POINT ( 'NONE',  ( 1.800000000000002931, 1.980384757729333201, -4.850543709266902538E-16 ) ) ;
#96 = CARTESIAN_POINT ( 'NONE',  ( 2.950000000000004619, -0.8203022253684655318, 1.980384757729347189 ) ) ;
#97 = CARTESIAN_POINT ( 'NONE',  ( 13.20000000000000639, 1.400343491548885710, 1.400343491548899477 ) ) ;
#98 = CARTESIAN_POINT ( 'NONE',  ( 3.100000000000001865, -1.400343491548913688, -1.400343491548899255 ) ) ;
#99 = VERTEX_POINT ( 'NONE', #5031 ) ;
#100 = CARTESIAN_POINT ( 'NONE',  ( 4.000000000000004441, -1.372470695792103782E-14, 2.500000000000010214 ) ) ;
#101 = CARTESIAN_POINT ( 'NONE',  ( 12.47500000000000497, 1.053469879313086111, -2.543301270189232355 ) ) ;
#102 = ORIENTED_EDGE ( 'NONE', *, *, #1742, .F. ) ;
#103 = CARTESIAN_POINT ( 'NONE',  ( 12.70000000000000284, -1.400343491548913688, -1.400343491548899255 ) ) ;
#104 = CARTESIAN_POINT ( 'NONE',  ( 11.80000000000000249, -1.980384757729360956, 2.425271854633451269E-16 ) ) ;
#105 = CARTESIAN_POINT ( 'NONE',  ( 12.40000000000000391, -1.375652421508278441E-14, 1.980384757729347189 ) ) ;
#106 = CARTESIAN_POINT ( 'NONE',  ( -6.635278514588855536, 2.249999999999988454, -7.122560691985980519 ) ) ;
#107 = CARTESIAN_POINT ( 'NONE',  ( 6.075000000000003730, -1.434498467178515336E-14, -2.543301270189231911 ) ) ;
#108 = CARTESIAN_POINT ( 'NONE',  ( 14.80000000000000604, -1.433703035749471672E-14, -2.500000000000010214 ) ) ;
#109 = CIRCLE ( 'NONE', #6483, 3.847401720642126044 ) ;
#110 = CARTESIAN_POINT ( 'NONE',  ( 6.150000000000003020, -1.980384757729360956, 0.8203022253684520981 ) ) ;
#111 = CARTESIAN_POINT ( 'NONE',  ( -2.886550239935802065, 2.615813991587096599, 5.435053732286865724 ) ) ;
#112 = CARTESIAN_POINT ( 'NONE',  ( 5.500000000000000888, 4.499999999999995559, 0.000000000000000000 ) ) ;
#113 = ADVANCED_FACE ( 'NONE', ( #3937 ), #4376, .F. ) ;
#114 = CARTESIAN_POINT ( 'NONE',  ( 13.77500000000000391, -1.798385574751179439, 1.798385574751165894 ) ) ;
#115 = CARTESIAN_POINT ( 'NONE',  ( 6.550000000000004263, -1.035533905932755516, 2.500000000000010214 ) ) ;
#116 = ORIENTED_EDGE ( 'NONE', *, *, #3357, .F. ) ;
#117 = CARTESIAN_POINT ( 'NONE',  ( 4.325000000000004619, -1.798385574751180105, -1.798385574751165450 ) ) ;
#118 = CARTESIAN_POINT ( 'NONE',  ( 16.22500000000000497, -2.543301270189246122, 3.114645759804640776E-16 ) ) ;
#119 = DIRECTION ( 'NONE',  ( -0.000000000000000000, 1.000000000000000000, -0.000000000000000000 ) ) ;
#120 = CARTESIAN_POINT ( 'NONE',  ( -4.080575080458347159, -2.326188848600093895, 6.059377433377878042 ) ) ;
#121 = DIRECTION ( 'NONE',  ( 1.000000000000000000, -0.000000000000000000, -0.000000000000000000 ) ) ;
#122 = CARTESIAN_POINT ( 'NONE',  ( 10.70000000000000639, -1.767766952966390193, -1.767766952966375760 ) ) ;
#123 = CARTESIAN_POINT ( 'NONE',  ( 5.700000000000005507, -1.424157858600947694E-14, -1.980384757729347189 ) ) ;
#124 = AXIS2_PLACEMENT_3D ( 'NONE', #4422, #3843, #3295 ) ;
#125 = EDGE_CURVE ( 'NONE', #6522, #5180, #6982, .T. ) ;
#126 = CARTESIAN_POINT ( 'NONE',  ( 8.300000000000006040, 1.980384757729333201, -4.850543709266902538E-16 ) ) ;
#127 = CARTESIAN_POINT ( 'NONE',  ( 2.550000000000002931, -1.035533905932755516, 2.500000000000010214 ) ) ;
#128 = ORIENTED_EDGE ( 'NONE', *, *, #6046, .F. ) ;
#129 = CARTESIAN_POINT ( 'NONE',  ( 3.350000000000002753, 1.980384757729332534, -0.8203022253684530973 ) ) ;
#130 =( BOUNDED_CURVE ( )  B_SPLINE_CURVE ( 2, ( #429, #2645, #1505, #4283, #4864, #6282, #5088, #1765, #2354 ),
 .UNSPECIFIED., .F., .F. ) 
 B_SPLINE_CURVE_WITH_KNOTS ( ( 3, 2, 2, 2, 3 ),
 ( 0.1590909090909090606, 0.1647727272727272929, 0.1704545454545454142, 0.1761363636363636465, 0.1818181818181818787 ),
 .UNSPECIFIED. ) 
 CURVE ( )  GEOMETRIC_REPRESENTATION_ITEM ( )  RATIONAL_B_SPLINE_CURVE ( ( 1.000000000000000000, 0.9238795325112867385, 1.000000000000000000, 0.9238795325112867385, 1.000000000000000000, 0.9238795325112867385, 1.000000000000000000, 0.9238795325112867385, 1.000000000000000000 ) ) 
 REPRESENTATION_ITEM ( '' )  );
#131 = CARTESIAN_POINT ( 'NONE',  ( 2.750000000000006217, 1.980384757729333201, 0.8203022253684517651 ) ) ;
#132 = CARTESIAN_POINT ( 'NONE',  ( 13.70000000000000639, -1.424157858600947694E-14, -1.980384757729347189 ) ) ;
#133 = CARTESIAN_POINT ( 'NONE',  ( 4.750000000000002665, -0.8203022253684666421, -1.980384757729346745 ) ) ;
#134 = EDGE_LOOP ( 'NONE', ( #6041, #4073, #6327, #1149, #6702 ) ) ;
#135 = CARTESIAN_POINT ( 'NONE',  ( 4.150000000000005684, -2.500000000000023981, 1.035533905932742194 ) ) ;
#136 = EDGE_CURVE ( 'NONE', #4568, #1021, #6747, .T. ) ;
#137 = CARTESIAN_POINT ( 'NONE',  ( 13.12500000000000533, -1.798385574751180105, -1.798385574751165450 ) ) ;
#138 = ORIENTED_EDGE ( 'NONE', *, *, #357, .F. ) ;
#139 = CARTESIAN_POINT ( 'NONE',  ( 12.95000000000000284, 1.980384757729332534, -0.8203022253684530973 ) ) ;
#140 = CARTESIAN_POINT ( 'NONE',  ( 12.90000000000000391, 1.400343491548885266, -1.400343491548899699 ) ) ;
#141 = AXIS2_PLACEMENT_3D ( 'NONE', #5147, #6268, #167 ) ;
#142 = CARTESIAN_POINT ( 'NONE',  ( -9.500000000000000000, 2.695312499999993339, 0.000000000000000000 ) ) ;
#143 = CARTESIAN_POINT ( 'NONE',  ( 14.95000000000000107, -1.980384757729360956, 0.8203022253684520981 ) ) ;
#144 = CARTESIAN_POINT ( 'NONE',  ( -4.396954459077461408, 2.295840236530553913, -6.199920727646714980 ) ) ;
#145 = CARTESIAN_POINT ( 'NONE',  ( 5.475000000000004086, 2.543301270189218144, -6.229291519609281552E-16 ) ) ;
#146 = CARTESIAN_POINT ( 'NONE',  ( 12.65000000000000391, 2.499999999999996003, -1.035533905932743526 ) ) ;
#147 = VECTOR ( 'NONE', #2409, 1000.000000000000000 ) ;
#148 = CARTESIAN_POINT ( 'NONE',  ( 5.900000000000002132, 1.400343491548885710, 1.400343491548899477 ) ) ;
#149 = CARTESIAN_POINT ( 'NONE',  ( -9.500000000000000000, 2.249999999999969802, 0.000000000000000000 ) ) ;
#150 = CARTESIAN_POINT ( 'NONE',  ( 17.50000000000000000, -1.194030629168669588E-14, 0.000000000000000000 ) ) ;
#151 = CARTESIAN_POINT ( 'NONE',  ( 14.82500000000000462, -1.053469879313114754, -2.543301270189232355 ) ) ;
#152 = CYLINDRICAL_SURFACE ( 'NONE', #6636, 2.500000000000008438 ) ;
#153 = AXIS2_PLACEMENT_3D ( 'NONE', #6339, #5805, #709 ) ;
#154 = ORIENTED_EDGE ( 'NONE', *, *, #1371, .T. ) ;
#155 = CARTESIAN_POINT ( 'NONE',  ( 4.075000000000003730, -1.053469879313113200, 2.543301270189232799 ) ) ;
#156 = CARTESIAN_POINT ( 'NONE',  ( 15.12500000000000533, 1.798385574751152127, 1.798385574751165894 ) ) ;
#157 = APPROVAL ( #3210, 'UNSPECIFIED' ) ;
#158 = EDGE_CURVE ( 'NONE', #4286, #4069, #1815, .T. ) ;
#159 = CARTESIAN_POINT ( 'NONE',  ( 2.300000000000004263, 2.499999999999996003, -6.123233995736789948E-16 ) ) ;
#160 = CARTESIAN_POINT ( 'NONE',  ( -4.396954459071263699, -2.295840236531055734, 6.199920727643998042 ) ) ;
#161 = CARTESIAN_POINT ( 'NONE',  ( 16.76426307980839425, 1.136942254911141204, -1.864710237182458652 ) ) ;
#162 = CARTESIAN_POINT ( 'NONE',  ( 11.10000000000000320, 1.767766952966362215, 1.767766952966375982 ) ) ;
#163 = CARTESIAN_POINT ( 'NONE',  ( 5.400000000000005684, -1.400343491548913244, 1.400343491548899477 ) ) ;
#164 = EDGE_LOOP ( 'NONE', ( #4502, #1619, #6626, #5085, #3131, #24 ) ) ;
#165 = CARTESIAN_POINT ( 'NONE',  ( 17.50000000000000000, -1.194030629168669588E-14, 0.000000000000000000 ) ) ;
#166 = CARTESIAN_POINT ( 'NONE',  ( 8.000000000000005329, -1.400343491548913688, -1.400343491548899255 ) ) ;
#167 = DIRECTION ( 'NONE',  ( 0.000000000000000000, 0.000000000000000000, -1.000000000000000000 ) ) ;
#168 = ORIENTED_EDGE ( 'NONE', *, *, #3825, .T. ) ;
#169 = CARTESIAN_POINT ( 'NONE',  ( 5.902527875274917513, 2.500404327705650687, 0.09365860164847847336 ) ) ;
#170 = EDGE_CURVE ( 'NONE', #34, #5773, #2342, .T. ) ;
#171 = CARTESIAN_POINT ( 'NONE',  ( 15.35000000000000853, 0.8203022253684382203, -1.980384757729346745 ) ) ;
#172 = CARTESIAN_POINT ( 'NONE',  ( 4.150000000000003020, 1.980384757729332978, -0.8203022253684528753 ) ) ;
#173 = ORIENTED_EDGE ( 'NONE', *, *, #1615, .T. ) ;
#174 = CARTESIAN_POINT ( 'NONE',  ( 4.050000000000004263, -1.035533905932755516, 2.500000000000010214 ) ) ;
#175 = CARTESIAN_POINT ( 'NONE',  ( 11.92500000000000426, 1.798385574751152127, 1.798385574751165894 ) ) ;
#176 = EDGE_LOOP ( 'NONE', ( #7056, #2771, #4088, #975 ) ) ;
#177 = CARTESIAN_POINT ( 'NONE',  ( 13.85000000000000320, 1.980384757729333201, 0.8203022253684517651 ) ) ;
#178 = CARTESIAN_POINT ( 'NONE',  ( 13.80000000000000249, 1.980384757729333201, -4.850543709266902538E-16 ) ) ;
#179 = AXIS2_PLACEMENT_3D ( 'NONE', #894, #3118, #1397 ) ;
#180 = CARTESIAN_POINT ( 'NONE',  ( 9.600000000000006750, -1.400343491548913688, -1.400343491548899255 ) ) ;
#181 = EDGE_CURVE ( 'NONE', #4919, #2793, #4533, .T. ) ;
#182 = CARTESIAN_POINT ( 'NONE',  ( 5.500000000000000888, -4.500000000000009770, 0.000000000000000000 ) ) ;
#183 = CARTESIAN_POINT ( 'NONE',  ( 13.40000000000000213, -1.980384757729360956, 2.425271854633451269E-16 ) ) ;
#184 = CARTESIAN_POINT ( 'NONE',  ( 2.150000000000003464, 2.499999999999996003, -1.035533905932743526 ) ) ;
#185 = CARTESIAN_POINT ( 'NONE',  ( 5.575000000000003730, 1.798385574751152127, 1.798385574751165894 ) ) ;
#186 = DIRECTION ( 'NONE',  ( 0.000000000000000000, 0.000000000000000000, -1.000000000000000000 ) ) ;
#187 = ORIENTED_EDGE ( 'NONE', *, *, #5428, .T. ) ;
#188 = CARTESIAN_POINT ( 'NONE',  ( 6.500000000000002665, 1.400343491548885266, -1.400343491548899699 ) ) ;
#189 = CARTESIAN_POINT ( 'NONE',  ( -1.661328500782868867, 3.135600004482819614, -4.602036267546677273 ) ) ;
#190 = FACE_OUTER_BOUND ( 'NONE', #5707, .T. ) ;
#191 = CARTESIAN_POINT ( 'NONE',  ( 14.07500000000000462, -1.434498467178515336E-14, -2.543301270189231911 ) ) ;
#192 = CARTESIAN_POINT ( 'NONE',  ( 3.600000000000003197, -1.767766952966390193, -1.767766952966375760 ) ) ;
#193 = ORIENTED_EDGE ( 'NONE', *, *, #2266, .F. ) ;
#194 = CARTESIAN_POINT ( 'NONE',  ( 4.225000000000004974, -2.543301270189246122, 3.114645759804640776E-16 ) ) ;
#195 = CIRCLE ( 'NONE', #3562, 7.677076266392057313 ) ;
#196 = CARTESIAN_POINT ( 'NONE',  ( 12.10000000000000320, -1.767766952966389749, 1.767766952966375982 ) ) ;
#197 = CARTESIAN_POINT ( 'NONE',  ( 8.200000000000004619, -1.767766952966389749, 1.767766952966375982 ) ) ;
#198 = AXIS2_PLACEMENT_3D ( 'NONE', #5759, #2180, #4402 ) ;
#199 = AXIS2_PLACEMENT_3D ( 'NONE', #2334, #805, #662 ) ;
#200 = CARTESIAN_POINT ( 'NONE',  ( 1.244747752742331626, -2.249043058592622657, 0.04732061329552984114 ) ) ;
#201 = DIRECTION ( 'NONE',  ( 1.000000000000000000, -0.000000000000000000, -0.000000000000000000 ) ) ;
#202 = CARTESIAN_POINT ( 'NONE',  ( 2.400000000000006128, -1.400343491548913688, -1.400343491548899255 ) ) ;
#203 = ORIENTED_EDGE ( 'NONE', *, *, #3380, .F. ) ;
#204 = CARTESIAN_POINT ( 'NONE',  ( 10.90000000000000568, -1.433703035749471672E-14, -2.500000000000010214 ) ) ;
#205 = CARTESIAN_POINT ( 'NONE',  ( 7.800000000000005151, -1.400343491548913244, 1.400343491548899477 ) ) ;
#206 = CARTESIAN_POINT ( 'NONE',  ( -2.886550239926170658, -2.615813991587112142, 5.435053732275155980 ) ) ;
#207 = ORIENTED_EDGE ( 'NONE', *, *, #1317, .T. ) ;
#208 = AXIS2_PLACEMENT_3D ( 'NONE', #6743, #1886, #2941 ) ;
#209 = CARTESIAN_POINT ( 'NONE',  ( 1.400000000000001910, -1.980384757729360956, 2.425271854633451269E-16 ) ) ;
#210 = FACE_OUTER_BOUND ( 'NONE', #543, .T. ) ;
#211 = CARTESIAN_POINT ( 'NONE',  ( 11.20000000000000462, -1.400343491548913688, -1.400343491548899255 ) ) ;
#212 = CARTESIAN_POINT ( 'NONE',  ( 16.71961524227066676, 7.290590327726029975E-14, -2.119615242270680877 ) ) ;
#213 = CARTESIAN_POINT ( 'NONE',  ( 15.10000000000000142, -1.400343491548913688, -1.400343491548899255 ) ) ;
#214 = ORIENTED_EDGE ( 'NONE', *, *, #5983, .F. ) ;
#215 = FACE_OUTER_BOUND ( 'NONE', #6332, .T. ) ;
#216 = AXIS2_PLACEMENT_3D ( 'NONE', #5155, #6735, #1758 ) ;
#217 = CARTESIAN_POINT ( 'NONE',  ( 13.02500000000000568, -2.543301270189246122, 3.114645759804640776E-16 ) ) ;
#218 = ORIENTED_EDGE ( 'NONE', *, *, #6586, .F. ) ;
#219 = CARTESIAN_POINT ( 'NONE',  ( 10.55000000000000426, 1.980384757729332534, -0.8203022253684530973 ) ) ;
#220 = CARTESIAN_POINT ( 'NONE',  ( 11.00000000000000355, -1.980384757729360956, 2.425271854633451269E-16 ) ) ;
#221 = CARTESIAN_POINT ( 'NONE',  ( 9.000000000000007105, 1.400343491548885266, -1.400343491548899699 ) ) ;
#222 = CARTESIAN_POINT ( 'NONE',  ( 11.25000000000000355, 1.035533905932727983, 2.500000000000010214 ) ) ;
#223 = CARTESIAN_POINT ( 'NONE',  ( 9.800000000000002487, 1.980384757729333201, -4.850543709266902538E-16 ) ) ;
#224 = FACE_OUTER_BOUND ( 'NONE', #4100, .T. ) ;
#225 = CARTESIAN_POINT ( 'NONE',  ( 3.375000000000003109, -1.798385574751179439, 1.798385574751165894 ) ) ;
#226 = CARTESIAN_POINT ( 'NONE',  ( -0.9355555555555929992, -3.582625322360782683, -4.173103856792864441 ) ) ;
#227 = ORIENTED_EDGE ( 'NONE', *, *, #1508, .T. ) ;
#228 = ADVANCED_FACE ( 'NONE', ( #5133 ), #152, .F. ) ;
#229 = CARTESIAN_POINT ( 'NONE',  ( 5.749270769844635254, -2.480078772770445195, 0.3172652438455745849 ) ) ;
#230 = CARTESIAN_POINT ( 'NONE',  ( 4.750000000000003553, 2.499999999999996447, 1.035533905932741972 ) ) ;
#231 = CARTESIAN_POINT ( 'NONE',  ( 15.32500000000000462, -1.053469879313113200, 2.543301270189232799 ) ) ;
#232 = AXIS2_PLACEMENT_3D ( 'NONE', #2732, #4953, #1668 ) ;
#233 = EDGE_LOOP ( 'NONE', ( #4107, #1721, #2796, #3534, #3384, #2190 ) ) ;
#234 = CARTESIAN_POINT ( 'NONE',  ( 3.975000000000004530, 1.053469879313085666, 2.543301270189232799 ) ) ;
#235 = ADVANCED_FACE ( 'NONE', ( #591 ), #1703, .F. ) ;
#236 = DIRECTION ( 'NONE',  ( 1.000000000000000000, -2.104082812999166185E-16, 0.000000000000000000 ) ) ;
#237 = DIRECTION ( 'NONE',  ( 2.168404344971008868E-16, 1.000000000000000000, -0.000000000000000000 ) ) ;
#238 = CARTESIAN_POINT ( 'NONE',  ( 4.350000000000004086, -2.500000000000024425, -1.035533905932741749 ) ) ;
#239 = CARTESIAN_POINT ( 'NONE',  ( 5.463271214495931893, 2.468008690953508832, -0.3986650499657287683 ) ) ;
#240 = CARTESIAN_POINT ( 'NONE',  ( 2.800000000000005596, 1.400343491548885710, 1.400343491548899477 ) ) ;
#241 = ORIENTED_EDGE ( 'NONE', *, *, #449, .T. ) ;
#242 = CARTESIAN_POINT ( 'NONE',  ( -5.351445523957592876, -2.254348296468933199, -6.603028600450349117 ) ) ;
#243 = CARTESIAN_POINT ( 'NONE',  ( 4.600000000000004974, -1.400343491548913244, 1.400343491548899477 ) ) ;
#244 = CYLINDRICAL_SURFACE ( 'NONE', #6741, 2.500000000000008438 ) ;
#245 = ORIENTED_EDGE ( 'NONE', *, *, #5020, .T. ) ;
#246 = CARTESIAN_POINT ( 'NONE',  ( 17.50000000000000000, -1.194030629168669588E-14, -5.500000000000014211 ) ) ;
#247 = DIRECTION ( 'NONE',  ( 1.000000000000000000, -0.000000000000000000, -0.000000000000000000 ) ) ;
#248 = CARTESIAN_POINT ( 'NONE',  ( 12.25000000000000711, 1.980384757729332534, -0.8203022253684530973 ) ) ;
#249 = LINE ( 'NONE', #3633, #1207 ) ;
#250 = CARTESIAN_POINT ( 'NONE',  ( 16.40000000000000568, -1.375652421508278441E-14, 1.980384757729347189 ) ) ;
#251 = EDGE_LOOP ( 'NONE', ( #1550, #4648, #2035, #1411 ) ) ;
#252 = CARTESIAN_POINT ( 'NONE',  ( 13.85000000000000320, -2.500000000000023981, 1.035533905932742194 ) ) ;
#253 = CARTESIAN_POINT ( 'NONE',  ( 13.72500000000000497, -1.798385574751179439, 1.798385574751165894 ) ) ;
#254 = EDGE_CURVE ( 'NONE', #5478, #4307, #1046, .T. ) ;
#255 = CARTESIAN_POINT ( 'NONE',  ( 10.60000000000000142, 1.980384757729333201, -4.850543709266902538E-16 ) ) ;
#256 = CARTESIAN_POINT ( 'NONE',  ( 9.150000000000005684, 0.8203022253684378873, 1.980384757729346967 ) ) ;
#257 = CARTESIAN_POINT ( 'NONE',  ( 9.300000000000006040, -1.375652421508278441E-14, 1.980384757729347189 ) ) ;
#258 = CARTESIAN_POINT ( 'NONE',  ( 1.400000000000001910, -1.980384757729360956, 2.425271854633451269E-16 ) ) ;
#259 = CARTESIAN_POINT ( 'NONE',  ( 11.50000000000000355, 1.400343491548885710, 1.400343491548899477 ) ) ;
#260 = DIRECTION ( 'NONE',  ( -1.000000000000000000, 0.000000000000000000, -1.224646799147353207E-16 ) ) ;
#261 = CARTESIAN_POINT ( 'NONE',  ( 5.125000000000003553, -2.543301270189246122, -1.053469879313099211 ) ) ;
#262 = CARTESIAN_POINT ( 'NONE',  ( -1.298075826668750432, -3.345793604652622211, -4.376424775254276867 ) ) ;
#263 = ORIENTED_EDGE ( 'NONE', *, *, #921, .F. ) ;
#264 = CARTESIAN_POINT ( 'NONE',  ( 18.30000000000000426, -1.400343491548913688, -1.400343491548899255 ) ) ;
#265 = CARTESIAN_POINT ( 'NONE',  ( 6.650000000000003020, -2.500000000000024425, -1.035533905932741749 ) ) ;
#266 = ADVANCED_FACE ( 'NONE', ( #4444 ), #6481, .F. ) ;
#267 = CARTESIAN_POINT ( 'NONE',  ( 15.02500000000000391, 2.543301270189217700, -1.053469879313101210 ) ) ;
#268 = AXIS2_PLACEMENT_3D ( 'NONE', #7160, #1638, #560 ) ;
#269 = ORIENTED_EDGE ( 'NONE', *, *, #6872, .T. ) ;
#270 = CARTESIAN_POINT ( 'NONE',  ( 3.775000000000003908, 2.543301270189217700, -1.053469879313101210 ) ) ;
#271 = CARTESIAN_POINT ( 'NONE',  ( 15.20000000000000462, -1.372470695792103782E-14, 2.500000000000010214 ) ) ;
#272 = CARTESIAN_POINT ( 'NONE',  ( 5.900000000003434941, -2.500000000000571099, -3.905252452962722196E-13 ) ) ;
#273 = CARTESIAN_POINT ( 'NONE',  ( 5.446316870617751604, 2.468320827287899810, -0.3967382613613141262 ) ) ;
#274 = ADVANCED_FACE ( 'NONE', ( #6085 ), #2852, .F. ) ;
#275 = CARTESIAN_POINT ( 'NONE',  ( 2.200000000000004174, -1.400343491548913244, 1.400343491548899477 ) ) ;
#276 = ORIENTED_EDGE ( 'NONE', *, *, #6786, .F. ) ;
#277 = DIRECTION ( 'NONE',  ( -1.000000000000000000, 2.168404344971008621E-16, 0.000000000000000000 ) ) ;
#278 = CARTESIAN_POINT ( 'NONE',  ( 4.700000000000006395, -1.980384757729360956, 2.425271854633451269E-16 ) ) ;
#279 = CARTESIAN_POINT ( 'NONE',  ( -9.500000000000000000, 3.999999999999995559, 0.000000000000000000 ) ) ;
#280 = VERTEX_POINT ( 'NONE', #4065 ) ;
#281 = CARTESIAN_POINT ( 'NONE',  ( -14.39758100322455014, -2.610785383146992711, 0.000000000000000000 ) ) ;
#282 = CARTESIAN_POINT ( 'NONE',  ( 1.650000000000005462, -0.8203022253684666421, -1.980384757729346745 ) ) ;
#283 = CARTESIAN_POINT ( 'NONE',  ( 9.350000000000006750, -0.8203022253684655318, 1.980384757729346967 ) ) ;
#284 = DIRECTION ( 'NONE',  ( -2.168404344971008868E-16, -1.000000000000000000, 0.000000000000000000 ) ) ;
#285 = CARTESIAN_POINT ( 'NONE',  ( 15.90000000000000391, -1.400343491548913688, -1.400343491548899255 ) ) ;
#286 = CARTESIAN_POINT ( 'NONE',  ( 17.50000000000000000, -1.194030629168669588E-14, 0.000000000000000000 ) ) ;
#287 = CARTESIAN_POINT ( 'NONE',  ( 15.20000000000000462, -1.400343491548913688, -1.400343491548899255 ) ) ;
#288 = CARTESIAN_POINT ( 'NONE',  ( 8.850000000000003197, 0.8203022253684382203, -1.980384757729346745 ) ) ;
#289 = CARTESIAN_POINT ( 'NONE',  ( 8.050000000000004263, 0.8203022253684382203, -1.980384757729346745 ) ) ;
#290 = CARTESIAN_POINT ( 'NONE',  ( 11.35000000000000675, 0.8203022253684383314, -1.980384757729346745 ) ) ;
#291 = CARTESIAN_POINT ( 'NONE',  ( 2.450000000000003286, 0.8203022253684382203, -1.980384757729346745 ) ) ;
#292 = CARTESIAN_POINT ( 'NONE',  ( 11.40000000000000391, 1.980384757729333201, -4.850543709266902538E-16 ) ) ;
#293 = DIRECTION ( 'NONE',  ( -1.000000000000000000, 0.000000000000000000, 0.000000000000000000 ) ) ;
#294 = CARTESIAN_POINT ( 'NONE',  ( 1.625000000000004885, 1.053469879313085666, 2.543301270189232799 ) ) ;
#295 = CARTESIAN_POINT ( 'NONE',  ( 15.32500000000000462, -1.798385574751179439, 1.798385574751165894 ) ) ;
#296 = EDGE_LOOP ( 'NONE', ( #1851, #5653, #5971, #1891 ) ) ;
#297 = AXIS2_PLACEMENT_3D ( 'NONE', #4419, #4970, #2745 ) ;
#298 = CARTESIAN_POINT ( 'NONE',  ( -12.00000000000000000, -3.640625000000005329, 0.000000000000000000 ) ) ;
#299 = CARTESIAN_POINT ( 'NONE',  ( 7.200000000000003730, -1.372470695792103782E-14, 2.500000000000010214 ) ) ;
#300 = CARTESIAN_POINT ( 'NONE',  ( 12.47500000000000320, -1.434498467178515336E-14, -2.543301270189231911 ) ) ;
#301 = ORIENTED_EDGE ( 'NONE', *, *, #4464, .F. ) ;
#302 = CARTESIAN_POINT ( 'NONE',  ( 10.90000000000000568, -1.433703035749471672E-14, -2.500000000000010214 ) ) ;
#303 = CARTESIAN_POINT ( 'NONE',  ( 17.50000000000000000, -1.194030629168669588E-14, 0.000000000000000000 ) ) ;
#304 = CARTESIAN_POINT ( 'NONE',  ( -0.9355555555555922220, -5.102791407854944392E-15, 0.000000000000000000 ) ) ;
#305 = AXIS2_PLACEMENT_3D ( 'NONE', #2402, #4622, #6826 ) ;
#306 = CARTESIAN_POINT ( 'NONE',  ( 8.550000000000006040, 1.035533905932728427, -2.500000000000010214 ) ) ;
#307 = CARTESIAN_POINT ( 'NONE',  ( 1.450000000000006839, -1.980384757729360956, 0.8203022253684520981 ) ) ;
#308 = ORIENTED_EDGE ( 'NONE', *, *, #2910, .T. ) ;
#309 = CIRCLE ( 'NONE', #5067, 6.793923166596611551 ) ;
#310 = CARTESIAN_POINT ( 'NONE',  ( -9.500000000000000000, -3.857637417314162689E-15, 0.000000000000000000 ) ) ;
#311 = CARTESIAN_POINT ( 'NONE',  ( 5.350000000000006750, -0.8203022253684655318, 1.980384757729346967 ) ) ;
#312 = CARTESIAN_POINT ( 'NONE',  ( 5.303478595926529593, -2.474559911395251888, -0.3618426612820181409 ) ) ;
#313 = ADVANCED_FACE ( 'NONE', ( #5728 ), #1286, .F. ) ;
#314 = VERTEX_POINT ( 'NONE', #5766 ) ;
#315 =( BOUNDED_CURVE ( )  B_SPLINE_CURVE ( 2, ( #6148, #1098, #1059, #522, #6086, #5607, #6577, #2702, #2225 ),
 .UNSPECIFIED., .F., .F. ) 
 B_SPLINE_CURVE_WITH_KNOTS ( ( 3, 2, 2, 2, 3 ),
 ( 0.5340909090909090606, 0.5397727272727272929, 0.5454545454545454142, 0.5511363636363636465, 0.5568181818181817677 ),
 .UNSPECIFIED. ) 
 CURVE ( )  GEOMETRIC_REPRESENTATION_ITEM ( )  RATIONAL_B_SPLINE_CURVE ( ( 1.000000000000000000, 0.9238795325112867385, 1.000000000000000000, 0.9238795325112867385, 1.000000000000000000, 0.9238795325112867385, 1.000000000000000000, 0.9238795325112867385, 1.000000000000000000 ) ) 
 REPRESENTATION_ITEM ( '' )  );
#316 = CARTESIAN_POINT ( 'NONE',  ( 17.50000000000000000, -1.194030629168669588E-14, 0.000000000000000000 ) ) ;
#317 = CARTESIAN_POINT ( 'NONE',  ( 1.900000000000005906, 1.980384757729333201, -4.850543709266902538E-16 ) ) ;
#318 = CARTESIAN_POINT ( 'NONE',  ( 11.45000000000000462, 1.980384757729332534, -0.8203022253684530973 ) ) ;
#319 = CARTESIAN_POINT ( 'NONE',  ( 1.800000000000002931, 1.980384757729333201, -4.850543709266902538E-16 ) ) ;
#320 = CARTESIAN_POINT ( 'NONE',  ( 14.65000000000000391, 1.980384757729333201, 0.8203022253684517651 ) ) ;
#321 = DIRECTION ( 'NONE',  ( 0.000000000000000000, 0.000000000000000000, 1.000000000000000000 ) ) ;
#322 = CARTESIAN_POINT ( 'NONE',  ( 14.35000000000000497, -1.980384757729361178, -0.8203022253684513210 ) ) ;
#323 = VECTOR ( 'NONE', #2134, 1000.000000000000000 ) ;
#324 = CARTESIAN_POINT ( 'NONE',  ( 9.150000000000005684, 0.8203022253684378873, 1.980384757729346967 ) ) ;
#325 = CARTESIAN_POINT ( 'NONE',  ( 9.800000000000002487, 1.980384757729333201, -4.850543709266902538E-16 ) ) ;
#326 = CARTESIAN_POINT ( 'NONE',  ( 11.10000000000000497, -1.980384757729360956, 2.425271854633451269E-16 ) ) ;
#327 = CARTESIAN_POINT ( 'NONE',  ( 2.050000000000002931, -0.8203022253684655318, 1.980384757729346967 ) ) ;
#328 = CARTESIAN_POINT ( 'NONE',  ( 10.10000000000000320, -1.400343491548913244, 1.400343491548899477 ) ) ;
#329 = AXIS2_PLACEMENT_3D ( 'NONE', #3044, #4245, #6923 ) ;
#330 = DIRECTION ( 'NONE',  ( -2.168404344971008868E-16, -1.000000000000000000, 0.000000000000000000 ) ) ;
#331 = CARTESIAN_POINT ( 'NONE',  ( 18.60000000000000142, 1.980384757729333201, -4.850543709266902538E-16 ) ) ;
#332 =( BOUNDED_CURVE ( )  B_SPLINE_CURVE ( 2, ( #4440, #6040, #4885, #7086, #3351, #5531, #555, #4337, #9 ),
 .UNSPECIFIED., .F., .F. ) 
 B_SPLINE_CURVE_WITH_KNOTS ( ( 3, 2, 2, 2, 3 ),
 ( 0.8068181818181817677, 0.8125000000000000000, 0.8181818181818182323, 0.8238636363636363535, 0.8295454545454545858 ),
 .UNSPECIFIED. ) 
 CURVE ( )  GEOMETRIC_REPRESENTATION_ITEM ( )  RATIONAL_B_SPLINE_CURVE ( ( 1.000000000000000000, 0.9238795325112867385, 1.000000000000000000, 0.9238795325112867385, 1.000000000000000000, 0.9238795325112867385, 1.000000000000000000, 0.9238795325112867385, 1.000000000000000000 ) ) 
 REPRESENTATION_ITEM ( '' )  );
#333 = VERTEX_POINT ( 'NONE', #2382 ) ;
#334 = CARTESIAN_POINT ( 'NONE',  ( 18.20000000000000284, -1.980384757729360956, 2.425271854633451269E-16 ) ) ;
#335 = CARTESIAN_POINT ( 'NONE',  ( 6.800000000000005151, -1.433703035749471672E-14, -2.500000000000010214 ) ) ;
#336 = CARTESIAN_POINT ( 'NONE',  ( 12.77500000000000568, 1.798385574751152127, 1.798385574751165894 ) ) ;
#337 = ORIENTED_EDGE ( 'NONE', *, *, #5895, .F. ) ;
#338 = DIRECTION ( 'NONE',  ( -0.000000000000000000, 1.000000000000000000, -0.000000000000000000 ) ) ;
#339 = CARTESIAN_POINT ( 'NONE',  ( 17.50000000000000000, -1.194030629168669588E-14, 0.000000000000000000 ) ) ;
#340 = CARTESIAN_POINT ( 'NONE',  ( -6.640625000000004441, -3.640625000000006217, 0.000000000000000000 ) ) ;
#341 = EDGE_CURVE ( 'NONE', #6978, #2306, #3630, .T. ) ;
#342 = DIRECTION ( 'NONE',  ( 2.168404344971008868E-16, 1.000000000000000000, -0.000000000000000000 ) ) ;
#344 = CARTESIAN_POINT ( 'NONE',  ( 2.700000000000006395, 1.980384757729333201, -4.850543709266902538E-16 ) ) ;
#343 = AXIS2_PLACEMENT_3D ( 'NONE', #6138, #1297, #4575 ) ;
#345 = EDGE_LOOP ( 'NONE', ( #3227, #3860, #1358, #2367 ) ) ;
#346 = CARTESIAN_POINT ( 'NONE',  ( 9.475000000000003197, 2.543301270189218588, 1.053469879313099433 ) ) ;
#347 = CARTESIAN_POINT ( 'NONE',  ( 3.850000000000005862, -1.980384757729360956, 0.8203022253684520981 ) ) ;
#348 = CARTESIAN_POINT ( 'NONE',  ( 17.06355622879829781, -2.222903872694836025, 1.073882045166228760 ) ) ;
#349 = LOCAL_TIME ( 14, 24, 13.00000000000000000, #2074 ) ;
#350 = VERTEX_POINT ( 'NONE', #2423 ) ;
#351 = DIRECTION ( 'NONE',  ( -2.168404344971008868E-16, -1.000000000000000000, 0.000000000000000000 ) ) ;
#352 = CARTESIAN_POINT ( 'NONE',  ( 17.50000000000000000, -1.194030629168669588E-14, -2.500000000000008438 ) ) ;
#353 = CARTESIAN_POINT ( 'NONE',  ( 12.35000000000000675, 1.980384757729333201, 0.8203022253684517651 ) ) ;
#354 = DIRECTION ( 'NONE',  ( 2.168404344971008868E-16, 1.000000000000000000, -0.000000000000000000 ) ) ;
#355 = CARTESIAN_POINT ( 'NONE',  ( 15.40000000000000391, 1.980384757729333201, -4.850543709266902538E-16 ) ) ;
#356 = DIRECTION ( 'NONE',  ( 2.168404344971008868E-16, 1.000000000000000000, -0.000000000000000000 ) ) ;
#357 = EDGE_CURVE ( 'NONE', #5016, #1830, #3133, .T. ) ;
#358 = CARTESIAN_POINT ( 'NONE',  ( 13.65000000000000568, -0.8203022253684666421, -1.980384757729346745 ) ) ;
#359 = DIRECTION ( 'NONE',  ( 1.224646799147353207E-16, -2.655529440325959183E-32, 1.000000000000000000 ) ) ;
#360 = CARTESIAN_POINT ( 'NONE',  ( 11.20000000000000284, -1.424157858600947694E-14, -1.980384757729347189 ) ) ;
#361 = CARTESIAN_POINT ( 'NONE',  ( 8.400000000000002132, -1.375652421508278441E-14, 1.980384757729347189 ) ) ;
#362 = TOROIDAL_SURFACE ( 'NONE', #1275, 5.056145703497868737, 0.1796875000000000000 ) ;
#363 = CARTESIAN_POINT ( 'NONE',  ( 6.150000000000007461, -0.8203022253684655318, 1.980384757729347189 ) ) ;
#364 = CARTESIAN_POINT ( 'NONE',  ( 3.000000000000002665, -1.980384757729360956, 2.425271854633451269E-16 ) ) ;
#365 = CARTESIAN_POINT ( 'NONE',  ( 10.20000000000000462, -1.980384757729360956, 2.425271854633451269E-16 ) ) ;
#366 = CARTESIAN_POINT ( 'NONE',  ( 1.233333333333337389, -1.375652421508278915E-14, 1.980384757729347189 ) ) ;
#367 = EDGE_CURVE ( 'NONE', #5254, #4465, #6377, .T. ) ;
#368 = CARTESIAN_POINT ( 'NONE',  ( 18.10000000000000497, -1.400343491548913244, 1.400343491548899477 ) ) ;
#369 = ORIENTED_EDGE ( 'NONE', *, *, #2694, .F. ) ;
#370 = DIRECTION ( 'NONE',  ( 2.168404344971008868E-16, 1.000000000000000000, -0.000000000000000000 ) ) ;
#371 =( BOUNDED_CURVE ( )  B_SPLINE_CURVE ( 2, ( #6756, #5757, #3429, #731, #5646, #5036, #5105, #6721, #85 ),
 .UNSPECIFIED., .F., .F. ) 
 B_SPLINE_CURVE_WITH_KNOTS ( ( 3, 2, 2, 2, 3 ),
 ( 0.3295454545454545303, 0.3352272727272727071, 0.3409090909090908839, 0.3465909090909091161, 0.3522727272727272929 ),
 .UNSPECIFIED. ) 
 CURVE ( )  GEOMETRIC_REPRESENTATION_ITEM ( )  RATIONAL_B_SPLINE_CURVE ( ( 1.000000000000000000, 0.9238795325112867385, 1.000000000000000000, 0.9238795325112867385, 1.000000000000000000, 0.9238795325112867385, 1.000000000000000000, 0.9238795325112867385, 1.000000000000000000 ) ) 
 REPRESENTATION_ITEM ( '' )  );
#372 = CARTESIAN_POINT ( 'NONE',  ( 15.15000000000000568, -1.980384757729361400, -0.8203022253684514320 ) ) ;
#373 = CARTESIAN_POINT ( 'NONE',  ( 11.77500000000000391, 1.798385574751151461, -1.798385574751166116 ) ) ;
#374 = EDGE_LOOP ( 'NONE', ( #6278, #1592, #6306, #4596 ) ) ;
#375 = CARTESIAN_POINT ( 'NONE',  ( 10.15000000000000213, 1.035533905932728427, -2.500000000000010214 ) ) ;
#376 = CARTESIAN_POINT ( 'NONE',  ( 15.45000000000000462, -2.500000000000024425, -1.035533905932741749 ) ) ;
#377 = DIRECTION ( 'NONE',  ( -1.000000000000000000, 2.254409081679264136E-16, 0.000000000000000000 ) ) ;
#378 = DIRECTION ( 'NONE',  ( 0.000000000000000000, 0.000000000000000000, -1.000000000000000000 ) ) ;
#379 = CARTESIAN_POINT ( 'NONE',  ( 12.75000000000000533, 1.035533905932727983, 2.500000000000010214 ) ) ;
#380 = ORIENTED_EDGE ( 'NONE', *, *, #3679, .F. ) ;
#381 = ADVANCED_FACE ( 'NONE', ( #1321 ), #2590, .F. ) ;
#382 = CARTESIAN_POINT ( 'NONE',  ( 10.92500000000000426, 1.798385574751151461, -1.798385574751166116 ) ) ;
#383 = CARTESIAN_POINT ( 'NONE',  ( 6.200000000000005507, -1.400343491548913244, 1.400343491548899477 ) ) ;
#384 = CARTESIAN_POINT ( 'NONE',  ( 17.02714703814703867, -1.498645421067079653, 1.915793159768695464 ) ) ;
#385 = VECTOR ( 'NONE', #4896, 1000.000000000000114 ) ;
#386 = CARTESIAN_POINT ( 'NONE',  ( 5.775151454206540080, -2.482810662695406290, -0.2963616422209263690 ) ) ;
#387 = CARTESIAN_POINT ( 'NONE',  ( 7.750000000000006217, -0.8203022253684655318, 1.980384757729346967 ) ) ;
#388 = DIRECTION ( 'NONE',  ( 0.7071067811865471286, 4.329780281177933583E-17, 0.7071067811865479058 ) ) ;
#389 = DIRECTION ( 'NONE',  ( 0.000000000000000000, 0.000000000000000000, -1.000000000000000000 ) ) ;
#390 = CARTESIAN_POINT ( 'NONE',  ( 14.00000000000000533, -1.767766952966390193, -1.767766952966375760 ) ) ;
#391 = CARTESIAN_POINT ( 'NONE',  ( 13.35000000000000497, -0.8203022253684655318, 1.980384757729346967 ) ) ;
#392 = AXIS2_PLACEMENT_3D ( 'NONE', #3865, #5430, #6749 ) ;
#393 = CARTESIAN_POINT ( 'NONE',  ( 7.600000000000004974, -1.433703035749471672E-14, -2.500000000000010214 ) ) ;
#394 = CARTESIAN_POINT ( 'NONE',  ( 8.000000000000003553, -1.424157858600947694E-14, -1.980384757729347189 ) ) ;
#395 = ADVANCED_FACE ( 'NONE', ( #3517 ), #1980, .T. ) ;
#396 = CARTESIAN_POINT ( 'NONE',  ( 7.300000000000002487, 1.400343491548885266, -1.400343491548899699 ) ) ;
#397 = CARTESIAN_POINT ( 'NONE',  ( 7.150000000000005684, -1.980384757729361400, -0.8203022253684514320 ) ) ;
#398 = CARTESIAN_POINT ( 'NONE',  ( 4.050000000000003375, 0.8203022253684382203, -1.980384757729346745 ) ) ;
#399 = CARTESIAN_POINT ( 'NONE',  ( 8.050000000000002487, 0.8203022253684383314, -1.980384757729346745 ) ) ;
#400 = CARTESIAN_POINT ( 'NONE',  ( -9.500000000000000000, 3.999999999999995559, 0.000000000000000000 ) ) ;
#401 = CARTESIAN_POINT ( 'NONE',  ( 1.725000000000004530, -1.053469879313113200, 2.543301270189232799 ) ) ;
#402 =( BOUNDED_CURVE ( )  B_SPLINE_CURVE ( 2, ( #6882, #6409, #708, #4680, #3594, #2926, #1909, #5258, #5803 ),
 .UNSPECIFIED., .F., .T. ) 
 B_SPLINE_CURVE_WITH_KNOTS ( ( 3, 2, 2, 2, 3 ),
 ( 0.7954545454545454142, 0.8011363636363636465, 0.8068181818181818787, 0.8125000000000000000, 0.8181818181818182323 ),
 .UNSPECIFIED. ) 
 CURVE ( )  GEOMETRIC_REPRESENTATION_ITEM ( )  RATIONAL_B_SPLINE_CURVE ( ( 1.000000000000000000, 0.9238795325112867385, 1.000000000000000000, 0.9238795325112867385, 1.000000000000000000, 0.9238795325112867385, 1.000000000000000000, 0.9238795325112867385, 1.000000000000000000 ) ) 
 REPRESENTATION_ITEM ( '' )  );
#403 = ORIENTED_EDGE ( 'NONE', *, *, #5947, .F. ) ;
#404 = DIRECTION ( 'NONE',  ( 0.000000000000000000, 0.000000000000000000, -1.000000000000000000 ) ) ;
#405 = EDGE_CURVE ( 'NONE', #4814, #5180, #3991, .T. ) ;
#406 = CARTESIAN_POINT ( 'NONE',  ( 18.65000000000000568, 1.980384757729332534, -0.8203022253684530973 ) ) ;
#407 = CARTESIAN_POINT ( 'NONE',  ( 12.45000000000000639, 0.8203022253684378873, 1.980384757729347189 ) ) ;
#408 = CARTESIAN_POINT ( 'NONE',  ( 16.30000000000000071, 1.400343491548885710, 1.400343491548899477 ) ) ;
#409 = CARTESIAN_POINT ( 'NONE',  ( 11.37500000000000355, -1.798385574751179439, 1.798385574751165894 ) ) ;
#410 = VERTEX_POINT ( 'NONE', #5186 ) ;
#411 = CARTESIAN_POINT ( 'NONE',  ( 16.00000000000000355, 1.767766952966362215, 1.767766952966375982 ) ) ;
#412 = CARTESIAN_POINT ( 'NONE',  ( 15.50000000000000355, -1.767766952966390193, -1.767766952966375760 ) ) ;
#413 = ADVANCED_FACE ( 'NONE', ( #4644 ), #3077, .F. ) ;
#414 = APPROVAL_STATUS ( 'not_yet_approved' ) ;
#415 = AXIS2_PLACEMENT_3D ( 'NONE', #2017, #2161, #4243 ) ;
#416 = CARTESIAN_POINT ( 'NONE',  ( 9.100000000000001421, -2.500000000000023981, 3.061616997868394974E-16 ) ) ;
#417 = DIRECTION ( 'NONE',  ( 0.000000000000000000, 0.000000000000000000, 1.000000000000000000 ) ) ;
#418 = ORIENTED_EDGE ( 'NONE', *, *, #5711, .F. ) ;
#419 = CARTESIAN_POINT ( 'NONE',  ( 8.475000000000004974, 1.053469879313086111, -2.543301270189232355 ) ) ;
#420 = CARTESIAN_POINT ( 'NONE',  ( 1.500000000000004885, -1.980384757729360956, 2.425271854633451269E-16 ) ) ;
#421 = CARTESIAN_POINT ( 'NONE',  ( 17.08993123569952033, -2.474222347374692710, 0.3214483644759327241 ) ) ;
#422 = CARTESIAN_POINT ( 'NONE',  ( 5.499999999999315214, -2.467792535849478774, -0.4000000000071515238 ) ) ;
#423 = DIRECTION ( 'NONE',  ( 1.000000000000000000, -0.000000000000000000, -0.000000000000000000 ) ) ;
#424 = LINE ( 'NONE', #4786, #4956 ) ;
#425 = CARTESIAN_POINT ( 'NONE',  ( 8.000000000000005329, -1.400343491548913688, -1.400343491548899255 ) ) ;
#426 = CARTESIAN_POINT ( 'NONE',  ( 5.500000000000000888, -4.500000000000009770, 0.000000000000000000 ) ) ;
#427 = CARTESIAN_POINT ( 'NONE',  ( 17.97500000000000497, -1.798385574751180105, -1.798385574751165450 ) ) ;
#428 = AXIS2_PLACEMENT_3D ( 'NONE', #1932, #4164, #4303 ) ;
#429 = CARTESIAN_POINT ( 'NONE',  ( 3.700000000000003286, -1.433703035749471672E-14, -2.500000000000010214 ) ) ;
#430 = CARTESIAN_POINT ( 'NONE',  ( 15.35000000000000853, 0.8203022253684382203, -1.980384757729346745 ) ) ;
#431 = FACE_OUTER_BOUND ( 'NONE', #3164, .T. ) ;
#432 = ORIENTED_EDGE ( 'NONE', *, *, #3140, .F. ) ;
#433 = CARTESIAN_POINT ( 'NONE',  ( 5.550000000000002487, -0.8203022253684666421, -1.980384757729346745 ) ) ;
#434 = VECTOR ( 'NONE', #2969, 1000.000000000000000 ) ;
#435 = CIRCLE ( 'NONE', #5537, 6.183419202631550426 ) ;
#436 = CARTESIAN_POINT ( 'NONE',  ( 7.250000000000006217, -0.8203022253684666421, -1.980384757729346745 ) ) ;
#437 = CARTESIAN_POINT ( 'NONE',  ( 17.65000000000000568, -0.8203022253684666421, -1.980384757729346745 ) ) ;
#438 = CARTESIAN_POINT ( 'NONE',  ( 5.900000000000002132, 1.400343491548885710, 1.400343491548899477 ) ) ;
#439 = CARTESIAN_POINT ( 'NONE',  ( -6.635278514588855536, -0.3809159275156182023, 7.469496021220156656 ) ) ;
#440 = CARTESIAN_POINT ( 'NONE',  ( 17.80000000000000426, 1.980384757729333201, -4.850543709266902538E-16 ) ) ;
#441 = VERTEX_POINT ( 'NONE', #6846 ) ;
#442 = CARTESIAN_POINT ( 'NONE',  ( 15.90000000000000391, -1.400343491548913688, -1.400343491548899255 ) ) ;
#443 = CARTESIAN_POINT ( 'NONE',  ( 17.90000000000000568, 1.980384757729333201, -4.850543709266902538E-16 ) ) ;
#444 = CIRCLE ( 'NONE', #778, 3.847401720642127820 ) ;
#445 = VECTOR ( 'NONE', #2634, 1000.000000000000000 ) ;
#446 = CARTESIAN_POINT ( 'NONE',  ( 12.25000000000000711, 1.980384757729332978, -0.8203022253684528753 ) ) ;
#447 = CARTESIAN_POINT ( 'NONE',  ( 15.40000000000000391, 1.980384757729333201, -4.850543709266902538E-16 ) ) ;
#448 = CARTESIAN_POINT ( 'NONE',  ( 11.92500000000000426, 2.543301270189218588, 1.053469879313099433 ) ) ;
#449 = EDGE_CURVE ( 'NONE', #1285, #3477, #402, .T. ) ;
#450 = ORIENTED_EDGE ( 'NONE', *, *, #532, .F. ) ;
#451 = CARTESIAN_POINT ( 'NONE',  ( 1.875000000000005107, -2.543301270189246122, -1.053469879313099211 ) ) ;
#452 = CARTESIAN_POINT ( 'NONE',  ( 16.80000000000000426, -1.372470695792103782E-14, 2.500000000000010214 ) ) ;
#453 = PLANE ( 'NONE',  #1357 ) ;
#454 = CARTESIAN_POINT ( 'NONE',  ( 17.50000000000000000, -1.194030629168669588E-14, 0.000000000000000000 ) ) ;
#455 = ORIENTED_EDGE ( 'NONE', *, *, #6809, .T. ) ;
#456 = EDGE_CURVE ( 'NONE', #2959, #410, #1871, .T. ) ;
#457 = CARTESIAN_POINT ( 'NONE',  ( 9.325000000000004619, 1.798385574751151461, -1.798385574751166116 ) ) ;
#458 = CARTESIAN_POINT ( 'NONE',  ( 1.750000000000004885, 0.8203022253684382203, -1.980384757729346745 ) ) ;
#459 = CARTESIAN_POINT ( 'NONE',  ( -9.500000000000000000, -3.857637417314162689E-15, 0.000000000000000000 ) ) ;
#460 = DIRECTION ( 'NONE',  ( 1.000000000000000000, -0.000000000000000000, -0.000000000000000000 ) ) ;
#461 = CARTESIAN_POINT ( 'NONE',  ( 17.06199054061910658, -1.957708355682046486, -1.501636167810529221 ) ) ;
#462 = DIRECTION ( 'NONE',  ( 1.000000000000000000, -0.000000000000000000, -0.000000000000000000 ) ) ;
#463 = CARTESIAN_POINT ( 'NONE',  ( 7.050000000000005151, -1.980384757729360956, 0.8203022253684520981 ) ) ;
#464 = FACE_OUTER_BOUND ( 'NONE', #1429, .T. ) ;
#465 = AXIS2_PLACEMENT_3D ( 'NONE', #6686, #1860, #1312 ) ;
#466 = CARTESIAN_POINT ( 'NONE',  ( 10.45000000000000639, -0.8203022253684666421, -1.980384757729346745 ) ) ;
#467 = CYLINDRICAL_SURFACE ( 'NONE', #3083, 2.500000000000008438 ) ;
#468 = VERTEX_POINT ( 'NONE', #281 ) ;
#469 = CARTESIAN_POINT ( 'NONE',  ( 7.650000000000002132, -0.8203022253684655318, 1.980384757729346967 ) ) ;
#470 = CARTESIAN_POINT ( 'NONE',  ( 6.050000000000005151, 0.8203022253684378873, 1.980384757729347189 ) ) ;
#471 = CARTESIAN_POINT ( 'NONE',  ( 16.90000000000000568, -1.424157858600947694E-14, -1.980384757729347189 ) ) ;
#472 = CARTESIAN_POINT ( 'NONE',  ( 5.550000000000002487, -0.8203022253684666421, -1.980384757729346745 ) ) ;
#473 = DIRECTION ( 'NONE',  ( -2.168404344971008868E-16, -1.000000000000000000, 0.000000000000000000 ) ) ;
#474 = EDGE_CURVE ( 'NONE', #5411, #3312, #2121, .T. ) ;
#475 = ORIENTED_EDGE ( 'NONE', *, *, #3679, .T. ) ;
#476 = CARTESIAN_POINT ( 'NONE',  ( 16.10000000000000142, 1.400343491548885266, -1.400343491548899699 ) ) ;
#477 = CARTESIAN_POINT ( 'NONE',  ( 18.40000000000000568, -1.400343491548913688, -1.400343491548899255 ) ) ;
#478 = VECTOR ( 'NONE', #3730, 1000.000000000000000 ) ;
#479 = CARTESIAN_POINT ( 'NONE',  ( 14.30000000000000604, -1.980384757729360956, 2.425271854633451269E-16 ) ) ;
#480 = CARTESIAN_POINT ( 'NONE',  ( 6.800000000000005151, -1.433703035749471672E-14, -2.500000000000010214 ) ) ;
#481 = CARTESIAN_POINT ( 'NONE',  ( 8.475000000000003197, -1.434498467178515336E-14, -2.543301270189231911 ) ) ;
#482 = ORIENTED_EDGE ( 'NONE', *, *, #6645, .F. ) ;
#483 = CARTESIAN_POINT ( 'NONE',  ( 7.700000000000004619, 1.767766952966361771, -1.767766952966376204 ) ) ;
#484 = CARTESIAN_POINT ( 'NONE',  ( -0.9355555555555922220, -5.102791407854944392E-15, -8.548000000000014253 ) ) ;
#485 = PERSON_AND_ORGANIZATION_ROLE ( 'creator' ) ;
#486 = ORIENTED_EDGE ( 'NONE', *, *, #6685, .F. ) ;
#487 = EDGE_CURVE ( 'NONE', #1315, #712, #4860, .T. ) ;
#488 = CARTESIAN_POINT ( 'NONE',  ( 5.101252402668623454, -2.499799846268940584, -0.03227288433419639446 ) ) ;
#489 = CARTESIAN_POINT ( 'NONE',  ( 11.30000000000000426, -1.372470695792103782E-14, 2.500000000000010214 ) ) ;
#490 = DIRECTION ( 'NONE',  ( 1.000000000000000000, -2.104082812999166185E-16, 0.000000000000000000 ) ) ;
#491 = CARTESIAN_POINT ( 'NONE',  ( 9.925000000000004263, -1.798385574751180105, -1.798385574751165450 ) ) ;
#492 = CARTESIAN_POINT ( 'NONE',  ( 3.050000000000005596, -1.980384757729360956, 0.8203022253684520981 ) ) ;
#493 = CARTESIAN_POINT ( 'NONE',  ( -14.55614570349786874, -2.875000000000006661, 6.191992651811307645E-16 ) ) ;
#494 = VECTOR ( 'NONE', #2380, 1000.000000000000000 ) ;
#495 = EDGE_CURVE ( 'NONE', #6770, #1024, #6582, .T. ) ;
#496 = CARTESIAN_POINT ( 'NONE',  ( -15.91115970398492685, 2.695312499999994671, 0.000000000000000000 ) ) ;
#497 = CARTESIAN_POINT ( 'NONE',  ( -2.591438496434740557, 2.729362059608197111, 5.254796235092092260 ) ) ;
#498 = CARTESIAN_POINT ( 'NONE',  ( -9.500000000000000000, 2.874999999999993339, 0.000000000000000000 ) ) ;
#499 = CARTESIAN_POINT ( 'NONE',  ( 9.200000000000004619, 1.400343491548885710, 1.400343491548899477 ) ) ;
#500 = CARTESIAN_POINT ( 'NONE',  ( 16.00000000000000355, -1.372470695792103782E-14, 2.500000000000010214 ) ) ;
#501 = CARTESIAN_POINT ( 'NONE',  ( 11.80000000000000426, -1.400343491548913244, 1.400343491548899477 ) ) ;
#502 = CARTESIAN_POINT ( 'NONE',  ( -15.51942169149164030, -2.875000000000006661, 7.472085020746193200E-16 ) ) ;
#503 = EDGE_LOOP ( 'NONE', ( #7039, #5149 ) ) ;
#504 = CARTESIAN_POINT ( 'NONE',  ( 7.900000000000002132, -1.400343491548913688, -1.400343491548899255 ) ) ;
#505 = CARTESIAN_POINT ( 'NONE',  ( 7.850000000000005862, -1.980384757729360956, 0.8203022253684520981 ) ) ;
#506 = CARTESIAN_POINT ( 'NONE',  ( 15.95000000000000462, -1.980384757729361178, -0.8203022253684513210 ) ) ;
#507 = CARTESIAN_POINT ( 'NONE',  ( 7.650000000000002132, -0.8203022253684655318, 1.980384757729347189 ) ) ;
#508 = LINE ( 'NONE', #1583, #1701 ) ;
#509 = ORIENTED_EDGE ( 'NONE', *, *, #487, .T. ) ;
#510 = ORIENTED_EDGE ( 'NONE', *, *, #3047, .T. ) ;
#511 = CARTESIAN_POINT ( 'NONE',  ( 15.85000000000000320, -1.980384757729361178, -0.8203022253684513210 ) ) ;
#512 = CARTESIAN_POINT ( 'NONE',  ( 18.05000000000001137, 0.8203022253684378873, 1.980384757729346967 ) ) ;
#513 = CARTESIAN_POINT ( 'NONE',  ( 12.95000000000000639, 0.8203022253684383314, -1.980384757729346745 ) ) ;
#514 = CARTESIAN_POINT ( 'NONE',  ( 17.50000000000000000, -1.194030629168669588E-14, 0.000000000000000000 ) ) ;
#515 = EDGE_CURVE ( 'NONE', #3019, #1270, #1604, .T. ) ;
#516 = CARTESIAN_POINT ( 'NONE',  ( 7.425000000000004263, -2.543301270189245677, 1.053469879313099655 ) ) ;
#517 = ORIENTED_EDGE ( 'NONE', *, *, #997, .F. ) ;
#518 = CARTESIAN_POINT ( 'NONE',  ( 13.55000000000000249, 1.035533905932727983, 2.500000000000010214 ) ) ;
#519 = ORIENTED_EDGE ( 'NONE', *, *, #4051, .T. ) ;
#520 = CARTESIAN_POINT ( 'NONE',  ( 5.101872669448172637, -2.499701056393031084, -0.03866042767392333795 ) ) ;
#521 = CARTESIAN_POINT ( 'NONE',  ( -9.500000000000001776, -2.250000000000036859, 0.000000000000000000 ) ) ;
#522 = CARTESIAN_POINT ( 'NONE',  ( 9.450000000000002842, 2.499999999999996003, 1.035533905932741972 ) ) ;
#523 = CARTESIAN_POINT ( 'NONE',  ( 7.475000000000004086, -2.543301270189246122, -1.053469879313099211 ) ) ;
#524 = CARTESIAN_POINT ( 'NONE',  ( 18.57500000000000639, -2.543301270189245677, 1.053469879313099655 ) ) ;
#525 = CARTESIAN_POINT ( 'NONE',  ( 1.200000000000003064, -1.375652421508278441E-14, 1.980384757729347189 ) ) ;
#526 = CIRCLE ( 'NONE', #4586, 2.499999999999996891 ) ;
#527 = DIRECTION ( 'NONE',  ( -0.000000000000000000, -1.000000000000000000, -0.000000000000000000 ) ) ;
#528 = CARTESIAN_POINT ( 'NONE',  ( 1.322327206340522476, -1.363423993022375047, -1.885654201579456846 ) ) ;
#529 = LINE ( 'NONE', #1746, #1463 ) ;
#530 = CARTESIAN_POINT ( 'NONE',  ( 8.800000000000006040, -1.400343491548913688, -1.400343491548899255 ) ) ;
#531 = DIRECTION ( 'NONE',  ( 1.000000000000000000, 0.000000000000000000, 1.224646799147349263E-16 ) ) ;
#532 = EDGE_CURVE ( 'NONE', #6631, #1467, #5893, .T. ) ;
#533 = CARTESIAN_POINT ( 'NONE',  ( 12.50000000000000533, -1.375652421508278441E-14, 1.980384757729347189 ) ) ;
#534 = DIRECTION ( 'NONE',  ( 0.000000000000000000, 0.000000000000000000, -1.000000000000000000 ) ) ;
#535 = EDGE_LOOP ( 'NONE', ( #1726, #949 ) ) ;
#536 = CARTESIAN_POINT ( 'NONE',  ( 5.600000000000002309, -1.424157858600947694E-14, -1.980384757729347189 ) ) ;
#537 = CARTESIAN_POINT ( 'NONE',  ( 3.900000000000005684, -1.980384757729360956, 2.425271854633451269E-16 ) ) ;
#538 = CIRCLE ( 'NONE', #1219, 5.056145703497874067 ) ;
#539 = CARTESIAN_POINT ( 'NONE',  ( 16.95000000000000639, 0.8203022253684382203, -1.980384757729346745 ) ) ;
#540 = CARTESIAN_POINT ( 'NONE',  ( 6.800000000000002487, -1.375652421508278441E-14, 1.980384757729347189 ) ) ;
#541 = ORIENTED_EDGE ( 'NONE', *, *, #4485, .F. ) ;
#542 = CARTESIAN_POINT ( 'NONE',  ( -6.635278514588855536, 0.3809159275156190905, -7.469496021220156656 ) ) ;
#543 = EDGE_LOOP ( 'NONE', ( #4527, #1968, #245, #4503 ) ) ;
#544 = ORIENTED_EDGE ( 'NONE', *, *, #6545, .T. ) ;
#545 = CIRCLE ( 'NONE', #4605, 6.793923166596611551 ) ;
#546 = CARTESIAN_POINT ( 'NONE',  ( 16.15000000000000568, 1.980384757729332534, -0.8203022253684530973 ) ) ;
#547 = CARTESIAN_POINT ( 'NONE',  ( 14.60000000000000320, -2.500000000000023981, 3.061616997868394974E-16 ) ) ;
#548 =( BOUNDED_CURVE ( )  B_SPLINE_CURVE ( 2, ( #4129, #2489, #6367, #2456, #4707, #6908, #808, #4557, #6840 ),
 .UNSPECIFIED., .F., .F. ) 
 B_SPLINE_CURVE_WITH_KNOTS ( ( 3, 2, 2, 2, 3 ),
 ( 0.9659090909090909394, 0.9715909090909090606, 0.9772727272727272929, 0.9829545454545454142, 0.9886363636363636465 ),
 .UNSPECIFIED. ) 
 CURVE ( )  GEOMETRIC_REPRESENTATION_ITEM ( )  RATIONAL_B_SPLINE_CURVE ( ( 1.000000000000000000, 0.9238795325112867385, 1.000000000000000000, 0.9238795325112867385, 1.000000000000000000, 0.9238795325112867385, 1.000000000000000000, 0.9238795325112867385, 1.000000000000000000 ) ) 
 REPRESENTATION_ITEM ( '' )  );
#549 = CARTESIAN_POINT ( 'NONE',  ( 11.90000000000000568, -1.980384757729360956, 2.425271854633451269E-16 ) ) ;
#550 = DIRECTION ( 'NONE',  ( -2.168404344971008868E-16, -1.000000000000000000, 0.000000000000000000 ) ) ;
#551 = CARTESIAN_POINT ( 'NONE',  ( 8.975000000000003197, -1.798385574751179439, 1.798385574751165894 ) ) ;
#552 = ORIENTED_EDGE ( 'NONE', *, *, #1676, .T. ) ;
#553 = CARTESIAN_POINT ( 'NONE',  ( 7.400000000000003908, -1.767766952966389749, 1.767766952966375982 ) ) ;
#554 = AXIS2_PLACEMENT_3D ( 'NONE', #1902, #5720, #3545 ) ;
#555 = CARTESIAN_POINT ( 'NONE',  ( 4.500000000000004441, 1.767766952966361771, -1.767766952966376204 ) ) ;
#556 = VERTEX_POINT ( 'NONE', #3253 ) ;
#557 = FACE_OUTER_BOUND ( 'NONE', #4394, .T. ) ;
#558 = CARTESIAN_POINT ( 'NONE',  ( 11.45000000000000462, -2.500000000000023981, 1.035533905932742194 ) ) ;
#559 = CARTESIAN_POINT ( 'NONE',  ( 16.57500000000000284, 1.798385574751151461, -1.798385574751166116 ) ) ;
#560 = DIRECTION ( 'NONE',  ( 0.000000000000000000, 0.000000000000000000, -1.000000000000000000 ) ) ;
#561 = TOROIDAL_SURFACE ( 'NONE', #904, 6.411159703984925962, 0.1796875000000000000 ) ;
#562 = ORIENTED_EDGE ( 'NONE', *, *, #6152, .F. ) ;
#563 = CARTESIAN_POINT ( 'NONE',  ( 5.975000000000004974, -1.053469879313114754, -2.543301270189232355 ) ) ;
#564 = CARTESIAN_POINT ( 'NONE',  ( 18.32500000000000284, 1.798385574751152127, 1.798385574751165894 ) ) ;
#565 = EDGE_CURVE ( 'NONE', #869, #715, #6297, .T. ) ;
#566 = CARTESIAN_POINT ( 'NONE',  ( 3.100000000000004086, 1.767766952966362215, 1.767766952966375982 ) ) ;
#567 = CARTESIAN_POINT ( 'NONE',  ( 5.101872669448172637, -2.499701056393031084, -0.03866042767392333795 ) ) ;
#568 = CARTESIAN_POINT ( 'NONE',  ( 16.59204080865600517, -1.997388697301165195, 0.01851225676324416702 ) ) ;
#569 = CARTESIAN_POINT ( 'NONE',  ( 5.800000000000005151, 1.400343491548885266, -1.400343491548899699 ) ) ;
#570 = CARTESIAN_POINT ( 'NONE',  ( 10.20000000000000639, -1.400343491548913244, 1.400343491548899477 ) ) ;
#571 = DIRECTION ( 'NONE',  ( 1.000000000000000000, -0.000000000000000000, -0.000000000000000000 ) ) ;
#572 = ORIENTED_EDGE ( 'NONE', *, *, #1669, .F. ) ;
#573 = CARTESIAN_POINT ( 'NONE',  ( 3.250000000000003109, 0.8203022253684382203, -1.980384757729346745 ) ) ;
#574 = CARTESIAN_POINT ( 'NONE',  ( 2.400000000000006128, -1.400343491548913688, -1.400343491548899255 ) ) ;
#575 = ADVANCED_FACE ( 'NONE', ( #2085 ), #5400, .T. ) ;
#576 = CARTESIAN_POINT ( 'NONE',  ( 16.55000000000000782, -0.8203022253684655318, 1.980384757729346967 ) ) ;
#577 = CARTESIAN_POINT ( 'NONE',  ( 4.800000000000002487, -1.424157858600947694E-14, -1.980384757729347189 ) ) ;
#578 = ORIENTED_EDGE ( 'NONE', *, *, #4425, .T. ) ;
#579 = CARTESIAN_POINT ( 'NONE',  ( 5.380974391785756872, 2.470661266829336622, -0.3818807465547806590 ) ) ;
#580 = AXIS2_PLACEMENT_3D ( 'NONE', #3997, #1803, #5629 ) ;
#581 = EDGE_LOOP ( 'NONE', ( #4301, #1925, #1252, #1613, #3851, #1017, #6561, #4389 ) ) ;
#582 = CARTESIAN_POINT ( 'NONE',  ( 17.50000000000000000, -1.400343491548913688, -1.400343491548899255 ) ) ;
#583 = CARTESIAN_POINT ( 'NONE',  ( 13.05000000000000249, 1.980384757729333201, 0.8203022253684517651 ) ) ;
#584 = ADVANCED_FACE ( 'NONE', ( #4784 ), #958, .F. ) ;
#585 = B_SPLINE_CURVE_WITH_KNOTS ( 'NONE', 3,
 ( #2363, #75, #189, #4627 ),
 .UNSPECIFIED., .F., .F.,
 ( 4, 4 ),
 ( 2.628269920074184459E-07, 0.001429464303666815516 ),
 .UNSPECIFIED. ) ;
#586 = CARTESIAN_POINT ( 'NONE',  ( 12.85000000000000320, 0.8203022253684383314, -1.980384757729346745 ) ) ;
#587 = CARTESIAN_POINT ( 'NONE',  ( 9.325000000000002842, 1.053469879313086111, -2.543301270189232355 ) ) ;
#588 = ORIENTED_EDGE ( 'NONE', *, *, #6385, .T. ) ;
#589 = CARTESIAN_POINT ( 'NONE',  ( 16.60000000000000497, 2.499999999999996003, -6.123233995736789948E-16 ) ) ;
#590 = CARTESIAN_POINT ( 'NONE',  ( 17.50000000000000000, -1.194030629168669588E-14, 0.000000000000000000 ) ) ;
#591 = FACE_OUTER_BOUND ( 'NONE', #6597, .T. ) ;
#592 = CARTESIAN_POINT ( 'NONE',  ( 16.58038475772933751, -1.935147129318300685, 0.4407081722937750135 ) ) ;
#593 = ORIENTED_EDGE ( 'NONE', *, *, #7171, .T. ) ;
#594 = CARTESIAN_POINT ( 'NONE',  ( 8.025000000000003908, -1.372205551982422560E-14, 2.543301270189231911 ) ) ;
#595 = CARTESIAN_POINT ( 'NONE',  ( 17.57500000000000284, 1.053469879313085666, 2.543301270189232799 ) ) ;
#596 = CARTESIAN_POINT ( 'NONE',  ( 3.000000000000005329, 2.499999999999996003, -6.123233995736789948E-16 ) ) ;
#597 = CARTESIAN_POINT ( 'NONE',  ( 16.82370068215963599, 2.139083639822321636, -0.6252274846037814138 ) ) ;
#598 = FACE_OUTER_BOUND ( 'NONE', #3793, .T. ) ;
#599 = CARTESIAN_POINT ( 'NONE',  ( 3.250000000000004441, -0.8203022253684666421, -1.980384757729346745 ) ) ;
#600 = EDGE_CURVE ( 'NONE', #4532, #5714, #936, .T. ) ;
#601 = CARTESIAN_POINT ( 'NONE',  ( 11.50000000000000711, 1.980384757729333201, -4.850543709266902538E-16 ) ) ;
#602 = DIRECTION ( 'NONE',  ( 2.168404344971008868E-16, 1.000000000000000000, -0.000000000000000000 ) ) ;
#603 = VERTEX_POINT ( 'NONE', #4858 ) ;
#604 = CARTESIAN_POINT ( 'NONE',  ( 2.200000000000002398, -1.980384757729360956, 2.425271854633451269E-16 ) ) ;
#605 = CARTESIAN_POINT ( 'NONE',  ( 2.600000000000004974, 1.400343491548885266, -1.400343491548899699 ) ) ;
#606 = CARTESIAN_POINT ( 'NONE',  ( 14.45000000000000639, -0.8203022253684666421, -1.980384757729346745 ) ) ;
#607 = VECTOR ( 'NONE', #3424, 1000.000000000000000 ) ;
#608 = CARTESIAN_POINT ( 'NONE',  ( 4.600000000000003197, -1.980384757729360956, 2.425271854633451269E-16 ) ) ;
#609 = ORIENTED_EDGE ( 'NONE', *, *, #5632, .F. ) ;
#610 = VERTEX_POINT ( 'NONE', #3798 ) ;
#611 = ORIENTED_EDGE ( 'NONE', *, *, #4133, .T. ) ;
#612 = EDGE_CURVE ( 'NONE', #4739, #5319, #6520, .T. ) ;
#613 = CARTESIAN_POINT ( 'NONE',  ( 12.15000000000000391, 1.980384757729332534, -0.8203022253684530973 ) ) ;
#614 = CARTESIAN_POINT ( 'NONE',  ( 13.45000000000000284, -1.980384757729361178, -0.8203022253684513210 ) ) ;
#615 = CARTESIAN_POINT ( 'NONE',  ( 9.600000000000004974, -1.372470695792103782E-14, 2.500000000000010214 ) ) ;
#616 = CARTESIAN_POINT ( 'NONE',  ( 12.25000000000000711, 1.980384757729333201, 0.8203022253684517651 ) ) ;
#617 = CARTESIAN_POINT ( 'NONE',  ( 9.425000000000004263, 2.543301270189217700, -1.053469879313101210 ) ) ;
#618 = CARTESIAN_POINT ( 'NONE',  ( 5.900000000003434941, -2.500000000000571099, -3.905252452962722196E-13 ) ) ;
#619 = EDGE_CURVE ( 'NONE', #3100, #3024, #2440, .T. ) ;
#620 = CARTESIAN_POINT ( 'NONE',  ( 4.900000000000003020, 1.400343491548885266, -1.400343491548899699 ) ) ;
#621 = CARTESIAN_POINT ( 'NONE',  ( 5.419536834604835818, 2.469103951028669641, 0.3918235304503717709 ) ) ;
#622 = CARTESIAN_POINT ( 'NONE',  ( 9.300000000000004263, -1.433703035749471672E-14, -2.500000000000010214 ) ) ;
#623 = CARTESIAN_POINT ( 'NONE',  ( 17.77500000000000568, -1.798385574751179439, 1.798385574751165894 ) ) ;
#624 = DIRECTION ( 'NONE',  ( 0.000000000000000000, 0.000000000000000000, -1.000000000000000000 ) ) ;
#625 = ORIENTED_EDGE ( 'NONE', *, *, #6469, .T. ) ;
#626 = CARTESIAN_POINT ( 'NONE',  ( 6.775000000000004796, -1.053469879313114754, -2.543301270189232355 ) ) ;
#627 = CARTESIAN_POINT ( 'NONE',  ( 17.62500000000000355, -1.372205551982422560E-14, 2.543301270189231911 ) ) ;
#628 = CARTESIAN_POINT ( 'NONE',  ( 16.05000000000000426, -1.035533905932755516, 2.500000000000010214 ) ) ;
#629 = CARTESIAN_POINT ( 'NONE',  ( 17.50000000000000000, -1.163414459189985801E-14, 2.500000000000008438 ) ) ;
#630 = CARTESIAN_POINT ( 'NONE',  ( 16.87078775536560471, 2.171013827955219355, 0.6816579838306895400 ) ) ;
#631 = CARTESIAN_POINT ( 'NONE',  ( 14.00000000000000533, -1.433703035749471672E-14, -2.500000000000010214 ) ) ;
#632 = CARTESIAN_POINT ( 'NONE',  ( 5.350000000000006750, -0.8203022253684655318, 1.980384757729346967 ) ) ;
#633 = CARTESIAN_POINT ( 'NONE',  ( 8.800000000000006040, -1.400343491548913688, -1.400343491548899255 ) ) ;
#634 = DIRECTION ( 'NONE',  ( 1.000000000000000000, -0.000000000000000000, -0.000000000000000000 ) ) ;
#635 = ORIENTED_EDGE ( 'NONE', *, *, #5947, .T. ) ;
#636 = CARTESIAN_POINT ( 'NONE',  ( 1.950000000000003508, 0.8203022253684378873, 1.980384757729346967 ) ) ;
#637 = CARTESIAN_POINT ( 'NONE',  ( 5.050000000000006040, 1.980384757729332978, -0.8203022253684528753 ) ) ;
#638 = CARTESIAN_POINT ( 'NONE',  ( 14.85000000000000675, 0.8203022253684378873, 1.980384757729346967 ) ) ;
#639 = CARTESIAN_POINT ( 'NONE',  ( 4.500000000000002665, -1.400343491548913244, 1.400343491548899477 ) ) ;
#640 = VERTEX_POINT ( 'NONE', #2640 ) ;
#641 = DIRECTION ( 'NONE',  ( 1.000000000000000000, -2.168404344971008868E-16, 0.000000000000000000 ) ) ;
#642 = CARTESIAN_POINT ( 'NONE',  ( 14.27500000000000391, 2.543301270189218588, 1.053469879313099433 ) ) ;
#643 = VERTEX_POINT ( 'NONE', #4313 ) ;
#644 = CARTESIAN_POINT ( 'NONE',  ( 11.90000000000000391, -1.400343491548913688, -1.400343491548899255 ) ) ;
#645 = CARTESIAN_POINT ( 'NONE',  ( 11.40000000000000391, 1.980384757729333201, -4.850543709266902538E-16 ) ) ;
#646 = CARTESIAN_POINT ( 'NONE',  ( -2.886550239948132202, 2.615813991587096599, -5.435053732301869722 ) ) ;
#647 = CARTESIAN_POINT ( 'NONE',  ( 13.35000000000000320, -1.980384757729360956, 0.8203022253684520981 ) ) ;
#648 = CARTESIAN_POINT ( 'NONE',  ( 3.625000000000003109, -1.053469879313114754, -2.543301270189232355 ) ) ;
#649 = AXIS2_PLACEMENT_3D ( 'NONE', #1771, #1162, #5207 ) ;
#650 = CARTESIAN_POINT ( 'NONE',  ( -6.635278514588858201, 2.239485897033077154E-15, -7.469496021220159321 ) ) ;
#651 = CARTESIAN_POINT ( 'NONE',  ( 7.300000000000002487, 1.400343491548885266, -1.400343491548899699 ) ) ;
#652 = FACE_OUTER_BOUND ( 'NONE', #1377, .T. ) ;
#653 = B_SPLINE_CURVE_WITH_KNOTS ( 'NONE', 3,
 ( #3676, #4800, #366, #6492 ),
 .UNSPECIFIED., .F., .F.,
 ( 4, 4 ),
 ( 0.000000000000000000, 1.000000000000000000 ),
 .UNSPECIFIED. ) ;
#654 = AXIS2_PLACEMENT_3D ( 'NONE', #3361, #6189, #6122 ) ;
#655 = CARTESIAN_POINT ( 'NONE',  ( 1.474187714373733860, 2.351974493185405635, -0.7842785971234161879 ) ) ;
#656 = EDGE_CURVE ( 'NONE', #3828, #5016, #6513, .T. ) ;
#657 = CARTESIAN_POINT ( 'NONE',  ( 14.17500000000000426, 1.798385574751151461, -1.798385574751166116 ) ) ;
#658 = CARTESIAN_POINT ( 'NONE',  ( 3.300000000000003819, -1.372470695792103782E-14, 2.500000000000010214 ) ) ;
#659 = ORIENTED_EDGE ( 'NONE', *, *, #6134, .F. ) ;
#660 = CARTESIAN_POINT ( 'NONE',  ( 8.175000000000004263, -2.543301270189245677, 1.053469879313099655 ) ) ;
#661 = CARTESIAN_POINT ( 'NONE',  ( 18.02500000000000568, -1.434498467178515336E-14, -2.543301270189231911 ) ) ;
#662 = DIRECTION ( 'NONE',  ( 1.000000000000000000, -2.168404344971008868E-16, 0.000000000000000000 ) ) ;
#663 = CARTESIAN_POINT ( 'NONE',  ( 16.95341454843401863, 0.5869508164520828020, 2.297752636937835824 ) ) ;
#664 = AXIS2_PLACEMENT_3D ( 'NONE', #1366, #3705, #4686 ) ;
#665 = CARTESIAN_POINT ( 'NONE',  ( 13.60000000000000497, -1.372470695792103782E-14, 2.500000000000010214 ) ) ;
#666 = EDGE_CURVE ( 'NONE', #6765, #5765, #5007, .T. ) ;
#667 = CARTESIAN_POINT ( 'NONE',  ( 5.950000000000005507, 1.980384757729333201, 0.8203022253684517651 ) ) ;
#668 = CARTESIAN_POINT ( 'NONE',  ( 7.900000000000005684, -1.980384757729360956, 2.425271854633451269E-16 ) ) ;
#669 = FACE_OUTER_BOUND ( 'NONE', #4982, .T. ) ;
#670 = ORIENTED_EDGE ( 'NONE', *, *, #1975, .F. ) ;
#671 = CARTESIAN_POINT ( 'NONE',  ( 4.450000000000002842, -0.8203022253684655318, 1.980384757729346967 ) ) ;
#672 = CARTESIAN_POINT ( 'NONE',  ( 3.700000000000005507, -1.375652421508278441E-14, 1.980384757729347189 ) ) ;
#673 = CARTESIAN_POINT ( 'NONE',  ( 13.10000000000000497, 1.980384757729333201, -4.850543709266902538E-16 ) ) ;
#674 = CARTESIAN_POINT ( 'NONE',  ( 2.700000000000002842, 1.400343491548885710, 1.400343491548899477 ) ) ;
#675 = EDGE_LOOP ( 'NONE', ( #7003, #5459, #5608, #2788 ) ) ;
#676 = CARTESIAN_POINT ( 'NONE',  ( -0.9355555555555922220, -1.194030629168669588E-14, 0.000000000000000000 ) ) ;
#677 = CARTESIAN_POINT ( 'NONE',  ( 14.02500000000000391, -1.434498467178515336E-14, -2.543301270189231911 ) ) ;
#678 = ORIENTED_EDGE ( 'NONE', *, *, #4804, .T. ) ;
#679 = CARTESIAN_POINT ( 'NONE',  ( 13.65000000000000213, 0.8203022253684382203, -1.980384757729346745 ) ) ;
#680 = CARTESIAN_POINT ( 'NONE',  ( 13.25000000000000533, -0.8203022253684655318, 1.980384757729346967 ) ) ;
#681 = TOROIDAL_SURFACE ( 'NONE', #3013, 6.411159703984925962, 0.1796875000000000000 ) ;
#682 = FACE_OUTER_BOUND ( 'NONE', #6376, .T. ) ;
#683 = CARTESIAN_POINT ( 'NONE',  ( 14.65000000000000391, 1.980384757729333201, 0.8203022253684517651 ) ) ;
#684 = CARTESIAN_POINT ( 'NONE',  ( 11.70000000000000639, -1.433703035749471672E-14, -2.500000000000010214 ) ) ;
#685 = CARTESIAN_POINT ( 'NONE',  ( 4.025000000000003908, 1.053469879313085666, 2.543301270189232799 ) ) ;
#686 = EDGE_CURVE ( 'NONE', #1088, #2008, #7027, .T. ) ;
#687 = CARTESIAN_POINT ( 'NONE',  ( 12.50000000000000355, -1.433703035749471672E-14, -2.500000000000010214 ) ) ;
#688 = CARTESIAN_POINT ( 'NONE',  ( 5.600000000000002309, -1.424157858600947694E-14, -1.980384757729347189 ) ) ;
#689 = CARTESIAN_POINT ( 'NONE',  ( 6.800000000000005151, -1.433703035749471672E-14, -2.500000000000010214 ) ) ;
#690 = DIRECTION ( 'NONE',  ( 1.000000000000000000, -0.000000000000000000, -0.000000000000000000 ) ) ;
#691 = CARTESIAN_POINT ( 'NONE',  ( 15.12500000000000711, 2.543301270189218588, 1.053469879313099433 ) ) ;
#692 = CARTESIAN_POINT ( 'NONE',  ( 3.650000000000003464, -1.035533905932757293, -2.500000000000010214 ) ) ;
#693 = ORIENTED_EDGE ( 'NONE', *, *, #3906, .F. ) ;
#694 = CARTESIAN_POINT ( 'NONE',  ( 5.025000000000004796, -2.543301270189246122, 3.114645759804640776E-16 ) ) ;
#695 = CARTESIAN_POINT ( 'NONE',  ( 17.27500000000000924, 1.053469879313086111, -2.543301270189232355 ) ) ;
#696 = CARTESIAN_POINT ( 'NONE',  ( -9.500000000000000000, 2.768745557924653600, 0.000000000000000000 ) ) ;
#697 = ADVANCED_FACE ( 'NONE', ( #6563 ), #7041, .F. ) ;
#698 = CARTESIAN_POINT ( 'NONE',  ( 2.650000000000003908, -2.500000000000024425, -1.035533905932741749 ) ) ;
#699 = AXIS2_PLACEMENT_3D ( 'NONE', #2520, #1524, #1453 ) ;
#700 = CARTESIAN_POINT ( 'NONE',  ( 1.254905662275678901, -2.246205058040439795, -0.2463814713022021707 ) ) ;
#701 = CARTESIAN_POINT ( 'NONE',  ( 5.150000000000006573, 1.980384757729333201, 0.8203022253684517651 ) ) ;
#702 = ORIENTED_EDGE ( 'NONE', *, *, #4611, .F. ) ;
#703 = CARTESIAN_POINT ( 'NONE',  ( 14.90000000000000391, -1.433703035749471672E-14, -2.500000000000010214 ) ) ;
#704 = CARTESIAN_POINT ( 'NONE',  ( 9.450000000000006395, -1.980384757729360956, 0.8203022253684520981 ) ) ;
#705 = CARTESIAN_POINT ( 'NONE',  ( 2.900000000000004352, -1.433703035749471672E-14, -2.500000000000010214 ) ) ;
#706 = EDGE_CURVE ( 'NONE', #4229, #715, #6273, .T. ) ;
#707 = ORIENTED_EDGE ( 'NONE', *, *, #3906, .T. ) ;
#708 = CARTESIAN_POINT ( 'NONE',  ( 15.00000000000000533, 1.767766952966361771, -1.767766952966376204 ) ) ;
#709 = DIRECTION ( 'NONE',  ( 1.000000000000000000, -2.168404344971008868E-16, 0.000000000000000000 ) ) ;
#710 = CARTESIAN_POINT ( 'NONE',  ( 15.25000000000000888, -0.8203022253684666421, -1.980384757729346745 ) ) ;
#711 = CARTESIAN_POINT ( 'NONE',  ( 2.300000000000003375, -1.400343491548913688, -1.400343491548899255 ) ) ;
#712 = VERTEX_POINT ( 'NONE', #1625 ) ;
#713 = SPHERICAL_SURFACE ( 'NONE', #216, 8.000000000000001776 ) ;
#714 = CARTESIAN_POINT ( 'NONE',  ( 14.52500000000000568, -1.798385574751179439, 1.798385574751165894 ) ) ;
#715 = VERTEX_POINT ( 'NONE', #3166 ) ;
#716 = CARTESIAN_POINT ( 'NONE',  ( 14.45000000000000284, 0.8203022253684382203, -1.980384757729346745 ) ) ;
#717 = CARTESIAN_POINT ( 'NONE',  ( 13.35000000000000320, -1.980384757729360956, 0.8203022253684520981 ) ) ;
#718 = CARTESIAN_POINT ( 'NONE',  ( 9.850000000000003197, -2.500000000000024425, -1.035533905932741749 ) ) ;
#719 = CARTESIAN_POINT ( 'NONE',  ( 14.30000000000000426, -1.400343491548913688, -1.400343491548899255 ) ) ;
#720 = CARTESIAN_POINT ( 'NONE',  ( 11.35000000000000675, -1.035533905932755516, 2.500000000000010214 ) ) ;
#721 = CARTESIAN_POINT ( 'NONE',  ( 6.125000000000003553, 1.053469879313086111, -2.543301270189232355 ) ) ;
#722 = ORIENTED_EDGE ( 'NONE', *, *, #5972, .F. ) ;
#723 = CARTESIAN_POINT ( 'NONE',  ( 5.750000000000002665, 1.980384757729332534, -0.8203022253684530973 ) ) ;
#724 = CARTESIAN_POINT ( 'NONE',  ( 17.50000000000000000, -1.194030629168669588E-14, 0.000000000000000000 ) ) ;
#725 = CARTESIAN_POINT ( 'NONE',  ( -9.500000000000000000, 3.498967091382533923, 0.000000000000000000 ) ) ;
#726 = CARTESIAN_POINT ( 'NONE',  ( 14.27500000000000391, 2.543301270189218144, -6.229291519609281552E-16 ) ) ;
#727 = TOROIDAL_SURFACE ( 'NONE', #5726, 7.677076266392049320, 1.248967091382544359 ) ;
#728 = VERTEX_POINT ( 'NONE', #3307 ) ;
#729 = CARTESIAN_POINT ( 'NONE',  ( 2.675000000000004707, -2.543301270189246122, -1.053469879313099211 ) ) ;
#730 = CARTESIAN_POINT ( 'NONE',  ( 16.00000000000000355, -1.372470695792103782E-14, 2.500000000000010214 ) ) ;
#731 = CARTESIAN_POINT ( 'NONE',  ( 13.05000000000000426, -2.500000000000024425, -1.035533905932741749 ) ) ;
#732 = CARTESIAN_POINT ( 'NONE',  ( 1.164257397759164592, -1.132118849225685731, 1.850400220098610049 ) ) ;
#733 = DIRECTION ( 'NONE',  ( 2.168404344971008868E-16, 1.000000000000000000, -0.000000000000000000 ) ) ;
#734 = LINE ( 'NONE', #1865, #4160 ) ;
#735 = EDGE_LOOP ( 'NONE', ( #7136, #4515 ) ) ;
#736 = CARTESIAN_POINT ( 'NONE',  ( 10.75000000000000533, -2.500000000000024425, -1.035533905932741749 ) ) ;
#737 = CARTESIAN_POINT ( 'NONE',  ( 9.350000000000006750, -0.8203022253684655318, 1.980384757729346967 ) ) ;
#738 = CARTESIAN_POINT ( 'NONE',  ( -9.500000000000000000, 3.999999999999996447, 0.000000000000000000 ) ) ;
#739 = VERTEX_POINT ( 'NONE', #5523 ) ;
#740 = DIRECTION ( 'NONE',  ( 2.168404344971008868E-16, 1.000000000000000000, -0.000000000000000000 ) ) ;
#741 = DIRECTION ( 'NONE',  ( 2.168404344971008868E-16, 1.000000000000000000, -0.000000000000000000 ) ) ;
#742 = CARTESIAN_POINT ( 'NONE',  ( 15.40000000000000568, 1.400343491548885266, -1.400343491548899699 ) ) ;
#743 = LINE ( 'NONE', #2428, #434 ) ;
#744 = ORIENTED_EDGE ( 'NONE', *, *, #931, .T. ) ;
#745 = DIRECTION ( 'NONE',  ( 0.000000000000000000, 0.000000000000000000, -1.000000000000000000 ) ) ;
#746 = ADVANCED_FACE ( 'NONE', ( #5385 ), #1134, .F. ) ;
#747 = CARTESIAN_POINT ( 'NONE',  ( 13.07500000000000462, -2.543301270189246122, -1.053469879313099211 ) ) ;
#748 = VERTEX_POINT ( 'NONE', #5427 ) ;
#749 = CARTESIAN_POINT ( 'NONE',  ( 14.15000000000000391, -1.980384757729360956, 0.8203022253684520981 ) ) ;
#750 = CARTESIAN_POINT ( 'NONE',  ( 10.00000000000000178, -1.375652421508278441E-14, 1.980384757729347189 ) ) ;
#751 = AXIS2_PLACEMENT_3D ( 'NONE', #3879, #6094, #531 ) ;
#752 = CARTESIAN_POINT ( 'NONE',  ( 9.350000000000006750, -0.8203022253684655318, 1.980384757729347189 ) ) ;
#753 = CARTESIAN_POINT ( 'NONE',  ( -9.500000000000001776, -4.500000000000005329, 0.000000000000000000 ) ) ;
#754 = CARTESIAN_POINT ( 'NONE',  ( 9.100000000000001421, 1.400343491548885710, 1.400343491548899477 ) ) ;
#755 = CARTESIAN_POINT ( 'NONE',  ( 2.050000000000004263, 1.035533905932728427, -2.500000000000010214 ) ) ;
#756 = EDGE_CURVE ( 'NONE', #3681, #5866, #5561, .T. ) ;
#757 = CARTESIAN_POINT ( 'NONE',  ( 3.475000000000004086, -2.543301270189246122, 3.114645759804640776E-16 ) ) ;
#758 = CARTESIAN_POINT ( 'NONE',  ( -6.635278514588855536, -1.886776456591025886, -7.237302146360343080 ) ) ;
#759 = ORIENTED_EDGE ( 'NONE', *, *, #6685, .T. ) ;
#760 = CARTESIAN_POINT ( 'NONE',  ( 7.550000000000003375, 0.8203022253684378873, 1.980384757729346967 ) ) ;
#761 = CARTESIAN_POINT ( 'NONE',  ( -5.031324174777580538, 2.260117151515416367, 6.471309710218462463 ) ) ;
#762 = CARTESIAN_POINT ( 'NONE',  ( 16.40000000000000568, 1.400343491548885710, 1.400343491548899477 ) ) ;
#763 = CARTESIAN_POINT ( 'NONE',  ( 14.57500000000000462, -1.798385574751179439, 1.798385574751165894 ) ) ;
#764 = ORIENTED_EDGE ( 'NONE', *, *, #666, .T. ) ;
#765 = CARTESIAN_POINT ( 'NONE',  ( 2.025000000000006128, -1.434498467178515336E-14, -2.543301270189231911 ) ) ;
#766 = CARTESIAN_POINT ( 'NONE',  ( 14.80000000000000604, -1.433703035749471672E-14, -2.500000000000010214 ) ) ;
#767 = CARTESIAN_POINT ( 'NONE',  ( 8.150000000000003908, -1.035533905932755516, 2.500000000000010214 ) ) ;
#768 = AXIS2_PLACEMENT_3D ( 'NONE', #2813, #4058, #2416 ) ;
#769 = TOROIDAL_SURFACE ( 'NONE', #199, 2.859374999999997780, 0.3593750000000000000 ) ;
#770 = CARTESIAN_POINT ( 'NONE',  ( 4.100000000000004086, -1.372470695792103782E-14, 2.500000000000010214 ) ) ;
#771 = LINE ( 'NONE', #5719, #4841 ) ;
#772 = CARTESIAN_POINT ( 'NONE',  ( 17.50000000000000000, -1.194030629168669588E-14, 0.000000000000000000 ) ) ;
#773 = ORIENTED_EDGE ( 'NONE', *, *, #2608, .F. ) ;
#774 = EDGE_CURVE ( 'NONE', #2174, #1930, #7075, .T. ) ;
#775 = DIRECTION ( 'NONE',  ( 1.000000000000000000, -0.000000000000000000, -0.000000000000000000 ) ) ;
#776 = CARTESIAN_POINT ( 'NONE',  ( 9.550000000000007816, -1.980384757729361178, -0.8203022253684513210 ) ) ;
#777 = CARTESIAN_POINT ( 'NONE',  ( 17.50000000000000000, -1.194030629168669588E-14, 0.000000000000000000 ) ) ;
#778 = AXIS2_PLACEMENT_3D ( 'NONE', #5863, #4166, #3069 ) ;
#779 = ORIENTED_EDGE ( 'NONE', *, *, #4249, .T. ) ;
#780 = CARTESIAN_POINT ( 'NONE',  ( 1.400000000000005684, -1.374591846269553713E-14, 2.153589838486234864 ) ) ;
#781 = CARTESIAN_POINT ( 'NONE',  ( 5.500000000000685674, 2.467792535849454350, -0.4000000000071515238 ) ) ;
#782 = CARTESIAN_POINT ( 'NONE',  ( 9.700000000000004619, -1.424157858600947694E-14, -1.980384757729347189 ) ) ;
#783 = CARTESIAN_POINT ( 'NONE',  ( -9.500000000000000000, 2.610785383146978500, 0.000000000000000000 ) ) ;
#784 = CARTESIAN_POINT ( 'NONE',  ( 15.30000000000000249, 1.400343491548885266, -1.400343491548899699 ) ) ;
#785 = ORIENTED_EDGE ( 'NONE', *, *, #5723, .T. ) ;
#786 = CARTESIAN_POINT ( 'NONE',  ( 5.742251022735546329, -2.386518855325048261, 1.149015050607717248 ) ) ;
#787 = CARTESIAN_POINT ( 'NONE',  ( 13.97500000000000320, -1.053469879313114754, -2.543301270189232355 ) ) ;
#788 = CARTESIAN_POINT ( 'NONE',  ( 9.700000000000004619, 1.400343491548885266, -1.400343491548899699 ) ) ;
#789 = ADVANCED_FACE ( 'NONE', ( #6974 ), #1623, .F. ) ;
#790 = CARTESIAN_POINT ( 'NONE',  ( 10.45000000000000284, 0.8203022253684382203, -1.980384757729346745 ) ) ;
#791 = CARTESIAN_POINT ( 'NONE',  ( 8.650000000000005684, -1.980384757729360956, 0.8203022253684520981 ) ) ;
#792 = CARTESIAN_POINT ( 'NONE',  ( 3.050000000000002487, -1.980384757729361178, -0.8203022253684513210 ) ) ;
#793 = CARTESIAN_POINT ( 'NONE',  ( 11.65000000000000391, -0.8203022253684655318, 1.980384757729347189 ) ) ;
#794 = CARTESIAN_POINT ( 'NONE',  ( 6.000000000000004441, -1.433703035749471672E-14, -2.500000000000010214 ) ) ;
#795 = CARTESIAN_POINT ( 'NONE',  ( 6.325000000000005507, 2.543301270189218588, 1.053469879313099433 ) ) ;
#796 = CARTESIAN_POINT ( 'NONE',  ( -1.661328500785995255, -3.135600004480997960, -4.602036267548586856 ) ) ;
#797 = ORIENTED_EDGE ( 'NONE', *, *, #1577, .T. ) ;
#798 = CARTESIAN_POINT ( 'NONE',  ( -9.500000000000000000, -2.875000000000007550, 0.000000000000000000 ) ) ;
#799 = EDGE_CURVE ( 'NONE', #1423, #1517, #4347, .T. ) ;
#800 = CARTESIAN_POINT ( 'NONE',  ( -0.4398693894411326299, -3.906453299771492915, -3.895096322886899998 ) ) ;
#801 = CARTESIAN_POINT ( 'NONE',  ( 15.72500000000000320, 1.053469879313086111, -2.543301270189232355 ) ) ;
#802 = CIRCLE ( 'NONE', #6143, 6.793923166596613328 ) ;
#803 = ORIENTED_EDGE ( 'NONE', *, *, #4312, .T. ) ;
#804 = CARTESIAN_POINT ( 'NONE',  ( 3.825000000000003730, 2.543301270189218144, -6.229291519609281552E-16 ) ) ;
#805 = DIRECTION ( 'NONE',  ( -2.168404344971008868E-16, -1.000000000000000000, 0.000000000000000000 ) ) ;
#806 = CARTESIAN_POINT ( 'NONE',  ( 8.000000000000003553, -1.372470695792103782E-14, 2.500000000000010214 ) ) ;
#807 = CARTESIAN_POINT ( 'NONE',  ( 10.10000000000000497, 1.767766952966361771, -1.767766952966376204 ) ) ;
#808 = CARTESIAN_POINT ( 'NONE',  ( 1.700000000000004174, -1.767766952966389749, 1.767766952966375982 ) ) ;
#809 = CARTESIAN_POINT ( 'NONE',  ( 1.500000000000004885, -1.980384757729360956, 2.425271854633451269E-16 ) ) ;
#810 = ORIENTED_EDGE ( 'NONE', *, *, #1009, .T. ) ;
#811 = CARTESIAN_POINT ( 'NONE',  ( -9.500000000000000000, -3.857637417314162689E-15, 0.000000000000000000 ) ) ;
#812 = CARTESIAN_POINT ( 'NONE',  ( 6.500000000000005329, -1.424157858600947694E-14, -1.980384757729347189 ) ) ;
#813 = DIRECTION ( 'NONE',  ( -1.000000000000000000, 3.033396242145239324E-16, 0.000000000000000000 ) ) ;
#814 = VERTEX_POINT ( 'NONE', #302 ) ;
#815 = CARTESIAN_POINT ( 'NONE',  ( 1.350000000000004086, -1.980384757729360956, 0.8203022253684520981 ) ) ;
#816 = AXIS2_PLACEMENT_3D ( 'NONE', #4818, #6374, #1392 ) ;
#817 = DIRECTION ( 'NONE',  ( -1.000000000000000000, 2.168404344971008621E-16, 0.000000000000000000 ) ) ;
#818 = CONICAL_SURFACE ( 'NONE', #5240, 6.534737158183718364, 0.7853981633974466137 ) ;
#819 = CARTESIAN_POINT ( 'NONE',  ( 10.80000000000000604, 1.400343491548885710, 1.400343491548899477 ) ) ;
#820 = CARTESIAN_POINT ( 'NONE',  ( 1.650000000000002354, 0.8203022253684383314, -1.980384757729346745 ) ) ;
#821 = CARTESIAN_POINT ( 'NONE',  ( 15.35000000000000497, 1.980384757729332534, -0.8203022253684530973 ) ) ;
#822 = CARTESIAN_POINT ( 'NONE',  ( 5.550000000000005151, 1.035533905932727983, 2.500000000000010214 ) ) ;
#823 = CARTESIAN_POINT ( 'NONE',  ( 15.00000000000000711, -1.400343491548913244, 1.400343491548899477 ) ) ;
#824 = CARTESIAN_POINT ( 'NONE',  ( 8.950000000000002842, 1.980384757729332534, -0.8203022253684530973 ) ) ;
#825 = CARTESIAN_POINT ( 'NONE',  ( 8.150000000000002132, 1.980384757729332534, -0.8203022253684530973 ) ) ;
#826 = CARTESIAN_POINT ( 'NONE',  ( 9.250000000000007105, 0.8203022253684378873, 1.980384757729347189 ) ) ;
#827 = CARTESIAN_POINT ( 'NONE',  ( 4.250000000000001776, 1.980384757729333201, 0.8203022253684517651 ) ) ;
#828 = CARTESIAN_POINT ( 'NONE',  ( 8.700000000000002842, -1.400343491548913688, -1.400343491548899255 ) ) ;
#829 = LINE ( 'NONE', #5308, #4735 ) ;
#830 = CARTESIAN_POINT ( 'NONE',  ( 1.975000000000004530, -1.798385574751180105, -1.798385574751165450 ) ) ;
#831 =( BOUNDED_CURVE ( )  B_SPLINE_CURVE ( 2, ( #4792, #6863, #3189, #898, #1542, #1575, #3770, #5981, #4866 ),
 .UNSPECIFIED., .F., .F. ) 
 B_SPLINE_CURVE_WITH_KNOTS ( ( 3, 2, 2, 2, 3 ),
 ( 0.3409090909090909394, 0.3465909090909090606, 0.3522727272727272929, 0.3579545454545454142, 0.3636363636363636465 ),
 .UNSPECIFIED. ) 
 CURVE ( )  GEOMETRIC_REPRESENTATION_ITEM ( )  RATIONAL_B_SPLINE_CURVE ( ( 1.000000000000000000, 0.9238795325112867385, 1.000000000000000000, 0.9238795325112867385, 1.000000000000000000, 0.9238795325112867385, 1.000000000000000000, 0.9238795325112867385, 1.000000000000000000 ) ) 
 REPRESENTATION_ITEM ( '' )  );
#832 = ADVANCED_FACE ( 'NONE', ( #3137 ), #7050, .F. ) ;
#833 = FACE_OUTER_BOUND ( 'NONE', #5623, .T. ) ;
#834 = CARTESIAN_POINT ( 'NONE',  ( 16.27500000000000568, -2.543301270189246122, -1.053469879313099211 ) ) ;
#835 = ORIENTED_EDGE ( 'NONE', *, *, #4695, .T. ) ;
#836 = CIRCLE ( 'NONE', #3274, 10.44441537460037850 ) ;
#837 = CARTESIAN_POINT ( 'NONE',  ( -14.55614570349787407, 2.874999999999992450, 0.000000000000000000 ) ) ;
#838 = DIRECTION ( 'NONE',  ( -1.000000000000000000, 2.168404344971008868E-16, 0.000000000000000000 ) ) ;
#839 = CARTESIAN_POINT ( 'NONE',  ( 12.32500000000000462, -2.543301270189246122, -1.053469879313099211 ) ) ;
#840 = EDGE_CURVE ( 'NONE', #6817, #3771, #1861, .T. ) ;
#841 = EDGE_LOOP ( 'NONE', ( #1452, #5042, #3511, #5936 ) ) ;
#842 = CARTESIAN_POINT ( 'NONE',  ( 2.425000000000003375, -1.372205551982422560E-14, 2.543301270189231911 ) ) ;
#843 = LINE ( 'NONE', #3067, #6560 ) ;
#844 = CARTESIAN_POINT ( 'NONE',  ( 8.200000000000004619, -2.500000000000023981, 3.061616997868394974E-16 ) ) ;
#845 = CARTESIAN_POINT ( 'NONE',  ( 10.25000000000000533, 2.499999999999996003, 1.035533905932741972 ) ) ;
#846 = CARTESIAN_POINT ( 'NONE',  ( 1.750000000000004885, 0.8203022253684382203, -1.980384757729346745 ) ) ;
#847 = ORIENTED_EDGE ( 'NONE', *, *, #5682, .F. ) ;
#848 = FACE_OUTER_BOUND ( 'NONE', #2293, .T. ) ;
#849 = CARTESIAN_POINT ( 'NONE',  ( 6.450000000000005507, -0.8203022253684666421, -1.980384757729346745 ) ) ;
#850 = DIRECTION ( 'NONE',  ( 0.000000000000000000, 1.000000000000000000, -0.000000000000000000 ) ) ;
#851 = ORIENTED_EDGE ( 'NONE', *, *, #921, .T. ) ;
#852 = CARTESIAN_POINT ( 'NONE',  ( -9.500000000000000000, -3.857637417314162689E-15, 0.000000000000000000 ) ) ;
#853 = CARTESIAN_POINT ( 'NONE',  ( 1.300000000000006040, -1.375652421508278441E-14, 1.980384757729347189 ) ) ;
#854 = CARTESIAN_POINT ( 'NONE',  ( 9.250000000000007105, 0.8203022253684378873, 1.980384757729346967 ) ) ;
#855 = DIRECTION ( 'NONE',  ( 0.000000000000000000, 0.000000000000000000, 1.000000000000000000 ) ) ;
#856 = CARTESIAN_POINT ( 'NONE',  ( 16.85000000000000497, 0.8203022253684382203, -1.980384757729346745 ) ) ;
#857 = DIRECTION ( 'NONE',  ( -0.000000000000000000, 1.000000000000000000, -0.000000000000000000 ) ) ;
#858 = CARTESIAN_POINT ( 'NONE',  ( 15.70000000000000639, -1.375652421508278441E-14, 1.980384757729347189 ) ) ;
#859 =( BOUNDED_CURVE ( )  B_SPLINE_CURVE ( 2, ( #4888, #6506, #2039, #2668, #2114, #1529, #4270, #3829, #6470 ),
 .UNSPECIFIED., .F., .T. ) 
 B_SPLINE_CURVE_WITH_KNOTS ( ( 3, 2, 2, 2, 3 ),
 ( 0.5568181818181817677, 0.5625000000000000000, 0.5681818181818182323, 0.5738636363636363535, 0.5795454545454545858 ),
 .UNSPECIFIED. ) 
 CURVE ( )  GEOMETRIC_REPRESENTATION_ITEM ( )  RATIONAL_B_SPLINE_CURVE ( ( 1.000000000000000000, 0.9238795325112867385, 1.000000000000000000, 0.9238795325112867385, 1.000000000000000000, 0.9238795325112867385, 1.000000000000000000, 0.9238795325112867385, 1.000000000000000000 ) ) 
 REPRESENTATION_ITEM ( '' )  );
#860 = CARTESIAN_POINT ( 'NONE',  ( 9.500000000000003553, -1.400343491548913688, -1.400343491548899255 ) ) ;
#861 = CARTESIAN_POINT ( 'NONE',  ( 10.65000000000000391, 1.980384757729333201, 0.8203022253684517651 ) ) ;
#862 = CARTESIAN_POINT ( 'NONE',  ( 10.85000000000000497, 0.8203022253684378873, 1.980384757729347189 ) ) ;
#863 = CARTESIAN_POINT ( 'NONE',  ( 3.600000000000002309, -1.375652421508278441E-14, 1.980384757729347189 ) ) ;
#864 = CARTESIAN_POINT ( 'NONE',  ( 10.35000000000000320, -0.8203022253684666421, -1.980384757729346745 ) ) ;
#865 = DIRECTION ( 'NONE',  ( -1.000000000000000000, 2.168404344971009361E-16, 0.000000000000000000 ) ) ;
#866 = CARTESIAN_POINT ( 'NONE',  ( 1.075000000000003064, -2.543301270189246122, 3.114645759804640776E-16 ) ) ;
#867 = EDGE_CURVE ( 'NONE', #4883, #2331, #6042, .T. ) ;
#868 = CARTESIAN_POINT ( 'NONE',  ( 14.87500000000000711, 1.053469879313086111, -2.543301270189232355 ) ) ;
#869 = VERTEX_POINT ( 'NONE', #7009 ) ;
#870 = AXIS2_PLACEMENT_3D ( 'NONE', #5206, #4319, #5949 ) ;
#871 = CYLINDRICAL_SURFACE ( 'NONE', #2173, 2.499999999999996891 ) ;
#872 =( BOUNDED_CURVE ( )  B_SPLINE_CURVE ( 2, ( #6221, #5175, #1820, #3505, #5213, #5137, #196, #6755, #3466 ),
 .UNSPECIFIED., .F., .F. ) 
 B_SPLINE_CURVE_WITH_KNOTS ( ( 3, 2, 2, 2, 3 ),
 ( 0.3750000000000000000, 0.3806818181818181768, 0.3863636363636363535, 0.3920454545454545303, 0.3977272727272727071 ),
 .UNSPECIFIED. ) 
 CURVE ( )  GEOMETRIC_REPRESENTATION_ITEM ( )  RATIONAL_B_SPLINE_CURVE ( ( 1.000000000000000000, 0.9238795325112867385, 1.000000000000000000, 0.9238795325112867385, 1.000000000000000000, 0.9238795325112867385, 1.000000000000000000, 0.9238795325112867385, 1.000000000000000000 ) ) 
 REPRESENTATION_ITEM ( '' )  );
#873 = CARTESIAN_POINT ( 'NONE',  ( 4.600000000000004086, 1.767766952966361771, -1.767766952966376204 ) ) ;
#874 = CARTESIAN_POINT ( 'NONE',  ( 10.52500000000000391, -1.053469879313113200, 2.543301270189232799 ) ) ;
#875 = VERTEX_POINT ( 'NONE', #4197 ) ;
#876 = CARTESIAN_POINT ( 'NONE',  ( 5.151090056035655174, -2.484036498951599725, -1.051497406981165339 ) ) ;
#877 = CARTESIAN_POINT ( 'NONE',  ( 15.25000000000000711, -1.035533905932755516, 2.500000000000010214 ) ) ;
#878 = CARTESIAN_POINT ( 'NONE',  ( 5.899374801800650658, -2.499800704261932349, 0.02581389626789701991 ) ) ;
#879 = CIRCLE ( 'NONE', #2391, 6.019421691491643855 ) ;
#880 = ADVANCED_FACE ( 'NONE', ( #2036 ), #1488, .F. ) ;
#881 = CARTESIAN_POINT ( 'NONE',  ( -2.027014441497251518, 2.973028707036114771, -4.865726645787169957 ) ) ;
#882 = CARTESIAN_POINT ( 'NONE',  ( 1.300000000000006040, -1.375652421508278441E-14, 1.980384757729347189 ) ) ;
#883 = EDGE_LOOP ( 'NONE', ( #3248, #6029, #1133 ) ) ;
#884 = ADVANCED_FACE ( 'NONE', ( #4846 ), #362, .T. ) ;
#885 = AXIS2_PLACEMENT_3D ( 'NONE', #3457, #5748, #6249 ) ;
#886 = CARTESIAN_POINT ( 'NONE',  ( 9.825000000000004619, -2.543301270189246122, 3.114645759804640776E-16 ) ) ;
#887 = CARTESIAN_POINT ( 'NONE',  ( 4.250000000000005329, 1.980384757729332534, -0.8203022253684530973 ) ) ;
#888 = CARTESIAN_POINT ( 'NONE',  ( 16.40000000000000568, -1.433703035749471672E-14, -2.500000000000010214 ) ) ;
#889 = ORIENTED_EDGE ( 'NONE', *, *, #3162, .F. ) ;
#890 = EDGE_CURVE ( 'NONE', #3901, #4568, #1831, .T. ) ;
#891 = CARTESIAN_POINT ( 'NONE',  ( 17.50000000000000000, -1.163414459189985801E-14, 2.500000000000008438 ) ) ;
#892 = CARTESIAN_POINT ( 'NONE',  ( 1.650000000000005240, 1.035533905932727983, 2.500000000000010214 ) ) ;
#893 = CARTESIAN_POINT ( 'NONE',  ( 9.900000000000005684, 1.980384757729333201, -4.850543709266902538E-16 ) ) ;
#894 = CARTESIAN_POINT ( 'NONE',  ( -17.17707626639205287, -3.498967091382548578, 0.000000000000000000 ) ) ;
#895 = CARTESIAN_POINT ( 'NONE',  ( 16.60000000000000497, -1.980384757729360956, 2.425271854633451269E-16 ) ) ;
#896 = CARTESIAN_POINT ( 'NONE',  ( 13.80000000000000604, 1.400343491548885266, -1.400343491548899699 ) ) ;
#897 = AXIS2_PLACEMENT_3D ( 'NONE', #5935, #6006, #1023 ) ;
#898 = CARTESIAN_POINT ( 'NONE',  ( 7.050000000000003375, 2.499999999999996003, -1.035533905932743526 ) ) ;
#899 = CARTESIAN_POINT ( 'NONE',  ( 8.700000000000002842, -1.400343491548913688, -1.400343491548899255 ) ) ;
#900 = CARTESIAN_POINT ( 'NONE',  ( 10.80000000000000426, -1.375652421508278441E-14, 1.980384757729347189 ) ) ;
#901 = CARTESIAN_POINT ( 'NONE',  ( 9.750000000000005329, 0.8203022253684383314, -1.980384757729346745 ) ) ;
#902 = CARTESIAN_POINT ( 'NONE',  ( 1.900000000000002354, 1.400343491548885710, 1.400343491548899477 ) ) ;
#903 = CARTESIAN_POINT ( 'NONE',  ( 10.45000000000000284, 0.8203022253684383314, -1.980384757729346745 ) ) ;
#904 = AXIS2_PLACEMENT_3D ( 'NONE', #1795, #4649, #1722 ) ;
#905 = CARTESIAN_POINT ( 'NONE',  ( 5.898127330551512948, -2.499701056392982679, 0.03866042767392090934 ) ) ;
#906 = CARTESIAN_POINT ( 'NONE',  ( 3.075000000000003286, 2.543301270189218144, -6.229291519609281552E-16 ) ) ;
#907 = ORIENTED_EDGE ( 'NONE', *, *, #2967, .T. ) ;
#908 = DIRECTION ( 'NONE',  ( -2.168404344971008868E-16, -1.000000000000000000, 0.000000000000000000 ) ) ;
#909 = CARTESIAN_POINT ( 'NONE',  ( 14.75000000000000711, 1.980384757729333201, 0.8203022253684517651 ) ) ;
#910 = ADVANCED_FACE ( 'NONE', ( #5057 ), #3145, .T. ) ;
#911 = CARTESIAN_POINT ( 'NONE',  ( 10.27500000000000213, 2.543301270189218144, -6.229291519609281552E-16 ) ) ;
#912 = ORIENTED_EDGE ( 'NONE', *, *, #686, .F. ) ;
#913 = CARTESIAN_POINT ( 'NONE',  ( 15.75000000000000355, 1.035533905932728427, -2.500000000000010214 ) ) ;
#914 = DIRECTION ( 'NONE',  ( 0.000000000000000000, -0.000000000000000000, -1.000000000000000000 ) ) ;
#915 = CARTESIAN_POINT ( 'NONE',  ( 8.250000000000003553, -2.500000000000024425, -1.035533905932741749 ) ) ;
#916 = CARTESIAN_POINT ( 'NONE',  ( 8.800000000000004263, 1.767766952966362215, 1.767766952966375982 ) ) ;
#918 = CARTESIAN_POINT ( 'NONE',  ( 17.50000000000000000, -1.163414459189985801E-14, 2.500000000000008438 ) ) ;
#917 = CIRCLE ( 'NONE', #6947, 2.859374999999997335 ) ;
#919 = ORIENTED_EDGE ( 'NONE', *, *, #2662, .F. ) ;
#920 = CARTESIAN_POINT ( 'NONE',  ( 9.975000000000004974, -1.053469879313114754, -2.543301270189232355 ) ) ;
#921 = EDGE_CURVE ( 'NONE', #5478, #3100, #6934, .T. ) ;
#922 = CARTESIAN_POINT ( 'NONE',  ( 4.950000000000004619, 0.8203022253684382203, -1.980384757729346745 ) ) ;
#923 = CARTESIAN_POINT ( 'NONE',  ( 17.01652609692659013, -1.230583702280012126, 2.085766265219091586 ) ) ;
#924 = LOCAL_TIME ( 14, 24, 13.00000000000000000, #1633 ) ;
#925 = CARTESIAN_POINT ( 'NONE',  ( 11.50000000000000533, -1.767766952966390193, -1.767766952966375760 ) ) ;
#926 = FACE_OUTER_BOUND ( 'NONE', #2211, .T. ) ;
#927 = CARTESIAN_POINT ( 'NONE',  ( 8.200000000000006395, 1.400343491548885266, -1.400343491548899699 ) ) ;
#928 = CARTESIAN_POINT ( 'NONE',  ( -9.500000000000000000, -2.695312500000006217, 0.000000000000000000 ) ) ;
#929 = CARTESIAN_POINT ( 'NONE',  ( 15.85000000000000320, -1.980384757729361178, -0.8203022253684513210 ) ) ;
#930 = LINE ( 'NONE', #5809, #2533 ) ;
#931 = EDGE_CURVE ( 'NONE', #2361, #3539, #1781, .T. ) ;
#932 = CARTESIAN_POINT ( 'NONE',  ( 13.50000000000000533, -1.980384757729360956, 2.425271854633451269E-16 ) ) ;
#933 = DIRECTION ( 'NONE',  ( -0.000000000000000000, 1.000000000000000000, -0.000000000000000000 ) ) ;
#934 = CARTESIAN_POINT ( 'NONE',  ( 10.35000000000000142, -0.8203022253684666421, -1.980384757729346745 ) ) ;
#935 = CARTESIAN_POINT ( 'NONE',  ( 7.400000000000002132, 1.980384757729333201, -4.850543709266902538E-16 ) ) ;
#936 = CIRCLE ( 'NONE', #6612, 0.1796875000000010270 ) ;
#937 = CARTESIAN_POINT ( 'NONE',  ( 7.900000000000005684, -1.980384757729360956, 2.425271854633451269E-16 ) ) ;
#938 = CARTESIAN_POINT ( 'NONE',  ( 1.700000000000003508, 1.400343491548885266, -1.400343491548899699 ) ) ;
#939 = CARTESIAN_POINT ( 'NONE',  ( 8.250000000000001776, 1.980384757729333201, 0.8203022253684517651 ) ) ;
#940 = CARTESIAN_POINT ( 'NONE',  ( 5.483394046132938904, 2.467846165009529358, -0.3996690307136297471 ) ) ;
#941 = CARTESIAN_POINT ( 'NONE',  ( 2.975000000000003642, 1.798385574751151461, -1.798385574751166116 ) ) ;
#942 = EDGE_CURVE ( 'NONE', #6897, #2418, #2587, .T. ) ;
#943 = ORIENTED_EDGE ( 'NONE', *, *, #6825, .F. ) ;
#944 = FACE_OUTER_BOUND ( 'NONE', #3580, .T. ) ;
#945 = CARTESIAN_POINT ( 'NONE',  ( -9.500000000000000000, -3.857637417314162689E-15, 0.000000000000000000 ) ) ;
#946 = CARTESIAN_POINT ( 'NONE',  ( 12.50000000000000533, -1.375652421508278441E-14, 1.980384757729347189 ) ) ;
#947 = CARTESIAN_POINT ( 'NONE',  ( 5.396930239806053464, 2.469892584152889814, -0.3868539077636659052 ) ) ;
#948 = CARTESIAN_POINT ( 'NONE',  ( 11.32500000000000462, -1.053469879313113200, 2.543301270189232799 ) ) ;
#949 = ORIENTED_EDGE ( 'NONE', *, *, #6499, .F. ) ;
#950 = CARTESIAN_POINT ( 'NONE',  ( 10.45000000000000462, 1.035533905932727983, 2.500000000000010214 ) ) ;
#951 = DIRECTION ( 'NONE',  ( -1.224646799147353207E-16, 2.655529440325959183E-32, 1.000000000000000000 ) ) ;
#952 = COORDINATED_UNIVERSAL_TIME_OFFSET ( 6, 0, .BEHIND. ) ;
#953 = DIRECTION ( 'NONE',  ( -1.000000000000000000, 2.087857514875232204E-16, 0.000000000000000000 ) ) ;
#954 = ORIENTED_EDGE ( 'NONE', *, *, #3112, .T. ) ;
#955 = CARTESIAN_POINT ( 'NONE',  ( 8.575000000000004619, 2.543301270189217700, -1.053469879313101210 ) ) ;
#956 = CARTESIAN_POINT ( 'NONE',  ( 5.500000000000005329, -1.980384757729360956, 2.425271854633451269E-16 ) ) ;
#957 = CARTESIAN_POINT ( 'NONE',  ( 3.600000000000004974, -1.433703035749471672E-14, -2.500000000000010214 ) ) ;
#958 = CYLINDRICAL_SURFACE ( 'NONE', #5927, 2.500000000000008438 ) ;
#959 = CARTESIAN_POINT ( 'NONE',  ( -2.304747858663500626, 2.849558053816634740, 5.065995843118942688 ) ) ;
#960 = CARTESIAN_POINT ( 'NONE',  ( 6.050000000000005151, 0.8203022253684378873, 1.980384757729346967 ) ) ;
#961 = CARTESIAN_POINT ( 'NONE',  ( 15.80000000000000426, 2.499999999999996003, -6.123233995736789948E-16 ) ) ;
#962 = CARTESIAN_POINT ( 'NONE',  ( 17.17500000000000426, -1.798385574751180105, -1.798385574751165450 ) ) ;
#963 = DIRECTION ( 'NONE',  ( -1.000000000000000000, 1.915009303283535757E-16, 0.000000000000000000 ) ) ;
#964 = CARTESIAN_POINT ( 'NONE',  ( 16.35000000000000853, 1.980384757729333201, 0.8203022253684517651 ) ) ;
#965 = DIRECTION ( 'NONE',  ( 0.000000000000000000, 0.000000000000000000, 1.000000000000000000 ) ) ;
#966 = ORIENTED_EDGE ( 'NONE', *, *, #4565, .T. ) ;
#967 = CARTESIAN_POINT ( 'NONE',  ( 7.750000000000005329, -1.980384757729360956, 0.8203022253684520981 ) ) ;
#968 = CARTESIAN_POINT ( 'NONE',  ( 5.250000000000002665, -0.8203022253684655318, 1.980384757729346967 ) ) ;
#969 = CARTESIAN_POINT ( 'NONE',  ( 8.450000000000006395, 0.8203022253684378873, 1.980384757729347189 ) ) ;
#970 = EDGE_CURVE ( 'NONE', #1467, #2276, #2741, .T. ) ;
#971 = CARTESIAN_POINT ( 'NONE',  ( 18.10000000000000497, -1.375652421508278441E-14, 1.980384757729347189 ) ) ;
#972 = CARTESIAN_POINT ( 'NONE',  ( 6.700000000000002842, 1.400343491548885710, 1.400343491548899477 ) ) ;
#973 = DIRECTION ( 'NONE',  ( 1.000000000000000000, -0.000000000000000000, -0.000000000000000000 ) ) ;
#974 = CARTESIAN_POINT ( 'NONE',  ( 3.175000000000004263, 1.798385574751152127, 1.798385574751165894 ) ) ;
#975 = ORIENTED_EDGE ( 'NONE', *, *, #5245, .F. ) ;
#976 = CARTESIAN_POINT ( 'NONE',  ( 16.85000000000000497, 0.8203022253684382203, -1.980384757729346745 ) ) ;
#977 = DIRECTION ( 'NONE',  ( 0.000000000000000000, 0.000000000000000000, -1.000000000000000000 ) ) ;
#978 = EDGE_CURVE ( 'NONE', #1184, #5553, #2300, .T. ) ;
#979 = CARTESIAN_POINT ( 'NONE',  ( 14.70000000000000639, 1.980384757729333201, -4.850543709266902538E-16 ) ) ;
#980 = CARTESIAN_POINT ( 'NONE',  ( 15.50000000000000355, 1.400343491548885710, 1.400343491548899477 ) ) ;
#981 = CARTESIAN_POINT ( 'NONE',  ( 12.62500000000000711, 2.543301270189217700, -1.053469879313101210 ) ) ;
#982 = EDGE_CURVE ( 'NONE', #3354, #410, #3560, .T. ) ;
#983 = ORIENTED_EDGE ( 'NONE', *, *, #4101, .F. ) ;
#984 = CARTESIAN_POINT ( 'NONE',  ( 1.925000000000003153, -1.798385574751180105, -1.798385574751165450 ) ) ;
#985 = CARTESIAN_POINT ( 'NONE',  ( -6.635278514588856424, 1.514762078991547467, 7.324203956670474192 ) ) ;
#986 = APPROVAL_STATUS ( 'not_yet_approved' ) ;
#987 = CIRCLE ( 'NONE', #3549, 4.897581003224556362 ) ;
#988 = DIRECTION ( 'NONE',  ( 1.000000000000000000, -0.000000000000000000, -0.000000000000000000 ) ) ;
#989 = EDGE_LOOP ( 'NONE', ( #6202, #6594, #2002, #6508, #670 ) ) ;
#990 = CARTESIAN_POINT ( 'NONE',  ( 11.12500000000000533, 1.798385574751152127, 1.798385574751165894 ) ) ;
#991 = CARTESIAN_POINT ( 'NONE',  ( 2.250000000000006217, -1.980384757729360956, 0.8203022253684520981 ) ) ;
#992 = CARTESIAN_POINT ( 'NONE',  ( -3.316580797368453570, -2.768745557924671807, 7.572504534289003273E-16 ) ) ;
#993 = CARTESIAN_POINT ( 'NONE',  ( 11.55000000000000426, -1.035533905932757293, -2.500000000000010214 ) ) ;
#994 = DIRECTION ( 'NONE',  ( -2.168404344971008868E-16, -1.000000000000000000, 0.000000000000000000 ) ) ;
#995 = CARTESIAN_POINT ( 'NONE',  ( 7.250000000000006217, -0.8203022253684666421, -1.980384757729346745 ) ) ;
#996 = DIRECTION ( 'NONE',  ( 1.000000000000000000, -2.168404344971008868E-16, 0.000000000000000000 ) ) ;
#997 = EDGE_CURVE ( 'NONE', #5553, #3100, #3614, .T. ) ;
#998 = AXIS2_PLACEMENT_3D ( 'NONE', #2623, #5384, #404 ) ;
#999 = CARTESIAN_POINT ( 'NONE',  ( 10.55000000000000604, 0.8203022253684382203, -1.980384757729346745 ) ) ;
#1000 = CARTESIAN_POINT ( 'NONE',  ( 5.500000000000000888, -4.500000000000009770, 0.000000000000000000 ) ) ;
#1001 = ORIENTED_EDGE ( 'NONE', *, *, #3699, .F. ) ;
#1002 = CARTESIAN_POINT ( 'NONE',  ( 6.050000000000003375, -0.8203022253684655318, 1.980384757729346967 ) ) ;
#1003 = CIRCLE ( 'NONE', #6452, 4.876458203497873178 ) ;
#1004 = CARTESIAN_POINT ( 'NONE',  ( 5.900000000000005684, 1.980384757729333201, -4.850543709266902538E-16 ) ) ;
#1005 = CARTESIAN_POINT ( 'NONE',  ( 17.60000000000000497, -1.400343491548913688, -1.400343491548899255 ) ) ;
#1006 = CARTESIAN_POINT ( 'NONE',  ( 5.700000000000001954, 1.400343491548885266, -1.400343491548899699 ) ) ;
#1007 = CONICAL_SURFACE ( 'NONE', #3579, 5.500000000000001776, 0.3662216345249681426 ) ;
#1008 = VERTEX_POINT ( 'NONE', #3573 ) ;
#1009 = EDGE_CURVE ( 'NONE', #3143, #3410, #879, .T. ) ;
#1010 = CARTESIAN_POINT ( 'NONE',  ( 14.75000000000000355, 0.8203022253684378873, 1.980384757729346967 ) ) ;
#1011 = CARTESIAN_POINT ( 'NONE',  ( 17.80000000000000782, 1.400343491548885266, -1.400343491548899699 ) ) ;
#1012 = AXIS2_PLACEMENT_3D ( 'NONE', #6514, #423, #6652 ) ;
#1013 = AXIS2_PLACEMENT_3D ( 'NONE', #4375, #4889, #3831 ) ;
#1014 = CARTESIAN_POINT ( 'NONE',  ( 13.35000000000000675, -0.8203022253684655318, 1.980384757729347189 ) ) ;
#1015 = CARTESIAN_POINT ( 'NONE',  ( 15.45000000000000284, 1.980384757729333201, 0.8203022253684517651 ) ) ;
#1016 = CARTESIAN_POINT ( 'NONE',  ( 8.225000000000003197, -2.543301270189245677, 1.053469879313099655 ) ) ;
#1017 = ORIENTED_EDGE ( 'NONE', *, *, #3515, .T. ) ;
#1018 = EDGE_CURVE ( 'NONE', #4814, #2973, #3207, .T. ) ;
#1019 = DIRECTION ( 'NONE',  ( 1.000000000000000000, -0.000000000000000000, -0.000000000000000000 ) ) ;
#1020 = PERSON_AND_ORGANIZATION_ROLE ( 'creator' ) ;
#1021 = VERTEX_POINT ( 'NONE', #1769 ) ;
#1022 = CARTESIAN_POINT ( 'NONE',  ( 8.900000000000003908, -1.372470695792103782E-14, 2.500000000000010214 ) ) ;
#1023 = DIRECTION ( 'NONE',  ( -1.000000000000000000, 2.254409081679263150E-16, 0.000000000000000000 ) ) ;
#1024 = VERTEX_POINT ( 'NONE', #5670 ) ;
#1025 = CARTESIAN_POINT ( 'NONE',  ( 11.22500000000000497, -1.372205551982422560E-14, 2.543301270189231911 ) ) ;
#1026 = CARTESIAN_POINT ( 'NONE',  ( 1.600000000000004086, -1.400343491548913688, -1.400343491548899255 ) ) ;
#1027 = DIRECTION ( 'NONE',  ( 1.224646799147353207E-16, -2.655529440325959183E-32, 1.000000000000000000 ) ) ;
#1028 = CARTESIAN_POINT ( 'NONE',  ( 11.30000000000000426, -1.767766952966389749, 1.767766952966375982 ) ) ;
#1029 = CARTESIAN_POINT ( 'NONE',  ( 5.786193522007097911, -2.484332250734376135, 0.2794517274256634320 ) ) ;
#1030 = DIRECTION ( 'NONE',  ( -1.000000000000000000, 2.029340504766911289E-16, 0.000000000000000000 ) ) ;
#1031 = CARTESIAN_POINT ( 'NONE',  ( 8.650000000000005684, -1.980384757729360956, 0.8203022253684520981 ) ) ;
#1032 = CARTESIAN_POINT ( 'NONE',  ( 12.50000000000000355, -1.433703035749471672E-14, -2.500000000000010214 ) ) ;
#1033 = AXIS2_PLACEMENT_3D ( 'NONE', #5861, #237, #4232 ) ;
#1034 = CARTESIAN_POINT ( 'NONE',  ( 12.65000000000000391, -1.980384757729360956, 0.8203022253684520981 ) ) ;
#1035 = FACE_OUTER_BOUND ( 'NONE', #6255, .T. ) ;
#1036 = EDGE_CURVE ( 'NONE', #3297, #6773, #6019, .T. ) ;
#1037 = ORIENTED_EDGE ( 'NONE', *, *, #1450, .F. ) ;
#1038 = CARTESIAN_POINT ( 'NONE',  ( 7.500000000000003553, 1.400343491548885710, 1.400343491548899477 ) ) ;
#1039 = CARTESIAN_POINT ( 'NONE',  ( 8.400000000000005684, 1.400343491548885710, 1.400343491548899477 ) ) ;
#1040 = CARTESIAN_POINT ( 'NONE',  ( 15.75000000000000711, -0.8203022253684655318, 1.980384757729346967 ) ) ;
#1041 = CARTESIAN_POINT ( 'NONE',  ( 6.950000000000002842, -1.980384757729360956, 0.8203022253684520981 ) ) ;
#1042 = DIRECTION ( 'NONE',  ( 0.000000000000000000, 0.000000000000000000, -1.000000000000000000 ) ) ;
#1043 = EDGE_LOOP ( 'NONE', ( #3693, #6663, #6801, #2851, #1876, #6007, #1037, #4714 ) ) ;
#1044 = CARTESIAN_POINT ( 'NONE',  ( 17.20000000000000284, -1.375652421508278441E-14, 1.980384757729347189 ) ) ;
#1045 = CARTESIAN_POINT ( 'NONE',  ( 16.70000000000000639, -1.980384757729360956, 2.425271854633451269E-16 ) ) ;
#1046 =( BOUNDED_CURVE ( )  B_SPLINE_CURVE ( 2, ( #6679, #1637, #5945, #3869, #45 ),
 .UNSPECIFIED., .F., .T. ) 
 B_SPLINE_CURVE_WITH_KNOTS ( ( 3, 2, 3 ),
 ( 0.2840909090909090606, 0.2897727272727272929, 0.2954545454545454142 ),
 .UNSPECIFIED. ) 
 CURVE ( )  GEOMETRIC_REPRESENTATION_ITEM ( )  RATIONAL_B_SPLINE_CURVE ( ( 1.000000000000000000, 0.9238795325112867385, 1.000000000000000000, 0.9238795325112867385, 1.000000000000000000 ) ) 
 REPRESENTATION_ITEM ( '' )  );
#1047 = AXIS2_PLACEMENT_3D ( 'NONE', #4456, #1175, #6657 ) ;
#1048 = CARTESIAN_POINT ( 'NONE',  ( 13.15000000000000568, 1.980384757729333201, 0.8203022253684517651 ) ) ;
#1049 = CARTESIAN_POINT ( 'NONE',  ( 16.45000000000000284, -0.8203022253684655318, 1.980384757729347189 ) ) ;
#1050 = CARTESIAN_POINT ( 'NONE',  ( 7.925000000000003375, 2.543301270189218588, 1.053469879313099433 ) ) ;
#1051 = ORIENTED_EDGE ( 'NONE', *, *, #1629, .T. ) ;
#1052 = CARTESIAN_POINT ( 'NONE',  ( 5.099999999999999645, -2.500000000000022204, 0.1056670734335769246 ) ) ;
#1053 = CARTESIAN_POINT ( 'NONE',  ( 16.70000000000000284, 1.767766952966362215, 1.767766952966375982 ) ) ;
#1054 =( NAMED_UNIT ( * ) PLANE_ANGLE_UNIT ( ) SI_UNIT ( $, .RADIAN. ) );
#1055 = VERTEX_POINT ( 'NONE', #2478 ) ;
#1056 = CARTESIAN_POINT ( 'NONE',  ( 8.450000000000006395, 1.035533905932728427, -2.500000000000010214 ) ) ;
#1057 = EDGE_CURVE ( 'NONE', #1487, #3304, #1924, .T. ) ;
#1058 = DIRECTION ( 'NONE',  ( -1.000000000000000000, 0.000000000000000000, 0.000000000000000000 ) ) ;
#1059 = CARTESIAN_POINT ( 'NONE',  ( 9.500000000000003553, 1.767766952966362215, 1.767766952966375982 ) ) ;
#1060 =( BOUNDED_CURVE ( )  B_SPLINE_CURVE ( 2, ( #3933, #3786, #7117, #43, #3826, #6001, #3277, #2731, #6145 ),
 .UNSPECIFIED., .F., .F. ) 
 B_SPLINE_CURVE_WITH_KNOTS ( ( 3, 2, 2, 2, 3 ),
 ( 0.8863636363636363535, 0.8920454545454545858, 0.8977272727272727071, 0.9034090909090909394, 0.9090909090909090606 ),
 .UNSPECIFIED. ) 
 CURVE ( )  GEOMETRIC_REPRESENTATION_ITEM ( )  RATIONAL_B_SPLINE_CURVE ( ( 1.000000000000000000, 0.9238795325112867385, 1.000000000000000000, 0.9238795325112867385, 1.000000000000000000, 0.9238795325112867385, 1.000000000000000000, 0.9238795325112867385, 1.000000000000000000 ) ) 
 REPRESENTATION_ITEM ( '' )  );
#1061 = CARTESIAN_POINT ( 'NONE',  ( 6.425000000000005151, -1.372205551982422560E-14, 2.543301270189231911 ) ) ;
#1062 = CARTESIAN_POINT ( 'NONE',  ( 1.650000000000005462, -0.8203022253684666421, -1.980384757729346745 ) ) ;
#1063 = CARTESIAN_POINT ( 'NONE',  ( 16.25000000000000355, -2.500000000000024425, -1.035533905932741749 ) ) ;
#1064 = CIRCLE ( 'NONE', #3636, 0.1796875000000001665 ) ;
#1065 = CARTESIAN_POINT ( 'NONE',  ( 14.75000000000000533, -1.035533905932757293, -2.500000000000010214 ) ) ;
#1066 = CARTESIAN_POINT ( 'NONE',  ( 1.332592083051830523, -1.121425541685570959, -2.050561796129357184 ) ) ;
#1067 = CARTESIAN_POINT ( 'NONE',  ( 6.700000000000006395, 1.980384757729333201, -4.850543709266902538E-16 ) ) ;
#1068 = CARTESIAN_POINT ( 'NONE',  ( 7.950000000000003730, 2.499999999999996447, 1.035533905932741972 ) ) ;
#1069 = VECTOR ( 'NONE', #3039, 1000.000000000000000 ) ;
#1070 = CARTESIAN_POINT ( 'NONE',  ( 12.30000000000000604, 1.980384757729333201, -4.850543709266902538E-16 ) ) ;
#1071 = DIRECTION ( 'NONE',  ( -1.000000000000000000, 0.000000000000000000, 0.000000000000000000 ) ) ;
#1072 = ORIENTED_EDGE ( 'NONE', *, *, #4092, .F. ) ;
#1073 = CARTESIAN_POINT ( 'NONE',  ( 6.150000000000003020, -1.980384757729360956, 0.8203022253684520981 ) ) ;
#1074 = CARTESIAN_POINT ( 'NONE',  ( 6.700000000000006395, 1.980384757729333201, -4.850543709266902538E-16 ) ) ;
#1075 = CARTESIAN_POINT ( 'NONE',  ( 18.45000000000000284, -0.8203022253684666421, -1.980384757729346745 ) ) ;
#1076 = CARTESIAN_POINT ( 'NONE',  ( 7.300000000000002487, 1.400343491548885266, -1.400343491548899699 ) ) ;
#1077 = ORIENTED_EDGE ( 'NONE', *, *, #3162, .T. ) ;
#1078 = CARTESIAN_POINT ( 'NONE',  ( 5.100000000000003197, -2.500000000000023981, 3.061616997868394974E-16 ) ) ;
#1079 = VECTOR ( 'NONE', #690, 1000.000000000000000 ) ;
#1080 = ORIENTED_EDGE ( 'NONE', *, *, #6251, .T. ) ;
#1081 = ORIENTED_EDGE ( 'NONE', *, *, #4123, .T. ) ;
#1082 = CARTESIAN_POINT ( 'NONE',  ( 16.70000000000000284, -1.400343491548913688, -1.400343491548899255 ) ) ;
#1083 = CARTESIAN_POINT ( 'NONE',  ( 14.55000000000000426, -2.500000000000023981, 1.035533905932742194 ) ) ;
#1084 = CARTESIAN_POINT ( 'NONE',  ( 12.10000000000000675, -1.424157858600947694E-14, -1.980384757729347189 ) ) ;
#1085 = CARTESIAN_POINT ( 'NONE',  ( 6.850000000000004086, 1.035533905932728427, -2.500000000000010214 ) ) ;
#1086 = CARTESIAN_POINT ( 'NONE',  ( 8.375000000000003553, -1.798385574751180105, -1.798385574751165450 ) ) ;
#1087 = ADVANCED_FACE ( 'NONE', ( #5787 ), #2511, .T. ) ;
#1088 = VERTEX_POINT ( 'NONE', #108 ) ;
#1089 = CARTESIAN_POINT ( 'NONE',  ( 7.850000000000005862, 2.499999999999996003, 1.035533905932741972 ) ) ;
#1090 = EDGE_CURVE ( 'NONE', #6817, #640, #6555, .T. ) ;
#1091 =( BOUNDED_CURVE ( )  B_SPLINE_CURVE ( 2, ( #2775, #46, #6647, #80, #6716, #1704, #3320, #2737, #5540 ),
 .UNSPECIFIED., .F., .T. ) 
 B_SPLINE_CURVE_WITH_KNOTS ( ( 3, 2, 2, 2, 3 ),
 ( 0.8636363636363636465, 0.8693181818181818787, 0.8750000000000000000, 0.8806818181818182323, 0.8863636363636363535 ),
 .UNSPECIFIED. ) 
 CURVE ( )  GEOMETRIC_REPRESENTATION_ITEM ( )  RATIONAL_B_SPLINE_CURVE ( ( 1.000000000000000000, 0.9238795325112867385, 1.000000000000000000, 0.9238795325112867385, 1.000000000000000000, 0.9238795325112867385, 1.000000000000000000, 0.9238795325112867385, 1.000000000000000000 ) ) 
 REPRESENTATION_ITEM ( '' )  );
#1092 = CYLINDRICAL_SURFACE ( 'NONE', #649, 2.500000000000008438 ) ;
#1093 = DIRECTION ( 'NONE',  ( 0.000000000000000000, 0.000000000000000000, 1.000000000000000000 ) ) ;
#1094 = VERTEX_POINT ( 'NONE', #1337 ) ;
#1095 = CARTESIAN_POINT ( 'NONE',  ( -17.17707626639203866, -2.250000000000017764, 0.000000000000000000 ) ) ;
#1096 = CARTESIAN_POINT ( 'NONE',  ( -0.4398693894411332961, -3.906453299771492915, 3.895096322886899998 ) ) ;
#1097 = CARTESIAN_POINT ( 'NONE',  ( 18.27500000000000213, 2.543301270189218144, -6.229291519609281552E-16 ) ) ;
#1098 = CARTESIAN_POINT ( 'NONE',  ( 9.550000000000006040, 1.035533905932727983, 2.500000000000010214 ) ) ;
#1099 = CARTESIAN_POINT ( 'NONE',  ( 6.725000000000004974, -1.798385574751180105, -1.798385574751165450 ) ) ;
#1100 = CARTESIAN_POINT ( 'NONE',  ( 18.42500000000000426, -1.372205551982422560E-14, 2.543301270189231911 ) ) ;
#1101 = CARTESIAN_POINT ( 'NONE',  ( 15.05000000000000604, 2.499999999999996003, 1.035533905932741972 ) ) ;
#1102 = EDGE_CURVE ( 'NONE', #1184, #4919, #1260, .T. ) ;
#1103 = CARTESIAN_POINT ( 'NONE',  ( 5.516620316429211357, 2.467846281011530252, 0.3996683141278061790 ) ) ;
#1104 = CARTESIAN_POINT ( 'NONE',  ( 15.55000000000000426, -2.500000000000024425, -1.035533905932741749 ) ) ;
#1105 = CARTESIAN_POINT ( 'NONE',  ( 3.500000000000004885, 1.980384757729333201, -4.850543709266902538E-16 ) ) ;
#1106 =( BOUNDED_CURVE ( )  B_SPLINE_CURVE ( 2, ( #4013, #3467, #5681, #698, #2371, #4592, #4056, #6259, #1274 ),
 .UNSPECIFIED., .F., .F. ) 
 B_SPLINE_CURVE_WITH_KNOTS ( ( 3, 2, 2, 2, 3 ),
 ( 0.9204545454545454142, 0.9261363636363636465, 0.9318181818181817677, 0.9375000000000000000, 0.9431818181818182323 ),
 .UNSPECIFIED. ) 
 CURVE ( )  GEOMETRIC_REPRESENTATION_ITEM ( )  RATIONAL_B_SPLINE_CURVE ( ( 1.000000000000000000, 0.9238795325112867385, 1.000000000000000000, 0.9238795325112867385, 1.000000000000000000, 0.9238795325112867385, 1.000000000000000000, 0.9238795325112867385, 1.000000000000000000 ) ) 
 REPRESENTATION_ITEM ( '' )  );
#1107 = CARTESIAN_POINT ( 'NONE',  ( 15.65000000000000391, 1.035533905932728427, -2.500000000000010214 ) ) ;
#1108 = CARTESIAN_POINT ( 'NONE',  ( 11.55000000000000426, 1.980384757729333201, 0.8203022253684517651 ) ) ;
#1109 = CARTESIAN_POINT ( 'NONE',  ( 1.800000000000002265, -1.767766952966389749, 1.767766952966375982 ) ) ;
#1110 = EDGE_CURVE ( 'NONE', #5591, #99, #4076, .T. ) ;
#1111 = VERTEX_POINT ( 'NONE', #2869 ) ;
#1112 = CARTESIAN_POINT ( 'NONE',  ( 2.850000000000002309, -0.8203022253684655318, 1.980384757729346967 ) ) ;
#1113 = CARTESIAN_POINT ( 'NONE',  ( 5.250000000000006217, 0.8203022253684378873, 1.980384757729347189 ) ) ;
#1114 = CARTESIAN_POINT ( 'NONE',  ( 17.05000000000001137, 1.980384757729332534, -0.8203022253684530973 ) ) ;
#1115 = CARTESIAN_POINT ( 'NONE',  ( 2.200000000000002398, -1.980384757729360956, 2.425271854633451269E-16 ) ) ;
#1116 = ORIENTED_EDGE ( 'NONE', *, *, #4004, .F. ) ;
#1117 = VERTEX_POINT ( 'NONE', #2323 ) ;
#1118 = AXIS2_PLACEMENT_3D ( 'NONE', #2463, #3664, #7097 ) ;
#1119 = CIRCLE ( 'NONE', #5192, 6.534737158183716588 ) ;
#1120 = CARTESIAN_POINT ( 'NONE',  ( 15.40000000000000391, 1.980384757729333201, -4.850543709266902538E-16 ) ) ;
#1121 = CARTESIAN_POINT ( 'NONE',  ( 13.15000000000000213, 0.8203022253684378873, 1.980384757729346967 ) ) ;
#1122 = CARTESIAN_POINT ( 'NONE',  ( 7.200000000000003730, -1.372470695792103782E-14, 2.500000000000010214 ) ) ;
#1123 = CARTESIAN_POINT ( 'NONE',  ( 7.575000000000003730, -1.798385574751180105, -1.798385574751165450 ) ) ;
#1124 = ORIENTED_EDGE ( 'NONE', *, *, #3825, .F. ) ;
#1125 = CARTESIAN_POINT ( 'NONE',  ( 6.350000000000004086, 1.035533905932727983, 2.500000000000010214 ) ) ;
#1126 = AXIS2_PLACEMENT_3D ( 'NONE', #6894, #4256, #4693 ) ;
#1127 = DIRECTION ( 'NONE',  ( -1.000000000000000000, 2.168404344971008868E-16, 0.000000000000000000 ) ) ;
#1128 = CC_DESIGN_PERSON_AND_ORGANIZATION_ASSIGNMENT ( #3315, #7118, ( #4349 ) ) ;
#1129 = ADVANCED_FACE ( 'NONE', ( #4543 ), #6745, .F. ) ;
#1130 = CARTESIAN_POINT ( 'NONE',  ( 17.50000000000000000, -1.194030629168669588E-14, -2.500000000000008438 ) ) ;
#1131 = CARTESIAN_POINT ( 'NONE',  ( 16.17500000000000426, -1.798385574751179439, 1.798385574751165894 ) ) ;
#1132 = CARTESIAN_POINT ( 'NONE',  ( 16.58038475772934106, -1.812970446248958645, 0.8072519055250590991 ) ) ;
#1133 = ORIENTED_EDGE ( 'NONE', *, *, #1508, .F. ) ;
#1134 =( BOUNDED_SURFACE ( )  B_SPLINE_SURFACE ( 1, 2, ( 
 ( #4434, #406, #2762, #2103, #5993, #3270, #477, #4985, #6637, #2724, #7078, #6496, #4331, #512, #4945, #3716, #443, #3202, #1011, #7111, #1519, #5422, #5925, #3235, #2067, #3750, #4878, #4838, #2624, #4400, #6530, #2690, #4912, #2138, #4365, #1588, #3819, #7148, #6031, #6073, #1045, #2176, #6601, #5576, #4247, #7066, #6447, #964, #1953, #3188, #5844, #1472, #3154, #4284, #1987, #6992, #3669, #2090, #1367, #3599, #858, #2646, #5409, #3738, #6484, #6925, #5301, #430, #1506, #5948, #287, #4865, #5264, #5810, #823, #3046, #2503, #6346, #4722, #4791, #5878, #4826, #4182, #2610, #2541, #6415, #6383, #322, #3637, #1401, #3084, #4760, #6959, #7026, #4215, #3706, #2020, #1435, #896, #3122, #5339, #358, #2574, #5912, #932, #2053, #5372, #391, #2201, #6550, #2127, #3842, #5008, #3364, #5550, #23, #6057, #56, #1681, #6125, #4353, #1034, #3805, #2163, #533, #7100, #6018, #1142, #1070, #2680, #4901, #3258, #5443, #3769, #2235, #1574, #5476, #7169, #501, #3912, #6519, #5584, #2815, #1108, #601, #4421, #6624, #2711, #4455, #5040, #1648, #4318, #3880, #1541, #4932, #5980, #7134, #6095, #3333, #6656, #4386, #4971, #1611, #999, #3224, #466, #6587, #3294, #5508, #2748, #570, #2786, #1206, #4098, #2420, #4640, #3400, #6303, #1174, #4491, #6692, #1714, #3948, #776, #5219, #704, #6763, #737, #2999, #5724, #5651, #2339, #5616, #3434, #6727, #6159, #6843, #5074, #633, #2961, #2887, #6803, #5146, #2849, #92, #2303, #2268, #4019, #126, #4525, #1748, #5183, #3982, #2923, #166, #6192, #668, #1786, #205, #1318, #3513, #1868, #6227, #5110, #3548, #5763, #4560, #1242, #3474, #5688, #2378, #4599, #1828, #4061, #6267, #1283, #5835, #2530, #6980, #4204, #7018, #6474, #6438, #3627, #812, #849, #2011, #1464, #3729, #2045, #383, #2601, #1355, #4276, #6335, #2460, #4678, #6878, #1905, #5938, #3180, #5868, #4749, #5902, #956, #3696, #3074, #311, #3591, #1391, #4711, #4134, #4817, #3036, #5800, #922, #5289, #4781, #3110, #5255, #278, #2493, #243, #1977, #6951, #6914, #1941, #3146, #4171, #887, #5329, #6373, #6407, #1426, #5364, #1496, #3660, #347, #2565, #4237, #2779, #18, #5436, #1533, #2638, #2673, #7125, #3904, #5469, #6118, #7058, #4449, #3796, #492, #4962, #2153, #5002, #6650, #4414, #1566, #5974, #6011, #7163, #6618, #1675, #2119, #4893, #3251, #1602, #991, #7092, #2228, #4924, #3762, #3217, #4343, #6511, #4856, #6088, #458, #6542, #1062, #1026, #1136, #420, #5398, #2082, #2192, #4310 ),
 ( #2704, #4379, #5501, #1641, #3323, #6580, #6049, #3834, #3284, #524, #2739, #3873, #1100, #5543, #564, #3610, #3940, #2295, #6393, #1777, #661, #1819, #1962, #6793, #6719, #3427, #6683, #4517, #627, #595, #5819, #6151, #5034, #4054, #3974, #695, #6219, #5579, #4481, #2260, #3356, #5102, #1201, #1707, #50, #6257, #2810, #4011, #1234, #5610, #1168, #2880, #1272, #2512, #4589, #834, #118, #3392, #3057, #5273, #2843, #5066, #83, #1741, #2333, #4191, #5643, #6185, #4553, #4732, #6754, #3465, #2915, #5679, #295, #6937, #2369, #5136, #156, #5852, #3095, #5310, #1410, #868, #3645, #6236, #4612, #3992, #2897, #3009, #714, #6737, #1759, #5120, #2314, #642, #1879, #6201, #1216, #4072, #677, #787, #3409, #5230, #6888, #5194, #253, #6277, #1292, #4570, #4110, #5776, #3523, #1916, #5735, #2469, #3444, #4687, #137, #747, #217, #6314, #4032, #1838, #5698, #4145, #5625, #2860, #2350, #1183, #5084, #101, #1329, #5662, #6772, #4535, #3561, #1796, #1251, #3485, #2934, #5157, #175, #2388, #6816, #2972, #2432, #4650, #6853, #4855, #2563, #2703, #7057, #3695, #3794, #6406, #1025, #4923, #990, #3250, #2081, #4308, #382, #7091, #1565, #6509, #7124, #1532, #6010, #6979, #5468, #5901, #3761, #3215, #2117, #7017, #5973, #1495, #4203, #1425, #3659, #920, #491, #5867, #886, #4342, #4780, #3144, #3109, #6541, #5327, #346, #2010, #5435, #457, #3727, #4236, #6437, #2672, #1462, #5363, #4892, #2600, #4816, #2043, #4275, #6473, #3179, #5937, #955, #5397, #419, #2636, #3322, #4448, #1167, #5101, #660, #2227, #6649, #594, #2191, #3283, #49, #2738, #5033, #2842, #2294, #5609, #6117, #5500, #523, #4961, #7162, #5065, #1674, #6184, #6048, #4413, #82, #6150, #2259, #4480, #1640, #6682, #626, #1099, #4516, #6617, #3872, #6718, #1601, #1061, #6087, #3426, #1200, #3391, #5578, #1740, #5542, #1706, #563, #3973, #3355, #5642, #2879, #2152, #2778, #3939, #4378, #6579, #3833, #17, #3903, #5001, #1135, #2809, #5678, #3065, #2993, #694, #6256, #4162, #2368, #1383, #6293, #3618, #1344, #2951, #5212, #1897, #1271, #2411, #6328, #117, #5826, #194, #4631, #5753, #155, #1233, #234, #2914, #2453, #804, #270, #3581, #4089, #3464, #5135, #4588, #6792, #3025, #6836, #6363, #4010, #1818, #5247, #4126, #4669, #6869, #4053, #5793, #2484, #3504, #4702, #5715, #729, #6903, #6753, #6218, #5174, #842, #2332, #1931, #3540, #4552, #1858, #1776, #1310, #765, #6466, #984, #451, #5967, #5894, #5391, #3208, #5280 ) ),
 .UNSPECIFIED., .F., .F., .T. ) 
 B_SPLINE_SURFACE_WITH_KNOTS ( ( 2, 2 ),
 ( 3, 2, 2, 2, 2, 2, 2, 2, 2, 2, 2, 2, 2, 2, 2, 2, 2, 2, 2, 2, 2, 2, 2, 2, 2, 2, 2, 2, 2, 2, 2, 2, 2, 2, 2, 2, 2, 2, 2, 2, 2, 2, 2, 2, 2, 2, 2, 2, 2, 2, 2, 2, 2, 2, 2, 2, 2, 2, 2, 2, 2, 2, 2, 2, 2, 2, 2, 2, 2, 2, 2, 2, 2, 2, 2, 2, 2, 2, 2, 2, 2, 2, 2, 2, 2, 2, 2, 2, 2, 2, 2, 2, 2, 2, 2, 2, 2, 2, 2, 2, 2, 2, 2, 2, 2, 2, 2, 2, 2, 2, 2, 2, 2, 2, 2, 2, 2, 2, 2, 2, 2, 2, 2, 2, 2, 2, 2, 2, 2, 2, 2, 2, 2, 2, 2, 2, 2, 2, 2, 2, 2, 2, 2, 2, 2, 2, 2, 2, 2, 2, 2, 2, 2, 2, 2, 2, 2, 2, 2, 2, 2, 2, 2, 2, 2, 2, 2, 2, 2, 2, 2, 2, 2, 2, 3 ),
 ( 0.000000000000000000, 1.000000000000000000 ),
 ( 0.000000000000000000, 0.005681818181818181976, 0.01136363636363636395, 0.01704545454545454419, 0.02272727272727272790, 0.02840909090909090814, 0.03409090909090908839, 0.03977272727272727210, 0.04545454545454545581, 0.05113636363636363952, 0.05681818181818181629, 0.06250000000000000000, 0.06818181818181817677, 0.07386363636363636742, 0.07954545454545454419, 0.08522727272727272096, 0.09090909090909091161, 0.09659090909090908839, 0.1022727272727272790, 0.1079545454545454558, 0.1136363636363636326, 0.1193181818181818232, 0.1250000000000000000, 0.1306818181818181768, 0.1363636363636363535, 0.1420454545454545581, 0.1477272727272727348, 0.1534090909090909116, 0.1590909090909090884, 0.1647727272727272652, 0.1704545454545454419, 0.1761363636363636465, 0.1818181818181818232, 0.1875000000000000000, 0.1931818181818181768, 0.1988636363636363535, 0.2045454545454545581, 0.2102272727272727348, 0.2159090909090909116, 0.2215909090909090884, 0.2272727272727272652, 0.2329545454545454419, 0.2386363636363636465, 0.2443181818181818232, 0.2500000000000000000, 0.2556818181818181768, 0.2613636363636363535, 0.2670454545454545303, 0.2727272727272727071, 0.2784090909090908839, 0.2840909090909091161, 0.2897727272727272929, 0.2954545454545454697, 0.3011363636363636465, 0.3068181818181818232, 0.3125000000000000000, 0.3181818181818181768, 0.3238636363636363535, 0.3295454545454545303, 0.3352272727272727071, 0.3409090909090908839, 0.3465909090909091161, 0.3522727272727272929, 0.3579545454545454697, 0.3636363636363636465, 0.3693181818181818232, 0.3750000000000000000, 0.3806818181818181768, 0.3863636363636363535, 0.3920454545454545303, 0.3977272727272727071, 0.4034090909090908839, 0.4090909090909091161, 0.4147727272727272929, 0.4204545454545454697, 0.4261363636363636465, 0.4318181818181818232, 0.4375000000000000000, 0.4431818181818181768, 0.4488636363636363535, 0.4545454545454545303, 0.4602272727272727071, 0.4659090909090908839, 0.4715909090909091161, 0.4772727272727272929, 0.4829545454545454697, 0.4886363636363636465, 0.4943181818181818232, 0.5000000000000000000, 0.5056818181818182323, 0.5113636363636363535, 0.5170454545454545858, 0.5227272727272727071, 0.5284090909090909394, 0.5340909090909090606, 0.5397727272727272929, 0.5454545454545454142, 0.5511363636363636465, 0.5568181818181817677, 0.5625000000000000000, 0.5681818181818182323, 0.5738636363636363535, 0.5795454545454545858, 0.5852272727272727071, 0.5909090909090909394, 0.5965909090909090606, 0.6022727272727272929, 0.6079545454545454142, 0.6136363636363636465, 0.6193181818181817677, 0.6250000000000000000, 0.6306818181818182323, 0.6363636363636363535, 0.6420454545454545858, 0.6477272727272727071, 0.6534090909090909394, 0.6590909090909090606, 0.6647727272727272929, 0.6704545454545454142, 0.6761363636363636465, 0.6818181818181817677, 0.6875000000000000000, 0.6931818181818182323, 0.6988636363636363535, 0.7045454545454545858, 0.7102272727272727071, 0.7159090909090909394, 0.7215909090909090606, 0.7272727272727272929, 0.7329545454545454142, 0.7386363636363636465, 0.7443181818181817677, 0.7500000000000000000, 0.7556818181818182323, 0.7613636363636363535, 0.7670454545454545858, 0.7727272727272727071, 0.7784090909090909394, 0.7840909090909090606, 0.7897727272727272929, 0.7954545454545454142, 0.8011363636363636465, 0.8068181818181817677, 0.8125000000000000000, 0.8181818181818182323, 0.8238636363636363535, 0.8295454545454545858, 0.8352272727272727071, 0.8409090909090909394, 0.8465909090909090606, 0.8522727272727272929, 0.8579545454545454142, 0.8636363636363636465, 0.8693181818181817677, 0.8750000000000000000, 0.8806818181818182323, 0.8863636363636363535, 0.8920454545454545858, 0.8977272727272727071, 0.9034090909090909394, 0.9090909090909090606, 0.9147727272727272929, 0.9204545454545454142, 0.9261363636363636465, 0.9318181818181817677, 0.9375000000000000000, 0.9431818181818182323, 0.9488636363636363535, 0.9545454545454545858, 0.9602272727272727071, 0.9659090909090909394, 0.9715909090909090606, 0.9772727272727272929, 0.9829545454545454142, 0.9886363636363636465 ),
 .UNSPECIFIED. ) 
 GEOMETRIC_REPRESENTATION_ITEM ( )  RATIONAL_B_SPLINE_SURFACE ( (
 ( 1.000000000000000000, 0.9238795325112867385, 1.000000000000000000, 0.9238795325112867385, 1.000000000000000000, 0.9238795325112867385, 1.000000000000000000, 0.9238795325112867385, 1.000000000000000000, 0.9238795325112867385, 1.000000000000000000, 0.9238795325112867385, 1.000000000000000000, 0.9238795325112867385, 1.000000000000000000, 0.9238795325112867385, 1.000000000000000000, 0.9238795325112867385, 1.000000000000000000, 0.9238795325112867385, 1.000000000000000000, 0.9238795325112867385, 1.000000000000000000, 0.9238795325112867385, 1.000000000000000000, 0.9238795325112867385, 1.000000000000000000, 0.9238795325112867385, 1.000000000000000000, 0.9238795325112867385, 1.000000000000000000, 0.9238795325112867385, 1.000000000000000000, 0.9238795325112867385, 1.000000000000000000, 0.9238795325112867385, 1.000000000000000000, 0.9238795325112867385, 1.000000000000000000, 0.9238795325112867385, 1.000000000000000000, 0.9238795325112867385, 1.000000000000000000, 0.9238795325112867385, 1.000000000000000000, 0.9238795325112867385, 1.000000000000000000, 0.9238795325112867385, 1.000000000000000000, 0.9238795325112867385, 1.000000000000000000, 0.9238795325112867385, 1.000000000000000000, 0.9238795325112867385, 1.000000000000000000, 0.9238795325112867385, 1.000000000000000000, 0.9238795325112867385, 1.000000000000000000, 0.9238795325112867385, 1.000000000000000000, 0.9238795325112867385, 1.000000000000000000, 0.9238795325112867385, 1.000000000000000000, 0.9238795325112867385, 1.000000000000000000, 0.9238795325112867385, 1.000000000000000000, 0.9238795325112867385, 1.000000000000000000, 0.9238795325112867385, 1.000000000000000000, 0.9238795325112867385, 1.000000000000000000, 0.9238795325112867385, 1.000000000000000000, 0.9238795325112867385, 1.000000000000000000, 0.9238795325112867385, 1.000000000000000000, 0.9238795325112867385, 1.000000000000000000, 0.9238795325112867385, 1.000000000000000000, 0.9238795325112867385, 1.000000000000000000, 0.9238795325112867385, 1.000000000000000000, 0.9238795325112867385, 1.000000000000000000, 0.9238795325112867385, 1.000000000000000000, 0.9238795325112867385, 1.000000000000000000, 0.9238795325112867385, 1.000000000000000000, 0.9238795325112867385, 1.000000000000000000, 0.9238795325112867385, 1.000000000000000000, 0.9238795325112867385, 1.000000000000000000, 0.9238795325112867385, 1.000000000000000000, 0.9238795325112867385, 1.000000000000000000, 0.9238795325112867385, 1.000000000000000000, 0.9238795325112867385, 1.000000000000000000, 0.9238795325112867385, 1.000000000000000000, 0.9238795325112867385, 1.000000000000000000, 0.9238795325112867385, 1.000000000000000000, 0.9238795325112867385, 1.000000000000000000, 0.9238795325112867385, 1.000000000000000000, 0.9238795325112867385, 1.000000000000000000, 0.9238795325112867385, 1.000000000000000000, 0.9238795325112867385, 1.000000000000000000, 0.9238795325112867385, 1.000000000000000000, 0.9238795325112867385, 1.000000000000000000, 0.9238795325112867385, 1.000000000000000000, 0.9238795325112867385, 1.000000000000000000, 0.9238795325112867385, 1.000000000000000000, 0.9238795325112867385, 1.000000000000000000, 0.9238795325112867385, 1.000000000000000000, 0.9238795325112867385, 1.000000000000000000, 0.9238795325112867385, 1.000000000000000000, 0.9238795325112867385, 1.000000000000000000, 0.9238795325112867385, 1.000000000000000000, 0.9238795325112867385, 1.000000000000000000, 0.9238795325112867385, 1.000000000000000000, 0.9238795325112867385, 1.000000000000000000, 0.9238795325112867385, 1.000000000000000000, 0.9238795325112867385, 1.000000000000000000, 0.9238795325112867385, 1.000000000000000000, 0.9238795325112867385, 1.000000000000000000, 0.9238795325112867385, 1.000000000000000000, 0.9238795325112867385, 1.000000000000000000, 0.9238795325112867385, 1.000000000000000000, 0.9238795325112867385, 1.000000000000000000, 0.9238795325112867385, 1.000000000000000000, 0.9238795325112867385, 1.000000000000000000, 0.9238795325112867385, 1.000000000000000000, 0.9238795325112867385, 1.000000000000000000, 0.9238795325112867385, 1.000000000000000000, 0.9238795325112867385, 1.000000000000000000, 0.9238795325112867385, 1.000000000000000000, 0.9238795325112867385, 1.000000000000000000, 0.9238795325112867385, 1.000000000000000000, 0.9238795325112867385, 1.000000000000000000, 0.9238795325112867385, 1.000000000000000000, 0.9238795325112867385, 1.000000000000000000, 0.9238795325112867385, 1.000000000000000000, 0.9238795325112867385, 1.000000000000000000, 0.9238795325112867385, 1.000000000000000000, 0.9238795325112867385, 1.000000000000000000, 0.9238795325112867385, 1.000000000000000000, 0.9238795325112867385, 1.000000000000000000, 0.9238795325112867385, 1.000000000000000000, 0.9238795325112867385, 1.000000000000000000, 0.9238795325112867385, 1.000000000000000000, 0.9238795325112867385, 1.000000000000000000, 0.9238795325112867385, 1.000000000000000000, 0.9238795325112867385, 1.000000000000000000, 0.9238795325112867385, 1.000000000000000000, 0.9238795325112867385, 1.000000000000000000, 0.9238795325112867385, 1.000000000000000000, 0.9238795325112867385, 1.000000000000000000, 0.9238795325112867385, 1.000000000000000000, 0.9238795325112867385, 1.000000000000000000, 0.9238795325112867385, 1.000000000000000000, 0.9238795325112867385, 1.000000000000000000, 0.9238795325112867385, 1.000000000000000000, 0.9238795325112867385, 1.000000000000000000, 0.9238795325112867385, 1.000000000000000000, 0.9238795325112867385, 1.000000000000000000, 0.9238795325112867385, 1.000000000000000000, 0.9238795325112867385, 1.000000000000000000, 0.9238795325112867385, 1.000000000000000000, 0.9238795325112867385, 1.000000000000000000, 0.9238795325112867385, 1.000000000000000000, 0.9238795325112867385, 1.000000000000000000, 0.9238795325112867385, 1.000000000000000000, 0.9238795325112867385, 1.000000000000000000, 0.9238795325112867385, 1.000000000000000000, 0.9238795325112867385, 1.000000000000000000, 0.9238795325112867385, 1.000000000000000000, 0.9238795325112867385, 1.000000000000000000, 0.9238795325112867385, 1.000000000000000000, 0.9238795325112867385, 1.000000000000000000, 0.9238795325112867385, 1.000000000000000000, 0.9238795325112867385, 1.000000000000000000, 0.9238795325112867385, 1.000000000000000000, 0.9238795325112867385, 1.000000000000000000, 0.9238795325112867385, 1.000000000000000000, 0.9238795325112867385, 1.000000000000000000, 0.9238795325112867385, 1.000000000000000000, 0.9238795325112867385, 1.000000000000000000, 0.9238795325112867385, 1.000000000000000000, 0.9238795325112867385, 1.000000000000000000, 0.9238795325112867385, 1.000000000000000000, 0.9238795325112867385, 1.000000000000000000, 0.9238795325112867385, 1.000000000000000000, 0.9238795325112867385, 1.000000000000000000, 0.9238795325112867385, 1.000000000000000000, 0.9238795325112867385, 1.000000000000000000, 0.9238795325112867385, 1.000000000000000000, 0.9238795325112867385, 1.000000000000000000, 0.9238795325112867385, 1.000000000000000000, 0.9238795325112867385, 1.000000000000000000, 0.9238795325112867385, 1.000000000000000000, 0.9238795325112867385, 1.000000000000000000, 0.9238795325112867385, 1.000000000000000000, 0.9238795325112867385, 1.000000000000000000, 0.9238795325112867385, 1.000000000000000000, 0.9238795325112867385, 1.000000000000000000, 0.9238795325112867385, 1.000000000000000000, 0.9238795325112867385, 1.000000000000000000, 0.9238795325112867385, 1.000000000000000000, 0.9238795325112867385, 1.000000000000000000, 0.9238795325112867385, 1.000000000000000000, 0.9238795325112867385, 1.000000000000000000, 0.9238795325112867385, 1.000000000000000000, 0.9238795325112867385, 1.000000000000000000, 0.9238795325112867385, 1.000000000000000000, 0.9238795325112867385, 1.000000000000000000, 0.9238795325112867385, 1.000000000000000000, 0.9238795325112867385, 1.000000000000000000, 0.9238795325112867385, 1.000000000000000000),
 ( 1.000000000000000000, 0.9238795325112867385, 1.000000000000000000, 0.9238795325112867385, 1.000000000000000000, 0.9238795325112867385, 1.000000000000000000, 0.9238795325112867385, 1.000000000000000000, 0.9238795325112867385, 1.000000000000000000, 0.9238795325112867385, 1.000000000000000000, 0.9238795325112867385, 1.000000000000000000, 0.9238795325112867385, 1.000000000000000000, 0.9238795325112867385, 1.000000000000000000, 0.9238795325112867385, 1.000000000000000000, 0.9238795325112867385, 1.000000000000000000, 0.9238795325112867385, 1.000000000000000000, 0.9238795325112867385, 1.000000000000000000, 0.9238795325112867385, 1.000000000000000000, 0.9238795325112867385, 1.000000000000000000, 0.9238795325112867385, 1.000000000000000000, 0.9238795325112867385, 1.000000000000000000, 0.9238795325112867385, 1.000000000000000000, 0.9238795325112867385, 1.000000000000000000, 0.9238795325112867385, 1.000000000000000000, 0.9238795325112867385, 1.000000000000000000, 0.9238795325112867385, 1.000000000000000000, 0.9238795325112867385, 1.000000000000000000, 0.9238795325112867385, 1.000000000000000000, 0.9238795325112867385, 1.000000000000000000, 0.9238795325112867385, 1.000000000000000000, 0.9238795325112867385, 1.000000000000000000, 0.9238795325112867385, 1.000000000000000000, 0.9238795325112867385, 1.000000000000000000, 0.9238795325112867385, 1.000000000000000000, 0.9238795325112867385, 1.000000000000000000, 0.9238795325112867385, 1.000000000000000000, 0.9238795325112867385, 1.000000000000000000, 0.9238795325112867385, 1.000000000000000000, 0.9238795325112867385, 1.000000000000000000, 0.9238795325112867385, 1.000000000000000000, 0.9238795325112867385, 1.000000000000000000, 0.9238795325112867385, 1.000000000000000000, 0.9238795325112867385, 1.000000000000000000, 0.9238795325112867385, 1.000000000000000000, 0.9238795325112867385, 1.000000000000000000, 0.9238795325112867385, 1.000000000000000000, 0.9238795325112867385, 1.000000000000000000, 0.9238795325112867385, 1.000000000000000000, 0.9238795325112867385, 1.000000000000000000, 0.9238795325112867385, 1.000000000000000000, 0.9238795325112867385, 1.000000000000000000, 0.9238795325112867385, 1.000000000000000000, 0.9238795325112867385, 1.000000000000000000, 0.9238795325112867385, 1.000000000000000000, 0.9238795325112867385, 1.000000000000000000, 0.9238795325112867385, 1.000000000000000000, 0.9238795325112867385, 1.000000000000000000, 0.9238795325112867385, 1.000000000000000000, 0.9238795325112867385, 1.000000000000000000, 0.9238795325112867385, 1.000000000000000000, 0.9238795325112867385, 1.000000000000000000, 0.9238795325112867385, 1.000000000000000000, 0.9238795325112867385, 1.000000000000000000, 0.9238795325112867385, 1.000000000000000000, 0.9238795325112867385, 1.000000000000000000, 0.9238795325112867385, 1.000000000000000000, 0.9238795325112867385, 1.000000000000000000, 0.9238795325112867385, 1.000000000000000000, 0.9238795325112867385, 1.000000000000000000, 0.9238795325112867385, 1.000000000000000000, 0.9238795325112867385, 1.000000000000000000, 0.9238795325112867385, 1.000000000000000000, 0.9238795325112867385, 1.000000000000000000, 0.9238795325112867385, 1.000000000000000000, 0.9238795325112867385, 1.000000000000000000, 0.9238795325112867385, 1.000000000000000000, 0.9238795325112867385, 1.000000000000000000, 0.9238795325112867385, 1.000000000000000000, 0.9238795325112867385, 1.000000000000000000, 0.9238795325112867385, 1.000000000000000000, 0.9238795325112867385, 1.000000000000000000, 0.9238795325112867385, 1.000000000000000000, 0.9238795325112867385, 1.000000000000000000, 0.9238795325112867385, 1.000000000000000000, 0.9238795325112867385, 1.000000000000000000, 0.9238795325112867385, 1.000000000000000000, 0.9238795325112867385, 1.000000000000000000, 0.9238795325112867385, 1.000000000000000000, 0.9238795325112867385, 1.000000000000000000, 0.9238795325112867385, 1.000000000000000000, 0.9238795325112867385, 1.000000000000000000, 0.9238795325112867385, 1.000000000000000000, 0.9238795325112867385, 1.000000000000000000, 0.9238795325112867385, 1.000000000000000000, 0.9238795325112867385, 1.000000000000000000, 0.9238795325112867385, 1.000000000000000000, 0.9238795325112867385, 1.000000000000000000, 0.9238795325112867385, 1.000000000000000000, 0.9238795325112867385, 1.000000000000000000, 0.9238795325112867385, 1.000000000000000000, 0.9238795325112867385, 1.000000000000000000, 0.9238795325112867385, 1.000000000000000000, 0.9238795325112867385, 1.000000000000000000, 0.9238795325112867385, 1.000000000000000000, 0.9238795325112867385, 1.000000000000000000, 0.9238795325112867385, 1.000000000000000000, 0.9238795325112867385, 1.000000000000000000, 0.9238795325112867385, 1.000000000000000000, 0.9238795325112867385, 1.000000000000000000, 0.9238795325112867385, 1.000000000000000000, 0.9238795325112867385, 1.000000000000000000, 0.9238795325112867385, 1.000000000000000000, 0.9238795325112867385, 1.000000000000000000, 0.9238795325112867385, 1.000000000000000000, 0.9238795325112867385, 1.000000000000000000, 0.9238795325112867385, 1.000000000000000000, 0.9238795325112867385, 1.000000000000000000, 0.9238795325112867385, 1.000000000000000000, 0.9238795325112867385, 1.000000000000000000, 0.9238795325112867385, 1.000000000000000000, 0.9238795325112867385, 1.000000000000000000, 0.9238795325112867385, 1.000000000000000000, 0.9238795325112867385, 1.000000000000000000, 0.9238795325112867385, 1.000000000000000000, 0.9238795325112867385, 1.000000000000000000, 0.9238795325112867385, 1.000000000000000000, 0.9238795325112867385, 1.000000000000000000, 0.9238795325112867385, 1.000000000000000000, 0.9238795325112867385, 1.000000000000000000, 0.9238795325112867385, 1.000000000000000000, 0.9238795325112867385, 1.000000000000000000, 0.9238795325112867385, 1.000000000000000000, 0.9238795325112867385, 1.000000000000000000, 0.9238795325112867385, 1.000000000000000000, 0.9238795325112867385, 1.000000000000000000, 0.9238795325112867385, 1.000000000000000000, 0.9238795325112867385, 1.000000000000000000, 0.9238795325112867385, 1.000000000000000000, 0.9238795325112867385, 1.000000000000000000, 0.9238795325112867385, 1.000000000000000000, 0.9238795325112867385, 1.000000000000000000, 0.9238795325112867385, 1.000000000000000000, 0.9238795325112867385, 1.000000000000000000, 0.9238795325112867385, 1.000000000000000000, 0.9238795325112867385, 1.000000000000000000, 0.9238795325112867385, 1.000000000000000000, 0.9238795325112867385, 1.000000000000000000, 0.9238795325112867385, 1.000000000000000000, 0.9238795325112867385, 1.000000000000000000, 0.9238795325112867385, 1.000000000000000000, 0.9238795325112867385, 1.000000000000000000, 0.9238795325112867385, 1.000000000000000000, 0.9238795325112867385, 1.000000000000000000, 0.9238795325112867385, 1.000000000000000000, 0.9238795325112867385, 1.000000000000000000, 0.9238795325112867385, 1.000000000000000000, 0.9238795325112867385, 1.000000000000000000, 0.9238795325112867385, 1.000000000000000000, 0.9238795325112867385, 1.000000000000000000, 0.9238795325112867385, 1.000000000000000000, 0.9238795325112867385, 1.000000000000000000, 0.9238795325112867385, 1.000000000000000000, 0.9238795325112867385, 1.000000000000000000, 0.9238795325112867385, 1.000000000000000000, 0.9238795325112867385, 1.000000000000000000, 0.9238795325112867385, 1.000000000000000000, 0.9238795325112867385, 1.000000000000000000, 0.9238795325112867385, 1.000000000000000000, 0.9238795325112867385, 1.000000000000000000, 0.9238795325112867385, 1.000000000000000000, 0.9238795325112867385, 1.000000000000000000, 0.9238795325112867385, 1.000000000000000000, 0.9238795325112867385, 1.000000000000000000, 0.9238795325112867385, 1.000000000000000000, 0.9238795325112867385, 1.000000000000000000, 0.9238795325112867385, 1.000000000000000000, 0.9238795325112867385, 1.000000000000000000, 0.9238795325112867385, 1.000000000000000000) ) ) 
 REPRESENTATION_ITEM ( '' )  SURFACE ( )  );
#1135 = CARTESIAN_POINT ( 'NONE',  ( 5.275000000000003908, 1.053469879313086111, -2.543301270189232355 ) ) ;
#1136 = CARTESIAN_POINT ( 'NONE',  ( 1.550000000000006484, -1.980384757729361178, -0.8203022253684513210 ) ) ;
#1137 = CARTESIAN_POINT ( 'NONE',  ( 3.150000000000003908, 1.035533905932727983, 2.500000000000010214 ) ) ;
#1138 = CARTESIAN_POINT ( 'NONE',  ( 1.270820276085293354, -2.170778433078154546, -0.6825221750769326912 ) ) ;
#1139 = CARTESIAN_POINT ( 'NONE',  ( 15.35000000000000853, -1.035533905932755516, 2.500000000000010214 ) ) ;
#1140 = CARTESIAN_POINT ( 'NONE',  ( 3.900000000000005684, -1.980384757729360956, 2.425271854633451269E-16 ) ) ;
#1141 = ADVANCED_FACE ( 'NONE', ( #5204, #2360 ), #6245, .T. ) ;
#1142 = CARTESIAN_POINT ( 'NONE',  ( 12.35000000000000675, 1.980384757729333201, 0.8203022253684517651 ) ) ;
#1143 = DIRECTION ( 'NONE',  ( 2.168404344971008868E-16, 1.000000000000000000, -0.000000000000000000 ) ) ;
#1144 = ORIENTED_EDGE ( 'NONE', *, *, #4963, .T. ) ;
#1145 = CARTESIAN_POINT ( 'NONE',  ( 2.400000000000003020, -1.424157858600947694E-14, -1.980384757729347189 ) ) ;
#1146 = CARTESIAN_POINT ( 'NONE',  ( 3.750000000000004885, -0.8203022253684655318, 1.980384757729347189 ) ) ;
#1147 = CARTESIAN_POINT ( 'NONE',  ( 12.95000000000000639, 0.8203022253684382203, -1.980384757729346745 ) ) ;
#1148 = CARTESIAN_POINT ( 'NONE',  ( 4.400000000000003020, -1.375652421508278441E-14, 1.980384757729347189 ) ) ;
#1149 = ORIENTED_EDGE ( 'NONE', *, *, #3934, .T. ) ;
#1150 = DIRECTION ( 'NONE',  ( 1.000000000000000000, 0.000000000000000000, 1.224646799147353700E-16 ) ) ;
#1151 = ADVANCED_FACE ( 'NONE', ( #3495 ), #3094, .T. ) ;
#1152 = AXIS2_PLACEMENT_3D ( 'NONE', #340, #2594, #4811 ) ;
#1153 = ORIENTED_EDGE ( 'NONE', *, *, #1110, .F. ) ;
#1154 = CARTESIAN_POINT ( 'NONE',  ( 12.40000000000000391, -1.375652421508278441E-14, 1.980384757729347189 ) ) ;
#1155 = CARTESIAN_POINT ( 'NONE',  ( 12.05000000000000426, 0.8203022253684382203, -1.980384757729346745 ) ) ;
#1156 = DIRECTION ( 'NONE',  ( -1.000000000000000000, 2.168404344971008868E-16, 0.000000000000000000 ) ) ;
#1157 = CARTESIAN_POINT ( 'NONE',  ( 12.50000000000000355, -1.400343491548913244, 1.400343491548899477 ) ) ;
#1158 = CARTESIAN_POINT ( 'NONE',  ( 7.725000000000004974, 1.053469879313086111, -2.543301270189232355 ) ) ;
#1159 = ORIENTED_EDGE ( 'NONE', *, *, #7010, .F. ) ;
#1160 = DIRECTION ( 'NONE',  ( -1.000000000000000000, 2.168404344971008621E-16, 0.000000000000000000 ) ) ;
#1161 = CARTESIAN_POINT ( 'NONE',  ( 6.950000000000002842, -1.980384757729360956, 0.8203022253684520981 ) ) ;
#1162 = DIRECTION ( 'NONE',  ( 1.000000000000000000, -0.000000000000000000, -0.000000000000000000 ) ) ;
#1163 = VECTOR ( 'NONE', #4416, 1000.000000000000000 ) ;
#1164 = CARTESIAN_POINT ( 'NONE',  ( 17.07500000000000284, -2.543301270189246122, 3.114645759804640776E-16 ) ) ;
#1165 = CARTESIAN_POINT ( 'NONE',  ( -9.500000000000001776, -2.615813991587110809, 0.000000000000000000 ) ) ;
#1166 = EDGE_LOOP ( 'NONE', ( #2277, #2495, #2165, #4462 ) ) ;
#1167 = CARTESIAN_POINT ( 'NONE',  ( 8.275000000000005684, -2.543301270189246122, -1.053469879313099211 ) ) ;
#1168 = CARTESIAN_POINT ( 'NONE',  ( 16.52500000000000568, 1.798385574751151461, -1.798385574751166116 ) ) ;
#1169 = CARTESIAN_POINT ( 'NONE',  ( 9.900000000000005684, -2.500000000000023981, 3.061616997868394974E-16 ) ) ;
#1170 = DIRECTION ( 'NONE',  ( 1.000000000000000000, -0.000000000000000000, -0.000000000000000000 ) ) ;
#1171 = CARTESIAN_POINT ( 'NONE',  ( 5.300000000000004263, -1.433703035749471672E-14, -2.500000000000010214 ) ) ;
#1172 = CARTESIAN_POINT ( 'NONE',  ( 16.71961524227066676, 7.290590327726029975E-14, -2.119615242270680877 ) ) ;
#1173 = CARTESIAN_POINT ( 'NONE',  ( 5.750000000000004441, 0.8203022253684382203, -1.980384757729346745 ) ) ;
#1174 = CARTESIAN_POINT ( 'NONE',  ( 9.800000000000006040, 1.400343491548885266, -1.400343491548899699 ) ) ;
#1175 = DIRECTION ( 'NONE',  ( -1.224646799147353207E-16, 2.655529440325959183E-32, 1.000000000000000000 ) ) ;
#1176 = ORIENTED_EDGE ( 'NONE', *, *, #600, .T. ) ;
#1177 = CARTESIAN_POINT ( 'NONE',  ( 2.550000000000001599, 1.980384757729332534, -0.8203022253684530973 ) ) ;
#1178 = CARTESIAN_POINT ( 'NONE',  ( 3.950000000000005507, -1.980384757729361400, -0.8203022253684514320 ) ) ;
#1179 = CARTESIAN_POINT ( 'NONE',  ( 13.30000000000000604, -1.375652421508278441E-14, 1.980384757729347189 ) ) ;
#1180 = CARTESIAN_POINT ( 'NONE',  ( 4.900000000000003020, 1.400343491548885266, -1.400343491548899699 ) ) ;
#1181 = ORIENTED_EDGE ( 'NONE', *, *, #6775, .T. ) ;
#1182 = CARTESIAN_POINT ( 'NONE',  ( 4.400000000000003908, -1.433703035749471672E-14, -2.500000000000010214 ) ) ;
#1183 = CARTESIAN_POINT ( 'NONE',  ( 12.57500000000000462, 2.543301270189217700, -1.053469879313101210 ) ) ;
#1184 = VERTEX_POINT ( 'NONE', #2943 ) ;
#1185 = CARTESIAN_POINT ( 'NONE',  ( 13.95000000000000284, 0.8203022253684378873, 1.980384757729346967 ) ) ;
#1186 = EDGE_CURVE ( 'NONE', #5019, #2208, #538, .T. ) ;
#1187 = CARTESIAN_POINT ( 'NONE',  ( 11.90000000000000391, -1.400343491548913688, -1.400343491548899255 ) ) ;
#1188 = CARTESIAN_POINT ( 'NONE',  ( 9.650000000000005684, -1.035533905932755516, 2.500000000000010214 ) ) ;
#1189 = CARTESIAN_POINT ( 'NONE',  ( 13.45000000000000284, -1.980384757729361400, -0.8203022253684514320 ) ) ;
#1190 = B_SPLINE_CURVE_WITH_KNOTS ( 'NONE', 3,
 ( #4750, #6981, #5903, #2674, #5330, #6475, #923, #384, #2083, #2012, #1497, #3661, #348, #3181, #4238, #421, #4857, #2566 ),
 .UNSPECIFIED., .F., .F.,
 ( 4, 2, 2, 2, 2, 2, 2, 2, 4 ),
 ( 0.01057685425580616803, 0.01105418599753783294, 0.01153151773926949786, 0.01200884948100116277, 0.01248618122273282768, 0.01296351296446449260, 0.01344084470619615751, 0.01391817644792782242, 0.01439550818965948734 ),
 .UNSPECIFIED. ) ;
#1191 = CARTESIAN_POINT ( 'NONE',  ( 3.825000000000004174, 2.543301270189217700, -1.053469879313101210 ) ) ;
#1192 = CARTESIAN_POINT ( 'NONE',  ( -6.635277415678134894, -2.250000000000036859, -7.122560249999716042 ) ) ;
#1193 = CARTESIAN_POINT ( 'NONE',  ( 5.300000000000002487, -1.400343491548913244, 1.400343491548899477 ) ) ;
#1194 = CARTESIAN_POINT ( 'NONE',  ( 4.800000000000005151, -1.372470695792103782E-14, 2.500000000000010214 ) ) ;
#1195 = ADVANCED_FACE ( 'NONE', ( #833 ), #6357, .T. ) ;
#1196 = DIRECTION ( 'NONE',  ( -1.000000000000000000, 1.734723475976809313E-16, 0.000000000000000000 ) ) ;
#1197 = CARTESIAN_POINT ( 'NONE',  ( 16.77500000000000568, 1.798385574751152127, 1.798385574751165894 ) ) ;
#1198 = B_SPLINE_CURVE_WITH_KNOTS ( 'NONE', 3,
 ( #4452, #3183, #461, #1644, #2742, #4897, #2676, #4381, #2782, #4965, #7096, #6014, #7129, #7060, #6546, #5004 ),
 .UNSPECIFIED., .F., .F.,
 ( 4, 2, 2, 2, 2, 2, 2, 4 ),
 ( 4.848699518061080308E-19, 0.0004915494224150173319, 0.0009830988448300342301, 0.001966197689660066292, 0.002457747112075082431, 0.002949296534490098137, 0.003440845956905113408, 0.003932395379320129114 ),
 .UNSPECIFIED. ) ;
#1199 = ORIENTED_EDGE ( 'NONE', *, *, #1724, .F. ) ;
#1200 = CARTESIAN_POINT ( 'NONE',  ( 6.275000000000004796, 2.543301270189218588, 1.053469879313099433 ) ) ;
#1201 = CARTESIAN_POINT ( 'NONE',  ( 16.92500000000000426, -1.798385574751179439, 1.798385574751165894 ) ) ;
#1202 = CARTESIAN_POINT ( 'NONE',  ( -5.032498397816924651, -2.260090698248899077, 6.471794826589710503 ) ) ;
#1203 = CARTESIAN_POINT ( 'NONE',  ( 1.207296399571655465, -1.972729649281352637, 1.032563074279346571 ) ) ;
#1204 = CARTESIAN_POINT ( 'NONE',  ( 10.40000000000000213, -1.372470695792103782E-14, 2.500000000000010214 ) ) ;
#1205 = CARTESIAN_POINT ( 'NONE',  ( 4.850000000000005862, -0.8203022253684666421, -1.980384757729346745 ) ) ;
#1206 = CARTESIAN_POINT ( 'NONE',  ( 10.10000000000000497, -1.375652421508278441E-14, 1.980384757729347189 ) ) ;
#1207 = VECTOR ( 'NONE', #5841, 1000.000000000000000 ) ;
#1208 = ORIENTED_EDGE ( 'NONE', *, *, #4051, .F. ) ;
#1209 = CARTESIAN_POINT ( 'NONE',  ( 2.450000000000003286, 0.8203022253684382203, -1.980384757729346745 ) ) ;
#1210 = EDGE_CURVE ( 'NONE', #2186, #2210, #1456, .T. ) ;
#1211 = CARTESIAN_POINT ( 'NONE',  ( 4.650000000000004796, -1.980384757729360956, 0.8203022253684520981 ) ) ;
#1212 = CARTESIAN_POINT ( 'NONE',  ( 15.55000000000000604, 1.980384757729333201, 0.8203022253684517651 ) ) ;
#1213 = CARTESIAN_POINT ( 'NONE',  ( 4.000000000000001776, -1.424157858600947694E-14, -1.980384757729347189 ) ) ;
#1214 = VERTEX_POINT ( 'NONE', #3626 ) ;
#1215 = DIRECTION ( 'NONE',  ( -2.168404344971008868E-16, -1.000000000000000000, 0.000000000000000000 ) ) ;
#1216 = CARTESIAN_POINT ( 'NONE',  ( 14.12500000000000533, 1.798385574751151461, -1.798385574751166116 ) ) ;
#1217 = ORIENTED_EDGE ( 'NONE', *, *, #2126, .F. ) ;
#1218 = CARTESIAN_POINT ( 'NONE',  ( 12.90000000000000391, 1.400343491548885266, -1.400343491548899699 ) ) ;
#1219 = AXIS2_PLACEMENT_3D ( 'NONE', #6287, #1376, #3609 ) ;
#1220 = CARTESIAN_POINT ( 'NONE',  ( 13.00000000000000355, 1.980384757729333201, -4.850543709266902538E-16 ) ) ;
#1221 = CARTESIAN_POINT ( 'NONE',  ( -9.500000000000001776, -2.875000000000006217, 0.000000000000000000 ) ) ;
#1222 = CARTESIAN_POINT ( 'NONE',  ( 14.35000000000000320, -0.8203022253684666421, -1.980384757729346745 ) ) ;
#1223 = DIRECTION ( 'NONE',  ( -1.000000000000000000, 0.000000000000000000, 0.000000000000000000 ) ) ;
#1224 = CARTESIAN_POINT ( 'NONE',  ( 6.275000000000004796, 2.543301270189218144, -6.229291519609281552E-16 ) ) ;
#1225 = EDGE_CURVE ( 'NONE', #5180, #5591, #3462, .T. ) ;
#1226 = CARTESIAN_POINT ( 'NONE',  ( 6.400000000000003020, -1.424157858600947694E-14, -1.980384757729347189 ) ) ;
#1227 = CARTESIAN_POINT ( 'NONE',  ( 5.486353364968875823, 2.467792535850611202, 0.4000000000000003553 ) ) ;
#1228 = LINE ( 'NONE', #1130, #3529 ) ;
#1229 = CARTESIAN_POINT ( 'NONE',  ( 13.87500000000000355, -2.543301270189246122, 3.114645759804640776E-16 ) ) ;
#1230 = CARTESIAN_POINT ( 'NONE',  ( 6.650000000000003908, -2.500000000000023981, 1.035533905932742194 ) ) ;
#1231 = ADVANCED_FACE ( 'NONE', ( #848 ), #2528, .F. ) ;
#1232 = VERTEX_POINT ( 'NONE', #3547 ) ;
#1233 = CARTESIAN_POINT ( 'NONE',  ( 4.025000000000003908, -1.372205551982422560E-14, 2.543301270189231911 ) ) ;
#1234 = CARTESIAN_POINT ( 'NONE',  ( 16.62500000000000355, 2.543301270189218144, -6.229291519609281552E-16 ) ) ;
#1235 = CARTESIAN_POINT ( 'NONE',  ( 6.100000000000004974, -1.433703035749471672E-14, -2.500000000000010214 ) ) ;
#1236 = CARTESIAN_POINT ( 'NONE',  ( -15.68341920263154776, -2.768745557924669143, 0.000000000000000000 ) ) ;
#1237 = CARTESIAN_POINT ( 'NONE',  ( 16.74736762862679740, 0.7278602277426819978, -2.025547837401808327 ) ) ;
#1238 = CARTESIAN_POINT ( 'NONE',  ( -9.500000000000000000, -2.695312500000007550, 0.000000000000000000 ) ) ;
#1239 = CARTESIAN_POINT ( 'NONE',  ( 4.900000000000004796, -1.424157858600947694E-14, -1.980384757729347189 ) ) ;
#1240 = VERTEX_POINT ( 'NONE', #6950 ) ;
#1241 = CARTESIAN_POINT ( 'NONE',  ( 7.200000000000003730, -1.372470695792103782E-14, 2.500000000000010214 ) ) ;
#1242 = CARTESIAN_POINT ( 'NONE',  ( 7.350000000000005862, 0.8203022253684382203, -1.980384757729346745 ) ) ;
#1243 = DIRECTION ( 'NONE',  ( -2.168404344971008868E-16, -1.000000000000000000, 0.000000000000000000 ) ) ;
#1244 = ORIENTED_EDGE ( 'NONE', *, *, #367, .F. ) ;
#1245 = CARTESIAN_POINT ( 'NONE',  ( 3.450000000000004174, 1.980384757729333201, 0.8203022253684517651 ) ) ;
#1246 = CARTESIAN_POINT ( 'NONE',  ( 5.705701745098926914, 2.475274896216986154, -0.3580579809048624607 ) ) ;
#1247 = CARTESIAN_POINT ( 'NONE',  ( 12.45000000000000639, 0.8203022253684378873, 1.980384757729346967 ) ) ;
#1248 = CARTESIAN_POINT ( 'NONE',  ( 4.650000000000003020, -1.980384757729361400, -0.8203022253684514320 ) ) ;
#1249 = ORIENTED_EDGE ( 'NONE', *, *, #6654, .T. ) ;
#1250 = CARTESIAN_POINT ( 'NONE',  ( -9.500000000000000000, -3.857637417314162689E-15, 0.000000000000000000 ) ) ;
#1251 = CARTESIAN_POINT ( 'NONE',  ( 12.12500000000000355, -1.798385574751179439, 1.798385574751165894 ) ) ;
#1252 = ORIENTED_EDGE ( 'NONE', *, *, #5711, .T. ) ;
#1253 = CARTESIAN_POINT ( 'NONE',  ( 12.80000000000000249, -1.424157858600947694E-14, -1.980384757729347189 ) ) ;
#1254 = CARTESIAN_POINT ( 'NONE',  ( 11.85000000000000320, -1.980384757729361178, -0.8203022253684513210 ) ) ;
#1255 = TOROIDAL_SURFACE ( 'NONE', #1605, 6.019421691491640303, 0.1796875000000000000 ) ;
#1256 = CARTESIAN_POINT ( 'NONE',  ( 10.95000000000000462, 1.035533905932728427, -2.500000000000010214 ) ) ;
#1257 = CARTESIAN_POINT ( 'NONE',  ( 14.50000000000000178, 1.400343491548885266, -1.400343491548899699 ) ) ;
#1258 = DIRECTION ( 'NONE',  ( 1.000000000000000000, -0.000000000000000000, -0.000000000000000000 ) ) ;
#1259 = CARTESIAN_POINT ( 'NONE',  ( 5.025000000000003908, -2.543301270189245677, 1.053469879313099655 ) ) ;
#1260 = LINE ( 'NONE', #5744, #3680 ) ;
#1261 = ORIENTED_EDGE ( 'NONE', *, *, #5534, .F. ) ;
#1262 = CARTESIAN_POINT ( 'NONE',  ( 5.550000000000002487, -0.8203022253684666421, -1.980384757729346745 ) ) ;
#1263 = DIRECTION ( 'NONE',  ( 0.000000000000000000, 0.000000000000000000, -1.000000000000000000 ) ) ;
#1264 = B_SPLINE_CURVE_WITH_KNOTS ( 'NONE', 3,
 ( #111, #3420, #1305, #5604, #4664, #761, #4582, #2987, #2325, #1893 ),
 .UNSPECIFIED., .F., .F.,
 ( 4, 2, 2, 2, 4 ),
 ( 6.320038537464314218E-07, 0.001032780125180592741, 0.002064928246507437455, 0.003097076367834282386, 0.004129224489161127318 ),
 .UNSPECIFIED. ) ;
#1265 = DATE_AND_TIME ( #3421, #2896 ) ;
#1266 = EDGE_CURVE ( 'NONE', #3539, #2171, #3053, .T. ) ;
#1267 = CARTESIAN_POINT ( 'NONE',  ( 13.55000000000000426, 2.499999999999996447, 1.035533905932741972 ) ) ;
#1268 = CARTESIAN_POINT ( 'NONE',  ( 15.47500000000000497, -2.543301270189246122, 3.114645759804640776E-16 ) ) ;
#1269 = CARTESIAN_POINT ( 'NONE',  ( 6.800000000000003375, -1.767766952966390193, -1.767766952966375760 ) ) ;
#1270 = VERTEX_POINT ( 'NONE', #3473 ) ;
#1271 = CARTESIAN_POINT ( 'NONE',  ( 4.475000000000004974, 1.053469879313086111, -2.543301270189232355 ) ) ;
#1272 = CARTESIAN_POINT ( 'NONE',  ( 16.42500000000000426, -1.434498467178515336E-14, -2.543301270189231911 ) ) ;
#1273 = CARTESIAN_POINT ( 'NONE',  ( -9.500000000000000000, 2.874999999999993783, 0.000000000000000000 ) ) ;
#1274 = CARTESIAN_POINT ( 'NONE',  ( 2.400000000000003908, -1.372470695792103782E-14, 2.500000000000010214 ) ) ;
#1275 = AXIS2_PLACEMENT_3D ( 'NONE', #2072, #6503, #3755 ) ;
#1276 = ADVANCED_FACE ( 'NONE', ( #4677 ), #1904, .F. ) ;
#1277 = CYLINDRICAL_SURFACE ( 'NONE', #2647, 2.500000000000008438 ) ;
#1278 =( BOUNDED_CURVE ( )  B_SPLINE_CURVE ( 2, ( #2918, #5141, #2373, #4594, #6799, #1279, #3509 ),
 .UNSPECIFIED., .F., .F. ) 
 B_SPLINE_CURVE_WITH_KNOTS ( ( 3, 2, 2, 3 ),
 ( 0.1079545454545454558, 0.1136363636363636326, 0.1193181818181818232, 0.1250000000000000000 ),
 .UNSPECIFIED. ) 
 CURVE ( )  GEOMETRIC_REPRESENTATION_ITEM ( )  RATIONAL_B_SPLINE_CURVE ( ( 1.000000000000000000, 0.9238795325112867385, 1.000000000000000000, 0.9238795325112867385, 1.000000000000000000, 0.9238795325112867385, 1.000000000000000000 ) ) 
 REPRESENTATION_ITEM ( '' )  );
#1279 = CARTESIAN_POINT ( 'NONE',  ( 16.85000000000000497, -1.035533905932755516, 2.500000000000010214 ) ) ;
#1280 = CARTESIAN_POINT ( 'NONE',  ( -0.9355555555555928882, 3.582625322360770692, 4.173103856792867994 ) ) ;
#1281 = ORIENTED_EDGE ( 'NONE', *, *, #6518, .T. ) ;
#1282 = CARTESIAN_POINT ( 'NONE',  ( -4.395108995250611272, -2.295983829919277852, -6.199113995292155010 ) ) ;
#1283 = CARTESIAN_POINT ( 'NONE',  ( 6.950000000000006395, -0.8203022253684655318, 1.980384757729346967 ) ) ;
#1284 = CARTESIAN_POINT ( 'NONE',  ( 6.300000000000004263, 2.499999999999996003, -6.123233995736789948E-16 ) ) ;
#1285 = VERTEX_POINT ( 'NONE', #703 ) ;
#1286 = CYLINDRICAL_SURFACE ( 'NONE', #4797, 2.500000000000008438 ) ;
#1287 = CARTESIAN_POINT ( 'NONE',  ( -15.73147220398492330, -2.695312500000006217, 7.631352488585839220E-16 ) ) ;
#1288 = CARTESIAN_POINT ( 'NONE',  ( 14.20000000000000639, -1.400343491548913244, 1.400343491548899477 ) ) ;
#1289 = CARTESIAN_POINT ( 'NONE',  ( 1.250000000000001110, -0.8203022253684655318, 1.980384757729347189 ) ) ;
#1290 = ORIENTED_EDGE ( 'NONE', *, *, #2713, .T. ) ;
#1291 = CARTESIAN_POINT ( 'NONE',  ( 0.4541856782555881433, 4.499999999999994671, -3.162277660168401283 ) ) ;
#1292 = CARTESIAN_POINT ( 'NONE',  ( 13.62500000000000533, -1.372205551982422560E-14, 2.543301270189231911 ) ) ;
#1293 = ORIENTED_EDGE ( 'NONE', *, *, #2529, .T. ) ;
#1294 = CARTESIAN_POINT ( 'NONE',  ( 11.80000000000000249, -1.980384757729360956, 2.425271854633451269E-16 ) ) ;
#1295 = CARTESIAN_POINT ( 'NONE',  ( 8.200000000000002842, 1.980384757729333201, -4.850543709266902538E-16 ) ) ;
#1296 = CARTESIAN_POINT ( 'NONE',  ( 11.60000000000000675, 1.400343491548885710, 1.400343491548899477 ) ) ;
#1297 = DIRECTION ( 'NONE',  ( 0.000000000000000000, -0.000000000000000000, -1.000000000000000000 ) ) ;
#1298 = CARTESIAN_POINT ( 'NONE',  ( 13.60000000000000320, -1.424157858600947694E-14, -1.980384757729347189 ) ) ;
#1299 = CARTESIAN_POINT ( 'NONE',  ( 17.50000000000000000, -1.163414459189985801E-14, 2.500000000000008438 ) ) ;
#1300 = CARTESIAN_POINT ( 'NONE',  ( 5.075000000000002842, -2.543301270189246122, 3.114645759804640776E-16 ) ) ;
#1301 = CARTESIAN_POINT ( 'NONE',  ( 12.55000000000000604, 1.035533905932728427, -2.500000000000010214 ) ) ;
#1302 = ORIENTED_EDGE ( 'NONE', *, *, #1498, .F. ) ;
#1303 = VECTOR ( 'NONE', #3115, 1000.000000000000000 ) ;
#1304 = CARTESIAN_POINT ( 'NONE',  ( 6.000000000000003553, -1.375652421508278441E-14, 1.980384757729347189 ) ) ;
#1305 = CARTESIAN_POINT ( 'NONE',  ( -3.467521213203415442, 2.431826244435032702, 5.763415129438541840 ) ) ;
#1306 = CARTESIAN_POINT ( 'NONE',  ( 6.600000000000004086, -2.500000000000023981, 3.061616997868394974E-16 ) ) ;
#1307 = ADVANCED_FACE ( 'NONE', ( #5145 ), #4097, .T. ) ;
#1308 = CARTESIAN_POINT ( 'NONE',  ( 14.62500000000000533, -2.543301270189245677, 1.053469879313099655 ) ) ;
#1309 = ORIENTED_EDGE ( 'NONE', *, *, #2861, .T. ) ;
#1310 = CARTESIAN_POINT ( 'NONE',  ( 2.075000000000003730, 1.053469879313086111, -2.543301270189232355 ) ) ;
#1311 = CARTESIAN_POINT ( 'NONE',  ( -9.500000000000000000, 2.615813991587097931, 0.000000000000000000 ) ) ;
#1312 = DIRECTION ( 'NONE',  ( -1.000000000000000000, 1.990963944668007338E-16, 0.000000000000000000 ) ) ;
#1313 = DIRECTION ( 'NONE',  ( 1.000000000000000000, -2.168404344971009115E-16, 0.000000000000000000 ) ) ;
#1314 = FACE_OUTER_BOUND ( 'NONE', #2750, .T. ) ;
#1315 = VERTEX_POINT ( 'NONE', #3035 ) ;
#1316 = DIRECTION ( 'NONE',  ( 0.000000000000000000, 0.000000000000000000, -1.000000000000000000 ) ) ;
#1317 = EDGE_CURVE ( 'NONE', #4069, #280, #3377, .T. ) ;
#1318 = CARTESIAN_POINT ( 'NONE',  ( 7.750000000000006217, -0.8203022253684655318, 1.980384757729346967 ) ) ;
#1319 = CARTESIAN_POINT ( 'NONE',  ( -6.640625000000002665, 3.999999999999994671, 3.501724441311960115E-16 ) ) ;
#1320 = ORIENTED_EDGE ( 'NONE', *, *, #4425, .F. ) ;
#1321 = FACE_OUTER_BOUND ( 'NONE', #2597, .T. ) ;
#1322 = DIRECTION ( 'NONE',  ( 2.168404344971008868E-16, 1.000000000000000000, -0.000000000000000000 ) ) ;
#1323 = CARTESIAN_POINT ( 'NONE',  ( 12.30000000000000604, 1.980384757729333201, -4.850543709266902538E-16 ) ) ;
#1324 = DIRECTION ( 'NONE',  ( 1.000000000000000000, -0.000000000000000000, -0.000000000000000000 ) ) ;
#1325 = CARTESIAN_POINT ( 'NONE',  ( 14.50000000000000178, 1.400343491548885266, -1.400343491548899699 ) ) ;
#1326 = VERTEX_POINT ( 'NONE', #4639 ) ;
#1327 = CARTESIAN_POINT ( 'NONE',  ( 3.750000000000003997, 2.499999999999996003, -1.035533905932743526 ) ) ;
#1328 = EDGE_CURVE ( 'NONE', #5866, #814, #2547, .T. ) ;
#1329 = CARTESIAN_POINT ( 'NONE',  ( 12.42500000000000604, -1.434498467178515336E-14, -2.543301270189231911 ) ) ;
#1330 = CARTESIAN_POINT ( 'NONE',  ( 11.30000000000000249, 1.400343491548885266, -1.400343491548899699 ) ) ;
#1331 = CARTESIAN_POINT ( 'NONE',  ( 8.950000000000002842, 1.980384757729332534, -0.8203022253684530973 ) ) ;
#1332 = AXIS2_PLACEMENT_3D ( 'NONE', #2679, #4900, #3840 ) ;
#1333 = CARTESIAN_POINT ( 'NONE',  ( 9.100000000000004974, 1.980384757729333201, -4.850543709266902538E-16 ) ) ;
#1334 = CARTESIAN_POINT ( 'NONE',  ( 3.800000000000002931, -1.980384757729360956, 2.425271854633451269E-16 ) ) ;
#1335 = CARTESIAN_POINT ( 'NONE',  ( 11.10000000000000142, -1.400343491548913688, -1.400343491548899255 ) ) ;
#1336 = CARTESIAN_POINT ( 'NONE',  ( 5.175000000000004263, -1.798385574751180105, -1.798385574751165450 ) ) ;
#1337 = CARTESIAN_POINT ( 'NONE',  ( 2.500000000000003553, -1.372470695792103782E-14, 2.500000000000010214 ) ) ;
#1338 = VERTEX_POINT ( 'NONE', #6266 ) ;
#1339 = CARTESIAN_POINT ( 'NONE',  ( -9.500000000000000000, -2.695312500000006217, 0.000000000000000000 ) ) ;
#1340 = CARTESIAN_POINT ( 'NONE',  ( 16.10000000000000497, -1.424157858600947694E-14, -1.980384757729347189 ) ) ;
#1341 = AXIS2_PLACEMENT_3D ( 'NONE', #3386, #4046, #2405 ) ;
#1342 = CARTESIAN_POINT ( 'NONE',  ( 15.97500000000000320, 1.798385574751152127, 1.798385574751165894 ) ) ;
#1343 = EDGE_LOOP ( 'NONE', ( #3687, #2479 ) ) ;
#1344 = CARTESIAN_POINT ( 'NONE',  ( 4.675000000000004263, 2.543301270189218588, 1.053469879313099433 ) ) ;
#1345 = EDGE_CURVE ( 'NONE', #3100, #2841, #5279, .T. ) ;
#1346 = CARTESIAN_POINT ( 'NONE',  ( 2.250000000000002665, 2.499999999999996003, -1.035533905932743526 ) ) ;
#1347 = DIRECTION ( 'NONE',  ( -2.168404344971008868E-16, -1.000000000000000000, 0.000000000000000000 ) ) ;
#1348 = VECTOR ( 'NONE', #247, 1000.000000000000000 ) ;
#1349 = VECTOR ( 'NONE', #119, 1000.000000000000000 ) ;
#1350 = DIRECTION ( 'NONE',  ( -1.000000000000000000, 2.083162958191311768E-16, 0.000000000000000000 ) ) ;
#1351 = CARTESIAN_POINT ( 'NONE',  ( 17.50000000000000000, -1.194030629168669588E-14, 0.000000000000000000 ) ) ;
#1352 = CARTESIAN_POINT ( 'NONE',  ( 2.150000000000006128, -0.8203022253684655318, 1.980384757729346967 ) ) ;
#1353 = ORIENTED_EDGE ( 'NONE', *, *, #5315, .F. ) ;
#1354 = CARTESIAN_POINT ( 'NONE',  ( -4.080004524037900815, -2.326284419483532151, -6.059103406234427780 ) ) ;
#1355 = CARTESIAN_POINT ( 'NONE',  ( 6.100000000000006750, -1.375652421508278441E-14, 1.980384757729347189 ) ) ;
#1356 = FACE_OUTER_BOUND ( 'NONE', #3929, .T. ) ;
#1357 = AXIS2_PLACEMENT_3D ( 'NONE', #3317, #4849, #5536 ) ;
#1358 = ORIENTED_EDGE ( 'NONE', *, *, #5768, .F. ) ;
#1359 = CIRCLE ( 'NONE', #3800, 6.231472203984923297 ) ;
#1360 = DIRECTION ( 'NONE',  ( 0.000000000000000000, 0.000000000000000000, -1.000000000000000000 ) ) ;
#1361 = DIRECTION ( 'NONE',  ( 2.168404344971008868E-16, 1.000000000000000000, -0.000000000000000000 ) ) ;
#1362 = EDGE_CURVE ( 'NONE', #34, #4651, #3121, .T. ) ;
#1363 = CARTESIAN_POINT ( 'NONE',  ( 9.850000000000006750, 1.980384757729332534, -0.8203022253684530973 ) ) ;
#1364 = CARTESIAN_POINT ( 'NONE',  ( -15.51942169149164386, 2.874999999999992450, 0.000000000000000000 ) ) ;
#1365 = CARTESIAN_POINT ( 'NONE',  ( 17.55000000000000426, -0.8203022253684666421, -1.980384757729346745 ) ) ;
#1366 = CARTESIAN_POINT ( 'NONE',  ( 17.50000000000000000, -1.194030629168669588E-14, 0.000000000000000000 ) ) ;
#1367 = CARTESIAN_POINT ( 'NONE',  ( 15.80000000000000426, -1.400343491548913244, 1.400343491548899477 ) ) ;
#1368 = CARTESIAN_POINT ( 'NONE',  ( 9.300000000000002487, -1.400343491548913244, 1.400343491548899477 ) ) ;
#1369 = CARTESIAN_POINT ( 'NONE',  ( 9.250000000000003553, -0.8203022253684655318, 1.980384757729346967 ) ) ;
#1370 = CARTESIAN_POINT ( 'NONE',  ( 10.25000000000000533, -1.980384757729360956, 0.8203022253684520981 ) ) ;
#1371 = EDGE_CURVE ( 'NONE', #2116, #4142, #5439, .T. ) ;
#1372 = CARTESIAN_POINT ( 'NONE',  ( 3.750000000000003109, -1.980384757729360956, 0.8203022253684520981 ) ) ;
#1373 = CARTESIAN_POINT ( 'NONE',  ( 9.200000000000002842, -1.375652421508278441E-14, 1.980384757729347189 ) ) ;
#1374 = FACE_OUTER_BOUND ( 'NONE', #6021, .T. ) ;
#1375 = CARTESIAN_POINT ( 'NONE',  ( 2.425000000000004263, 1.053469879313085666, 2.543301270189232799 ) ) ;
#1376 = DIRECTION ( 'NONE',  ( -2.168404344971008868E-16, -1.000000000000000000, 0.000000000000000000 ) ) ;
#1377 = EDGE_LOOP ( 'NONE', ( #4009, #744, #1866, #1077 ) ) ;
#1378 = CARTESIAN_POINT ( 'NONE',  ( 18.45000000000000284, 0.8203022253684382203, -1.980384757729346745 ) ) ;
#1379 = CARTESIAN_POINT ( 'NONE',  ( 15.70000000000000639, -1.375652421508278441E-14, 1.980384757729347189 ) ) ;
#1380 = CARTESIAN_POINT ( 'NONE',  ( 10.77500000000000391, -1.798385574751180105, -1.798385574751165450 ) ) ;
#1381 = AXIS2_PLACEMENT_3D ( 'NONE', #1221, #5740, #4036 ) ;
#1382 = ORIENTED_EDGE ( 'NONE', *, *, #4163, .T. ) ;
#1383 = CARTESIAN_POINT ( 'NONE',  ( 4.825000000000004619, -1.372205551982422560E-14, 2.543301270189231911 ) ) ;
#1384 = DIRECTION ( 'NONE',  ( 1.000000000000000000, 0.000000000000000000, 1.224646799147351975E-16 ) ) ;
#1385 = DIRECTION ( 'NONE',  ( -2.168404344971008868E-16, -1.000000000000000000, 0.000000000000000000 ) ) ;
#1386 = CARTESIAN_POINT ( 'NONE',  ( -2.591438496442472150, 2.729362059604901969, -5.254796235097259682 ) ) ;
#1387 = FACE_OUTER_BOUND ( 'NONE', #4017, .T. ) ;
#1388 = CARTESIAN_POINT ( 'NONE',  ( 2.300000000000005151, -1.980384757729360956, 2.425271854633451269E-16 ) ) ;
#1389 = ORIENTED_EDGE ( 'NONE', *, *, #1998, .F. ) ;
#1390 = CARTESIAN_POINT ( 'NONE',  ( -6.314024399518102015, -2.250000000000000888, -6.993351043164672376 ) ) ;
#1391 = CARTESIAN_POINT ( 'NONE',  ( 5.250000000000006217, 0.8203022253684378873, 1.980384757729346967 ) ) ;
#1392 = DIRECTION ( 'NONE',  ( 0.000000000000000000, 0.000000000000000000, 1.000000000000000000 ) ) ;
#1393 = EDGE_LOOP ( 'NONE', ( #116, #907, #2567, #2316 ) ) ;
#1394 = AXIS2_PLACEMENT_3D ( 'NONE', #4973, #6096, #7170 ) ;
#1395 = CARTESIAN_POINT ( 'NONE',  ( 15.20000000000000462, -1.372470695792103782E-14, 2.500000000000010214 ) ) ;
#1396 = CARTESIAN_POINT ( 'NONE',  ( 9.300000000000006040, -1.375652421508278441E-14, 1.980384757729347189 ) ) ;
#1397 = DIRECTION ( 'NONE',  ( -1.000000000000000000, 0.000000000000000000, 0.000000000000000000 ) ) ;
#1398 = CARTESIAN_POINT ( 'NONE',  ( 15.25000000000000355, 0.8203022253684382203, -1.980384757729346745 ) ) ;
#1399 = EDGE_CURVE ( 'NONE', #3611, #5562, #1802, .T. ) ;
#1400 = CARTESIAN_POINT ( 'NONE',  ( -9.500000000000001776, -2.250000000000036859, 0.000000000000000000 ) ) ;
#1401 = CARTESIAN_POINT ( 'NONE',  ( 14.25000000000000888, -1.980384757729360956, 0.8203022253684520981 ) ) ;
#1402 = B_SPLINE_CURVE_WITH_KNOTS ( 'NONE', 3,
 ( #781, #5692, #1246, #3479, #5151, #169, #1833, #4604, #6810, #4066 ),
 .UNSPECIFIED., .F., .F.,
 ( 4, 2, 2, 2, 4 ),
 ( 0.001252594407721112401, 0.001560738567446620173, 0.001868882727172128163, 0.002177026886897635936, 0.002485171046623143708 ),
 .UNSPECIFIED. ) ;
#1403 = CARTESIAN_POINT ( 'NONE',  ( 8.600000000000003197, -1.980384757729360956, 2.425271854633451269E-16 ) ) ;
#1404 = CARTESIAN_POINT ( 'NONE',  ( 10.50000000000000178, 1.400343491548885266, -1.400343491548899699 ) ) ;
#1405 = CARTESIAN_POINT ( 'NONE',  ( 9.900000000000005684, 1.980384757729333201, -4.850543709266902538E-16 ) ) ;
#1406 = CARTESIAN_POINT ( 'NONE',  ( 2.300000000000003375, -1.400343491548913688, -1.400343491548899255 ) ) ;
#1407 = CARTESIAN_POINT ( 'NONE',  ( 11.55000000000000249, 0.8203022253684378873, 1.980384757729347189 ) ) ;
#1408 = CARTESIAN_POINT ( 'NONE',  ( 5.490042370742568956, 2.467805917629907420, -0.3999174545576281159 ) ) ;
#1409 = CARTESIAN_POINT ( 'NONE',  ( 2.275000000000004352, 2.543301270189218144, -6.229291519609281552E-16 ) ) ;
#1410 = CARTESIAN_POINT ( 'NONE',  ( 14.92500000000000426, 1.798385574751151461, -1.798385574751166116 ) ) ;
#1411 = ORIENTED_EDGE ( 'NONE', *, *, #2757, .T. ) ;
#1412 = EDGE_CURVE ( 'NONE', #2959, #3486, #4309, .T. ) ;
#1413 = AXIS2_PLACEMENT_3D ( 'NONE', #4062, #3592, #2494 ) ;
#1414 = CARTESIAN_POINT ( 'NONE',  ( 18.35000000000000142, -0.8203022253684666421, -1.980384757729346745 ) ) ;
#1415 = CARTESIAN_POINT ( 'NONE',  ( 6.750000000000005329, -1.035533905932757293, -2.500000000000010214 ) ) ;
#1416 = CARTESIAN_POINT ( 'NONE',  ( 11.07500000000000462, 2.543301270189218144, -6.229291519609281552E-16 ) ) ;
#1417 = ORIENTED_EDGE ( 'NONE', *, *, #756, .F. ) ;
#1418 = CARTESIAN_POINT ( 'NONE',  ( 5.250000000000004441, -1.035533905932757293, -2.500000000000010214 ) ) ;
#1419 = EDGE_CURVE ( 'NONE', #280, #728, #3325, .T. ) ;
#1420 = CARTESIAN_POINT ( 'NONE',  ( 15.35000000000000853, -2.500000000000023981, 1.035533905932742194 ) ) ;
#1421 = CARTESIAN_POINT ( 'NONE',  ( 8.300000000000004263, -1.767766952966390193, -1.767766952966375760 ) ) ;
#1422 = CARTESIAN_POINT ( 'NONE',  ( 10.35000000000000320, 1.035533905932727983, 2.500000000000010214 ) ) ;
#1423 = VERTEX_POINT ( 'NONE', #567 ) ;
#1424 = AXIS2_PLACEMENT_3D ( 'NONE', #590, #4512, #2805 ) ;
#1425 = CARTESIAN_POINT ( 'NONE',  ( 10.07500000000000462, 1.053469879313086111, -2.543301270189232355 ) ) ;
#1426 = CARTESIAN_POINT ( 'NONE',  ( 4.050000000000005151, -0.8203022253684666421, -1.980384757729346745 ) ) ;
#1427 = MANIFOLD_SOLID_BREP ( 'Fillet5', #5371 ) ;
#1428 = CARTESIAN_POINT ( 'NONE',  ( 5.499999999999315214, -2.467792535849478774, -0.4000000000071515238 ) ) ;
#1429 = EDGE_LOOP ( 'NONE', ( #6237, #5355, #4131, #1353 ) ) ;
#1430 = CARTESIAN_POINT ( 'NONE',  ( -2.304747858663499738, -2.849558053816642733, -5.065995843118935582 ) ) ;
#1431 = DIRECTION ( 'NONE',  ( -1.000000000000000000, 2.168404344971008868E-16, 0.000000000000000000 ) ) ;
#1432 = CARTESIAN_POINT ( 'NONE',  ( 11.35000000000000497, 0.8203022253684382203, -1.980384757729346745 ) ) ;
#1433 = CARTESIAN_POINT ( 'NONE',  ( 1.900000000000002354, 1.400343491548885710, 1.400343491548899477 ) ) ;
#1434 = CARTESIAN_POINT ( 'NONE',  ( 16.50000000000000355, -1.400343491548913244, 1.400343491548899477 ) ) ;
#1435 = CARTESIAN_POINT ( 'NONE',  ( 13.85000000000000497, 1.980384757729332534, -0.8203022253684530973 ) ) ;
#1436 = DIRECTION ( 'NONE',  ( 0.000000000000000000, -6.123233995737423009E-17, -1.000000000000000000 ) ) ;
#1437 = ADVANCED_FACE ( 'NONE', ( #1569 ), #818, .T. ) ;
#1438 = CARTESIAN_POINT ( 'NONE',  ( 8.800000000000002487, -1.424157858600947694E-14, -1.980384757729347189 ) ) ;
#1439 = B_SPLINE_CURVE_WITH_KNOTS ( 'NONE', 3,
 ( #6084, #1096, #3318, #5538 ),
 .UNSPECIFIED., .F., .F.,
 ( 4, 4 ),
 ( 0.0002446915421314846211, 0.002192473562599297349 ),
 .UNSPECIFIED. ) ;
#1440 = CARTESIAN_POINT ( 'NONE',  ( 8.300000000000004263, 1.400343491548885710, 1.400343491548899477 ) ) ;
#1441 = CARTESIAN_POINT ( 'NONE',  ( 10.30000000000000782, -1.980384757729360956, 2.425271854633451269E-16 ) ) ;
#1442 = CARTESIAN_POINT ( 'NONE',  ( 3.500000000000003109, 1.400343491548885710, 1.400343491548899477 ) ) ;
#1443 = CARTESIAN_POINT ( 'NONE',  ( 11.30000000000000249, 1.400343491548885266, -1.400343491548899699 ) ) ;
#1444 = CARTESIAN_POINT ( 'NONE',  ( 5.339470118425011513, 2.345793454588803506, -1.189740451343935357 ) ) ;
#1445 = CARTESIAN_POINT ( 'NONE',  ( 18.45000000000000284, 0.8203022253684382203, -1.980384757729346745 ) ) ;
#1446 = ORIENTED_EDGE ( 'NONE', *, *, #2819, .T. ) ;
#1447 = VECTOR ( 'NONE', #1324, 1000.000000000000000 ) ;
#1448 = CARTESIAN_POINT ( 'NONE',  ( -9.500000000000000000, 2.615813991587097931, 0.000000000000000000 ) ) ;
#1449 = CARTESIAN_POINT ( 'NONE',  ( 4.650000000000003020, 2.499999999999996003, -1.035533905932743526 ) ) ;
#1450 = EDGE_CURVE ( 'NONE', #1214, #5432, #1198, .T. ) ;
#1451 = CARTESIAN_POINT ( 'NONE',  ( 9.975000000000004974, -1.798385574751180105, -1.798385574751165450 ) ) ;
#1452 = ORIENTED_EDGE ( 'NONE', *, *, #495, .F. ) ;
#1453 = DIRECTION ( 'NONE',  ( 1.000000000000000000, 0.000000000000000000, -1.224646799147360849E-16 ) ) ;
#1454 = CARTESIAN_POINT ( 'NONE',  ( 15.40000000000000391, -2.500000000000023981, 3.061616997868394974E-16 ) ) ;
#1455 = DIRECTION ( 'NONE',  ( 1.000000000000000000, -0.000000000000000000, -0.000000000000000000 ) ) ;
#1456 = CIRCLE ( 'NONE', #5528, 6.231472203984923297 ) ;
#1457 = CARTESIAN_POINT ( 'NONE',  ( -9.500000000000000000, 2.695312499999991118, 0.000000000000000000 ) ) ;
#1458 = ADVANCED_FACE ( 'NONE', ( #3876 ), #6091, .F. ) ;
#1459 = LINE ( 'NONE', #4306, #4501 ) ;
#1460 = ORIENTED_EDGE ( 'NONE', *, *, #2933, .T. ) ;
#1461 = AXIS2_PLACEMENT_3D ( 'NONE', #6079, #5571, #3314 ) ;
#1462 = CARTESIAN_POINT ( 'NONE',  ( 9.075000000000004619, -2.543301270189246122, -1.053469879313099211 ) ) ;
#1463 = VECTOR ( 'NONE', #1711, 1000.000000000000000 ) ;
#1464 = CARTESIAN_POINT ( 'NONE',  ( 6.350000000000004974, -1.980384757729361178, -0.8203022253684513210 ) ) ;
#1465 = AXIS2_PLACEMENT_3D ( 'NONE', #2370, #4670, #6870 ) ;
#1466 = CARTESIAN_POINT ( 'NONE',  ( -4.443854296502125933, 2.695312499999989786, 6.191992651811313561E-16 ) ) ;
#1467 = VERTEX_POINT ( 'NONE', #2707 ) ;
#1468 = CARTESIAN_POINT ( 'NONE',  ( 12.00000000000000355, 1.767766952966362215, 1.767766952966375982 ) ) ;
#1469 = CARTESIAN_POINT ( 'NONE',  ( 11.80000000000000426, 2.499999999999996003, -6.123233995736789948E-16 ) ) ;
#1470 = CARTESIAN_POINT ( 'NONE',  ( 11.95000000000000639, -1.980384757729361178, -0.8203022253684513210 ) ) ;
#1471 = CARTESIAN_POINT ( 'NONE',  ( 15.75000000000000355, -1.980384757729360956, 0.8203022253684520981 ) ) ;
#1472 = CARTESIAN_POINT ( 'NONE',  ( 16.15000000000000568, 0.8203022253684382203, -1.980384757729346745 ) ) ;
#1473 = AXIS2_PLACEMENT_3D ( 'NONE', #454, #1560, #3725 ) ;
#1474 = DIRECTION ( 'NONE',  ( 0.000000000000000000, 0.000000000000000000, 1.000000000000000000 ) ) ;
#1475 = CARTESIAN_POINT ( 'NONE',  ( 10.15000000000000213, -1.980384757729360956, 0.8203022253684520981 ) ) ;
#1476 = CARTESIAN_POINT ( 'NONE',  ( 5.100000000000002309, 1.400343491548885710, 1.400343491548899477 ) ) ;
#1477 = CARTESIAN_POINT ( 'NONE',  ( 8.600000000000004974, -1.400343491548913244, 1.400343491548899477 ) ) ;
#1478 = CARTESIAN_POINT ( 'NONE',  ( 4.300000000000003375, 1.400343491548885710, 1.400343491548899477 ) ) ;
#1479 = CARTESIAN_POINT ( 'NONE',  ( 6.600000000000003197, 1.980384757729333201, -4.850543709266902538E-16 ) ) ;
#1480 = TOROIDAL_SURFACE ( 'NONE', #4738, 6.411159703984924185, 0.1796875000000000000 ) ;
#1481 = CARTESIAN_POINT ( 'NONE',  ( 5.350000000000003197, 1.035533905932728427, -2.500000000000010214 ) ) ;
#1482 = CARTESIAN_POINT ( 'NONE',  ( 2.075000000000003730, -1.434498467178515336E-14, -2.543301270189231911 ) ) ;
#1483 = ORIENTED_EDGE ( 'NONE', *, *, #4377, .T. ) ;
#1484 = DIRECTION ( 'NONE',  ( 1.000000000000000000, 0.000000000000000000, 1.224646799147349263E-16 ) ) ;
#1485 = CARTESIAN_POINT ( 'NONE',  ( 13.00000000000000711, 1.400343491548885266, -1.400343491548899699 ) ) ;
#1486 = CARTESIAN_POINT ( 'NONE',  ( 10.97500000000000320, 1.798385574751151461, -1.798385574751166116 ) ) ;
#1487 = VERTEX_POINT ( 'NONE', #2195 ) ;
#1488 = CYLINDRICAL_SURFACE ( 'NONE', #2564, 0.4000000000000004663 ) ;
#1489 = CARTESIAN_POINT ( 'NONE',  ( 3.300000000000003819, -1.372470695792103782E-14, 2.500000000000010214 ) ) ;
#1490 = CARTESIAN_POINT ( 'NONE',  ( -9.500000000000001776, -4.000000000000005329, 0.000000000000000000 ) ) ;
#1491 = CARTESIAN_POINT ( 'NONE',  ( 8.800000000000004263, -1.372470695792103782E-14, 2.500000000000010214 ) ) ;
#1493 = LINE ( 'NONE', #5395, #1939 ) ;
#1492 = AXIS2_PLACEMENT_3D ( 'NONE', #6365, #1385, #2522 ) ;
#1494 = ORIENTED_EDGE ( 'NONE', *, *, #1810, .F. ) ;
#1495 = CARTESIAN_POINT ( 'NONE',  ( 10.17500000000000604, 2.543301270189217700, -1.053469879313101210 ) ) ;
#1496 = CARTESIAN_POINT ( 'NONE',  ( 3.950000000000005507, -1.980384757729361178, -0.8203022253684513210 ) ) ;
#1497 = CARTESIAN_POINT ( 'NONE',  ( 17.04759591131441354, -1.960067895497354495, 1.474473394525000147 ) ) ;
#1498 = EDGE_CURVE ( 'NONE', #2841, #5773, #5460, .T. ) ;
#1499 = AXIS2_PLACEMENT_3D ( 'NONE', #2667, #1093, #4407 ) ;
#1500 = CARTESIAN_POINT ( 'NONE',  ( 0.02748798323624315754, 4.215784928467303239, 3.566722797294336278 ) ) ;
#1501 = CARTESIAN_POINT ( 'NONE',  ( 11.70000000000000462, 1.767766952966361771, -1.767766952966376204 ) ) ;
#1502 = CARTESIAN_POINT ( 'NONE',  ( 7.300000000000006040, -1.424157858600947694E-14, -1.980384757729347189 ) ) ;
#1503 = CARTESIAN_POINT ( 'NONE',  ( 17.50000000000000000, -1.158515871993396300E-14, 2.900000000000016342 ) ) ;
#1504 = DIRECTION ( 'NONE',  ( 1.000000000000000000, -0.000000000000000000, -0.000000000000000000 ) ) ;
#1505 = CARTESIAN_POINT ( 'NONE',  ( 3.800000000000003819, 1.767766952966361771, -1.767766952966376204 ) ) ;
#1506 = CARTESIAN_POINT ( 'NONE',  ( 15.30000000000000604, -1.424157858600947694E-14, -1.980384757729347189 ) ) ;
#1507 = CARTESIAN_POINT ( 'NONE',  ( 5.380974391785756872, 2.470661266829336622, -0.3818807465547806590 ) ) ;
#1508 = EDGE_CURVE ( 'NONE', #6194, #4341, #3814, .T. ) ;
#1509 = ORIENTED_EDGE ( 'NONE', *, *, #3357, .T. ) ;
#1510 = CARTESIAN_POINT ( 'NONE',  ( 8.100000000000003197, 1.400343491548885266, -1.400343491548899699 ) ) ;
#1511 = CARTESIAN_POINT ( 'NONE',  ( 5.950000000000002842, 0.8203022253684378873, 1.980384757729346967 ) ) ;
#1512 = CARTESIAN_POINT ( 'NONE',  ( 7.450000000000006395, 1.980384757729332978, -0.8203022253684528753 ) ) ;
#1513 = CARTESIAN_POINT ( 'NONE',  ( 18.35000000000000497, -1.980384757729361178, -0.8203022253684513210 ) ) ;
#1514 = CARTESIAN_POINT ( 'NONE',  ( 6.650000000000003020, 1.980384757729333201, 0.8203022253684517651 ) ) ;
#1515 = DIRECTION ( 'NONE',  ( 1.000000000000000000, -0.000000000000000000, -0.000000000000000000 ) ) ;
#1516 = CARTESIAN_POINT ( 'NONE',  ( 2.175000000000003375, 1.798385574751151461, -1.798385574751166116 ) ) ;
#1517 = VERTEX_POINT ( 'NONE', #1171 ) ;
#1518 = CARTESIAN_POINT ( 'NONE',  ( 15.55000000000000249, 0.8203022253684378873, 1.980384757729346967 ) ) ;
#1519 = CARTESIAN_POINT ( 'NONE',  ( 17.70000000000000639, -1.424157858600947694E-14, -1.980384757729347189 ) ) ;
#1520 = CARTESIAN_POINT ( 'NONE',  ( 15.10000000000000497, -1.980384757729360956, 2.425271854633451269E-16 ) ) ;
#1521 = CARTESIAN_POINT ( 'NONE',  ( 15.65000000000000391, -0.8203022253684655318, 1.980384757729347189 ) ) ;
#1522 = CARTESIAN_POINT ( 'NONE',  ( 12.87500000000000533, -1.372205551982422560E-14, 2.543301270189231911 ) ) ;
#1523 = ORIENTED_EDGE ( 'NONE', *, *, #4437, .F. ) ;
#1524 = DIRECTION ( 'NONE',  ( 1.224646799147353207E-16, -2.655529440325959183E-32, 1.000000000000000000 ) ) ;
#1525 = CYLINDRICAL_SURFACE ( 'NONE', #5989, 2.500000000000008438 ) ;
#1526 = APPLICATION_PROTOCOL_DEFINITION ( 'international standard', 'config_control_design', 1994, #1763 ) ;
#1527 = EDGE_CURVE ( 'NONE', #2555, #1716, #5718, .T. ) ;
#1528 = AXIS2_PLACEMENT_3D ( 'NONE', #2257, #4445, #624 ) ;
#1529 = CARTESIAN_POINT ( 'NONE',  ( 8.950000000000002842, -2.500000000000023981, 1.035533905932742194 ) ) ;
#1530 = CARTESIAN_POINT ( 'NONE',  ( -9.500000000000000000, 2.695312499999993339, 0.000000000000000000 ) ) ;
#1531 = ORIENTED_EDGE ( 'NONE', *, *, #1810, .T. ) ;
#1532 = CARTESIAN_POINT ( 'NONE',  ( 10.67500000000000426, -2.543301270189246122, -1.053469879313099211 ) ) ;
#1533 = CARTESIAN_POINT ( 'NONE',  ( 3.550000000000006040, 1.980384757729333201, 0.8203022253684517651 ) ) ;
#1534 = CARTESIAN_POINT ( 'NONE',  ( 3.500000000000003553, -1.767766952966390193, -1.767766952966375760 ) ) ;
#1535 = CARTESIAN_POINT ( 'NONE',  ( 17.10000000000000142, -1.194030629168669588E-14, -2.500000000000013323 ) ) ;
#1536 = CARTESIAN_POINT ( 'NONE',  ( 1.348275555931983671, -0.7204339612960718453, -2.239894009184500323 ) ) ;
#1537 = CARTESIAN_POINT ( 'NONE',  ( 11.90000000000000391, 1.767766952966362215, 1.767766952966375982 ) ) ;
#1538 = CARTESIAN_POINT ( 'NONE',  ( 8.250000000000005329, 1.980384757729332534, -0.8203022253684530973 ) ) ;
#1539 = FACE_OUTER_BOUND ( 'NONE', #2890, .T. ) ;
#1540 = EDGE_CURVE ( 'NONE', #3312, #1270, #5433, .T. ) ;
#1541 = CARTESIAN_POINT ( 'NONE',  ( 11.05000000000000604, -1.980384757729360956, 0.8203022253684520981 ) ) ;
#1542 = CARTESIAN_POINT ( 'NONE',  ( 7.100000000000003197, 2.499999999999996003, -6.123233995736789948E-16 ) ) ;
#1543 = ORIENTED_EDGE ( 'NONE', *, *, #867, .T. ) ;
#1544 = CARTESIAN_POINT ( 'NONE',  ( 7.450000000000003730, 1.980384757729333201, 0.8203022253684517651 ) ) ;
#1545 = CARTESIAN_POINT ( 'NONE',  ( 7.050000000000006040, -1.980384757729360956, 0.8203022253684520981 ) ) ;
#1546 = CARTESIAN_POINT ( 'NONE',  ( 16.05000000000000426, -0.8203022253684666421, -1.980384757729346745 ) ) ;
#1547 = CARTESIAN_POINT ( 'NONE',  ( 5.650000000000002132, 0.8203022253684383314, -1.980384757729346745 ) ) ;
#1548 = DIRECTION ( 'NONE',  ( 0.000000000000000000, 0.000000000000000000, -1.000000000000000000 ) ) ;
#1549 = ADVANCED_FACE ( 'NONE', ( #5140 ), #1277, .F. ) ;
#1550 = ORIENTED_EDGE ( 'NONE', *, *, #474, .F. ) ;
#1551 = CARTESIAN_POINT ( 'NONE',  ( 14.85000000000000675, -0.8203022253684655318, 1.980384757729346967 ) ) ;
#1552 = CARTESIAN_POINT ( 'NONE',  ( -14.55614570349786874, -2.695312500000006217, 6.191992651811307645E-16 ) ) ;
#1553 = CARTESIAN_POINT ( 'NONE',  ( 15.30000000000000604, -1.424157858600947694E-14, -1.980384757729347189 ) ) ;
#1554 = DIRECTION ( 'NONE',  ( -1.000000000000000000, 1.778671531248328491E-16, 0.000000000000000000 ) ) ;
#1555 = CARTESIAN_POINT ( 'NONE',  ( 6.975000000000004086, 1.798385574751151461, -1.798385574751166116 ) ) ;
#1556 = ORIENTED_EDGE ( 'NONE', *, *, #6469, .F. ) ;
#1557 = CARTESIAN_POINT ( 'NONE',  ( 17.10000000000000142, -1.194030629168669588E-14, 0.000000000000000000 ) ) ;
#1558 = CARTESIAN_POINT ( 'NONE',  ( 16.55000000000000426, 2.499999999999996003, -1.035533905932743526 ) ) ;
#1559 = CARTESIAN_POINT ( 'NONE',  ( 8.600000000000003197, 2.499999999999996003, -6.123233995736789948E-16 ) ) ;
#1560 = DIRECTION ( 'NONE',  ( 1.000000000000000000, -0.000000000000000000, -0.000000000000000000 ) ) ;
#1561 = ORIENTED_EDGE ( 'NONE', *, *, #565, .T. ) ;
#1562 = B_SPLINE_CURVE_WITH_KNOTS ( 'NONE', 3,
 ( #2417, #6263, #3657, #1280 ),
 .UNSPECIFIED., .F., .F.,
 ( 4, 4 ),
 ( 2.605514417134361314E-07, 0.001429462028122658332 ),
 .UNSPECIFIED. ) ;
#1563 =( BOUNDED_CURVE ( )  B_SPLINE_CURVE ( 2, ( #2269, #6625, #1109, #3259, #1649, #4492, #3334, #2304, #2236 ),
 .UNSPECIFIED., .F., .T. ) 
 B_SPLINE_CURVE_WITH_KNOTS ( ( 3, 2, 2, 2, 3 ),
 ( 0.04545454545454541417, 0.05113636363636364646, 0.05681818181818187874, 0.06250000000000000000, 0.06818181818181823228 ),
 .UNSPECIFIED. ) 
 CURVE ( )  GEOMETRIC_REPRESENTATION_ITEM ( )  RATIONAL_B_SPLINE_CURVE ( ( 1.000000000000000000, 0.9238795325112867385, 1.000000000000000000, 0.9238795325112867385, 1.000000000000000000, 0.9238795325112867385, 1.000000000000000000, 0.9238795325112867385, 1.000000000000000000 ) ) 
 REPRESENTATION_ITEM ( '' )  );
#1564 = EDGE_CURVE ( 'NONE', #3019, #5411, #5489, .T. ) ;
#1565 = CARTESIAN_POINT ( 'NONE',  ( 10.82500000000000462, -1.434498467178515336E-14, -2.543301270189231911 ) ) ;
#1566 = CARTESIAN_POINT ( 'NONE',  ( 2.750000000000006661, 1.980384757729333201, 0.8203022253684517651 ) ) ;
#1567 = CARTESIAN_POINT ( 'NONE',  ( 5.380974391785756872, 2.470661266829336622, -0.3818807465547806590 ) ) ;
#1568 = CARTESIAN_POINT ( 'NONE',  ( 11.35000000000000675, -2.500000000000023981, 1.035533905932742194 ) ) ;
#1569 = FACE_OUTER_BOUND ( 'NONE', #374, .T. ) ;
#1570 = DIRECTION ( 'NONE',  ( 1.000000000000000000, -0.000000000000000000, -0.000000000000000000 ) ) ;
#1571 = CARTESIAN_POINT ( 'NONE',  ( 8.400000000000005684, 1.400343491548885710, 1.400343491548899477 ) ) ;
#1572 = CARTESIAN_POINT ( 'NONE',  ( 12.45000000000000284, -1.035533905932757293, -2.500000000000010214 ) ) ;
#1573 = CIRCLE ( 'NONE', #72, 0.1796875000000001665 ) ;
#1574 = CARTESIAN_POINT ( 'NONE',  ( 11.95000000000000639, -1.980384757729361178, -0.8203022253684513210 ) ) ;
#1575 = CARTESIAN_POINT ( 'NONE',  ( 7.150000000000005684, 2.499999999999996447, 1.035533905932741972 ) ) ;
#1576 = ORIENTED_EDGE ( 'NONE', *, *, #3506, .F. ) ;
#1577 = EDGE_CURVE ( 'NONE', #5696, #5802, #6352, .T. ) ;
#1578 = CARTESIAN_POINT ( 'NONE',  ( 6.900000000000003020, -1.400343491548913244, 1.400343491548899477 ) ) ;
#1579 = AXIS2_PLACEMENT_3D ( 'NONE', #3801, #4898, #1431 ) ;
#1580 = CARTESIAN_POINT ( 'NONE',  ( 6.900000000000004796, -1.375652421508278441E-14, 1.980384757729347189 ) ) ;
#1581 = CARTESIAN_POINT ( 'NONE',  ( 18.70000000000000639, 1.980384757729333201, -4.850543709266902538E-16 ) ) ;
#1582 = CARTESIAN_POINT ( 'NONE',  ( 7.200000000000002842, -1.424157858600947694E-14, -1.980384757729347189 ) ) ;
#1583 = CARTESIAN_POINT ( 'NONE',  ( 17.50000000000000000, -1.194030629168669588E-14, -2.500000000000008438 ) ) ;
#1584 = CIRCLE ( 'NONE', #5202, 5.702122015915132458 ) ;
#1585 = EDGE_LOOP ( 'NONE', ( #57, #6942, #1176, #380 ) ) ;
#1586 = CARTESIAN_POINT ( 'NONE',  ( 15.50000000000000355, 1.400343491548885710, 1.400343491548899477 ) ) ;
#1587 = ADVANCED_FACE ( 'NONE', ( #6976 ), #3031, .F. ) ;
#1588 = CARTESIAN_POINT ( 'NONE',  ( 16.95000000000000639, 0.8203022253684382203, -1.980384757729346745 ) ) ;
#1589 = CARTESIAN_POINT ( 'NONE',  ( 13.90000000000000568, 1.980384757729333201, -4.850543709266902538E-16 ) ) ;
#1590 = CARTESIAN_POINT ( 'NONE',  ( 15.00000000000000355, -1.980384757729360956, 2.425271854633451269E-16 ) ) ;
#1591 = CARTESIAN_POINT ( 'NONE',  ( 9.075000000000002842, -2.543301270189246122, 3.114645759804640776E-16 ) ) ;
#1592 = ORIENTED_EDGE ( 'NONE', *, *, #367, .T. ) ;
#1593 = CARTESIAN_POINT ( 'NONE',  ( 2.900000000000004352, -1.433703035749471672E-14, -2.500000000000010214 ) ) ;
#1594 =( BOUNDED_CURVE ( )  B_SPLINE_CURVE ( 2, ( #1491, #3724, #6538, #4374, #1559, #6575, #1598, #1056, #2700 ),
 .UNSPECIFIED., .F., .T. ) 
 B_SPLINE_CURVE_WITH_KNOTS ( ( 3, 2, 2, 2, 3 ),
 ( 0.5795454545454545858, 0.5852272727272727071, 0.5909090909090909394, 0.5965909090909090606, 0.6022727272727272929 ),
 .UNSPECIFIED. ) 
 CURVE ( )  GEOMETRIC_REPRESENTATION_ITEM ( )  RATIONAL_B_SPLINE_CURVE ( ( 1.000000000000000000, 0.9238795325112867385, 1.000000000000000000, 0.9238795325112867385, 1.000000000000000000, 0.9238795325112867385, 1.000000000000000000, 0.9238795325112867385, 1.000000000000000000 ) ) 
 REPRESENTATION_ITEM ( '' )  );
#1595 = DIRECTION ( 'NONE',  ( 0.000000000000000000, 0.000000000000000000, -1.000000000000000000 ) ) ;
#1596 = DATE_AND_TIME ( #11, #6032 ) ;
#1597 = ORIENTED_EDGE ( 'NONE', *, *, #612, .F. ) ;
#1598 = CARTESIAN_POINT ( 'NONE',  ( 8.500000000000003553, 1.767766952966361771, -1.767766952966376204 ) ) ;
#1599 = DIRECTION ( 'NONE',  ( -2.168404344971008868E-16, -1.000000000000000000, 0.000000000000000000 ) ) ;
#1600 = CARTESIAN_POINT ( 'NONE',  ( 17.50000000000000000, -1.194030629168669588E-14, 0.000000000000000000 ) ) ;
#1601 = CARTESIAN_POINT ( 'NONE',  ( 6.475000000000005862, -1.053469879313113200, 2.543301270189232799 ) ) ;
#1602 = CARTESIAN_POINT ( 'NONE',  ( 2.300000000000005151, -1.980384757729360956, 2.425271854633451269E-16 ) ) ;
#1603 = CARTESIAN_POINT ( 'NONE',  ( -4.443854296502130374, -2.695312500000008882, 0.000000000000000000 ) ) ;
#1604 = LINE ( 'NONE', #1535, #2234 ) ;
#1605 = AXIS2_PLACEMENT_3D ( 'NONE', #2005, #1933, #5249 ) ;
#1606 = CARTESIAN_POINT ( 'NONE',  ( 1.337849428008607289, -0.9912172272850960919, -2.122446827309254935 ) ) ;
#1607 = CARTESIAN_POINT ( 'NONE',  ( 17.50000000000000000, -1.163414459189985801E-14, 2.500000000000008438 ) ) ;
#1608 = CARTESIAN_POINT ( 'NONE',  ( 7.700000000000005507, -1.375652421508278441E-14, 1.980384757729347189 ) ) ;
#1609 =( BOUNDED_SURFACE ( )  B_SPLINE_SURFACE ( 1, 2, ( 
 ( #5789, #3097, #5242, #1378, #5351, #1414, #264, #5312, #334, #2551, #2586, #6970, #4769, #1997, #4225, #3234, #5452, #7110, #6495, #6562, #6030, #2761, #582, #3854, #6600, #4398, #3818, #4984, #1044, #1624, #7147, #6071, #2, #3200, #5486, #976, #5991, #5421, #1082, #2102, #2214, #2797, #4433, #6635, #3306, #5522, #5021, #1661, #4330, #546, #476, #6529, #3890, #35, #442, #511, #6105, #2723, #2689, #4911, #2137, #1518, #1586, #3269, #1120, #4295, #3345, #5564, #3749, #4944, #5961, #2175, #2658, #4877, #7077, #1551, #3779, #1010, #4364, #3960, #6136, #2352, #67, #716, #5737, #2936, #5159, #4034, #4572, #749, #2390, #2279, #1799, #1185, #4504, #177, #2974, #3378, #5664, #679, #1841, #3412, #5196, #6774, #3924, #2246, #5122, #3487, #2899, #6239, #1693, #6704, #6739, #139, #1218, #5051, #1253, #3525, #103, #6818, #4466, #1727, #6667, #2317, #1154, #5700, #5595, #6171, #4614, #613, #4074, #1761, #2828, #5627, #644, #6279, #1294, #2864, #5086, #4537, #3994, #6203, #3447, #2576, #4724, #1880, #1330, #4793, #360, #5303, #4653, #6960, #6889, #2434, #5915, #5265, #2470, #6995, #5777, #4688, #255, #219, #3156, #6854, #4216, #934, #1917, #3048, #4146, #1475, #6384, #2022, #1954, #4111, #3563, #4761, #6347, #5879, #788, #6315, #3010, #1988, #860, #4250, #6418, #5231, #1368, #6450, #3707, #324, #6927, #3600, #5811, #824, #5343, #288, #1438, #2504, #899, #4183, #1403, #3086, #3638, #5846, #2542, #3671, #3124, #3741, #6487, #5374, #1510, #7030, #394, #2613, #5951, #2057, #4829, #967, #4287, #5058, #5028, #760, #42, #1811, #3535, #6711, #651, #2286, #6289, #4002, #2404, #6746, #6675, #1161, #2362, #4510, #3497, #3385, #4473, #2252, #6784, #5671, #188, #5129, #1226, #3966, #6178, #2870, #1699, #110, #1770, #5708, #1304, #4581, #148, #4044, #4544, #723, #6212, #6247, #688, #1262, #2945, #4625, #1852, #5167, #1193, #6828, #3455, #3931, #4085, #5746, #6144, #5603, #620, #2835, #2324, #74, #1733, #5094, #3419, #2907, #5634, #4764, #6350, #5306, #1478, #827, #2616, #1992, #3566, #398, #6965, #3127, #2545, #6421, #1334, #1372, #6388, #4219, #863, #4691, #1442, #3159, #6930, #6455, #5379, #3605, #6318, #1957, #5781, #792, #364, #4187, #3710, #5919, #5814, #6998, #3674, #4832, #2474, #3051, #4798, #291, #6892, #2507, #1406, #1884, #5268, #5883, #3641, #327, #2025, #5849, #902, #4727, #5346, #4253, #938, #4114, #2580, #3089, #3014, #5234, #258, #1920, #4149, #1617, #6490 ),
 ( #1581, #7071, #7175, #4358, #1653, #1075, #2685, #1513, #3744, #2206, #2169, #4392, #971, #3847, #6592, #4427, #6629, #3885, #4906, #7106, #5986, #437, #1005, #3194, #5414, #2653, #5481, #3338, #7035, #5955, #4870, #6100, #2097, #1114, #5448, #539, #471, #5556, #3812, #2753, #3300, #6062, #5515, #576, #4937, #2717, #2791, #2060, #4290, #4325, #4978, #3230, #6525, #1546, #3775, #506, #2132, #6557, #6025, #1040, #3264, #7139, #4027, #1212, #2309, #3480, #742, #171, #5693, #710, #5621, #5014, #1834, #2893, #6698, #2274, #1755, #638, #3440, #6165, #4460, #4496, #4530, #5657, #3987, #606, #5116, #6272, #2856, #2384, #1288, #1719, #2240, #5080, #6661, #6232, #1686, #3953, #4606, #3518, #132, #6732, #5730, #3917, #28, #2928, #4067, #1792, #1179, #5152, #97, #6811, #673, #6130, #6197, #1147, #3371, #5589, #2821, #2345, #5045, #4566, #3405, #60, #6768, #1247, #5225, #353, #1323, #248, #3004, #2968, #5907, #5189, #6955, #1470, #4682, #5806, #2464, #4242, #1948, #2570, #4718, #4645, #6309, #318, #6883, #1432, #3554, #2427, #211, #4754, #3632, #5334, #3079, #6379, #1911, #4139, #819, #6848, #5260, #6920, #3665, #6443, #2536, #5296, #1983, #2499, #5873, #4177, #4209, #5840, #6411, #6987, #6340, #1873, #893, #1363, #4104, #3117, #782, #4787, #3702, #2016, #5770, #3596, #3041, #283, #1396, #854, #499, #7062, #3185, #5979, #2643, #3802, #5403, #4350, #530, #2088, #1645, #1031, #2605, #6622, #6016, #2160, #1571, #5474, #6584, #1538, #927, #4969, #3256, #4862, #425, #4899, #3767, #6548, #4316, #387, #1608, #3222, #5506, #2744, #6516, #6055, #2709, #4418, #1502, #995, #3839, #5441, #3733, #463, #2678, #3878, #7098, #4929, #2124, #7131, #1067, #4384, #3291, #7167, #2197, #3149, #5367, #4821, #7022, #2049, #4280, #6479, #5943, #960, #2338, #667, #5548, #5685, #569, #1173, #123, #2233, #1712, #6800, #1783, #5039, #163, #632, #6123, #6224, #3397, #701, #4558, #3946, #2784, #5006, #1239, #1205, #3432, #22, #2886, #5649, #3471, #2919, #5142, #6156, #5615, #55, #6655, #2267, #4454, #1680, #3909, #4523, #2374, #6093, #1140, #3362, #4595, #5583, #1825, #4488, #6759, #6691, #1105, #2848, #4016, #3327, #5109, #599, #2814, #3979, #1747, #5072, #90, #2302, #6724, #6190, #240, #4059, #344, #5832, #2490, #3624, #6368, #5324, #202, #3105, #1388, #3071, #275, #1352, #2525, #6977, #6404, #4745, #5798, #6948, #2561, #846, #5286, #4168, #3587, #1973, #809, #307, #6909, #4201, #882 ) ),
 .UNSPECIFIED., .F., .F., .F. ) 
 B_SPLINE_SURFACE_WITH_KNOTS ( ( 2, 2 ),
 ( 3, 2, 2, 2, 2, 2, 2, 2, 2, 2, 2, 2, 2, 2, 2, 2, 2, 2, 2, 2, 2, 2, 2, 2, 2, 2, 2, 2, 2, 2, 2, 2, 2, 2, 2, 2, 2, 2, 2, 2, 2, 2, 2, 2, 2, 2, 2, 2, 2, 2, 2, 2, 2, 2, 2, 2, 2, 2, 2, 2, 2, 2, 2, 2, 2, 2, 2, 2, 2, 2, 2, 2, 2, 2, 2, 2, 2, 2, 2, 2, 2, 2, 2, 2, 2, 2, 2, 2, 2, 2, 2, 2, 2, 2, 2, 2, 2, 2, 2, 2, 2, 2, 2, 2, 2, 2, 2, 2, 2, 2, 2, 2, 2, 2, 2, 2, 2, 2, 2, 2, 2, 2, 2, 2, 2, 2, 2, 2, 2, 2, 2, 2, 2, 2, 2, 2, 2, 2, 2, 2, 2, 2, 2, 2, 2, 2, 2, 2, 2, 2, 2, 2, 2, 2, 2, 2, 2, 2, 2, 2, 2, 2, 2, 2, 2, 2, 2, 2, 2, 2, 2, 2, 2, 2, 3 ),
 ( 0.000000000000000000, 1.000000000000000000 ),
 ( 0.000000000000000000, 0.005681818181818181976, 0.01136363636363636395, 0.01704545454545454419, 0.02272727272727272790, 0.02840909090909090814, 0.03409090909090908839, 0.03977272727272727210, 0.04545454545454545581, 0.05113636363636363952, 0.05681818181818181629, 0.06250000000000000000, 0.06818181818181817677, 0.07386363636363636742, 0.07954545454545454419, 0.08522727272727272096, 0.09090909090909091161, 0.09659090909090908839, 0.1022727272727272790, 0.1079545454545454558, 0.1136363636363636326, 0.1193181818181818232, 0.1250000000000000000, 0.1306818181818181768, 0.1363636363636363535, 0.1420454545454545581, 0.1477272727272727348, 0.1534090909090909116, 0.1590909090909090884, 0.1647727272727272652, 0.1704545454545454419, 0.1761363636363636465, 0.1818181818181818232, 0.1875000000000000000, 0.1931818181818181768, 0.1988636363636363535, 0.2045454545454545581, 0.2102272727272727348, 0.2159090909090909116, 0.2215909090909090884, 0.2272727272727272652, 0.2329545454545454419, 0.2386363636363636465, 0.2443181818181818232, 0.2500000000000000000, 0.2556818181818181768, 0.2613636363636363535, 0.2670454545454545303, 0.2727272727272727071, 0.2784090909090908839, 0.2840909090909091161, 0.2897727272727272929, 0.2954545454545454697, 0.3011363636363636465, 0.3068181818181818232, 0.3125000000000000000, 0.3181818181818181768, 0.3238636363636363535, 0.3295454545454545303, 0.3352272727272727071, 0.3409090909090908839, 0.3465909090909091161, 0.3522727272727272929, 0.3579545454545454697, 0.3636363636363636465, 0.3693181818181818232, 0.3750000000000000000, 0.3806818181818181768, 0.3863636363636363535, 0.3920454545454545303, 0.3977272727272727071, 0.4034090909090908839, 0.4090909090909091161, 0.4147727272727272929, 0.4204545454545454697, 0.4261363636363636465, 0.4318181818181818232, 0.4375000000000000000, 0.4431818181818181768, 0.4488636363636363535, 0.4545454545454545303, 0.4602272727272727071, 0.4659090909090908839, 0.4715909090909091161, 0.4772727272727272929, 0.4829545454545454697, 0.4886363636363636465, 0.4943181818181818232, 0.5000000000000000000, 0.5056818181818182323, 0.5113636363636363535, 0.5170454545454545858, 0.5227272727272727071, 0.5284090909090909394, 0.5340909090909090606, 0.5397727272727272929, 0.5454545454545454142, 0.5511363636363636465, 0.5568181818181817677, 0.5625000000000000000, 0.5681818181818182323, 0.5738636363636363535, 0.5795454545454545858, 0.5852272727272727071, 0.5909090909090909394, 0.5965909090909090606, 0.6022727272727272929, 0.6079545454545454142, 0.6136363636363636465, 0.6193181818181817677, 0.6250000000000000000, 0.6306818181818182323, 0.6363636363636363535, 0.6420454545454545858, 0.6477272727272727071, 0.6534090909090909394, 0.6590909090909090606, 0.6647727272727272929, 0.6704545454545454142, 0.6761363636363636465, 0.6818181818181817677, 0.6875000000000000000, 0.6931818181818182323, 0.6988636363636363535, 0.7045454545454545858, 0.7102272727272727071, 0.7159090909090909394, 0.7215909090909090606, 0.7272727272727272929, 0.7329545454545454142, 0.7386363636363636465, 0.7443181818181817677, 0.7500000000000000000, 0.7556818181818182323, 0.7613636363636363535, 0.7670454545454545858, 0.7727272727272727071, 0.7784090909090909394, 0.7840909090909090606, 0.7897727272727272929, 0.7954545454545454142, 0.8011363636363636465, 0.8068181818181817677, 0.8125000000000000000, 0.8181818181818182323, 0.8238636363636363535, 0.8295454545454545858, 0.8352272727272727071, 0.8409090909090909394, 0.8465909090909090606, 0.8522727272727272929, 0.8579545454545454142, 0.8636363636363636465, 0.8693181818181817677, 0.8750000000000000000, 0.8806818181818182323, 0.8863636363636363535, 0.8920454545454545858, 0.8977272727272727071, 0.9034090909090909394, 0.9090909090909090606, 0.9147727272727272929, 0.9204545454545454142, 0.9261363636363636465, 0.9318181818181817677, 0.9375000000000000000, 0.9431818181818182323, 0.9488636363636363535, 0.9545454545454545858, 0.9602272727272727071, 0.9659090909090909394, 0.9715909090909090606, 0.9772727272727272929, 0.9829545454545454142, 0.9886363636363636465 ),
 .UNSPECIFIED. ) 
 GEOMETRIC_REPRESENTATION_ITEM ( )  RATIONAL_B_SPLINE_SURFACE ( (
 ( 1.000000000000000000, 0.9238795325112867385, 1.000000000000000000, 0.9238795325112867385, 1.000000000000000000, 0.9238795325112867385, 1.000000000000000000, 0.9238795325112867385, 1.000000000000000000, 0.9238795325112867385, 1.000000000000000000, 0.9238795325112867385, 1.000000000000000000, 0.9238795325112867385, 1.000000000000000000, 0.9238795325112867385, 1.000000000000000000, 0.9238795325112867385, 1.000000000000000000, 0.9238795325112867385, 1.000000000000000000, 0.9238795325112867385, 1.000000000000000000, 0.9238795325112867385, 1.000000000000000000, 0.9238795325112867385, 1.000000000000000000, 0.9238795325112867385, 1.000000000000000000, 0.9238795325112867385, 1.000000000000000000, 0.9238795325112867385, 1.000000000000000000, 0.9238795325112867385, 1.000000000000000000, 0.9238795325112867385, 1.000000000000000000, 0.9238795325112867385, 1.000000000000000000, 0.9238795325112867385, 1.000000000000000000, 0.9238795325112867385, 1.000000000000000000, 0.9238795325112867385, 1.000000000000000000, 0.9238795325112867385, 1.000000000000000000, 0.9238795325112867385, 1.000000000000000000, 0.9238795325112867385, 1.000000000000000000, 0.9238795325112867385, 1.000000000000000000, 0.9238795325112867385, 1.000000000000000000, 0.9238795325112867385, 1.000000000000000000, 0.9238795325112867385, 1.000000000000000000, 0.9238795325112867385, 1.000000000000000000, 0.9238795325112867385, 1.000000000000000000, 0.9238795325112867385, 1.000000000000000000, 0.9238795325112867385, 1.000000000000000000, 0.9238795325112867385, 1.000000000000000000, 0.9238795325112867385, 1.000000000000000000, 0.9238795325112867385, 1.000000000000000000, 0.9238795325112867385, 1.000000000000000000, 0.9238795325112867385, 1.000000000000000000, 0.9238795325112867385, 1.000000000000000000, 0.9238795325112867385, 1.000000000000000000, 0.9238795325112867385, 1.000000000000000000, 0.9238795325112867385, 1.000000000000000000, 0.9238795325112867385, 1.000000000000000000, 0.9238795325112867385, 1.000000000000000000, 0.9238795325112867385, 1.000000000000000000, 0.9238795325112867385, 1.000000000000000000, 0.9238795325112867385, 1.000000000000000000, 0.9238795325112867385, 1.000000000000000000, 0.9238795325112867385, 1.000000000000000000, 0.9238795325112867385, 1.000000000000000000, 0.9238795325112867385, 1.000000000000000000, 0.9238795325112867385, 1.000000000000000000, 0.9238795325112867385, 1.000000000000000000, 0.9238795325112867385, 1.000000000000000000, 0.9238795325112867385, 1.000000000000000000, 0.9238795325112867385, 1.000000000000000000, 0.9238795325112867385, 1.000000000000000000, 0.9238795325112867385, 1.000000000000000000, 0.9238795325112867385, 1.000000000000000000, 0.9238795325112867385, 1.000000000000000000, 0.9238795325112867385, 1.000000000000000000, 0.9238795325112867385, 1.000000000000000000, 0.9238795325112867385, 1.000000000000000000, 0.9238795325112867385, 1.000000000000000000, 0.9238795325112867385, 1.000000000000000000, 0.9238795325112867385, 1.000000000000000000, 0.9238795325112867385, 1.000000000000000000, 0.9238795325112867385, 1.000000000000000000, 0.9238795325112867385, 1.000000000000000000, 0.9238795325112867385, 1.000000000000000000, 0.9238795325112867385, 1.000000000000000000, 0.9238795325112867385, 1.000000000000000000, 0.9238795325112867385, 1.000000000000000000, 0.9238795325112867385, 1.000000000000000000, 0.9238795325112867385, 1.000000000000000000, 0.9238795325112867385, 1.000000000000000000, 0.9238795325112867385, 1.000000000000000000, 0.9238795325112867385, 1.000000000000000000, 0.9238795325112867385, 1.000000000000000000, 0.9238795325112867385, 1.000000000000000000, 0.9238795325112867385, 1.000000000000000000, 0.9238795325112867385, 1.000000000000000000, 0.9238795325112867385, 1.000000000000000000, 0.9238795325112867385, 1.000000000000000000, 0.9238795325112867385, 1.000000000000000000, 0.9238795325112867385, 1.000000000000000000, 0.9238795325112867385, 1.000000000000000000, 0.9238795325112867385, 1.000000000000000000, 0.9238795325112867385, 1.000000000000000000, 0.9238795325112867385, 1.000000000000000000, 0.9238795325112867385, 1.000000000000000000, 0.9238795325112867385, 1.000000000000000000, 0.9238795325112867385, 1.000000000000000000, 0.9238795325112867385, 1.000000000000000000, 0.9238795325112867385, 1.000000000000000000, 0.9238795325112867385, 1.000000000000000000, 0.9238795325112867385, 1.000000000000000000, 0.9238795325112867385, 1.000000000000000000, 0.9238795325112867385, 1.000000000000000000, 0.9238795325112867385, 1.000000000000000000, 0.9238795325112867385, 1.000000000000000000, 0.9238795325112867385, 1.000000000000000000, 0.9238795325112867385, 1.000000000000000000, 0.9238795325112867385, 1.000000000000000000, 0.9238795325112867385, 1.000000000000000000, 0.9238795325112867385, 1.000000000000000000, 0.9238795325112867385, 1.000000000000000000, 0.9238795325112867385, 1.000000000000000000, 0.9238795325112867385, 1.000000000000000000, 0.9238795325112867385, 1.000000000000000000, 0.9238795325112867385, 1.000000000000000000, 0.9238795325112867385, 1.000000000000000000, 0.9238795325112867385, 1.000000000000000000, 0.9238795325112867385, 1.000000000000000000, 0.9238795325112867385, 1.000000000000000000, 0.9238795325112867385, 1.000000000000000000, 0.9238795325112867385, 1.000000000000000000, 0.9238795325112867385, 1.000000000000000000, 0.9238795325112867385, 1.000000000000000000, 0.9238795325112867385, 1.000000000000000000, 0.9238795325112867385, 1.000000000000000000, 0.9238795325112867385, 1.000000000000000000, 0.9238795325112867385, 1.000000000000000000, 0.9238795325112867385, 1.000000000000000000, 0.9238795325112867385, 1.000000000000000000, 0.9238795325112867385, 1.000000000000000000, 0.9238795325112867385, 1.000000000000000000, 0.9238795325112867385, 1.000000000000000000, 0.9238795325112867385, 1.000000000000000000, 0.9238795325112867385, 1.000000000000000000, 0.9238795325112867385, 1.000000000000000000, 0.9238795325112867385, 1.000000000000000000, 0.9238795325112867385, 1.000000000000000000, 0.9238795325112867385, 1.000000000000000000, 0.9238795325112867385, 1.000000000000000000, 0.9238795325112867385, 1.000000000000000000, 0.9238795325112867385, 1.000000000000000000, 0.9238795325112867385, 1.000000000000000000, 0.9238795325112867385, 1.000000000000000000, 0.9238795325112867385, 1.000000000000000000, 0.9238795325112867385, 1.000000000000000000, 0.9238795325112867385, 1.000000000000000000, 0.9238795325112867385, 1.000000000000000000, 0.9238795325112867385, 1.000000000000000000, 0.9238795325112867385, 1.000000000000000000, 0.9238795325112867385, 1.000000000000000000, 0.9238795325112867385, 1.000000000000000000, 0.9238795325112867385, 1.000000000000000000, 0.9238795325112867385, 1.000000000000000000, 0.9238795325112867385, 1.000000000000000000, 0.9238795325112867385, 1.000000000000000000, 0.9238795325112867385, 1.000000000000000000, 0.9238795325112867385, 1.000000000000000000, 0.9238795325112867385, 1.000000000000000000, 0.9238795325112867385, 1.000000000000000000, 0.9238795325112867385, 1.000000000000000000, 0.9238795325112867385, 1.000000000000000000, 0.9238795325112867385, 1.000000000000000000, 0.9238795325112867385, 1.000000000000000000, 0.9238795325112867385, 1.000000000000000000, 0.9238795325112867385, 1.000000000000000000, 0.9238795325112867385, 1.000000000000000000, 0.9238795325112867385, 1.000000000000000000, 0.9238795325112867385, 1.000000000000000000, 0.9238795325112867385, 1.000000000000000000, 0.9238795325112867385, 1.000000000000000000, 0.9238795325112867385, 1.000000000000000000, 0.9238795325112867385, 1.000000000000000000, 0.9238795325112867385, 1.000000000000000000, 0.9238795325112867385, 1.000000000000000000, 0.9238795325112867385, 1.000000000000000000, 0.9238795325112867385, 1.000000000000000000, 0.9238795325112867385, 1.000000000000000000, 0.9238795325112867385, 1.000000000000000000),
 ( 1.000000000000000000, 0.9238795325112867385, 1.000000000000000000, 0.9238795325112867385, 1.000000000000000000, 0.9238795325112867385, 1.000000000000000000, 0.9238795325112867385, 1.000000000000000000, 0.9238795325112867385, 1.000000000000000000, 0.9238795325112867385, 1.000000000000000000, 0.9238795325112867385, 1.000000000000000000, 0.9238795325112867385, 1.000000000000000000, 0.9238795325112867385, 1.000000000000000000, 0.9238795325112867385, 1.000000000000000000, 0.9238795325112867385, 1.000000000000000000, 0.9238795325112867385, 1.000000000000000000, 0.9238795325112867385, 1.000000000000000000, 0.9238795325112867385, 1.000000000000000000, 0.9238795325112867385, 1.000000000000000000, 0.9238795325112867385, 1.000000000000000000, 0.9238795325112867385, 1.000000000000000000, 0.9238795325112867385, 1.000000000000000000, 0.9238795325112867385, 1.000000000000000000, 0.9238795325112867385, 1.000000000000000000, 0.9238795325112867385, 1.000000000000000000, 0.9238795325112867385, 1.000000000000000000, 0.9238795325112867385, 1.000000000000000000, 0.9238795325112867385, 1.000000000000000000, 0.9238795325112867385, 1.000000000000000000, 0.9238795325112867385, 1.000000000000000000, 0.9238795325112867385, 1.000000000000000000, 0.9238795325112867385, 1.000000000000000000, 0.9238795325112867385, 1.000000000000000000, 0.9238795325112867385, 1.000000000000000000, 0.9238795325112867385, 1.000000000000000000, 0.9238795325112867385, 1.000000000000000000, 0.9238795325112867385, 1.000000000000000000, 0.9238795325112867385, 1.000000000000000000, 0.9238795325112867385, 1.000000000000000000, 0.9238795325112867385, 1.000000000000000000, 0.9238795325112867385, 1.000000000000000000, 0.9238795325112867385, 1.000000000000000000, 0.9238795325112867385, 1.000000000000000000, 0.9238795325112867385, 1.000000000000000000, 0.9238795325112867385, 1.000000000000000000, 0.9238795325112867385, 1.000000000000000000, 0.9238795325112867385, 1.000000000000000000, 0.9238795325112867385, 1.000000000000000000, 0.9238795325112867385, 1.000000000000000000, 0.9238795325112867385, 1.000000000000000000, 0.9238795325112867385, 1.000000000000000000, 0.9238795325112867385, 1.000000000000000000, 0.9238795325112867385, 1.000000000000000000, 0.9238795325112867385, 1.000000000000000000, 0.9238795325112867385, 1.000000000000000000, 0.9238795325112867385, 1.000000000000000000, 0.9238795325112867385, 1.000000000000000000, 0.9238795325112867385, 1.000000000000000000, 0.9238795325112867385, 1.000000000000000000, 0.9238795325112867385, 1.000000000000000000, 0.9238795325112867385, 1.000000000000000000, 0.9238795325112867385, 1.000000000000000000, 0.9238795325112867385, 1.000000000000000000, 0.9238795325112867385, 1.000000000000000000, 0.9238795325112867385, 1.000000000000000000, 0.9238795325112867385, 1.000000000000000000, 0.9238795325112867385, 1.000000000000000000, 0.9238795325112867385, 1.000000000000000000, 0.9238795325112867385, 1.000000000000000000, 0.9238795325112867385, 1.000000000000000000, 0.9238795325112867385, 1.000000000000000000, 0.9238795325112867385, 1.000000000000000000, 0.9238795325112867385, 1.000000000000000000, 0.9238795325112867385, 1.000000000000000000, 0.9238795325112867385, 1.000000000000000000, 0.9238795325112867385, 1.000000000000000000, 0.9238795325112867385, 1.000000000000000000, 0.9238795325112867385, 1.000000000000000000, 0.9238795325112867385, 1.000000000000000000, 0.9238795325112867385, 1.000000000000000000, 0.9238795325112867385, 1.000000000000000000, 0.9238795325112867385, 1.000000000000000000, 0.9238795325112867385, 1.000000000000000000, 0.9238795325112867385, 1.000000000000000000, 0.9238795325112867385, 1.000000000000000000, 0.9238795325112867385, 1.000000000000000000, 0.9238795325112867385, 1.000000000000000000, 0.9238795325112867385, 1.000000000000000000, 0.9238795325112867385, 1.000000000000000000, 0.9238795325112867385, 1.000000000000000000, 0.9238795325112867385, 1.000000000000000000, 0.9238795325112867385, 1.000000000000000000, 0.9238795325112867385, 1.000000000000000000, 0.9238795325112867385, 1.000000000000000000, 0.9238795325112867385, 1.000000000000000000, 0.9238795325112867385, 1.000000000000000000, 0.9238795325112867385, 1.000000000000000000, 0.9238795325112867385, 1.000000000000000000, 0.9238795325112867385, 1.000000000000000000, 0.9238795325112867385, 1.000000000000000000, 0.9238795325112867385, 1.000000000000000000, 0.9238795325112867385, 1.000000000000000000, 0.9238795325112867385, 1.000000000000000000, 0.9238795325112867385, 1.000000000000000000, 0.9238795325112867385, 1.000000000000000000, 0.9238795325112867385, 1.000000000000000000, 0.9238795325112867385, 1.000000000000000000, 0.9238795325112867385, 1.000000000000000000, 0.9238795325112867385, 1.000000000000000000, 0.9238795325112867385, 1.000000000000000000, 0.9238795325112867385, 1.000000000000000000, 0.9238795325112867385, 1.000000000000000000, 0.9238795325112867385, 1.000000000000000000, 0.9238795325112867385, 1.000000000000000000, 0.9238795325112867385, 1.000000000000000000, 0.9238795325112867385, 1.000000000000000000, 0.9238795325112867385, 1.000000000000000000, 0.9238795325112867385, 1.000000000000000000, 0.9238795325112867385, 1.000000000000000000, 0.9238795325112867385, 1.000000000000000000, 0.9238795325112867385, 1.000000000000000000, 0.9238795325112867385, 1.000000000000000000, 0.9238795325112867385, 1.000000000000000000, 0.9238795325112867385, 1.000000000000000000, 0.9238795325112867385, 1.000000000000000000, 0.9238795325112867385, 1.000000000000000000, 0.9238795325112867385, 1.000000000000000000, 0.9238795325112867385, 1.000000000000000000, 0.9238795325112867385, 1.000000000000000000, 0.9238795325112867385, 1.000000000000000000, 0.9238795325112867385, 1.000000000000000000, 0.9238795325112867385, 1.000000000000000000, 0.9238795325112867385, 1.000000000000000000, 0.9238795325112867385, 1.000000000000000000, 0.9238795325112867385, 1.000000000000000000, 0.9238795325112867385, 1.000000000000000000, 0.9238795325112867385, 1.000000000000000000, 0.9238795325112867385, 1.000000000000000000, 0.9238795325112867385, 1.000000000000000000, 0.9238795325112867385, 1.000000000000000000, 0.9238795325112867385, 1.000000000000000000, 0.9238795325112867385, 1.000000000000000000, 0.9238795325112867385, 1.000000000000000000, 0.9238795325112867385, 1.000000000000000000, 0.9238795325112867385, 1.000000000000000000, 0.9238795325112867385, 1.000000000000000000, 0.9238795325112867385, 1.000000000000000000, 0.9238795325112867385, 1.000000000000000000, 0.9238795325112867385, 1.000000000000000000, 0.9238795325112867385, 1.000000000000000000, 0.9238795325112867385, 1.000000000000000000, 0.9238795325112867385, 1.000000000000000000, 0.9238795325112867385, 1.000000000000000000, 0.9238795325112867385, 1.000000000000000000, 0.9238795325112867385, 1.000000000000000000, 0.9238795325112867385, 1.000000000000000000, 0.9238795325112867385, 1.000000000000000000, 0.9238795325112867385, 1.000000000000000000, 0.9238795325112867385, 1.000000000000000000, 0.9238795325112867385, 1.000000000000000000, 0.9238795325112867385, 1.000000000000000000, 0.9238795325112867385, 1.000000000000000000, 0.9238795325112867385, 1.000000000000000000, 0.9238795325112867385, 1.000000000000000000, 0.9238795325112867385, 1.000000000000000000, 0.9238795325112867385, 1.000000000000000000, 0.9238795325112867385, 1.000000000000000000, 0.9238795325112867385, 1.000000000000000000, 0.9238795325112867385, 1.000000000000000000, 0.9238795325112867385, 1.000000000000000000, 0.9238795325112867385, 1.000000000000000000, 0.9238795325112867385, 1.000000000000000000, 0.9238795325112867385, 1.000000000000000000, 0.9238795325112867385, 1.000000000000000000, 0.9238795325112867385, 1.000000000000000000, 0.9238795325112867385, 1.000000000000000000, 0.9238795325112867385, 1.000000000000000000, 0.9238795325112867385, 1.000000000000000000) ) ) 
 REPRESENTATION_ITEM ( '' )  SURFACE ( )  );
#1610 = DIRECTION ( 'NONE',  ( 1.000000000000000000, -0.000000000000000000, -0.000000000000000000 ) ) ;
#1611 = CARTESIAN_POINT ( 'NONE',  ( 10.60000000000000497, 1.400343491548885266, -1.400343491548899699 ) ) ;
#1612 = CARTESIAN_POINT ( 'NONE',  ( -12.35937499999999645, 3.640624999999996447, 0.000000000000000000 ) ) ;
#1613 = ORIENTED_EDGE ( 'NONE', *, *, #1724, .T. ) ;
#1614 = CARTESIAN_POINT ( 'NONE',  ( 5.800000000000003375, 1.980384757729333201, -4.850543709266902538E-16 ) ) ;
#1615 = EDGE_CURVE ( 'NONE', #4836, #333, #2630, .T. ) ;
#1616 = CARTESIAN_POINT ( 'NONE',  ( 6.350000000000004974, -1.980384757729361400, -0.8203022253684514320 ) ) ;
#1617 = CARTESIAN_POINT ( 'NONE',  ( 1.250000000000001110, -0.8203022253684655318, 1.980384757729346967 ) ) ;
#1618 = CARTESIAN_POINT ( 'NONE',  ( 7.250000000000003553, 0.8203022253684383314, -1.980384757729346745 ) ) ;
#1619 = ORIENTED_EDGE ( 'NONE', *, *, #1345, .T. ) ;
#1620 = CARTESIAN_POINT ( 'NONE',  ( -6.635278514588855536, -1.886776456595001816, 7.237302146359350097 ) ) ;
#1621 = ORIENTED_EDGE ( 'NONE', *, *, #5406, .F. ) ;
#1622 = ORIENTED_EDGE ( 'NONE', *, *, #4652, .F. ) ;
#1623 = CONICAL_SURFACE ( 'NONE', #5694, 2.500000000000013323, 0.7853981633974504994 ) ;
#1624 = CARTESIAN_POINT ( 'NONE',  ( 17.15000000000000213, 0.8203022253684378873, 1.980384757729346967 ) ) ;
#1625 = CARTESIAN_POINT ( 'NONE',  ( 11.20000000000000462, -1.372470695792103782E-14, 2.500000000000010214 ) ) ;
#1626 = CARTESIAN_POINT ( 'NONE',  ( 15.00000000000000711, -1.400343491548913244, 1.400343491548899477 ) ) ;
#1627 = CARTESIAN_POINT ( 'NONE',  ( 7.125000000000005329, 2.543301270189218588, 1.053469879313099433 ) ) ;
#1628 = MANIFOLD_SOLID_BREP ( 'Combine1', #6867 ) ;
#1629 = EDGE_CURVE ( 'NONE', #739, #5211, #2287, .T. ) ;
#1630 = ORIENTED_EDGE ( 'NONE', *, *, #2496, .T. ) ;
#1631 = DIRECTION ( 'NONE',  ( 1.000000000000000000, -0.000000000000000000, -0.000000000000000000 ) ) ;
#1632 = FACE_OUTER_BOUND ( 'NONE', #2041, .T. ) ;
#1633 = COORDINATED_UNIVERSAL_TIME_OFFSET ( 6, 0, .BEHIND. ) ;
#1634 = EDGE_LOOP ( 'NONE', ( #3316, #6868 ) ) ;
#1635 = CARTESIAN_POINT ( 'NONE',  ( 17.50000000000000000, -1.194030629168669588E-14, -2.500000000000008438 ) ) ;
#1636 = DIRECTION ( 'NONE',  ( -1.000000000000000000, 0.000000000000000000, 0.000000000000000000 ) ) ;
#1637 = CARTESIAN_POINT ( 'NONE',  ( 5.950000000000003730, -2.500000000000024425, -1.035533905932741749 ) ) ;
#1638 = DIRECTION ( 'NONE',  ( 1.000000000000000000, -0.000000000000000000, -0.000000000000000000 ) ) ;
#1639 = ADVANCED_FACE ( 'NONE', ( #4744 ), #2488, .F. ) ;
#1640 = CARTESIAN_POINT ( 'NONE',  ( 6.875000000000003553, 1.053469879313086111, -2.543301270189232355 ) ) ;
#1641 = CARTESIAN_POINT ( 'NONE',  ( 18.87500000000000711, 1.053469879313086111, -2.543301270189232355 ) ) ;
#1642 = MANIFOLD_SOLID_BREP ( 'Fillet4', #1882 ) ;
#1643 = CARTESIAN_POINT ( 'NONE',  ( 10.10000000000000497, -1.433703035749471672E-14, -2.500000000000010214 ) ) ;
#1644 = CARTESIAN_POINT ( 'NONE',  ( 17.02184229078124744, -2.103871354581912989, -1.210446681631303534 ) ) ;
#1645 = CARTESIAN_POINT ( 'NONE',  ( 8.700000000000006395, -1.980384757729360956, 2.425271854633451269E-16 ) ) ;
#1646 = CARTESIAN_POINT ( 'NONE',  ( 15.70000000000000639, 1.767766952966361771, -1.767766952966376204 ) ) ;
#1647 = VECTOR ( 'NONE', #4752, 1000.000000000000000 ) ;
#1648 = CARTESIAN_POINT ( 'NONE',  ( 11.20000000000000462, -1.400343491548913688, -1.400343491548899255 ) ) ;
#1649 = CARTESIAN_POINT ( 'NONE',  ( 1.900000000000003464, -2.500000000000023981, 3.061616997868394974E-16 ) ) ;
#1650 = ORIENTED_EDGE ( 'NONE', *, *, #6046, .T. ) ;
#1651 = CARTESIAN_POINT ( 'NONE',  ( 2.950000000000003730, -1.980384757729360956, 0.8203022253684520981 ) ) ;
#1652 = CARTESIAN_POINT ( 'NONE',  ( 4.150000000000005684, 0.8203022253684383314, -1.980384757729346745 ) ) ;
#1653 = CARTESIAN_POINT ( 'NONE',  ( 18.50000000000000711, -1.424157858600947694E-14, -1.980384757729347189 ) ) ;
#1654 = CARTESIAN_POINT ( 'NONE',  ( 2.250000000000001776, -1.980384757729361400, -0.8203022253684514320 ) ) ;
#1655 = EDGE_LOOP ( 'NONE', ( #3233, #3106 ) ) ;
#1656 = CARTESIAN_POINT ( 'NONE',  ( -6.635278514588856424, -0.7618283810285226831, 7.440301423512242884 ) ) ;
#1657 = AXIS2_PLACEMENT_3D ( 'NONE', #112, #6146, #2364 ) ;
#1658 = ORIENTED_EDGE ( 'NONE', *, *, #4339, .T. ) ;
#1659 = ADVANCED_FACE ( 'NONE', ( #4233 ), #3578, .T. ) ;
#1660 = EDGE_LOOP ( 'NONE', ( #1938, #6097, #4697, #7068 ) ) ;
#1661 = CARTESIAN_POINT ( 'NONE',  ( 16.25000000000000355, 1.980384757729333201, 0.8203022253684517651 ) ) ;
#1662 = CARTESIAN_POINT ( 'NONE',  ( 14.00000000000000355, -1.375652421508278441E-14, 1.980384757729347189 ) ) ;
#1663 = CARTESIAN_POINT ( 'NONE',  ( 16.10000000000000142, 1.400343491548885266, -1.400343491548899699 ) ) ;
#1664 = CARTESIAN_POINT ( 'NONE',  ( 9.125000000000003553, -2.543301270189246122, -1.053469879313099211 ) ) ;
#1665 = ORIENTED_EDGE ( 'NONE', *, *, #6262, .F. ) ;
#1666 = CARTESIAN_POINT ( 'NONE',  ( 7.350000000000004086, -1.035533905932755516, 2.500000000000010214 ) ) ;
#1667 = CARTESIAN_POINT ( 'NONE',  ( -15.91115970398492330, -2.695312500000004885, 7.851406210307628939E-16 ) ) ;
#1668 = DIRECTION ( 'NONE',  ( -1.000000000000000000, 2.026491816713329257E-16, 0.000000000000000000 ) ) ;
#1669 = EDGE_CURVE ( 'NONE', #728, #2306, #4159, .T. ) ;
#1670 = CARTESIAN_POINT ( 'NONE',  ( 1.378348010886297104, 0.1594881234557767868, -2.378348010886303765 ) ) ;
#1671 = CARTESIAN_POINT ( 'NONE',  ( 16.32500000000000639, -2.543301270189246122, -1.053469879313099211 ) ) ;
#1672 = CARTESIAN_POINT ( 'NONE',  ( 16.58038475772937659, -1.366620988892574440, 1.439086870348385006 ) ) ;
#1673 = EDGE_LOOP ( 'NONE', ( #6135, #5228, #2110, #4802, #4851, #6835, #851, #6312 ) ) ;
#1674 = CARTESIAN_POINT ( 'NONE',  ( 7.275000000000005684, -1.053469879313113200, 2.543301270189232799 ) ) ;
#1675 = CARTESIAN_POINT ( 'NONE',  ( 2.500000000000005773, -1.424157858600947694E-14, -1.980384757729347189 ) ) ;
#1676 = EDGE_CURVE ( 'NONE', #7008, #3304, #3367, .T. ) ;
#1677 = CARTESIAN_POINT ( 'NONE',  ( 5.793232231355766260, -2.500000000000023981, 0.1401650779723259410 ) ) ;
#1678 = CARTESIAN_POINT ( 'NONE',  ( 2.800000000000004707, -1.433703035749471672E-14, -2.500000000000010214 ) ) ;
#1679 = B_SPLINE_CURVE_WITH_KNOTS ( 'NONE', 3,
 ( #5176, #2335, #6838, #5138, #1202, #160, #120, #2413, #5612, #6222 ),
 .UNSPECIFIED., .F., .F.,
 ( 4, 2, 2, 2, 4 ),
 ( 3.232561973472240766E-07, 0.001038082542289522165, 0.002075841828381697150, 0.003113601114473872351, 0.004151360400566045383 ),
 .UNSPECIFIED. ) ;
#1680 = CARTESIAN_POINT ( 'NONE',  ( 4.150000000000005684, 0.8203022253684382203, -1.980384757729346745 ) ) ;
#1681 = CARTESIAN_POINT ( 'NONE',  ( 12.80000000000000604, -1.400343491548913688, -1.400343491548899255 ) ) ;
#1682 = DIRECTION ( 'NONE',  ( 1.000000000000000000, 0.000000000000000000, 1.224646799147353207E-16 ) ) ;
#1683 = EDGE_LOOP ( 'NONE', ( #3574, #3740, #5512, #5594, #6902 ) ) ;
#1684 = CARTESIAN_POINT ( 'NONE',  ( 3.200000000000003286, -1.424157858600947694E-14, -1.980384757729347189 ) ) ;
#1685 = CARTESIAN_POINT ( 'NONE',  ( 4.500000000000005329, -1.375652421508278441E-14, 1.980384757729347189 ) ) ;
#1686 = CARTESIAN_POINT ( 'NONE',  ( 13.90000000000000568, 1.980384757729333201, -4.850543709266902538E-16 ) ) ;
#1687 = CARTESIAN_POINT ( 'NONE',  ( 3.450000000000004174, 1.980384757729333201, 0.8203022253684517651 ) ) ;
#1688 = EDGE_LOOP ( 'NONE', ( #4033, #4329, #193 ) ) ;
#1689 = CARTESIAN_POINT ( 'NONE',  ( -2.706076833403389781, -2.615813991587112142, 8.320156259625590613E-16 ) ) ;
#1690 = ORIENTED_EDGE ( 'NONE', *, *, #4875, .F. ) ;
#1691 = CIRCLE ( 'NONE', #198, 4.876458203497868737 ) ;
#1692 = CIRCLE ( 'NONE', #4490, 0.3593750000000003331 ) ;
#1693 = CARTESIAN_POINT ( 'NONE',  ( 13.10000000000000320, 1.400343491548885710, 1.400343491548899477 ) ) ;
#1694 = CARTESIAN_POINT ( 'NONE',  ( 14.35000000000000497, -0.8203022253684666421, -1.980384757729346745 ) ) ;
#1695 = CARTESIAN_POINT ( 'NONE',  ( 12.75000000000000355, -0.8203022253684666421, -1.980384757729346745 ) ) ;
#1696 = CARTESIAN_POINT ( 'NONE',  ( 8.875000000000003553, -1.372205551982422560E-14, 2.543301270189231911 ) ) ;
#1697 = ORIENTED_EDGE ( 'NONE', *, *, #1036, .F. ) ;
#1698 = CARTESIAN_POINT ( 'NONE',  ( 5.840309867021253432, -2.490991686611072620, -0.2149337160330957175 ) ) ;
#1699 = CARTESIAN_POINT ( 'NONE',  ( 6.200000000000001954, -1.980384757729360956, 2.425271854633451269E-16 ) ) ;
#1700 = AXIS2_PLACEMENT_3D ( 'NONE', #4556, #6687, #2414 ) ;
#1701 = VECTOR ( 'NONE', #4872, 1000.000000000000000 ) ;
#1702 = CARTESIAN_POINT ( 'NONE',  ( 16.75000000000000355, 1.035533905932727983, 2.500000000000010214 ) ) ;
#1703 = CYLINDRICAL_SURFACE ( 'NONE', #4443, 2.500000000000008438 ) ;
#1704 = CARTESIAN_POINT ( 'NONE',  ( 16.35000000000000497, -2.500000000000024425, -1.035533905932741749 ) ) ;
#1705 = ORIENTED_EDGE ( 'NONE', *, *, #5549, .F. ) ;
#1706 = CARTESIAN_POINT ( 'NONE',  ( 6.025000000000003908, -1.434498467178515336E-14, -2.543301270189231911 ) ) ;
#1707 = CARTESIAN_POINT ( 'NONE',  ( 16.87500000000000355, -1.053469879313113200, 2.543301270189232799 ) ) ;
#1708 = CARTESIAN_POINT ( 'NONE',  ( 16.30000000000000426, -1.767766952966390193, -1.767766952966375760 ) ) ;
#1709 = CARTESIAN_POINT ( 'NONE',  ( -11.99999999999999645, 3.640624999999996447, 0.000000000000000000 ) ) ;
#1710 = CARTESIAN_POINT ( 'NONE',  ( 16.80721886834201229, 1.958799150903322239, -1.027851895221268741 ) ) ;
#1711 = DIRECTION ( 'NONE',  ( 0.7071067811865471286, 8.659560562354937789E-17, 0.7071067811865479058 ) ) ;
#1712 = CARTESIAN_POINT ( 'NONE',  ( 5.600000000000005862, -1.400343491548913688, -1.400343491548899255 ) ) ;
#1713 = EDGE_CURVE ( 'NONE', #2237, #5047, #444, .T. ) ;
#1714 = CARTESIAN_POINT ( 'NONE',  ( 9.650000000000007461, -0.8203022253684666421, -1.980384757729346745 ) ) ;
#1715 = CYLINDRICAL_SURFACE ( 'NONE', #7095, 2.500000000000010214 ) ;
#1716 = VERTEX_POINT ( 'NONE', #4093 ) ;
#1717 = CARTESIAN_POINT ( 'NONE',  ( 4.400000000000003020, -1.375652421508278441E-14, 1.980384757729347189 ) ) ;
#1718 = CARTESIAN_POINT ( 'NONE',  ( 4.450000000000006395, 0.8203022253684378873, 1.980384757729347189 ) ) ;
#1719 = CARTESIAN_POINT ( 'NONE',  ( 14.15000000000000746, -0.8203022253684655318, 1.980384757729346967 ) ) ;
#1720 = CARTESIAN_POINT ( 'NONE',  ( 2.400000000000003020, -1.424157858600947694E-14, -1.980384757729347189 ) ) ;
#1721 = ORIENTED_EDGE ( 'NONE', *, *, #4666, .T. ) ;
#1722 = DIRECTION ( 'NONE',  ( -1.000000000000000000, 2.168404344971008868E-16, 0.000000000000000000 ) ) ;
#1723 = CONICAL_SURFACE ( 'NONE', #1492, 10.44441537460038560, 0.7853981633974482790 ) ;
#1724 = EDGE_CURVE ( 'NONE', #6717, #5990, #5572, .T. ) ;
#1725 = ORIENTED_EDGE ( 'NONE', *, *, #3737, .F. ) ;
#1726 = ORIENTED_EDGE ( 'NONE', *, *, #6924, .F. ) ;
#1727 = CARTESIAN_POINT ( 'NONE',  ( 12.55000000000000071, -1.980384757729360956, 0.8203022253684520981 ) ) ;
#1728 = CARTESIAN_POINT ( 'NONE',  ( 13.55000000000000249, -0.8203022253684666421, -1.980384757729346745 ) ) ;
#1729 = CARTESIAN_POINT ( 'NONE',  ( 1.500000000000001332, -1.194030629168669588E-14, 0.000000000000000000 ) ) ;
#1730 = CARTESIAN_POINT ( 'NONE',  ( 13.20000000000000284, -1.375652421508278441E-14, 1.980384757729347189 ) ) ;
#1731 = CARTESIAN_POINT ( 'NONE',  ( 4.075000000000003730, -1.372205551982422560E-14, 2.543301270189231911 ) ) ;
#1732 = CARTESIAN_POINT ( 'NONE',  ( 2.950000000000004174, 1.035533905932728427, -2.500000000000010214 ) ) ;
#1733 = CARTESIAN_POINT ( 'NONE',  ( 4.700000000000002842, -1.400343491548913688, -1.400343491548899255 ) ) ;
#1734 = CARTESIAN_POINT ( 'NONE',  ( 5.000000000000005329, -2.500000000000023981, 3.061616997868394974E-16 ) ) ;
#1735 = AXIS2_PLACEMENT_3D ( 'NONE', #1603, #4344, #5068 ) ;
#1736 = CARTESIAN_POINT ( 'NONE',  ( 1.427339693824578148, 1.510660823298227706, -1.926284426176938069 ) ) ;
#1737 = CARTESIAN_POINT ( 'NONE',  ( 17.47500000000000497, 2.543301270189218144, -6.229291519609281552E-16 ) ) ;
#1738 = CARTESIAN_POINT ( 'NONE',  ( -13.34740172064212693, -4.000000000000004441, 0.000000000000000000 ) ) ;
#1739 = ORIENTED_EDGE ( 'NONE', *, *, #1564, .T. ) ;
#1740 = CARTESIAN_POINT ( 'NONE',  ( 6.125000000000003553, 1.798385574751151461, -1.798385574751166116 ) ) ;
#1741 = CARTESIAN_POINT ( 'NONE',  ( 15.87500000000000533, 2.543301270189218588, 1.053469879313099433 ) ) ;
#1742 = EDGE_CURVE ( 'NONE', #6535, #5466, #7042, .T. ) ;
#1743 = DIRECTION ( 'NONE',  ( -1.000000000000000000, 2.026491816713329257E-16, 0.000000000000000000 ) ) ;
#1744 = DIRECTION ( 'NONE',  ( 0.7071067811865474617, -0.7071067811865476838, 0.000000000000000000 ) ) ;
#1745 = CARTESIAN_POINT ( 'NONE',  ( 16.83971447972457014, 2.236021373328212825, -0.1947941275284981455 ) ) ;
#1746 = CARTESIAN_POINT ( 'NONE',  ( 1.500000000000001332, -1.163414459189985801E-14, 2.500000000000006217 ) ) ;
#1747 = CARTESIAN_POINT ( 'NONE',  ( 3.100000000000005418, -1.980384757729360956, 2.425271854633451269E-16 ) ) ;
#1748 = CARTESIAN_POINT ( 'NONE',  ( 8.200000000000006395, 1.400343491548885266, -1.400343491548899699 ) ) ;
#1749 = CONICAL_SURFACE ( 'NONE', #2109, 2.500000000000006217, 0.7853981633974488341 ) ;
#1750 = DIRECTION ( 'NONE',  ( 0.000000000000000000, 0.000000000000000000, -1.000000000000000000 ) ) ;
#1751 = ORIENTED_EDGE ( 'NONE', *, *, #840, .T. ) ;
#1752 = CARTESIAN_POINT ( 'NONE',  ( 3.900000000000002576, -1.400343491548913688, -1.400343491548899255 ) ) ;
#1753 = CARTESIAN_POINT ( 'NONE',  ( 4.400000000000006573, 1.400343491548885710, 1.400343491548899477 ) ) ;
#1754 = EDGE_CURVE ( 'NONE', #6225, #5191, #5090, .T. ) ;
#1755 = CARTESIAN_POINT ( 'NONE',  ( 14.90000000000000746, -1.375652421508278441E-14, 1.980384757729347189 ) ) ;
#1756 = CARTESIAN_POINT ( 'NONE',  ( 3.950000000000001954, -0.8203022253684666421, -1.980384757729346745 ) ) ;
#1757 = ORIENTED_EDGE ( 'NONE', *, *, #5337, .F. ) ;
#1758 = DIRECTION ( 'NONE',  ( 1.000000000000000000, 0.000000000000000000, 0.000000000000000000 ) ) ;
#1759 = CARTESIAN_POINT ( 'NONE',  ( 14.42500000000000604, -1.372205551982422560E-14, 2.543301270189231911 ) ) ;
#1760 = VERTEX_POINT ( 'NONE', #3791 ) ;
#1761 = CARTESIAN_POINT ( 'NONE',  ( 12.05000000000000426, 0.8203022253684382203, -1.980384757729346745 ) ) ;
#1762 = CARTESIAN_POINT ( 'NONE',  ( 14.10000000000000320, -1.400343491548913244, 1.400343491548899477 ) ) ;
#1763 = APPLICATION_CONTEXT ( 'configuration controlled 3d designs of mechanical parts and assemblies' ) ;
#1764 = ADVANCED_FACE ( 'NONE', ( #3758, #4305 ), #453, .T. ) ;
#1765 = CARTESIAN_POINT ( 'NONE',  ( 4.050000000000004263, 1.035533905932727983, 2.500000000000010214 ) ) ;
#1766 = CARTESIAN_POINT ( 'NONE',  ( 11.90000000000000391, -1.400343491548913688, -1.400343491548899255 ) ) ;
#1767 = CARTESIAN_POINT ( 'NONE',  ( 14.10000000000000675, 1.767766952966361771, -1.767766952966376204 ) ) ;
#1768 = CARTESIAN_POINT ( 'NONE',  ( 5.425000000000004263, 2.543301270189217700, -1.053469879313101210 ) ) ;
#1769 = CARTESIAN_POINT ( 'NONE',  ( 3.700000000000003286, -1.433703035749471672E-14, -2.500000000000010214 ) ) ;
#1770 = CARTESIAN_POINT ( 'NONE',  ( 6.100000000000003197, -1.400343491548913244, 1.400343491548899477 ) ) ;
#1771 = CARTESIAN_POINT ( 'NONE',  ( 17.50000000000000000, -1.194030629168669588E-14, 0.000000000000000000 ) ) ;
#1772 = CARTESIAN_POINT ( 'NONE',  ( 1.490003815332378245, 2.474605260697491538, -0.3192263130012923944 ) ) ;
#1773 = CARTESIAN_POINT ( 'NONE',  ( 15.27500000000000391, -1.372205551982422560E-14, 2.543301270189231911 ) ) ;
#1774 = CARTESIAN_POINT ( 'NONE',  ( 5.898127330551512948, -2.499701056392982679, 0.03866042767392090934 ) ) ;
#1775 = VERTEX_POINT ( 'NONE', #1095 ) ;
#1776 = CARTESIAN_POINT ( 'NONE',  ( 2.125000000000005329, 1.798385574751151461, -1.798385574751166116 ) ) ;
#1777 = CARTESIAN_POINT ( 'NONE',  ( 18.07500000000000639, 1.053469879313086111, -2.543301270189232355 ) ) ;
#1778 = CARTESIAN_POINT ( 'NONE',  ( 14.50000000000000533, -1.372470695792103782E-14, 2.500000000000010214 ) ) ;
#1779 = CARTESIAN_POINT ( 'NONE',  ( 0.9444153746003842720, -4.500000000000007994, 0.000000000000000000 ) ) ;
#1780 = CARTESIAN_POINT ( 'NONE',  ( 1.239773788800276888, -2.236282981918745971, 0.1931517353093206713 ) ) ;
#1781 =( BOUNDED_CURVE ( )  B_SPLINE_CURVE ( 2, ( #6709, #2183, #4951, #1089, #3276, #6569, #483, #4405, #4990 ),
 .UNSPECIFIED., .F., .F. ) 
 B_SPLINE_CURVE_WITH_KNOTS ( ( 3, 2, 2, 2, 3 ),
 ( 0.6250000000000000000, 0.6306818181818182323, 0.6363636363636363535, 0.6420454545454545858, 0.6477272727272727071 ),
 .UNSPECIFIED. ) 
 CURVE ( )  GEOMETRIC_REPRESENTATION_ITEM ( )  RATIONAL_B_SPLINE_CURVE ( ( 1.000000000000000000, 0.9238795325112867385, 1.000000000000000000, 0.9238795325112867385, 1.000000000000000000, 0.9238795325112867385, 1.000000000000000000, 0.9238795325112867385, 1.000000000000000000 ) ) 
 REPRESENTATION_ITEM ( '' )  );
#1782 = LINE ( 'NONE', #6330, #77 ) ;
#1783 = CARTESIAN_POINT ( 'NONE',  ( 5.500000000000005329, -1.980384757729360956, 2.425271854633451269E-16 ) ) ;
#1784 = ORIENTED_EDGE ( 'NONE', *, *, #3267, .T. ) ;
#1785 = ADVANCED_FACE ( 'NONE', ( #557 ), #1943, .F. ) ;
#1786 = CARTESIAN_POINT ( 'NONE',  ( 7.850000000000006750, -1.980384757729360956, 0.8203022253684520981 ) ) ;
#1787 = CIRCLE ( 'NONE', #4008, 0.1796874999999992784 ) ;
#1788 = CARTESIAN_POINT ( 'NONE',  ( 6.250000000000002665, 2.499999999999996003, -1.035533905932743526 ) ) ;
#1789 = VERTEX_POINT ( 'NONE', #4920 ) ;
#1790 = CARTESIAN_POINT ( 'NONE',  ( 4.750000000000002665, -0.8203022253684666421, -1.980384757729346745 ) ) ;
#1791 = CARTESIAN_POINT ( 'NONE',  ( 5.300000000000006040, -1.375652421508278441E-14, 1.980384757729347189 ) ) ;
#1792 = CARTESIAN_POINT ( 'NONE',  ( 13.35000000000000497, -0.8203022253684655318, 1.980384757729346967 ) ) ;
#1793 = CARTESIAN_POINT ( 'NONE',  ( 3.800000000000002931, -1.980384757729360956, 2.425271854633451269E-16 ) ) ;
#1794 = ORIENTED_EDGE ( 'NONE', *, *, #978, .F. ) ;
#1795 = CARTESIAN_POINT ( 'NONE',  ( -9.500000000000000000, 2.695312499999993339, 0.000000000000000000 ) ) ;
#1796 = CARTESIAN_POINT ( 'NONE',  ( 12.17500000000000426, -2.543301270189245677, 1.053469879313099655 ) ) ;
#1797 =( BOUNDED_CURVE ( )  B_SPLINE_CURVE ( 2, ( #5168, #4086, #4511, #6712, #1734, #3967, #5672, #6179, #1194 ),
 .UNSPECIFIED., .F., .F. ) 
 B_SPLINE_CURVE_WITH_KNOTS ( ( 3, 2, 2, 2, 3 ),
 ( 0.7840909090909090606, 0.7897727272727272929, 0.7954545454545454142, 0.8011363636363636465, 0.8068181818181817677 ),
 .UNSPECIFIED. ) 
 CURVE ( )  GEOMETRIC_REPRESENTATION_ITEM ( )  RATIONAL_B_SPLINE_CURVE ( ( 1.000000000000000000, 0.9238795325112867385, 1.000000000000000000, 0.9238795325112867385, 1.000000000000000000, 0.9238795325112867385, 1.000000000000000000, 0.9238795325112867385, 1.000000000000000000 ) ) 
 REPRESENTATION_ITEM ( '' )  );
#1798 = ORIENTED_EDGE ( 'NONE', *, *, #4986, .F. ) ;
#1799 = CARTESIAN_POINT ( 'NONE',  ( 14.00000000000000355, -1.375652421508278441E-14, 1.980384757729347189 ) ) ;
#1800 = CIRCLE ( 'NONE', #3875, 5.056145703497874067 ) ;
#1801 = CARTESIAN_POINT ( 'NONE',  ( 12.15000000000000391, 1.980384757729332534, -0.8203022253684530973 ) ) ;
#1802 = B_SPLINE_CURVE_WITH_KNOTS ( 'NONE', 3,
 ( #4859, #959, #497, #3799 ),
 .UNSPECIFIED., .F., .F.,
 ( 4, 4 ),
 ( 2.619120809913912061E-07, 0.001091379446050280005 ),
 .UNSPECIFIED. ) ;
#1803 = DIRECTION ( 'NONE',  ( 1.000000000000000000, -0.000000000000000000, -0.000000000000000000 ) ) ;
#1804 = CARTESIAN_POINT ( 'NONE',  ( 13.05000000000000249, 1.980384757729333201, 0.8203022253684517651 ) ) ;
#1805 = CARTESIAN_POINT ( 'NONE',  ( 2.400000000000003908, -1.372470695792103782E-14, 2.500000000000010214 ) ) ;
#1806 = CARTESIAN_POINT ( 'NONE',  ( 5.225000000000004086, -1.053469879313114754, -2.543301270189232355 ) ) ;
#1807 = CIRCLE ( 'NONE', #4731, 2.900000000000016342 ) ;
#1808 = CARTESIAN_POINT ( 'NONE',  ( 12.75000000000000355, 2.499999999999996447, 1.035533905932741972 ) ) ;
#1809 = ORIENTED_EDGE ( 'NONE', *, *, #125, .F. ) ;
#1810 = EDGE_CURVE ( 'NONE', #643, #1487, #859, .T. ) ;
#1811 = CARTESIAN_POINT ( 'NONE',  ( 7.450000000000003730, 1.980384757729333201, 0.8203022253684517651 ) ) ;
#1812 = CARTESIAN_POINT ( 'NONE',  ( 17.50000000000000000, -1.194030629168669588E-14, 0.000000000000000000 ) ) ;
#1813 = CARTESIAN_POINT ( 'NONE',  ( 13.35000000000000320, 1.035533905932728427, -2.500000000000010214 ) ) ;
#1814 = CARTESIAN_POINT ( 'NONE',  ( 14.52500000000000391, -1.053469879313113200, 2.543301270189232799 ) ) ;
#1815 = LINE ( 'NONE', #5713, #147 ) ;
#1816 = AXIS2_PLACEMENT_3D ( 'NONE', #6354, #1922, #7000 ) ;
#1817 = ORIENTED_EDGE ( 'NONE', *, *, #26, .F. ) ;
#1818 = CARTESIAN_POINT ( 'NONE',  ( 3.225000000000004086, -1.372205551982422560E-14, 2.543301270189231911 ) ) ;
#1819 = CARTESIAN_POINT ( 'NONE',  ( 17.97500000000000497, -1.053469879313114754, -2.543301270189232355 ) ) ;
#1820 = CARTESIAN_POINT ( 'NONE',  ( 12.30000000000000782, -1.767766952966390193, -1.767766952966375760 ) ) ;
#1821 = CARTESIAN_POINT ( 'NONE',  ( 12.90000000000000568, -1.372470695792103782E-14, 2.500000000000010214 ) ) ;
#1822 = DIRECTION ( 'NONE',  ( 0.000000000000000000, 0.000000000000000000, -1.000000000000000000 ) ) ;
#1823 = VECTOR ( 'NONE', #2794, 1000.000000000000000 ) ;
#1824 = CARTESIAN_POINT ( 'NONE',  ( 10.95000000000000462, 2.499999999999996003, -1.035533905932743526 ) ) ;
#1825 = CARTESIAN_POINT ( 'NONE',  ( 3.700000000000005507, -1.375652421508278441E-14, 1.980384757729347189 ) ) ;
#1826 = EDGE_LOOP ( 'NONE', ( #2760, #1561, #2657, #5291 ) ) ;
#1827 = CARTESIAN_POINT ( 'NONE',  ( 10.80000000000000426, -1.767766952966390193, -1.767766952966375760 ) ) ;
#1828 = CARTESIAN_POINT ( 'NONE',  ( 7.100000000000005862, -1.980384757729360956, 2.425271854633451269E-16 ) ) ;
#1829 = DIRECTION ( 'NONE',  ( 1.000000000000000000, -0.000000000000000000, -0.000000000000000000 ) ) ;
#1830 = VERTEX_POINT ( 'NONE', #6043 ) ;
#1831 =( BOUNDED_CURVE ( )  B_SPLINE_CURVE ( 2, ( #1593, #1732, #6110, #2730, #2834, #5461, #73, #3965, #41 ),
 .UNSPECIFIED., .F., .F. ) 
 B_SPLINE_CURVE_WITH_KNOTS ( ( 3, 2, 2, 2, 3 ),
 ( 0.1136363636363636465, 0.1193181818181818787, 0.1250000000000000000, 0.1306818181818182323, 0.1363636363636363535 ),
 .UNSPECIFIED. ) 
 CURVE ( )  GEOMETRIC_REPRESENTATION_ITEM ( )  RATIONAL_B_SPLINE_CURVE ( ( 1.000000000000000000, 0.9238795325112867385, 1.000000000000000000, 0.9238795325112867385, 1.000000000000000000, 0.9238795325112867385, 1.000000000000000000, 0.9238795325112867385, 1.000000000000000000 ) ) 
 REPRESENTATION_ITEM ( '' )  );
#1832 = CARTESIAN_POINT ( 'NONE',  ( 1.600000000000004086, -1.424157858600947694E-14, -1.980384757729347189 ) ) ;
#1833 = CARTESIAN_POINT ( 'NONE',  ( 5.863113905706208051, 2.493399451948415724, 0.1967174267823846856 ) ) ;
#1834 = CARTESIAN_POINT ( 'NONE',  ( 15.10000000000000497, -1.980384757729360956, 2.425271854633451269E-16 ) ) ;
#1835 = CARTESIAN_POINT ( 'NONE',  ( 5.812317451387637668, -2.487477073349899648, -0.2499156048723925883 ) ) ;
#1836 = ORIENTED_EDGE ( 'NONE', *, *, #2883, .T. ) ;
#1837 = CARTESIAN_POINT ( 'NONE',  ( 5.500000000000000888, -4.500000000000009770, 0.4000000000000004663 ) ) ;
#1838 = CARTESIAN_POINT ( 'NONE',  ( 12.87500000000000711, -1.053469879313113200, 2.543301270189232799 ) ) ;
#1839 = ORIENTED_EDGE ( 'NONE', *, *, #1527, .F. ) ;
#1840 = EDGE_CURVE ( 'NONE', #1487, #3007, #1594, .T. ) ;
#1841 = CARTESIAN_POINT ( 'NONE',  ( 13.60000000000000320, -1.424157858600947694E-14, -1.980384757729347189 ) ) ;
#1842 = CARTESIAN_POINT ( 'NONE',  ( 9.300000000000002487, -1.400343491548913244, 1.400343491548899477 ) ) ;
#1843 = CARTESIAN_POINT ( 'NONE',  ( 9.500000000000005329, -1.980384757729360956, 2.425271854633451269E-16 ) ) ;
#1844 = CONICAL_SURFACE ( 'NONE', #3943, 2.500000000000006217, 0.7853981633974488341 ) ;
#1845 = DIRECTION ( 'NONE',  ( 1.000000000000000000, -2.491365117757746382E-16, 0.000000000000000000 ) ) ;
#1846 = CARTESIAN_POINT ( 'NONE',  ( 14.00000000000000355, -1.375652421508278441E-14, 1.980384757729347189 ) ) ;
#1847 = CYLINDRICAL_SURFACE ( 'NONE', #3922, 2.500000000000008438 ) ;
#1848 = CARTESIAN_POINT ( 'NONE',  ( 5.525000000000003908, 2.543301270189218588, 1.053469879313099433 ) ) ;
#1849 =( BOUNDED_CURVE ( )  B_SPLINE_CURVE ( 2, ( #1182, #5193, #2312, #5119, #6771, #135, #3408, #174, #100 ),
 .UNSPECIFIED., .F., .T. ) 
 B_SPLINE_CURVE_WITH_KNOTS ( ( 3, 2, 2, 2, 3 ),
 ( 0.8295454545454545858, 0.8352272727272727071, 0.8409090909090909394, 0.8465909090909090606, 0.8522727272727272929 ),
 .UNSPECIFIED. ) 
 CURVE ( )  GEOMETRIC_REPRESENTATION_ITEM ( )  RATIONAL_B_SPLINE_CURVE ( ( 1.000000000000000000, 0.9238795325112867385, 1.000000000000000000, 0.9238795325112867385, 1.000000000000000000, 0.9238795325112867385, 1.000000000000000000, 0.9238795325112867385, 1.000000000000000000 ) ) 
 REPRESENTATION_ITEM ( '' )  );
#1850 = CARTESIAN_POINT ( 'NONE',  ( 12.80000000000000604, 1.767766952966362215, 1.767766952966375982 ) ) ;
#1851 = ORIENTED_EDGE ( 'NONE', *, *, #3651, .F. ) ;
#1852 = CARTESIAN_POINT ( 'NONE',  ( 5.400000000000002132, -1.980384757729360956, 2.425271854633451269E-16 ) ) ;
#1853 = CYLINDRICAL_SURFACE ( 'NONE', #885, 2.500000000000008438 ) ;
#1854 = CARTESIAN_POINT ( 'NONE',  ( 4.500000000000003553, -1.433703035749471672E-14, -2.500000000000010214 ) ) ;
#1855 = EDGE_CURVE ( 'NONE', #5663, #1021, #5934, .T. ) ;
#1856 = CARTESIAN_POINT ( 'NONE',  ( 15.92500000000000604, 2.543301270189218588, 1.053469879313099433 ) ) ;
#1857 = EDGE_LOOP ( 'NONE', ( #6589, #3206 ) ) ;
#1858 = CARTESIAN_POINT ( 'NONE',  ( 2.175000000000003375, 2.543301270189217700, -1.053469879313101210 ) ) ;
#1859 = CARTESIAN_POINT ( 'NONE',  ( 5.500000000000000888, -4.500000000000009770, -0.4000000000000004663 ) ) ;
#1860 = DIRECTION ( 'NONE',  ( 2.168404344971008868E-16, 1.000000000000000000, -0.000000000000000000 ) ) ;
#1861 = CIRCLE ( 'NONE', #699, 0.1796874999999992784 ) ;
#1862 = CARTESIAN_POINT ( 'NONE',  ( -9.500000000000000000, -3.857637417314162689E-15, 0.000000000000000000 ) ) ;
#1863 = CARTESIAN_POINT ( 'NONE',  ( 5.100000000000003197, -2.500000000000023981, 3.061616997868394974E-16 ) ) ;
#1864 = EDGE_CURVE ( 'NONE', #2208, #5019, #1800, .T. ) ;
#1865 = CARTESIAN_POINT ( 'NONE',  ( 17.50000000000000000, -1.194030629168669588E-14, -2.500000000000008438 ) ) ;
#1866 = ORIENTED_EDGE ( 'NONE', *, *, #6134, .T. ) ;
#1867 = CARTESIAN_POINT ( 'NONE',  ( 7.250000000000005329, -1.035533905932755516, 2.500000000000010214 ) ) ;
#1868 = CARTESIAN_POINT ( 'NONE',  ( 7.650000000000005684, 0.8203022253684378873, 1.980384757729346967 ) ) ;
#1869 = CYLINDRICAL_SURFACE ( 'NONE', #2326, 2.499999999999996891 ) ;
#1870 = ORIENTED_EDGE ( 'NONE', *, *, #5933, .T. ) ;
#1871 = LINE ( 'NONE', #5150, #1069 ) ;
#1872 = CARTESIAN_POINT ( 'NONE',  ( 1.950000000000003730, 1.980384757729333201, 0.8203022253684517651 ) ) ;
#1873 = CARTESIAN_POINT ( 'NONE',  ( 9.950000000000006395, 1.980384757729333201, 0.8203022253684517651 ) ) ;
#1874 = FACE_OUTER_BOUND ( 'NONE', #3275, .T. ) ;
#1875 = CARTESIAN_POINT ( 'NONE',  ( 17.00000000000000355, 1.980384757729333201, -4.850543709266902538E-16 ) ) ;
#1876 = ORIENTED_EDGE ( 'NONE', *, *, #2629, .F. ) ;
#1877 = LINE ( 'NONE', #1837, #6815 ) ;
#1878 = B_SPLINE_CURVE_WITH_KNOTS ( 'NONE', 3,
 ( #7051, #6401, #985, #5358, #6905, #3756 ),
 .UNSPECIFIED., .F., .F.,
 ( 4, 2, 4 ),
 ( 0.4513022142906141787, 0.4756511071453071171, 0.5000000000000000000 ),
 .UNSPECIFIED. ) ;
#1879 = CARTESIAN_POINT ( 'NONE',  ( 14.22500000000000497, 2.543301270189218144, -6.229291519609281552E-16 ) ) ;
#1880 = CARTESIAN_POINT ( 'NONE',  ( 11.35000000000000142, 1.980384757729332534, -0.8203022253684530973 ) ) ;
#1881 = CARTESIAN_POINT ( 'NONE',  ( 10.85000000000000142, -0.8203022253684655318, 1.980384757729346967 ) ) ;
#1882 = CLOSED_SHELL ( 'NONE', ( #3719, #1907, #3957, #1195, #6345, #1764, #5112, #1141, #4399, #3070 ) ) ;
#1883 = CARTESIAN_POINT ( 'NONE',  ( 8.850000000000004974, -0.8203022253684666421, -1.980384757729346745 ) ) ;
#1884 = CARTESIAN_POINT ( 'NONE',  ( 2.250000000000001776, -1.980384757729361178, -0.8203022253684513210 ) ) ;
#1885 = CARTESIAN_POINT ( 'NONE',  ( 9.300000000000002487, -1.400343491548913244, 1.400343491548899477 ) ) ;
#1886 = DIRECTION ( 'NONE',  ( -0.000000000000000000, 1.000000000000000000, -0.000000000000000000 ) ) ;
#1887 = CARTESIAN_POINT ( 'NONE',  ( 3.875000000000003553, 2.543301270189218144, -6.229291519609281552E-16 ) ) ;
#1888 = CC_DESIGN_PERSON_AND_ORGANIZATION_ASSIGNMENT ( #4304, #485, ( #2952 ) ) ;
#1889 = EDGE_CURVE ( 'NONE', #3304, #1117, #3837, .T. ) ;
#1890 = CARTESIAN_POINT ( 'NONE',  ( 12.90000000000000568, -1.372470695792103782E-14, 2.500000000000010214 ) ) ;
#1891 = ORIENTED_EDGE ( 'NONE', *, *, #1713, .F. ) ;
#1892 = CARTESIAN_POINT ( 'NONE',  ( 1.543750000000005285, -1.373067269363886610E-14, 2.402572142074260952 ) ) ;
#1893 = CARTESIAN_POINT ( 'NONE',  ( -6.635277415678068280, 2.249999999999969802, 7.122560249999720483 ) ) ;
#1894 = CARTESIAN_POINT ( 'NONE',  ( 16.35000000000000853, 1.980384757729333201, 0.8203022253684517651 ) ) ;
#1895 = CARTESIAN_POINT ( 'NONE',  ( 14.67500000000000426, -2.543301270189246122, 3.114645759804640776E-16 ) ) ;
#1896 = ORIENTED_EDGE ( 'NONE', *, *, #6833, .T. ) ;
#1897 = CARTESIAN_POINT ( 'NONE',  ( 4.525000000000004796, 1.798385574751151461, -1.798385574751166116 ) ) ;
#1898 = CARTESIAN_POINT ( 'NONE',  ( 2.350000000000004530, 2.499999999999996447, 1.035533905932741972 ) ) ;
#1899 = EDGE_CURVE ( 'NONE', #1423, #3354, #3060, .T. ) ;
#1900 = FACE_OUTER_BOUND ( 'NONE', #6394, .T. ) ;
#1901 = CARTESIAN_POINT ( 'NONE',  ( -9.500000000000001776, -4.500000000000005329, 0.000000000000000000 ) ) ;
#1902 = CARTESIAN_POINT ( 'NONE',  ( 5.500000000000000888, 4.499999999999995559, 0.000000000000000000 ) ) ;
#1903 = ORIENTED_EDGE ( 'NONE', *, *, #4554, .F. ) ;
#1904 = CYLINDRICAL_SURFACE ( 'NONE', #2094, 2.500000000000008438 ) ;
#1905 = CARTESIAN_POINT ( 'NONE',  ( 5.800000000000005151, 1.400343491548885266, -1.400343491548899699 ) ) ;
#1906 = CARTESIAN_POINT ( 'NONE',  ( 6.100000000000004974, -1.433703035749471672E-14, -2.500000000000010214 ) ) ;
#1907 = ADVANCED_FACE ( 'NONE', ( #7157 ), #6416, .T. ) ;
#1908 = ORIENTED_EDGE ( 'NONE', *, *, #4312, .F. ) ;
#1909 = CARTESIAN_POINT ( 'NONE',  ( 15.20000000000000462, 1.767766952966362215, 1.767766952966375982 ) ) ;
#1910 = FACE_OUTER_BOUND ( 'NONE', #2635, .T. ) ;
#1911 = CARTESIAN_POINT ( 'NONE',  ( 10.90000000000000746, -1.375652421508278441E-14, 1.980384757729347189 ) ) ;
#1912 = CARTESIAN_POINT ( 'NONE',  ( -9.500000000000000000, 3.640624999999996003, 0.000000000000000000 ) ) ;
#1913 = CARTESIAN_POINT ( 'NONE',  ( 15.00000000000000355, -1.980384757729360956, 2.425271854633451269E-16 ) ) ;
#1914 = EDGE_LOOP ( 'NONE', ( #3321, #1751, #6568, #6973 ) ) ;
#1915 = CARTESIAN_POINT ( 'NONE',  ( 3.950000000000004619, 1.035533905932727983, 2.500000000000010214 ) ) ;
#1916 = CARTESIAN_POINT ( 'NONE',  ( 13.37500000000000711, 2.543301270189217700, -1.053469879313101210 ) ) ;
#1917 = CARTESIAN_POINT ( 'NONE',  ( 10.30000000000000426, -1.400343491548913688, -1.400343491548899255 ) ) ;
#1918 = CARTESIAN_POINT ( 'NONE',  ( 10.40000000000000213, -1.424157858600947694E-14, -1.980384757729347189 ) ) ;
#1919 = CARTESIAN_POINT ( 'NONE',  ( 10.75000000000000533, 1.980384757729333201, 0.8203022253684517651 ) ) ;
#1920 = CARTESIAN_POINT ( 'NONE',  ( 1.350000000000004086, -1.980384757729360956, 0.8203022253684520981 ) ) ;
#1921 = CARTESIAN_POINT ( 'NONE',  ( 8.800000000000002487, -1.424157858600947694E-14, -1.980384757729347189 ) ) ;
#1922 = DIRECTION ( 'NONE',  ( 1.000000000000000000, 0.000000000000000000, -0.000000000000000000 ) ) ;
#1923 = CARTESIAN_POINT ( 'NONE',  ( 3.275000000000003464, -1.372205551982422560E-14, 2.543301270189231911 ) ) ;
#1924 = LINE ( 'NONE', #5633, #5637 ) ;
#1925 = ORIENTED_EDGE ( 'NONE', *, *, #6069, .T. ) ;
#1926 = CARTESIAN_POINT ( 'NONE',  ( 12.80000000000000426, -1.372470695792103782E-14, 2.500000000000010214 ) ) ;
#1927 = CARTESIAN_POINT ( 'NONE',  ( 16.00000000000000711, -1.400343491548913688, -1.400343491548899255 ) ) ;
#1928 = CIRCLE ( 'NONE', #4603, 0.3593750000000003331 ) ;
#1929 = CARTESIAN_POINT ( 'NONE',  ( 14.22500000000000320, 2.543301270189217700, -1.053469879313101210 ) ) ;
#1930 = VERTEX_POINT ( 'NONE', #2187 ) ;
#1931 = CARTESIAN_POINT ( 'NONE',  ( 2.325000000000004174, 1.798385574751152127, 1.798385574751165894 ) ) ;
#1932 = CARTESIAN_POINT ( 'NONE',  ( -9.500000000000000000, -2.875000000000007550, 0.000000000000000000 ) ) ;
#1933 = DIRECTION ( 'NONE',  ( -2.168404344971008868E-16, -1.000000000000000000, 0.000000000000000000 ) ) ;
#1934 = AXIS2_PLACEMENT_3D ( 'NONE', #5261, #4210, #5771 ) ;
#1935 = CARTESIAN_POINT ( 'NONE',  ( 8.750000000000003553, 2.499999999999996447, 1.035533905932741972 ) ) ;
#1936 = CARTESIAN_POINT ( 'NONE',  ( 5.413187178745749506, 2.469263512462182231, -0.3908281725696688969 ) ) ;
#1937 = CARTESIAN_POINT ( 'NONE',  ( 0.4541856782555916405, -4.500000000000005329, -3.162277660168404836 ) ) ;
#1938 = ORIENTED_EDGE ( 'NONE', *, *, #2861, .F. ) ;
#1939 = VECTOR ( 'NONE', #5361, 1000.000000000000000 ) ;
#1940 = CARTESIAN_POINT ( 'NONE',  ( -5.992799144715122317, -2.249405896228521495, -6.864045708019158809 ) ) ;
#1941 = CARTESIAN_POINT ( 'NONE',  ( 4.400000000000006573, 1.400343491548885710, 1.400343491548899477 ) ) ;
#1942 = CARTESIAN_POINT ( 'NONE',  ( 2.900000000000004352, -1.433703035749471672E-14, -2.500000000000010214 ) ) ;
#1943 = TOROIDAL_SURFACE ( 'NONE', #6008, 7.677076266392049320, 1.248967091382544359 ) ;
#1944 = ORIENTED_EDGE ( 'NONE', *, *, #7120, .T. ) ;
#1945 = CIRCLE ( 'NONE', #2872, 1.248967091382544359 ) ;
#1946 = DIRECTION ( 'NONE',  ( 1.000000000000000000, -0.000000000000000000, -0.000000000000000000 ) ) ;
#1947 = CARTESIAN_POINT ( 'NONE',  ( 2.200000000000004174, -1.400343491548913244, 1.400343491548899477 ) ) ;
#1948 = CARTESIAN_POINT ( 'NONE',  ( 11.70000000000000639, -1.375652421508278441E-14, 1.980384757729347189 ) ) ;
#1949 = CARTESIAN_POINT ( 'NONE',  ( -7.000000000000001776, 3.999999999999995559, 3.061616997868380676E-16 ) ) ;
#1950 = CARTESIAN_POINT ( 'NONE',  ( 17.15000000000000213, 0.8203022253684378873, 1.980384757729346967 ) ) ;
#1951 = CARTESIAN_POINT ( 'NONE',  ( -3.268527796015073594, 2.695312499999993339, 7.631352488585843164E-16 ) ) ;
#1952 = EDGE_CURVE ( 'NONE', #6813, #3778, #5148, .T. ) ;
#1953 = CARTESIAN_POINT ( 'NONE',  ( 16.30000000000000426, 1.980384757729333201, -4.850543709266902538E-16 ) ) ;
#1954 = CARTESIAN_POINT ( 'NONE',  ( 10.00000000000000178, -1.375652421508278441E-14, 1.980384757729347189 ) ) ;
#1955 = CARTESIAN_POINT ( 'NONE',  ( 9.850000000000001421, 1.980384757729333201, 0.8203022253684517651 ) ) ;
#1956 = CARTESIAN_POINT ( 'NONE',  ( 11.15000000000001101, -1.980384757729361400, -0.8203022253684514320 ) ) ;
#1957 = CARTESIAN_POINT ( 'NONE',  ( 3.150000000000001688, -0.8203022253684666421, -1.980384757729346745 ) ) ;
#1958 = CARTESIAN_POINT ( 'NONE',  ( 8.950000000000002842, 1.980384757729332978, -0.8203022253684528753 ) ) ;
#1959 = DIRECTION ( 'NONE',  ( 1.224646799147353207E-16, 0.000000000000000000, -1.000000000000000000 ) ) ;
#1960 = EDGE_CURVE ( 'NONE', #3919, #4974, #4451, .T. ) ;
#1961 = CARTESIAN_POINT ( 'NONE',  ( 1.325000000000003064, 1.053469879313086111, -2.543301270189232355 ) ) ;
#1962 = CARTESIAN_POINT ( 'NONE',  ( 17.92500000000000426, -1.798385574751180105, -1.798385574751165450 ) ) ;
#1963 = ORIENTED_EDGE ( 'NONE', *, *, #1018, .F. ) ;
#1964 = CARTESIAN_POINT ( 'NONE',  ( 1.600000000000004752, -1.372470695792103782E-14, 2.500000000000010214 ) ) ;
#1965 = AXIS2_PLACEMENT_3D ( 'NONE', #304, #1455, #5932 ) ;
#1966 = CARTESIAN_POINT ( 'NONE',  ( 15.65000000000000391, 0.8203022253684378873, 1.980384757729347189 ) ) ;
#1967 = CARTESIAN_POINT ( 'NONE',  ( 12.82500000000000284, 1.053469879313085666, 2.543301270189232799 ) ) ;
#1968 = ORIENTED_EDGE ( 'NONE', *, *, #5292, .T. ) ;
#1969 = DIRECTION ( 'NONE',  ( 1.000000000000000000, -3.033396242145239324E-16, 0.000000000000000000 ) ) ;
#1970 = DIRECTION ( 'NONE',  ( 1.000000000000000000, -2.168404344971009115E-16, 0.000000000000000000 ) ) ;
#1971 = CARTESIAN_POINT ( 'NONE',  ( -1.298075826667192345, -3.345793604653640063, 4.376424775253403787 ) ) ;
#1972 = DIRECTION ( 'NONE',  ( 2.168404344971008868E-16, 1.000000000000000000, -0.000000000000000000 ) ) ;
#1973 = CARTESIAN_POINT ( 'NONE',  ( 1.550000000000006484, -1.980384757729361178, -0.8203022253684513210 ) ) ;
#1974 = ORIENTED_EDGE ( 'NONE', *, *, #5958, .F. ) ;
#1975 = EDGE_CURVE ( 'NONE', #2306, #4286, #2009, .T. ) ;
#1976 = CARTESIAN_POINT ( 'NONE',  ( 7.500000000000004441, -1.767766952966390193, -1.767766952966375760 ) ) ;
#1977 = CARTESIAN_POINT ( 'NONE',  ( 4.550000000000005151, -0.8203022253684655318, 1.980384757729346967 ) ) ;
#1978 = CARTESIAN_POINT ( 'NONE',  ( 5.111373290356739041, -2.498187892716424496, -0.1364983738210895636 ) ) ;
#1979 = ORIENTED_EDGE ( 'NONE', *, *, #1629, .F. ) ;
#1980 = SPHERICAL_SURFACE ( 'NONE', #4109, 6.775000000000008349 ) ;
#1981 = CONICAL_SURFACE ( 'NONE', #1413, 5.500000000000001776, 0.3662216345249681426 ) ;
#1982 = CARTESIAN_POINT ( 'NONE',  ( 1.600000000000004086, -1.400343491548913688, -1.400343491548899255 ) ) ;
#1983 = CARTESIAN_POINT ( 'NONE',  ( 10.40000000000000568, -1.400343491548913688, -1.400343491548899255 ) ) ;
#1984 = CARTESIAN_POINT ( 'NONE',  ( 1.500000000000001332, -1.400343491548913688, -1.400343491548899255 ) ) ;
#1985 = CARTESIAN_POINT ( 'NONE',  ( 17.60000000000000497, -1.424157858600947694E-14, -1.980384757729347189 ) ) ;
#1986 = CARTESIAN_POINT ( 'NONE',  ( 13.75000000000000533, -1.035533905932755516, 2.500000000000010214 ) ) ;
#1987 = CARTESIAN_POINT ( 'NONE',  ( 16.00000000000000711, -1.400343491548913688, -1.400343491548899255 ) ) ;
#1988 = CARTESIAN_POINT ( 'NONE',  ( 9.550000000000004263, -0.8203022253684666421, -1.980384757729346745 ) ) ;
#1989 = EDGE_CURVE ( 'NONE', #4206, #5445, #3500, .T. ) ;
#1990 = CARTESIAN_POINT ( 'NONE',  ( 8.850000000000003197, 0.8203022253684382203, -1.980384757729346745 ) ) ;
#1991 = CARTESIAN_POINT ( 'NONE',  ( 11.70000000000000639, -1.375652421508278441E-14, 1.980384757729347189 ) ) ;
#1992 = CARTESIAN_POINT ( 'NONE',  ( 4.150000000000003020, 1.980384757729332534, -0.8203022253684530973 ) ) ;
#1993 = CARTESIAN_POINT ( 'NONE',  ( 11.20000000000000284, -1.424157858600947694E-14, -1.980384757729347189 ) ) ;
#1994 = CARTESIAN_POINT ( 'NONE',  ( -3.168941996254884597, 2.507160103487919844, -5.607541721475717722 ) ) ;
#1995 = CARTESIAN_POINT ( 'NONE',  ( 2.025000000000004352, -1.053469879313114754, -2.543301270189232355 ) ) ;
#1996 = VERTEX_POINT ( 'NONE', #6715 ) ;
#1997 = CARTESIAN_POINT ( 'NONE',  ( 17.95000000000000284, 0.8203022253684378873, 1.980384757729346967 ) ) ;
#1998 = EDGE_CURVE ( 'NONE', #1117, #5445, #5326, .T. ) ;
#1999 = CARTESIAN_POINT ( 'NONE',  ( 15.35000000000000853, 0.8203022253684383314, -1.980384757729346745 ) ) ;
#2000 = CARTESIAN_POINT ( 'NONE',  ( 10.17500000000000426, 1.798385574751151461, -1.798385574751166116 ) ) ;
#2001 = AXIS2_PLACEMENT_3D ( 'NONE', #6338, #740, #2965 ) ;
#2002 = ORIENTED_EDGE ( 'NONE', *, *, #5239, .T. ) ;
#2003 = CARTESIAN_POINT ( 'NONE',  ( 5.200000000000004619, -1.767766952966390193, -1.767766952966375760 ) ) ;
#2004 = FACE_OUTER_BOUND ( 'NONE', #1826, .T. ) ;
#2005 = CARTESIAN_POINT ( 'NONE',  ( -9.500000000000000000, -2.695312500000007550, 0.000000000000000000 ) ) ;
#2006 = DIRECTION ( 'NONE',  ( 1.000000000000000000, -0.000000000000000000, -0.000000000000000000 ) ) ;
#2007 = CARTESIAN_POINT ( 'NONE',  ( 17.50000000000000000, -1.194030629168669588E-14, -2.500000000000008438 ) ) ;
#2008 = VERTEX_POINT ( 'NONE', #2909 ) ;
#2009 = CIRCLE ( 'NONE', #4226, 5.500000000000015099 ) ;
#2010 = CARTESIAN_POINT ( 'NONE',  ( 9.425000000000004263, 2.543301270189218144, -6.229291519609281552E-16 ) ) ;
#2011 = CARTESIAN_POINT ( 'NONE',  ( 6.400000000000006573, -1.400343491548913688, -1.400343491548899255 ) ) ;
#2012 = CARTESIAN_POINT ( 'NONE',  ( 17.04242415585668979, -1.856497651775227853, 1.595206589177573742 ) ) ;
#2013 = ORIENTED_EDGE ( 'NONE', *, *, #4092, .T. ) ;
#2014 = CARTESIAN_POINT ( 'NONE',  ( 17.50000000000000000, -1.194030629168669588E-14, 0.000000000000000000 ) ) ;
#2015 = CARTESIAN_POINT ( 'NONE',  ( 11.85000000000000497, 2.499999999999996003, 1.035533905932741972 ) ) ;
#2016 = CARTESIAN_POINT ( 'NONE',  ( 9.550000000000007816, -1.980384757729361178, -0.8203022253684513210 ) ) ;
#2017 = CARTESIAN_POINT ( 'NONE',  ( -9.500000000000000000, -2.875000000000007550, 0.000000000000000000 ) ) ;
#2018 = CARTESIAN_POINT ( 'NONE',  ( 16.25000000000000355, 1.980384757729333201, 0.8203022253684517651 ) ) ;
#2019 = CYLINDRICAL_SURFACE ( 'NONE', #2194, 2.500000000000008438 ) ;
#2020 = CARTESIAN_POINT ( 'NONE',  ( 13.90000000000000568, 1.980384757729333201, -4.850543709266902538E-16 ) ) ;
#2021 = CARTESIAN_POINT ( 'NONE',  ( 5.553743235891369423, -2.467792535850635627, 0.4000000000000004663 ) ) ;
#2022 = CARTESIAN_POINT ( 'NONE',  ( 10.05000000000000249, -0.8203022253684655318, 1.980384757729346967 ) ) ;
#2023 = CARTESIAN_POINT ( 'NONE',  ( 5.400000000000002132, -1.980384757729360956, 2.425271854633451269E-16 ) ) ;
#2024 = CARTESIAN_POINT ( 'NONE',  ( 5.950000000000004619, 1.980384757729333201, 0.8203022253684517651 ) ) ;
#2025 = CARTESIAN_POINT ( 'NONE',  ( 2.000000000000001776, -1.375652421508278441E-14, 1.980384757729347189 ) ) ;
#2026 = CARTESIAN_POINT ( 'NONE',  ( 9.950000000000002842, 0.8203022253684378873, 1.980384757729347189 ) ) ;
#2027 =( BOUNDED_CURVE ( )  B_SPLINE_CURVE ( 2, ( #452, #1702, #1053, #5462, #589, #1558, #4918, #3242, #3209 ),
 .UNSPECIFIED., .F., .F. ) 
 B_SPLINE_CURVE_WITH_KNOTS ( ( 3, 2, 2, 2, 3 ),
 ( 0.1250000000000000000, 0.1306818181818181768, 0.1363636363636363535, 0.1420454545454545581, 0.1477272727272727348 ),
 .UNSPECIFIED. ) 
 CURVE ( )  GEOMETRIC_REPRESENTATION_ITEM ( )  RATIONAL_B_SPLINE_CURVE ( ( 1.000000000000000000, 0.9238795325112867385, 1.000000000000000000, 0.9238795325112867385, 1.000000000000000000, 0.9238795325112867385, 1.000000000000000000, 0.9238795325112867385, 1.000000000000000000 ) ) 
 REPRESENTATION_ITEM ( '' )  );
#2028 = CARTESIAN_POINT ( 'NONE',  ( 17.95000000000000284, 0.8203022253684378873, 1.980384757729346967 ) ) ;
#2029 = ORIENTED_EDGE ( 'NONE', *, *, #1210, .F. ) ;
#2030 = AXIS2_PLACEMENT_3D ( 'NONE', #2465, #855, #3666 ) ;
#2031 = CARTESIAN_POINT ( 'NONE',  ( -3.088840296015073594, 2.695312499999992006, 7.851406210307631898E-16 ) ) ;
#2032 = CARTESIAN_POINT ( 'NONE',  ( 14.25000000000000711, -1.980384757729360956, 0.8203022253684520981 ) ) ;
#2033 = CARTESIAN_POINT ( 'NONE',  ( 9.775000000000003908, -1.798385574751179439, 1.798385574751165894 ) ) ;
#2034 = ADVANCED_FACE ( 'NONE', ( #5710 ), #727, .F. ) ;
#2035 = ORIENTED_EDGE ( 'NONE', *, *, #515, .T. ) ;
#2036 = FACE_OUTER_BOUND ( 'NONE', #1, .T. ) ;
#2037 = CARTESIAN_POINT ( 'NONE',  ( -15.73147220398492685, 2.695312499999993339, 0.000000000000000000 ) ) ;
#2038 = LINE ( 'NONE', #3655, #3359 ) ;
#2039 = CARTESIAN_POINT ( 'NONE',  ( 9.100000000000004974, -1.767766952966390193, -1.767766952966375760 ) ) ;
#2040 = DIRECTION ( 'NONE',  ( 0.000000000000000000, 0.000000000000000000, 1.000000000000000000 ) ) ;
#2041 = EDGE_LOOP ( 'NONE', ( #3788, #5496, #5761, #707 ) ) ;
#2042 = EDGE_CURVE ( 'NONE', #5923, #6194, #6002, .T. ) ;
#2043 = CARTESIAN_POINT ( 'NONE',  ( 8.825000000000004619, -1.372205551982422560E-14, 2.543301270189231911 ) ) ;
#2044 = VECTOR ( 'NONE', #2604, 1000.000000000000000 ) ;
#2045 = CARTESIAN_POINT ( 'NONE',  ( 6.250000000000005329, -1.980384757729360956, 0.8203022253684520981 ) ) ;
#2046 = DIRECTION ( 'NONE',  ( -1.000000000000000000, 2.168404344971009361E-16, 0.000000000000000000 ) ) ;
#2047 = CARTESIAN_POINT ( 'NONE',  ( 5.812317451387637668, -2.487477073349899648, -0.2499156048723925883 ) ) ;
#2048 = FACE_OUTER_BOUND ( 'NONE', #2452, .T. ) ;
#2049 = CARTESIAN_POINT ( 'NONE',  ( 6.250000000000005329, -1.980384757729360956, 0.8203022253684520981 ) ) ;
#2050 = PLANE ( 'NONE',  #5284 ) ;
#2051 = CARTESIAN_POINT ( 'NONE',  ( 17.27500000000000568, -1.434498467178515336E-14, -2.543301270189231911 ) ) ;
#2052 = DIRECTION ( 'NONE',  ( -1.000000000000000000, 2.168404344971008621E-16, 0.000000000000000000 ) ) ;
#2053 = CARTESIAN_POINT ( 'NONE',  ( 13.45000000000000639, -1.980384757729360956, 0.8203022253684520981 ) ) ;
#2054 = AXIS2_PLACEMENT_3D ( 'NONE', #6935, #1959, #260 ) ;
#2055 = FACE_OUTER_BOUND ( 'NONE', #3442, .T. ) ;
#2056 = ORIENTED_EDGE ( 'NONE', *, *, #1419, .T. ) ;
#2057 = CARTESIAN_POINT ( 'NONE',  ( 7.850000000000002309, -1.980384757729361178, -0.8203022253684513210 ) ) ;
#2058 = CARTESIAN_POINT ( 'NONE',  ( 6.450000000000002842, 0.8203022253684382203, -1.980384757729346745 ) ) ;
#2059 = CARTESIAN_POINT ( 'NONE',  ( 5.450000000000005507, -1.980384757729360956, 0.8203022253684520981 ) ) ;
#2060 = CARTESIAN_POINT ( 'NONE',  ( 16.35000000000000853, 1.980384757729333201, 0.8203022253684517651 ) ) ;
#2061 = CARTESIAN_POINT ( 'NONE',  ( 6.200000000000001954, -1.980384757729360956, 2.425271854633451269E-16 ) ) ;
#2062 = CARTESIAN_POINT ( 'NONE',  ( 5.480067745874919183, 2.467873030517270472, -0.3995030728861626579 ) ) ;
#2063 = CARTESIAN_POINT ( 'NONE',  ( 18.40000000000000213, -1.424157858600947694E-14, -1.980384757729347189 ) ) ;
#2064 = EDGE_CURVE ( 'NONE', #603, #2174, #1228, .T. ) ;
#2065 = VERTEX_POINT ( 'NONE', #3352 ) ;
#2066 = DIRECTION ( 'NONE',  ( -1.000000000000000000, 1.915009303283536250E-16, 0.000000000000000000 ) ) ;
#2067 = CARTESIAN_POINT ( 'NONE',  ( 17.50000000000000355, -1.980384757729360956, 2.425271854633451269E-16 ) ) ;
#2068 = CARTESIAN_POINT ( 'NONE',  ( 13.60000000000000675, -1.400343491548913688, -1.400343491548899255 ) ) ;
#2069 = CARTESIAN_POINT ( 'NONE',  ( 3.200000000000004174, -1.372470695792103782E-14, 2.500000000000010214 ) ) ;
#2070 = CARTESIAN_POINT ( 'NONE',  ( 10.82500000000000462, -1.053469879313114754, -2.543301270189232355 ) ) ;
#2071 = ORIENTED_EDGE ( 'NONE', *, *, #2662, .T. ) ;
#2072 = CARTESIAN_POINT ( 'NONE',  ( -9.500000000000000000, -2.695312500000007550, 0.000000000000000000 ) ) ;
#2073 = DIRECTION ( 'NONE',  ( 1.000000000000000000, -0.000000000000000000, -0.000000000000000000 ) ) ;
#2074 = COORDINATED_UNIVERSAL_TIME_OFFSET ( 6, 0, .BEHIND. ) ;
#2075 = ADVANCED_FACE ( 'NONE', ( #3458 ), #5574, .F. ) ;
#2076 = CARTESIAN_POINT ( 'NONE',  ( 4.500000000000003553, -1.433703035749471672E-14, -2.500000000000010214 ) ) ;
#2078 = CARTESIAN_POINT ( 'NONE',  ( 12.65000000000000746, 2.499999999999996003, 1.035533905932741972 ) ) ;
#2077 = AXIS2_PLACEMENT_3D ( 'NONE', #5299, #2539, #963 ) ;
#2079 = ORIENTED_EDGE ( 'NONE', *, *, #1864, .T. ) ;
#2080 =( BOUNDED_CURVE ( )  B_SPLINE_CURVE ( 2, ( #6446, #1986, #5229, #252, #5370, #4757, #390, #2609, #4213 ),
 .UNSPECIFIED., .F., .F. ) 
 B_SPLINE_CURVE_WITH_KNOTS ( ( 3, 2, 2, 2, 3 ),
 ( 0.7272727272727272929, 0.7329545454545454142, 0.7386363636363636465, 0.7443181818181818787, 0.7500000000000000000 ),
 .UNSPECIFIED. ) 
 CURVE ( )  GEOMETRIC_REPRESENTATION_ITEM ( )  RATIONAL_B_SPLINE_CURVE ( ( 1.000000000000000000, 0.9238795325112867385, 1.000000000000000000, 0.9238795325112867385, 1.000000000000000000, 0.9238795325112867385, 1.000000000000000000, 0.9238795325112867385, 1.000000000000000000 ) ) 
 REPRESENTATION_ITEM ( '' )  );
#2081 = CARTESIAN_POINT ( 'NONE',  ( 11.02500000000000391, 2.543301270189218144, -6.229291519609281552E-16 ) ) ;
#2082 = CARTESIAN_POINT ( 'NONE',  ( 1.400000000000005462, -1.400343491548913244, 1.400343491548899477 ) ) ;
#2083 = CARTESIAN_POINT ( 'NONE',  ( 17.03229082077796619, -1.624214409490141620, 1.817635283805734359 ) ) ;
#2084 = EDGE_CURVE ( 'NONE', #3754, #1024, #6066, .T. ) ;
#2085 = FACE_OUTER_BOUND ( 'NONE', #6408, .T. ) ;
#2086 = CARTESIAN_POINT ( 'NONE',  ( 5.786193522007097911, -2.484332250734376135, 0.2794517274256634320 ) ) ;
#2087 = DIRECTION ( 'NONE',  ( 1.000000000000000000, -0.000000000000000000, -0.000000000000000000 ) ) ;
#2088 = CARTESIAN_POINT ( 'NONE',  ( 8.750000000000005329, -1.980384757729361178, -0.8203022253684513210 ) ) ;
#2089 = CARTESIAN_POINT ( 'NONE',  ( -1.000000000000001776, -1.387778780781447569E-14, 1.186365268566649023E-31 ) ) ;
#2090 = CARTESIAN_POINT ( 'NONE',  ( 15.85000000000000675, -1.980384757729360956, 0.8203022253684520981 ) ) ;
#2091 = CARTESIAN_POINT ( 'NONE',  ( 5.480067745874919183, 2.467873030517270472, -0.3995030728861626579 ) ) ;
#2092 = CIRCLE ( 'NONE', #6157, 8.000000000000001776 ) ;
#2093 = ORIENTED_EDGE ( 'NONE', *, *, #1989, .T. ) ;
#2094 = AXIS2_PLACEMENT_3D ( 'NONE', #2921, #4132, #3590 ) ;
#2095 = CARTESIAN_POINT ( 'NONE',  ( 7.150000000000003908, -0.8203022253684666421, -1.980384757729346745 ) ) ;
#2096 = CARTESIAN_POINT ( 'NONE',  ( 8.500000000000005329, -1.375652421508278441E-14, 1.980384757729347189 ) ) ;
#2097 = CARTESIAN_POINT ( 'NONE',  ( 17.10000000000000853, 1.980384757729333201, -4.850543709266902538E-16 ) ) ;
#2098 = CARTESIAN_POINT ( 'NONE',  ( 6.300000000000003375, -1.400343491548913688, -1.400343491548899255 ) ) ;
#2099 = CARTESIAN_POINT ( 'NONE',  ( 17.50000000000000000, -1.194030629168669588E-14, 0.000000000000000000 ) ) ;
#2100 = CARTESIAN_POINT ( 'NONE',  ( 17.70000000000000284, 1.400343491548885266, -1.400343491548899699 ) ) ;
#2101 = EDGE_LOOP ( 'NONE', ( #2733, #1293, #168, #3058 ) ) ;
#2102 = CARTESIAN_POINT ( 'NONE',  ( 16.65000000000000568, -1.980384757729361178, -0.8203022253684513210 ) ) ;
#2103 = CARTESIAN_POINT ( 'NONE',  ( 18.55000000000001137, 0.8203022253684382203, -1.980384757729346745 ) ) ;
#2104 = CC_DESIGN_PERSON_AND_ORGANIZATION_ASSIGNMENT ( #3757, #2147, ( #4996 ) ) ;
#2105 = CARTESIAN_POINT ( 'NONE',  ( 14.50000000000000533, -1.424157858600947694E-14, -1.980384757729347189 ) ) ;
#2106 = CARTESIAN_POINT ( 'NONE',  ( 15.30000000000000249, 1.400343491548885266, -1.400343491548899699 ) ) ;
#2107 = EDGE_CURVE ( 'NONE', #5191, #2065, #4080, .T. ) ;
#2108 = CARTESIAN_POINT ( 'NONE',  ( 11.17500000000000426, 1.798385574751152127, 1.798385574751165894 ) ) ;
#2109 = AXIS2_PLACEMENT_3D ( 'NONE', #5256, #5764, #2924 ) ;
#2110 = ORIENTED_EDGE ( 'NONE', *, *, #456, .T. ) ;
#2111 = CARTESIAN_POINT ( 'NONE',  ( 15.90000000000000391, 2.499999999999996003, -6.123233995736789948E-16 ) ) ;
#2112 = DIRECTION ( 'NONE',  ( 1.224646799147353207E-16, -2.655529440325959183E-32, 1.000000000000000000 ) ) ;
#2113 = CALENDAR_DATE ( 2026, 26, 6 ) ;
#2114 = CARTESIAN_POINT ( 'NONE',  ( 9.000000000000007105, -2.500000000000023981, 3.061616997868394974E-16 ) ) ;
#2115 = FACE_OUTER_BOUND ( 'NONE', #5870, .T. ) ;
#2116 = VERTEX_POINT ( 'NONE', #6427 ) ;
#2117 = CARTESIAN_POINT ( 'NONE',  ( 10.32500000000000462, 1.798385574751152127, 1.798385574751165894 ) ) ;
#2118 = ADVANCED_FACE ( 'NONE', ( #3576, #190 ), #5790, .T. ) ;
#2119 = CARTESIAN_POINT ( 'NONE',  ( 2.450000000000005951, -0.8203022253684666421, -1.980384757729346745 ) ) ;
#2120 = CARTESIAN_POINT ( 'NONE',  ( 2.950000000000003286, 2.499999999999996003, -1.035533905932743526 ) ) ;
#2121 = LINE ( 'NONE', #5976, #385 ) ;
#2122 = CARTESIAN_POINT ( 'NONE',  ( 5.893777636283052068, -2.499008280685507621, 0.08345383198263649216 ) ) ;
#2123 = CARTESIAN_POINT ( 'NONE',  ( 13.00000000000000533, -1.767766952966389749, 1.767766952966375982 ) ) ;
#2124 = CARTESIAN_POINT ( 'NONE',  ( 6.800000000000006040, 1.400343491548885710, 1.400343491548899477 ) ) ;
#2125 = CYLINDRICAL_SURFACE ( 'NONE', #5408, 2.500000000000008438 ) ;
#2126 = EDGE_CURVE ( 'NONE', #5211, #2973, #5144, .T. ) ;
#2127 = CARTESIAN_POINT ( 'NONE',  ( 13.20000000000000639, 1.400343491548885710, 1.400343491548899477 ) ) ;
#2128 = CARTESIAN_POINT ( 'NONE',  ( 5.500000000000000888, -2.467792535850635627, 0.4000000000000004663 ) ) ;
#2129 = ORIENTED_EDGE ( 'NONE', *, *, #5208, .F. ) ;
#2130 = CARTESIAN_POINT ( 'NONE',  ( 6.700000000000002842, 1.400343491548885710, 1.400343491548899477 ) ) ;
#2131 = CARTESIAN_POINT ( 'NONE',  ( 7.750000000000005329, -0.8203022253684655318, 1.980384757729347189 ) ) ;
#2132 = CARTESIAN_POINT ( 'NONE',  ( 15.90000000000000391, -1.980384757729360956, 2.425271854633451269E-16 ) ) ;
#2133 = CARTESIAN_POINT ( 'NONE',  ( 8.350000000000003197, 0.8203022253684378873, 1.980384757729347189 ) ) ;
#2134 = DIRECTION ( 'NONE',  ( 0.7071067811865476838, 0.7071067811865474617, 8.659560562354934091E-17 ) ) ;
#2135 = B_SPLINE_CURVE_WITH_KNOTS ( 'NONE', 3,
 ( #106, #6208, #3452, #2903, #5126, #144, #2357, #3712, #1994, #2582 ),
 .UNSPECIFIED., .F., .F.,
 ( 4, 2, 2, 2, 4 ),
 ( 3.232561973469809782E-07, 0.001038082542286617154, 0.002075841828375887561, 0.003113601114465157534, 0.004151360400554427940 ),
 .UNSPECIFIED. ) ;
#2136 = ORIENTED_EDGE ( 'NONE', *, *, #4320, .F. ) ;
#2137 = CARTESIAN_POINT ( 'NONE',  ( 15.60000000000000320, -1.375652421508278441E-14, 1.980384757729347189 ) ) ;
#2138 = CARTESIAN_POINT ( 'NONE',  ( 17.05000000000001137, 1.980384757729332534, -0.8203022253684530973 ) ) ;
#2139 = CARTESIAN_POINT ( 'NONE',  ( 14.60000000000000497, 1.400343491548885266, -1.400343491548899699 ) ) ;
#2140 = CARTESIAN_POINT ( 'NONE',  ( 15.15000000000000568, -0.8203022253684666421, -1.980384757729346745 ) ) ;
#2141 = CARTESIAN_POINT ( 'NONE',  ( 9.725000000000003197, -1.053469879313113200, 2.543301270189232799 ) ) ;
#2142 = TOROIDAL_SURFACE ( 'NONE', #7013, 2.859374999999997780, 0.3593750000000000000 ) ;
#2143 = ORIENTED_EDGE ( 'NONE', *, *, #254, .F. ) ;
#2144 = CARTESIAN_POINT ( 'NONE',  ( 6.100000000000003197, 1.767766952966361771, -1.767766952966376204 ) ) ;
#2145 = CARTESIAN_POINT ( 'NONE',  ( 17.50000000000000000, -1.194030629168669588E-14, 0.000000000000000000 ) ) ;
#2146 = B_SPLINE_CURVE_WITH_KNOTS ( 'NONE', 3,
 ( #1428, #5290, #312, #6952, #1978, #4205 ),
 .UNSPECIFIED., .F., .F.,
 ( 4, 2, 4 ),
 ( 0.001252594407721112401, 0.001546594038743724468, 0.001840593669766336536 ),
 .UNSPECIFIED. ) ;
#2147 = PERSON_AND_ORGANIZATION_ROLE ( 'classification_officer' ) ;
#2148 = ORIENTED_EDGE ( 'NONE', *, *, #4024, .F. ) ;
#2149 = CARTESIAN_POINT ( 'NONE',  ( 5.100784482084131710, -2.499874583694730923, -0.02585722987996908959 ) ) ;
#2150 = CARTESIAN_POINT ( 'NONE',  ( 14.45000000000000462, 1.035533905932727983, 2.500000000000010214 ) ) ;
#2151 = CARTESIAN_POINT ( 'NONE',  ( 16.58038475772934106, -1.619945494829129640, 1.146545784842315063 ) ) ;
#2152 = CARTESIAN_POINT ( 'NONE',  ( 5.725000000000004086, -1.798385574751179439, 1.798385574751165894 ) ) ;
#2153 = CARTESIAN_POINT ( 'NONE',  ( 2.950000000000004174, -0.8203022253684655318, 1.980384757729346967 ) ) ;
#2154 = EDGE_CURVE ( 'NONE', #2795, #5254, #6078, .T. ) ;
#2155 = DIRECTION ( 'NONE',  ( 1.000000000000000000, -0.000000000000000000, -0.000000000000000000 ) ) ;
#2156 = AXIS2_PLACEMENT_3D ( 'NONE', #2984, #4579, #6782 ) ;
#2157 = DIRECTION ( 'NONE',  ( 0.000000000000000000, 0.000000000000000000, -1.000000000000000000 ) ) ;
#2158 = CARTESIAN_POINT ( 'NONE',  ( 5.881623542787598247, -2.497055278502179121, 0.1279904622356279331 ) ) ;
#2159 = CARTESIAN_POINT ( 'NONE',  ( -7.000000000000003553, -3.640625000000006217, 3.061616997868380676E-16 ) ) ;
#2160 = CARTESIAN_POINT ( 'NONE',  ( 8.450000000000006395, 0.8203022253684378873, 1.980384757729346967 ) ) ;
#2161 = DIRECTION ( 'NONE',  ( 2.168404344971008868E-16, 1.000000000000000000, -0.000000000000000000 ) ) ;
#2162 = CIRCLE ( 'NONE', #6911, 0.1796875000000010270 ) ;
#2163 = CARTESIAN_POINT ( 'NONE',  ( 12.55000000000000604, -0.8203022253684655318, 1.980384757729346967 ) ) ;
#2164 = DIRECTION ( 'NONE',  ( -1.224646799147353207E-16, 2.655529440325959183E-32, 1.000000000000000000 ) ) ;
#2165 = ORIENTED_EDGE ( 'NONE', *, *, #3459, .T. ) ;
#2166 = CARTESIAN_POINT ( 'NONE',  ( 6.550000000000001599, 1.980384757729332534, -0.8203022253684530973 ) ) ;
#2167 = CARTESIAN_POINT ( 'NONE',  ( 7.700000000000005507, -1.375652421508278441E-14, 1.980384757729347189 ) ) ;
#2168 = EDGE_CURVE ( 'NONE', #4950, #1184, #4815, .T. ) ;
#2169 = CARTESIAN_POINT ( 'NONE',  ( 18.20000000000000639, -1.400343491548913244, 1.400343491548899477 ) ) ;
#2170 = CARTESIAN_POINT ( 'NONE',  ( 6.400000000000003020, -1.424157858600947694E-14, -1.980384757729347189 ) ) ;
#2171 = VERTEX_POINT ( 'NONE', #299 ) ;
#2172 = CARTESIAN_POINT ( 'NONE',  ( 5.104864797066483106, 2.499222527146253370, 0.1074500618249263073 ) ) ;
#2173 = AXIS2_PLACEMENT_3D ( 'NONE', #4837, #370, #6395 ) ;
#2174 = VERTEX_POINT ( 'NONE', #2481 ) ;
#2175 = CARTESIAN_POINT ( 'NONE',  ( 15.05000000000000071, -1.980384757729361178, -0.8203022253684513210 ) ) ;
#2176 = CARTESIAN_POINT ( 'NONE',  ( 16.65000000000000568, -1.980384757729360956, 0.8203022253684520981 ) ) ;
#2177 = AXIS2_PLACEMENT_3D ( 'NONE', #1400, #857, #6991 ) ;
#2178 = EDGE_CURVE ( 'NONE', #5432, #1830, #5804, .T. ) ;
#2179 = CARTESIAN_POINT ( 'NONE',  ( 13.30000000000000604, -1.375652421508278441E-14, 1.980384757729347189 ) ) ;
#2180 = DIRECTION ( 'NONE',  ( -2.168404344971008868E-16, -1.000000000000000000, 0.000000000000000000 ) ) ;
#2181 = CARTESIAN_POINT ( 'NONE',  ( 8.725000000000003197, 2.543301270189218588, 1.053469879313099433 ) ) ;
#2182 = VERTEX_POINT ( 'NONE', #4681 ) ;
#2183 = CARTESIAN_POINT ( 'NONE',  ( 7.950000000000003730, 1.035533905932727983, 2.500000000000010214 ) ) ;
#2184 = CARTESIAN_POINT ( 'NONE',  ( 13.25000000000000711, 1.035533905932728427, -2.500000000000010214 ) ) ;
#2185 = APPROVAL_ROLE ( '' ) ;
#2186 = VERTEX_POINT ( 'NONE', #1287 ) ;
#2187 = CARTESIAN_POINT ( 'NONE',  ( 16.10000000000000497, -1.372470695792103782E-14, 2.500000000000010214 ) ) ;
#2188 = CARTESIAN_POINT ( 'NONE',  ( 14.20000000000000462, 2.499999999999996003, -6.123233995736789948E-16 ) ) ;
#2189 = CARTESIAN_POINT ( 'NONE',  ( 17.42500000000000426, 2.543301270189217700, -1.053469879313101210 ) ) ;
#2190 = ORIENTED_EDGE ( 'NONE', *, *, #6775, .F. ) ;
#2191 = CARTESIAN_POINT ( 'NONE',  ( 7.975000000000004086, 1.053469879313085666, 2.543301270189232799 ) ) ;
#2192 = CARTESIAN_POINT ( 'NONE',  ( 1.350000000000004086, -0.8203022253684655318, 1.980384757729346967 ) ) ;
#2193 = CARTESIAN_POINT ( 'NONE',  ( 15.20000000000000462, -1.372470695792103782E-14, 2.500000000000010214 ) ) ;
#2194 = AXIS2_PLACEMENT_3D ( 'NONE', #286, #4721, #4180 ) ;
#2195 = CARTESIAN_POINT ( 'NONE',  ( 8.800000000000004263, -1.372470695792103782E-14, 2.500000000000010214 ) ) ;
#2196 = CARTESIAN_POINT ( 'NONE',  ( 13.90000000000000568, -1.767766952966390193, -1.767766952966375760 ) ) ;
#2197 = CARTESIAN_POINT ( 'NONE',  ( 6.500000000000005329, -1.424157858600947694E-14, -1.980384757729347189 ) ) ;
#2198 = CYLINDRICAL_SURFACE ( 'NONE', #3199, 0.4000000000000004663 ) ;
#2199 = ADVANCED_FACE ( 'NONE', ( #2498 ), #5494, .T. ) ;
#2200 = ORGANIZATION ( 'UNSPECIFIED', 'UNSPECIFIED', '' ) ;
#2201 = CARTESIAN_POINT ( 'NONE',  ( 13.30000000000000604, -1.375652421508278441E-14, 1.980384757729347189 ) ) ;
#2202 = CARTESIAN_POINT ( 'NONE',  ( 17.50000000000000000, -1.194030629168669588E-14, -2.500000000000008438 ) ) ;
#2203 = ORIENTED_EDGE ( 'NONE', *, *, #6510, .T. ) ;
#2204 = CARTESIAN_POINT ( 'NONE',  ( 3.550000000000002931, 0.8203022253684378873, 1.980384757729346967 ) ) ;
#2205 = CARTESIAN_POINT ( 'NONE',  ( 3.050000000000006040, -1.980384757729360956, 0.8203022253684520981 ) ) ;
#2206 = CARTESIAN_POINT ( 'NONE',  ( 18.25000000000000355, -1.980384757729360956, 0.8203022253684520981 ) ) ;
#2207 = CARTESIAN_POINT ( 'NONE',  ( 7.600000000000002309, -1.375652421508278441E-14, 1.980384757729347189 ) ) ;
#2208 = VERTEX_POINT ( 'NONE', #6378 ) ;
#2209 = CARTESIAN_POINT ( 'NONE',  ( 5.419536834604835818, 2.469103951028669641, 0.3918235304503717709 ) ) ;
#2210 = VERTEX_POINT ( 'NONE', #4103 ) ;
#2211 = EDGE_LOOP ( 'NONE', ( #4479, #5134, #3984, #2483, #5541, #6938 ) ) ;
#2212 = ADVANCED_FACE ( 'NONE', ( #1910 ), #3288, .T. ) ;
#2213 = AXIS2_PLACEMENT_3D ( 'NONE', #945, #977, #5453 ) ;
#2214 = CARTESIAN_POINT ( 'NONE',  ( 16.60000000000000497, -1.980384757729360956, 2.425271854633451269E-16 ) ) ;
#2215 = DIRECTION ( 'NONE',  ( 1.000000000000000000, 0.000000000000000000, -1.224646799147360849E-16 ) ) ;
#2216 = CARTESIAN_POINT ( 'NONE',  ( 15.85000000000000320, -1.980384757729361400, -0.8203022253684514320 ) ) ;
#2217 = CARTESIAN_POINT ( 'NONE',  ( 6.775000000000003020, -1.798385574751180105, -1.798385574751165450 ) ) ;
#2218 = ORIENTED_EDGE ( 'NONE', *, *, #6371, .T. ) ;
#2219 = CARTESIAN_POINT ( 'NONE',  ( 6.050000000000004263, 1.035533905932728427, -2.500000000000010214 ) ) ;
#2220 = ADVANCED_FACE ( 'NONE', ( #4753 ), #6642, .T. ) ;
#2221 = FACE_OUTER_BOUND ( 'NONE', #7141, .T. ) ;
#2222 = DATE_TIME_ROLE ( 'creation_date' ) ;
#2223 = CARTESIAN_POINT ( 'NONE',  ( 1.442343331301594089, 1.854675099098656910, -1.596995203758487358 ) ) ;
#2224 = CARTESIAN_POINT ( 'NONE',  ( 16.42500000000000426, -1.053469879313114754, -2.543301270189232355 ) ) ;
#2225 = CARTESIAN_POINT ( 'NONE',  ( 9.200000000000004619, -1.433703035749471672E-14, -2.500000000000010214 ) ) ;
#2226 = ORIENTED_EDGE ( 'NONE', *, *, #2178, .T. ) ;
#2227 = CARTESIAN_POINT ( 'NONE',  ( 8.125000000000003553, -1.798385574751179439, 1.798385574751165894 ) ) ;
#2228 = CARTESIAN_POINT ( 'NONE',  ( 2.150000000000006128, -0.8203022253684655318, 1.980384757729346967 ) ) ;
#2229 = CARTESIAN_POINT ( 'NONE',  ( 16.15000000000000568, -2.500000000000023981, 1.035533905932742194 ) ) ;
#2230 = AXIS2_PLACEMENT_3D ( 'NONE', #7123, #6182, #490 ) ;
#2231 = CARTESIAN_POINT ( 'NONE',  ( 17.50000000000000000, -4.500000000000008882, 0.000000000000000000 ) ) ;
#2232 = CYLINDRICAL_SURFACE ( 'NONE', #768, 2.500000000000008438 ) ;
#2233 = CARTESIAN_POINT ( 'NONE',  ( 5.650000000000006573, -0.8203022253684666421, -1.980384757729346745 ) ) ;
#2234 = VECTOR ( 'NONE', #5940, 1000.000000000000114 ) ;
#2235 = CARTESIAN_POINT ( 'NONE',  ( 12.00000000000000711, -1.400343491548913688, -1.400343491548899255 ) ) ;
#2236 = CARTESIAN_POINT ( 'NONE',  ( 2.100000000000004086, -1.433703035749471672E-14, -2.500000000000010214 ) ) ;
#2237 = VERTEX_POINT ( 'NONE', #6918 ) ;
#2238 = CARTESIAN_POINT ( 'NONE',  ( 4.000000000000001776, -1.424157858600947694E-14, -1.980384757729347189 ) ) ;
#2239 = CARTESIAN_POINT ( 'NONE',  ( 2.300000000000005151, -1.980384757729360956, 2.425271854633451269E-16 ) ) ;
#2240 = CARTESIAN_POINT ( 'NONE',  ( 14.10000000000000675, -1.375652421508278441E-14, 1.980384757729347189 ) ) ;
#2241 = CARTESIAN_POINT ( 'NONE',  ( 3.500000000000003109, 1.400343491548885710, 1.400343491548899477 ) ) ;
#2242 = ORIENTED_EDGE ( 'NONE', *, *, #4611, .T. ) ;
#2243 = CYLINDRICAL_SURFACE ( 'NONE', #6009, 2.500000000000010214 ) ;
#2244 = ORIENTED_EDGE ( 'NONE', *, *, #357, .T. ) ;
#2245 = ORIENTED_EDGE ( 'NONE', *, *, #3178, .F. ) ;
#2246 = CARTESIAN_POINT ( 'NONE',  ( 13.35000000000000320, -1.980384757729360956, 0.8203022253684520981 ) ) ;
#2247 = CARTESIAN_POINT ( 'NONE',  ( 12.80000000000000249, -1.424157858600947694E-14, -1.980384757729347189 ) ) ;
#2248 = CARTESIAN_POINT ( 'NONE',  ( 13.80000000000000249, 1.980384757729333201, -4.850543709266902538E-16 ) ) ;
#2249 = CARTESIAN_POINT ( 'NONE',  ( 8.925000000000004263, -1.053469879313113200, 2.543301270189232799 ) ) ;
#2250 = VERTEX_POINT ( 'NONE', #1395 ) ;
#2251 = CARTESIAN_POINT ( 'NONE',  ( -9.500000000000000000, 2.695312499999991118, 0.000000000000000000 ) ) ;
#2252 = CARTESIAN_POINT ( 'NONE',  ( 6.650000000000003020, 1.980384757729333201, 0.8203022253684517651 ) ) ;
#2253 = CARTESIAN_POINT ( 'NONE',  ( 13.50000000000000533, 1.767766952966362215, 1.767766952966375982 ) ) ;
#2254 = CARTESIAN_POINT ( 'NONE',  ( 9.350000000000004974, 1.035533905932728427, -2.500000000000010214 ) ) ;
#2255 = EDGE_CURVE ( 'NONE', #33, #5047, #4805, .T. ) ;
#2256 = DIRECTION ( 'NONE',  ( 0.000000000000000000, 0.000000000000000000, -1.000000000000000000 ) ) ;
#2257 = CARTESIAN_POINT ( 'NONE',  ( 17.50000000000000000, -1.194030629168669588E-14, 0.000000000000000000 ) ) ;
#2258 = VERTEX_POINT ( 'NONE', #3553 ) ;
#2259 = CARTESIAN_POINT ( 'NONE',  ( 6.975000000000003197, 2.543301270189217700, -1.053469879313101210 ) ) ;
#2260 = CARTESIAN_POINT ( 'NONE',  ( 17.07500000000000639, -2.543301270189246122, -1.053469879313099211 ) ) ;
#2261 = DIRECTION ( 'NONE',  ( 0.000000000000000000, 0.000000000000000000, -1.000000000000000000 ) ) ;
#2262 = CARTESIAN_POINT ( 'NONE',  ( 8.300000000000006040, -2.500000000000023981, 3.061616997868394974E-16 ) ) ;
#2263 = CIRCLE ( 'NONE', #297, 5.549999999999998934 ) ;
#2264 = CARTESIAN_POINT ( 'NONE',  ( 17.50000000000000000, -1.194030629168669588E-14, -2.500000000000008438 ) ) ;
#2265 = CARTESIAN_POINT ( 'NONE',  ( 17.50000000000000000, -1.194030629168669588E-14, 0.000000000000000000 ) ) ;
#2266 = EDGE_CURVE ( 'NONE', #3658, #34, #1402, .T. ) ;
#2267 = CARTESIAN_POINT ( 'NONE',  ( 4.250000000000005329, 1.980384757729332534, -0.8203022253684530973 ) ) ;
#2268 = CARTESIAN_POINT ( 'NONE',  ( 8.400000000000005684, 1.400343491548885710, 1.400343491548899477 ) ) ;
#2269 = CARTESIAN_POINT ( 'NONE',  ( 1.700000000000002842, -1.372470695792103782E-14, 2.500000000000010214 ) ) ;
#2270 = ORIENTED_EDGE ( 'NONE', *, *, #3947, .T. ) ;
#2271 = CARTESIAN_POINT ( 'NONE',  ( 4.350000000000003197, 0.8203022253684378873, 1.980384757729346967 ) ) ;
#2272 = CIRCLE ( 'NONE', #6220, 8.000000000000001776 ) ;
#2273 = CARTESIAN_POINT ( 'NONE',  ( 3.400000000000005240, 1.400343491548885266, -1.400343491548899699 ) ) ;
#2274 = CARTESIAN_POINT ( 'NONE',  ( 14.95000000000000639, -0.8203022253684655318, 1.980384757729346967 ) ) ;
#2275 = CARTESIAN_POINT ( 'NONE',  ( 2.600000000000003197, 1.980384757729333201, -4.850543709266902538E-16 ) ) ;
#2276 = VERTEX_POINT ( 'NONE', #6271 ) ;
#2277 = ORIENTED_EDGE ( 'NONE', *, *, #7133, .F. ) ;
#2278 = ORIENTED_EDGE ( 'NONE', *, *, #3589, .F. ) ;
#2279 = CARTESIAN_POINT ( 'NONE',  ( 14.05000000000000426, -0.8203022253684655318, 1.980384757729346967 ) ) ;
#2280 = CARTESIAN_POINT ( 'NONE',  ( 14.15000000000000391, -1.980384757729360956, 0.8203022253684520981 ) ) ;
#2281 = CARTESIAN_POINT ( 'NONE',  ( 0.4541856782555881433, 4.499999999999994671, 3.162277660168401283 ) ) ;
#2282 = CARTESIAN_POINT ( 'NONE',  ( 12.10000000000000320, 1.400343491548885266, -1.400343491548899699 ) ) ;
#2283 = CARTESIAN_POINT ( 'NONE',  ( 8.425000000000004263, -1.053469879313114754, -2.543301270189232355 ) ) ;
#2284 = ADVANCED_FACE ( 'NONE', ( #210 ), #3330, .T. ) ;
#2285 = DIRECTION ( 'NONE',  ( 0.000000000000000000, 0.000000000000000000, -1.000000000000000000 ) ) ;
#2286 = CARTESIAN_POINT ( 'NONE',  ( 7.250000000000004441, 0.8203022253684382203, -1.980384757729346745 ) ) ;
#2287 = CIRCLE ( 'NONE', #3921, 10.44441537460038383 ) ;
#2288 = AXIS2_PLACEMENT_3D ( 'NONE', #6243, #1223, #2321 ) ;
#2289 = CARTESIAN_POINT ( 'NONE',  ( 6.500000000000004441, -1.372470695792103782E-14, 2.500000000000010214 ) ) ;
#2290 = CARTESIAN_POINT ( 'NONE',  ( -9.500000000000000000, 3.640624999999996003, 0.000000000000000000 ) ) ;
#2291 = CARTESIAN_POINT ( 'NONE',  ( 17.72500000000000142, -1.053469879313113200, 2.543301270189232799 ) ) ;
#2292 = CARTESIAN_POINT ( 'NONE',  ( 16.58038475772933396, -1.162573365231574618, 1.603230164106478117 ) ) ;
#2293 = EDGE_LOOP ( 'NONE', ( #4630, #2898, #6246, #5064 ) ) ;
#2294 = CARTESIAN_POINT ( 'NONE',  ( 7.675000000000005151, 1.053469879313086111, -2.543301270189232355 ) ) ;
#2295 = CARTESIAN_POINT ( 'NONE',  ( 18.17500000000000426, 2.543301270189217700, -1.053469879313101210 ) ) ;
#2296 = CARTESIAN_POINT ( 'NONE',  ( -9.500000000000000000, -2.610785383146993599, 0.000000000000000000 ) ) ;
#2297 = EDGE_CURVE ( 'NONE', #2361, #81, #5187, .T. ) ;
#2298 = CARTESIAN_POINT ( 'NONE',  ( 11.30000000000000426, -1.372470695792103782E-14, 2.500000000000010214 ) ) ;
#2299 = CARTESIAN_POINT ( 'NONE',  ( 16.90244322987846459, 1.779215128345983832, 1.468761973529589149 ) ) ;
#2300 =( BOUNDED_CURVE ( )  B_SPLINE_CURVE ( 2, ( #7116, #1125, #6039, #3861, #4509, #6077, #2144, #2219, #4370 ),
 .UNSPECIFIED., .F., .F. ) 
 B_SPLINE_CURVE_WITH_KNOTS ( ( 3, 2, 2, 2, 3 ),
 ( 0.7159090909090909394, 0.7215909090909090606, 0.7272727272727272929, 0.7329545454545454142, 0.7386363636363636465 ),
 .UNSPECIFIED. ) 
 CURVE ( )  GEOMETRIC_REPRESENTATION_ITEM ( )  RATIONAL_B_SPLINE_CURVE ( ( 1.000000000000000000, 0.9238795325112867385, 1.000000000000000000, 0.9238795325112867385, 1.000000000000000000, 0.9238795325112867385, 1.000000000000000000, 0.9238795325112867385, 1.000000000000000000 ) ) 
 REPRESENTATION_ITEM ( '' )  );
#2301 = CARTESIAN_POINT ( 'NONE',  ( 13.70000000000000462, -1.767766952966389749, 1.767766952966375982 ) ) ;
#2302 = CARTESIAN_POINT ( 'NONE',  ( 2.950000000000004174, -0.8203022253684655318, 1.980384757729346967 ) ) ;
#2303 = CARTESIAN_POINT ( 'NONE',  ( 8.450000000000006395, 0.8203022253684378873, 1.980384757729346967 ) ) ;
#2304 = CARTESIAN_POINT ( 'NONE',  ( 2.050000000000004263, -1.035533905932757293, -2.500000000000010214 ) ) ;
#2305 = EDGE_CURVE ( 'NONE', #1338, #4532, #3910, .T. ) ;
#2306 = VERTEX_POINT ( 'NONE', #6442 ) ;
#2307 = CARTESIAN_POINT ( 'NONE',  ( 1.750000000000001332, 1.980384757729332534, -0.8203022253684530973 ) ) ;
#2308 = CARTESIAN_POINT ( 'NONE',  ( 2.700000000000006395, 1.980384757729333201, -4.850543709266902538E-16 ) ) ;
#2309 = CARTESIAN_POINT ( 'NONE',  ( 15.50000000000000711, 1.980384757729333201, -4.850543709266902538E-16 ) ) ;
#2310 = CARTESIAN_POINT ( 'NONE',  ( 2.850000000000002753, -0.8203022253684655318, 1.980384757729347189 ) ) ;
#2311 = ORIENTED_EDGE ( 'NONE', *, *, #7143, .T. ) ;
#2312 = CARTESIAN_POINT ( 'NONE',  ( 4.300000000000004263, -1.767766952966390193, -1.767766952966375760 ) ) ;
#2313 = VECTOR ( 'NONE', #1170, 1000.000000000000000 ) ;
#2314 = CARTESIAN_POINT ( 'NONE',  ( 14.32500000000000462, 1.798385574751152127, 1.798385574751165894 ) ) ;
#2315 =( BOUNDED_CURVE ( )  B_SPLINE_CURVE ( 2, ( #888, #5544, #1708, #1063, #2844, #2229, #3797, #628, #5003 ),
 .UNSPECIFIED., .F., .F. ) 
 B_SPLINE_CURVE_WITH_KNOTS ( ( 3, 2, 2, 2, 3 ),
 ( 0.1477272727272727348, 0.1534090909090909116, 0.1590909090909090884, 0.1647727272727272652, 0.1704545454545454419 ),
 .UNSPECIFIED. ) 
 CURVE ( )  GEOMETRIC_REPRESENTATION_ITEM ( )  RATIONAL_B_SPLINE_CURVE ( ( 1.000000000000000000, 0.9238795325112867385, 1.000000000000000000, 0.9238795325112867385, 1.000000000000000000, 0.9238795325112867385, 1.000000000000000000, 0.9238795325112867385, 1.000000000000000000 ) ) 
 REPRESENTATION_ITEM ( '' )  );
#2316 = ORIENTED_EDGE ( 'NONE', *, *, #3153, .T. ) ;
#2317 = CARTESIAN_POINT ( 'NONE',  ( 12.45000000000000107, -0.8203022253684655318, 1.980384757729346967 ) ) ;
#2318 = CARTESIAN_POINT ( 'NONE',  ( 11.25000000000000533, 0.8203022253684382203, -1.980384757729346745 ) ) ;
#2319 = DIRECTION ( 'NONE',  ( -2.168404344971008868E-16, -1.000000000000000000, 0.000000000000000000 ) ) ;
#2320 = CARTESIAN_POINT ( 'NONE',  ( 12.30000000000000249, 1.400343491548885710, 1.400343491548899477 ) ) ;
#2321 = DIRECTION ( 'NONE',  ( 0.000000000000000000, 0.000000000000000000, 1.000000000000000000 ) ) ;
#2322 = CARTESIAN_POINT ( 'NONE',  ( 5.825000000000004619, -2.543301270189245677, 1.053469879313099655 ) ) ;
#2323 = CARTESIAN_POINT ( 'NONE',  ( 9.300000000000004263, -1.433703035749471672E-14, -2.500000000000010214 ) ) ;
#2324 = CARTESIAN_POINT ( 'NONE',  ( 4.800000000000002487, -1.424157858600947694E-14, -1.980384757729347189 ) ) ;
#2325 = CARTESIAN_POINT ( 'NONE',  ( -6.314024399518102015, 2.249999999999987566, 6.993351043164676817 ) ) ;
#2326 = AXIS2_PLACEMENT_3D ( 'NONE', #738, #2963, #4099 ) ;
#2327 = ADVANCED_FACE ( 'NONE', ( #2048 ), #2863, .F. ) ;
#2328 = CARTESIAN_POINT ( 'NONE',  ( 9.550000000000004263, 2.499999999999996447, 1.035533905932741972 ) ) ;
#2329 = CARTESIAN_POINT ( 'NONE',  ( 13.72500000000000497, -1.053469879313113200, 2.543301270189232799 ) ) ;
#2330 = CARTESIAN_POINT ( 'NONE',  ( 5.519932254125089699, 2.467873030517270472, 0.3995030728861722058 ) ) ;
#2331 = VERTEX_POINT ( 'NONE', #4348 ) ;
#2332 = CARTESIAN_POINT ( 'NONE',  ( 2.375000000000006661, 1.053469879313085666, 2.543301270189232799 ) ) ;
#2333 = CARTESIAN_POINT ( 'NONE',  ( 15.82500000000000639, 2.543301270189218144, -6.229291519609281552E-16 ) ) ;
#2334 = CARTESIAN_POINT ( 'NONE',  ( -9.500000000000001776, -3.640625000000005773, 0.000000000000000000 ) ) ;
#2335 = CARTESIAN_POINT ( 'NONE',  ( -6.314245482350431260, -2.250000000000000888, 6.993439963535761805 ) ) ;
#2336 = CARTESIAN_POINT ( 'NONE',  ( 1.292171395396022104, -1.942571348717488489, -1.225499371351343569 ) ) ;
#2337 = CARTESIAN_POINT ( 'NONE',  ( -9.500000000000000000, 2.625674005841377223, 0.000000000000000000 ) ) ;
#2338 = CARTESIAN_POINT ( 'NONE',  ( 6.000000000000005329, 1.400343491548885710, 1.400343491548899477 ) ) ;
#2339 = CARTESIAN_POINT ( 'NONE',  ( 9.150000000000005684, 1.980384757729333201, 0.8203022253684517651 ) ) ;
#2340 = FACE_OUTER_BOUND ( 'NONE', #2101, .T. ) ;
#2341 = EDGE_LOOP ( 'NONE', ( #4294, #3748, #3923, #1249 ) ) ;
#2342 =( BOUNDED_CURVE ( )  B_SPLINE_CURVE ( 2, ( #2330, #4050, #6751, #6253, #2949, #2877, #5098, #6790, #1774 ),
 .UNSPECIFIED., .F., .T. ) 
 B_SPLINE_CURVE_WITH_KNOTS ( ( 3, 2, 2, 2, 3 ),
 ( 0.2625388188474674367, 0.2670454545454545858, 0.2727272727272727071, 0.2784090909090909394, 0.2839762778976906987 ),
 .UNSPECIFIED. ) 
 CURVE ( )  GEOMETRIC_REPRESENTATION_ITEM ( )  RATIONAL_B_SPLINE_CURVE ( ( 0.9750244799372387305, 0.9396236899607499637, 1.000000000000000000, 0.9238795325112867385, 1.000000000000000000, 0.9238795325112867385, 1.000000000000000000, 0.9254152697942031880, 0.9969904927099852987 ) ) 
 REPRESENTATION_ITEM ( '' )  );
#2343 = CARTESIAN_POINT ( 'NONE',  ( 3.100000000000001865, -1.400343491548913688, -1.400343491548899255 ) ) ;
#2344 = CARTESIAN_POINT ( 'NONE',  ( 2.500000000000005773, -1.424157858600947694E-14, -1.980384757729347189 ) ) ;
#2345 = CARTESIAN_POINT ( 'NONE',  ( 12.75000000000000533, -1.980384757729361178, -0.8203022253684513210 ) ) ;
#2346 = CARTESIAN_POINT ( 'NONE',  ( 4.100000000000003197, 1.400343491548885266, -1.400343491548899699 ) ) ;
#2347 = VERTEX_POINT ( 'NONE', #4820 ) ;
#2348 = DIRECTION ( 'NONE',  ( 0.000000000000000000, -0.000000000000000000, -1.000000000000000000 ) ) ;
#2349 = EDGE_CURVE ( 'NONE', #1008, #4052, #6797, .T. ) ;
#2350 = CARTESIAN_POINT ( 'NONE',  ( 12.62500000000000355, 2.543301270189218144, -6.229291519609281552E-16 ) ) ;
#2351 = ORIENTED_EDGE ( 'NONE', *, *, #4352, .T. ) ;
#2352 = CARTESIAN_POINT ( 'NONE',  ( 14.55000000000000426, 1.980384757729332534, -0.8203022253684530973 ) ) ;
#2353 = CARTESIAN_POINT ( 'NONE',  ( 14.20000000000000284, -1.980384757729360956, 2.425271854633451269E-16 ) ) ;
#2354 = CARTESIAN_POINT ( 'NONE',  ( 4.100000000000004086, -1.372470695792103782E-14, 2.500000000000010214 ) ) ;
#2355 = AXIS2_PLACEMENT_3D ( 'NONE', #2535, #1361, #3078 ) ;
#2356 = CARTESIAN_POINT ( 'NONE',  ( 13.55000000000000249, -0.8203022253684666421, -1.980384757729346745 ) ) ;
#2357 = CARTESIAN_POINT ( 'NONE',  ( -4.080575080465365545, 2.326188848599277659, -6.059377433381062161 ) ) ;
#2358 = CARTESIAN_POINT ( 'NONE',  ( 6.175000000000003375, 1.798385574751151461, -1.798385574751166116 ) ) ;
#2359 =( BOUNDED_CURVE ( )  B_SPLINE_CURVE ( 2, ( #2569, #4241, #2123, #6515, #5906, #6547, #7061, #2708, #5402 ),
 .UNSPECIFIED., .F., .F. ) 
 B_SPLINE_CURVE_WITH_KNOTS ( ( 3, 2, 2, 2, 3 ),
 ( 0.6818181818181818787, 0.6875000000000000000, 0.6931818181818181213, 0.6988636363636363535, 0.7045454545454545858 ),
 .UNSPECIFIED. ) 
 CURVE ( )  GEOMETRIC_REPRESENTATION_ITEM ( )  RATIONAL_B_SPLINE_CURVE ( ( 1.000000000000000000, 0.9238795325112867385, 1.000000000000000000, 0.9238795325112867385, 1.000000000000000000, 0.9238795325112867385, 1.000000000000000000, 0.9238795325112867385, 1.000000000000000000 ) ) 
 REPRESENTATION_ITEM ( '' )  );
#2360 = FACE_OUTER_BOUND ( 'NONE', #1655, .T. ) ;
#2361 = VERTEX_POINT ( 'NONE', #5872 ) ;
#2362 = CARTESIAN_POINT ( 'NONE',  ( 6.900000000000003020, -1.400343491548913244, 1.400343491548899477 ) ) ;
#2363 = CARTESIAN_POINT ( 'NONE',  ( -0.9355555555555927771, 3.582625322360769360, -4.173103856792867994 ) ) ;
#2364 = DIRECTION ( 'NONE',  ( 0.000000000000000000, 0.000000000000000000, 1.000000000000000000 ) ) ;
#2365 = CARTESIAN_POINT ( 'NONE',  ( 13.57500000000000284, 1.798385574751152127, 1.798385574751165894 ) ) ;
#2366 = CARTESIAN_POINT ( 'NONE',  ( 3.550000000000004263, -2.500000000000024425, -1.035533905932741749 ) ) ;
#2367 = ORIENTED_EDGE ( 'NONE', *, *, #4743, .T. ) ;
#2368 = CARTESIAN_POINT ( 'NONE',  ( 4.875000000000004441, -1.053469879313113200, 2.543301270189232799 ) ) ;
#2369 = CARTESIAN_POINT ( 'NONE',  ( 15.22500000000000675, -1.372205551982422560E-14, 2.543301270189231911 ) ) ;
#2370 = CARTESIAN_POINT ( 'NONE',  ( -9.500000000000000000, 2.695312499999991118, 0.000000000000000000 ) ) ;
#2371 = CARTESIAN_POINT ( 'NONE',  ( 2.600000000000004086, -2.500000000000023981, 3.061616997868394974E-16 ) ) ;
#2372 = CARTESIAN_POINT ( 'NONE',  ( 16.79084371551030941, 1.701161948536290991, -1.388287595179251488 ) ) ;
#2373 = CARTESIAN_POINT ( 'NONE',  ( 17.00000000000000711, -2.500000000000023981, 3.061616997868394974E-16 ) ) ;
#2374 = CARTESIAN_POINT ( 'NONE',  ( 4.000000000000005329, -1.400343491548913688, -1.400343491548899255 ) ) ;
#2375 = VERTEX_POINT ( 'NONE', #2159 ) ;
#2376 = ADVANCED_FACE ( 'NONE', ( #5440 ), #4279, .T. ) ;
#2377 = DIRECTION ( 'NONE',  ( 0.000000000000000000, 0.000000000000000000, 1.000000000000000000 ) ) ;
#2378 = CARTESIAN_POINT ( 'NONE',  ( 7.200000000000004619, -1.400343491548913688, -1.400343491548899255 ) ) ;
#2379 = CIRCLE ( 'NONE', #4246, 10.44441537460038383 ) ;
#2380 = DIRECTION ( 'NONE',  ( 0.7071067811865471286, 0.000000000000000000, -0.7071067811865479058 ) ) ;
#2381 = EDGE_LOOP ( 'NONE', ( #4747, #308, #2925, #5158 ) ) ;
#2382 = CARTESIAN_POINT ( 'NONE',  ( 10.00000000000000533, -1.433703035749471672E-14, -2.500000000000010214 ) ) ;
#2383 = CARTESIAN_POINT ( 'NONE',  ( 1.350000000000004086, -0.8203022253684655318, 1.980384757729347189 ) ) ;
#2384 = CARTESIAN_POINT ( 'NONE',  ( 14.25000000000000888, -1.980384757729360956, 0.8203022253684520981 ) ) ;
#2385 = CARTESIAN_POINT ( 'NONE',  ( 3.900000000000002576, -1.400343491548913688, -1.400343491548899255 ) ) ;
#2386 = EDGE_LOOP ( 'NONE', ( #2699, #4989, #2688, #544 ) ) ;
#2387 = DIRECTION ( 'NONE',  ( -1.224646799147353207E-16, 2.655529440325959183E-32, 1.000000000000000000 ) ) ;
#2388 = CARTESIAN_POINT ( 'NONE',  ( 11.87500000000000533, 2.543301270189218588, 1.053469879313099433 ) ) ;
#2389 = ORIENTED_EDGE ( 'NONE', *, *, #5856, .F. ) ;
#2390 = CARTESIAN_POINT ( 'NONE',  ( 14.10000000000000320, -1.400343491548913244, 1.400343491548899477 ) ) ;
#2391 = AXIS2_PLACEMENT_3D ( 'NONE', #5706, #6861, #6896 ) ;
#2392 = EDGE_CURVE ( 'NONE', #3955, #1338, #3571, .T. ) ;
#2393 = CARTESIAN_POINT ( 'NONE',  ( 12.70000000000000284, -1.400343491548913688, -1.400343491548899255 ) ) ;
#2394 = CARTESIAN_POINT ( 'NONE',  ( 10.80000000000000604, 1.400343491548885710, 1.400343491548899477 ) ) ;
#2395 = CARTESIAN_POINT ( 'NONE',  ( 17.50000000000000000, -1.194030629168669588E-14, 0.000000000000000000 ) ) ;
#2396 = CARTESIAN_POINT ( 'NONE',  ( 14.90000000000000391, -1.400343491548913244, 1.400343491548899477 ) ) ;
#2397 = CARTESIAN_POINT ( 'NONE',  ( 2.200000000000004619, 2.499999999999996003, -6.123233995736789948E-16 ) ) ;
#2398 = CARTESIAN_POINT ( 'NONE',  ( 3.725000000000004086, 1.053469879313086111, -2.543301270189232355 ) ) ;
#2399 = AXIS2_PLACEMENT_3D ( 'NONE', #2145, #1019, #4371 ) ;
#2400 = VECTOR ( 'NONE', #4453, 1000.000000000000000 ) ;
#2401 = AXIS2_PLACEMENT_3D ( 'NONE', #4090, #5716, #4591 ) ;
#2402 = CARTESIAN_POINT ( 'NONE',  ( -9.500000000000000000, 2.695312499999993339, 0.000000000000000000 ) ) ;
#2403 = ORIENTED_EDGE ( 'NONE', *, *, #3343, .T. ) ;
#2404 = CARTESIAN_POINT ( 'NONE',  ( 7.100000000000002309, -1.400343491548913688, -1.400343491548899255 ) ) ;
#2405 = DIRECTION ( 'NONE',  ( 1.000000000000000000, -2.168404344971008868E-16, 0.000000000000000000 ) ) ;
#2406 = EDGE_CURVE ( 'NONE', #5923, #314, #5747, .T. ) ;
#2407 = CARTESIAN_POINT ( 'NONE',  ( -0.9355555555555929992, -3.582625322360782683, -4.173103856792864441 ) ) ;
#2408 = CARTESIAN_POINT ( 'NONE',  ( 13.97500000000000497, -1.798385574751180105, -1.798385574751165450 ) ) ;
#2409 = DIRECTION ( 'NONE',  ( 0.000000000000000000, 0.000000000000000000, 1.000000000000000000 ) ) ;
#2410 = VERTEX_POINT ( 'NONE', #3221 ) ;
#2411 = CARTESIAN_POINT ( 'NONE',  ( 4.425000000000003375, -1.434498467178515336E-14, -2.543301270189231911 ) ) ;
#2412 = CARTESIAN_POINT ( 'NONE',  ( 17.50000000000000000, 4.499999999999990230, -3.162277660168401283 ) ) ;
#2413 = CARTESIAN_POINT ( 'NONE',  ( -3.467055564959167668, -2.431903738233630374, 5.763191748522623392 ) ) ;
#2414 = DIRECTION ( 'NONE',  ( 0.000000000000000000, 0.000000000000000000, -1.000000000000000000 ) ) ;
#2415 = AXIS2_PLACEMENT_3D ( 'NONE', #1250, #2859, #5048 ) ;
#2416 = DIRECTION ( 'NONE',  ( 0.000000000000000000, 0.000000000000000000, -1.000000000000000000 ) ) ;
#2417 = CARTESIAN_POINT ( 'NONE',  ( -2.027014441497236863, 2.973028707027602024, 4.865726645792364025 ) ) ;
#2418 = VERTEX_POINT ( 'NONE', #3116 ) ;
#2419 = DIRECTION ( 'NONE',  ( 1.000000000000000000, -2.087857514875232944E-16, 0.000000000000000000 ) ) ;
#2420 = CARTESIAN_POINT ( 'NONE',  ( 10.00000000000000533, 1.400343491548885710, 1.400343491548899477 ) ) ;
#2421 = CARTESIAN_POINT ( 'NONE',  ( 6.500000000000004441, -1.372470695792103782E-14, 2.500000000000010214 ) ) ;
#2422 = VERTEX_POINT ( 'NONE', #4315 ) ;
#2423 = CARTESIAN_POINT ( 'NONE',  ( -2.027014441497251074, -2.973028707036126317, 4.865726645787169069 ) ) ;
#2424 = APPROVAL ( #986, 'UNSPECIFIED' ) ;
#2425 = EDGE_CURVE ( 'NONE', #2920, #4119, #3766, .T. ) ;
#2426 = CARTESIAN_POINT ( 'NONE',  ( 1.800000000000006484, 1.400343491548885266, -1.400343491548899699 ) ) ;
#2427 = CARTESIAN_POINT ( 'NONE',  ( 11.25000000000000533, -0.8203022253684666421, -1.980384757729346745 ) ) ;
#2428 = CARTESIAN_POINT ( 'NONE',  ( -2.965262841816281192, 2.874999999999992450, 0.000000000000000000 ) ) ;
#2429 = CARTESIAN_POINT ( 'NONE',  ( 14.45000000000000284, 0.8203022253684382203, -1.980384757729346745 ) ) ;
#2430 = ORIENTED_EDGE ( 'NONE', *, *, #5387, .T. ) ;
#2431 = CYLINDRICAL_SURFACE ( 'NONE', #664, 2.500000000000008438 ) ;
#2432 = CARTESIAN_POINT ( 'NONE',  ( 11.72500000000000497, 1.798385574751151461, -1.798385574751166116 ) ) ;
#2433 = ORIENTED_EDGE ( 'NONE', *, *, #4041, .T. ) ;
#2434 = CARTESIAN_POINT ( 'NONE',  ( 10.95000000000000284, -1.980384757729360956, 0.8203022253684520981 ) ) ;
#2435 = CARTESIAN_POINT ( 'NONE',  ( 9.900000000000002132, 1.400343491548885710, 1.400343491548899477 ) ) ;
#2436 = CARTESIAN_POINT ( 'NONE',  ( 9.800000000000006040, 1.400343491548885266, -1.400343491548899699 ) ) ;
#2437 = VECTOR ( 'NONE', #1744, 1000.000000000000000 ) ;
#2438 = FACE_OUTER_BOUND ( 'NONE', #6640, .T. ) ;
#2439 = CARTESIAN_POINT ( 'NONE',  ( 9.900000000000002132, 1.400343491548885710, 1.400343491548899477 ) ) ;
#2440 = B_SPLINE_CURVE_WITH_KNOTS ( 'NONE', 3,
 ( #2047, #386, #6985, #4278, #3182, #422 ),
 .UNSPECIFIED., .F., .F.,
 ( 4, 2, 4 ),
 ( 0.0008954436143220584994, 0.001074019011021585396, 0.001252594407721112401 ),
 .UNSPECIFIED. ) ;
#2441 = CARTESIAN_POINT ( 'NONE',  ( -2.886550239935802065, 2.615813991587096599, 5.435053732286865724 ) ) ;
#2442 = CARTESIAN_POINT ( 'NONE',  ( 5.275000000000003908, -1.434498467178515336E-14, -2.543301270189231911 ) ) ;
#2443 = EDGE_CURVE ( 'NONE', #6773, #3754, #2359, .T. ) ;
#2444 = CARTESIAN_POINT ( 'NONE',  ( -9.500000000000000000, 2.695312499999991118, 0.000000000000000000 ) ) ;
#2445 = ORIENTED_EDGE ( 'NONE', *, *, #3020, .T. ) ;
#2446 = LOCAL_TIME ( 14, 24, 13.00000000000000000, #952 ) ;
#2447 = CARTESIAN_POINT ( 'NONE',  ( 5.490292769854962174, 2.499999999999997780, -0.2010433189576535107 ) ) ;
#2448 = DIRECTION ( 'NONE',  ( 1.000000000000000000, -0.000000000000000000, -0.000000000000000000 ) ) ;
#2449 = CARTESIAN_POINT ( 'NONE',  ( 16.53916018387549869, -0.6424637195781018884, 1.980384757729347189 ) ) ;
#2450 = CARTESIAN_POINT ( 'NONE',  ( 13.47500000000000497, 2.543301270189218144, -6.229291519609281552E-16 ) ) ;
#2451 = EDGE_CURVE ( 'NONE', #3658, #3919, #4861, .T. ) ;
#2452 = EDGE_LOOP ( 'NONE', ( #1809, #2767, #2650, #7016, #1556, #3278 ) ) ;
#2453 = CARTESIAN_POINT ( 'NONE',  ( 3.875000000000004885, 2.543301270189218588, 1.053469879313099433 ) ) ;
#2454 = CARTESIAN_POINT ( 'NONE',  ( 14.85000000000000675, 1.035533905932728427, -2.500000000000010214 ) ) ;
#2455 = FACE_OUTER_BOUND ( 'NONE', #581, .T. ) ;
#2456 = CARTESIAN_POINT ( 'NONE',  ( 1.850000000000004974, -2.500000000000024425, -1.035533905932741749 ) ) ;
#2457 = DIRECTION ( 'NONE',  ( 0.000000000000000000, 0.000000000000000000, -1.000000000000000000 ) ) ;
#2458 = VERTEX_POINT ( 'NONE', #7130 ) ;
#2459 = CARTESIAN_POINT ( 'NONE',  ( -2.886550239935782969, -2.615813991587112142, -5.435053732286850625 ) ) ;
#2460 = CARTESIAN_POINT ( 'NONE',  ( 5.950000000000005507, 1.980384757729333201, 0.8203022253684517651 ) ) ;
#2461 = CARTESIAN_POINT ( 'NONE',  ( -2.027014441497251074, -2.973028707036126317, 4.865726645787169069 ) ) ;
#2462 = ORIENTED_EDGE ( 'NONE', *, *, #2255, .F. ) ;
#2463 = CARTESIAN_POINT ( 'NONE',  ( -15.91115970398492685, 2.695312499999994671, 0.000000000000000000 ) ) ;
#2464 = CARTESIAN_POINT ( 'NONE',  ( 11.80000000000000426, -1.400343491548913244, 1.400343491548899477 ) ) ;
#2465 = CARTESIAN_POINT ( 'NONE',  ( -9.500000000000000000, -3.857637417314162689E-15, 0.000000000000000000 ) ) ;
#2466 = CARTESIAN_POINT ( 'NONE',  ( 16.75000000000000355, -0.8203022253684666421, -1.980384757729346745 ) ) ;
#2467 = EDGE_LOOP ( 'NONE', ( #4235, #6343, #2148, #6440 ) ) ;
#2468 = FACE_OUTER_BOUND ( 'NONE', #5350, .T. ) ;
#2469 = CARTESIAN_POINT ( 'NONE',  ( 13.27500000000000568, 1.053469879313086111, -2.543301270189232355 ) ) ;
#2470 = CARTESIAN_POINT ( 'NONE',  ( 10.80000000000000426, -1.375652421508278441E-14, 1.980384757729347189 ) ) ;
#2471 = CARTESIAN_POINT ( 'NONE',  ( 10.60000000000000142, 1.980384757729333201, -4.850543709266902538E-16 ) ) ;
#2472 = CONICAL_SURFACE ( 'NONE', #268, 2.500000000000013323, 0.7853981633974504994 ) ;
#2473 = CARTESIAN_POINT ( 'NONE',  ( 8.750000000000005329, -1.980384757729361400, -0.8203022253684514320 ) ) ;
#2474 = CARTESIAN_POINT ( 'NONE',  ( 2.600000000000003197, 1.980384757729333201, -4.850543709266902538E-16 ) ) ;
#2475 = CARTESIAN_POINT ( 'NONE',  ( 10.95000000000000284, -1.980384757729360956, 0.8203022253684520981 ) ) ;
#2476 = CARTESIAN_POINT ( 'NONE',  ( -3.088840296015075815, -2.875000000000007550, 0.000000000000000000 ) ) ;
#2477 = CARTESIAN_POINT ( 'NONE',  ( 2.225000000000002753, 2.543301270189217700, -1.053469879313101210 ) ) ;
#2478 = CARTESIAN_POINT ( 'NONE',  ( 12.00000000000000355, -1.372470695792103782E-14, 2.500000000000010214 ) ) ;
#2479 = ORIENTED_EDGE ( 'NONE', *, *, #3178, .T. ) ;
#2480 = DIRECTION ( 'NONE',  ( 1.000000000000000000, -2.029340504766912275E-16, 0.000000000000000000 ) ) ;
#2481 = CARTESIAN_POINT ( 'NONE',  ( 15.70000000000000639, -1.433703035749471672E-14, -2.500000000000010214 ) ) ;
#2482 = CARTESIAN_POINT ( 'NONE',  ( 14.37500000000000355, 1.798385574751152127, 1.798385574751165894 ) ) ;
#2483 = ORIENTED_EDGE ( 'NONE', *, *, #5682, .T. ) ;
#2484 = CARTESIAN_POINT ( 'NONE',  ( 2.875000000000003997, 1.053469879313086111, -2.543301270189232355 ) ) ;
#2485 = DIRECTION ( 'NONE',  ( -1.000000000000000000, 0.000000000000000000, 0.000000000000000000 ) ) ;
#2486 = CARTESIAN_POINT ( 'NONE',  ( -0.9355555555555938874, -3.582625322360782683, 4.173103856792866218 ) ) ;
#2487 = EDGE_CURVE ( 'NONE', #2612, #610, #424, .T. ) ;
#2488 = SPHERICAL_SURFACE ( 'NONE', #5783, 6.775000000000004796 ) ;
#2489 = CARTESIAN_POINT ( 'NONE',  ( 1.950000000000004396, -1.035533905932757293, -2.500000000000010214 ) ) ;
#2490 = CARTESIAN_POINT ( 'NONE',  ( 2.600000000000004974, 1.400343491548885266, -1.400343491548899699 ) ) ;
#2491 = ORIENTED_EDGE ( 'NONE', *, *, #4133, .F. ) ;
#2492 = CARTESIAN_POINT ( 'NONE',  ( 5.812317451387637668, -2.487477073349899648, -0.2499156048723925883 ) ) ;
#2493 = CARTESIAN_POINT ( 'NONE',  ( 4.650000000000005684, -1.980384757729360956, 0.8203022253684520981 ) ) ;
#2494 = DIRECTION ( 'NONE',  ( 0.000000000000000000, 0.000000000000000000, 1.000000000000000000 ) ) ;
#2495 = ORIENTED_EDGE ( 'NONE', *, *, #1742, .T. ) ;
#2496 = EDGE_CURVE ( 'NONE', #1055, #1315, #6531, .T. ) ;
#2497 = DIRECTION ( 'NONE',  ( 1.000000000000000000, -0.000000000000000000, -0.000000000000000000 ) ) ;
#2498 = FACE_OUTER_BOUND ( 'NONE', #6465, .T. ) ;
#2499 = CARTESIAN_POINT ( 'NONE',  ( 10.35000000000000320, -1.980384757729361178, -0.8203022253684513210 ) ) ;
#2500 = CARTESIAN_POINT ( 'NONE',  ( -9.500000000000000000, -2.610785383146993599, 0.000000000000000000 ) ) ;
#2501 = CARTESIAN_POINT ( 'NONE',  ( 17.50000000000000000, -1.400343491548913688, -1.400343491548899255 ) ) ;
#2502 = SPHERICAL_SURFACE ( 'NONE', #5661, 5.550000000000000711 ) ;
#2503 = CARTESIAN_POINT ( 'NONE',  ( 14.90000000000000746, -1.375652421508278441E-14, 1.980384757729347189 ) ) ;
#2504 = CARTESIAN_POINT ( 'NONE',  ( 8.750000000000001776, -0.8203022253684666421, -1.980384757729346745 ) ) ;
#2505 = CARTESIAN_POINT ( 'NONE',  ( 11.05000000000000426, -1.980384757729361178, -0.8203022253684513210 ) ) ;
#2506 = CARTESIAN_POINT ( 'NONE',  ( 11.00000000000000711, -1.400343491548913244, 1.400343491548899477 ) ) ;
#2507 = CARTESIAN_POINT ( 'NONE',  ( 2.350000000000003197, -0.8203022253684666421, -1.980384757729346745 ) ) ;
#2508 = CARTESIAN_POINT ( 'NONE',  ( 8.900000000000003908, 1.400343491548885266, -1.400343491548899699 ) ) ;
#2509 = CARTESIAN_POINT ( 'NONE',  ( -2.027014441497236863, -5.102791407854944392E-15, 0.000000000000000000 ) ) ;
#2510 = CARTESIAN_POINT ( 'NONE',  ( 1.575000000000003508, 1.798385574751152127, 1.798385574751165894 ) ) ;
#2511 = TOROIDAL_SURFACE ( 'NONE', #5300, 6.019421691491644744, 0.1796875000000000000 ) ;
#2512 = CARTESIAN_POINT ( 'NONE',  ( 16.37500000000000355, -1.053469879313114754, -2.543301270189232355 ) ) ;
#2513 = ORIENTED_EDGE ( 'NONE', *, *, #4320, .T. ) ;
#2514 = DIRECTION ( 'NONE',  ( 1.000000000000000000, -2.087857514875232944E-16, 0.000000000000000000 ) ) ;
#2515 = CARTESIAN_POINT ( 'NONE',  ( 16.58038475772933396, -1.162573365231574618, 1.603230164106478117 ) ) ;
#2516 = ADVANCED_FACE ( 'NONE', ( #926 ), #7021, .T. ) ;
#2517 = AXIS2_PLACEMENT_3D ( 'NONE', #5860, #4774, #5248 ) ;
#2518 = CARTESIAN_POINT ( 'NONE',  ( 12.57500000000000462, 1.798385574751151461, -1.798385574751166116 ) ) ;
#2519 = ORIENTED_EDGE ( 'NONE', *, *, #6872, .F. ) ;
#2520 = CARTESIAN_POINT ( 'NONE',  ( -15.51942169149164030, -2.695312500000006217, 7.371665507203384113E-16 ) ) ;
#2521 = FACE_OUTER_BOUND ( 'NONE', #4587, .T. ) ;
#2522 = DIRECTION ( 'NONE',  ( 1.000000000000000000, -2.491365117757746382E-16, 0.000000000000000000 ) ) ;
#2523 = CIRCLE ( 'NONE', #654, 6.183419202631547762 ) ;
#2524 = CARTESIAN_POINT ( 'NONE',  ( 8.600000000000004974, 1.767766952966361771, -1.767766952966376204 ) ) ;
#2525 = CARTESIAN_POINT ( 'NONE',  ( 2.100000000000004530, -1.375652421508278441E-14, 1.980384757729347189 ) ) ;
#2526 = ORIENTED_EDGE ( 'NONE', *, *, #1669, .T. ) ;
#2527 = AXIS2_PLACEMENT_3D ( 'NONE', #400, #330, #2618 ) ;
#2528 = CYLINDRICAL_SURFACE ( 'NONE', #4018, 2.500000000000008438 ) ;
#2529 = EDGE_CURVE ( 'NONE', #1789, #1094, #6653, .T. ) ;
#2530 = CARTESIAN_POINT ( 'NONE',  ( 6.850000000000004974, 0.8203022253684378873, 1.980384757729346967 ) ) ;
#2531 = DIRECTION ( 'NONE',  ( 1.000000000000000000, 0.000000000000000000, 1.224646799147354686E-16 ) ) ;
#2532 = VERTEX_POINT ( 'NONE', #1678 ) ;
#2533 = VECTOR ( 'NONE', #3152, 1000.000000000000000 ) ;
#2534 = CARTESIAN_POINT ( 'NONE',  ( 1.450000000000003286, -1.980384757729361178, -0.8203022253684513210 ) ) ;
#2535 = CARTESIAN_POINT ( 'NONE',  ( -9.500000000000000000, 2.695312499999991118, 0.000000000000000000 ) ) ;
#2536 = CARTESIAN_POINT ( 'NONE',  ( 10.50000000000000533, -1.424157858600947694E-14, -1.980384757729347189 ) ) ;
#2537 = CARTESIAN_POINT ( 'NONE',  ( -0.9355555555555929992, -3.582625322360782683, -4.173103856792864441 ) ) ;
#2538 = CARTESIAN_POINT ( 'NONE',  ( 14.60000000000000320, 1.980384757729333201, -4.850543709266902538E-16 ) ) ;
#2539 = DIRECTION ( 'NONE',  ( 2.168404344971008868E-16, 1.000000000000000000, -0.000000000000000000 ) ) ;
#2540 = EDGE_CURVE ( 'NONE', #4192, #4341, #529, .T. ) ;
#2541 = CARTESIAN_POINT ( 'NONE',  ( 14.50000000000000533, -1.424157858600947694E-14, -1.980384757729347189 ) ) ;
#2542 = CARTESIAN_POINT ( 'NONE',  ( 8.400000000000002132, -1.375652421508278441E-14, 1.980384757729347189 ) ) ;
#2543 = CARTESIAN_POINT ( 'NONE',  ( 9.400000000000002132, -1.980384757729360956, 2.425271854633451269E-16 ) ) ;
#2544 = CARTESIAN_POINT ( 'NONE',  ( 11.40000000000000568, 1.400343491548885266, -1.400343491548899699 ) ) ;
#2545 = CARTESIAN_POINT ( 'NONE',  ( 3.900000000000002576, -1.400343491548913688, -1.400343491548899255 ) ) ;
#2546 = CARTESIAN_POINT ( 'NONE',  ( 9.650000000000003908, 0.8203022253684383314, -1.980384757729346745 ) ) ;
#2547 =( BOUNDED_CURVE ( )  B_SPLINE_CURVE ( 2, ( #3512, #4598, #5182, #6802, #5762, #736, #1827, #2998, #204 ),
 .UNSPECIFIED., .F., .T. ) 
 B_SPLINE_CURVE_WITH_KNOTS ( ( 3, 2, 2, 2, 3 ),
 ( 0.5454545454545454142, 0.5511363636363636465, 0.5568181818181818787, 0.5625000000000000000, 0.5681818181818181213 ),
 .UNSPECIFIED. ) 
 CURVE ( )  GEOMETRIC_REPRESENTATION_ITEM ( )  RATIONAL_B_SPLINE_CURVE ( ( 1.000000000000000000, 0.9238795325112867385, 1.000000000000000000, 0.9238795325112867385, 1.000000000000000000, 0.9238795325112867385, 1.000000000000000000, 0.9238795325112867385, 1.000000000000000000 ) ) 
 REPRESENTATION_ITEM ( '' )  );
#2548 = CARTESIAN_POINT ( 'NONE',  ( 0.4541856782555916405, -4.500000000000005329, 3.162277660168404836 ) ) ;
#2549 = CARTESIAN_POINT ( 'NONE',  ( 2.775000000000003020, -1.798385574751180105, -1.798385574751165450 ) ) ;
#2550 = ORIENTED_EDGE ( 'NONE', *, *, #3995, .T. ) ;
#2551 = CARTESIAN_POINT ( 'NONE',  ( 18.15000000000000213, -1.980384757729360956, 0.8203022253684520981 ) ) ;
#2552 = AXIS2_PLACEMENT_3D ( 'NONE', #753, #2319, #1845 ) ;
#2553 = CARTESIAN_POINT ( 'NONE',  ( 6.450000000000005507, -1.035533905932755516, 2.500000000000010214 ) ) ;
#2554 = CARTESIAN_POINT ( 'NONE',  ( 11.97500000000000320, 1.798385574751152127, 1.798385574751165894 ) ) ;
#2555 = VERTEX_POINT ( 'NONE', #3877 ) ;
#2556 = DIRECTION ( 'NONE',  ( 0.000000000000000000, 0.000000000000000000, 1.000000000000000000 ) ) ;
#2557 =( BOUNDED_CURVE ( )  B_SPLINE_CURVE ( 2, ( #5652, #127, #4020, #6879, #6304, #5689, #4135, #6844, #1942 ),
 .UNSPECIFIED., .F., .F. ) 
 B_SPLINE_CURVE_WITH_KNOTS ( ( 3, 2, 2, 2, 3 ),
 ( 0.09090909090909093937, 0.09659090909090906063, 0.1022727272727272929, 0.1079545454545454142, 0.1136363636363636465 ),
 .UNSPECIFIED. ) 
 CURVE ( )  GEOMETRIC_REPRESENTATION_ITEM ( )  RATIONAL_B_SPLINE_CURVE ( ( 1.000000000000000000, 0.9238795325112867385, 1.000000000000000000, 0.9238795325112867385, 1.000000000000000000, 0.9238795325112867385, 1.000000000000000000, 0.9238795325112867385, 1.000000000000000000 ) ) 
 REPRESENTATION_ITEM ( '' )  );
#2558 = DIRECTION ( 'NONE',  ( 0.000000000000000000, 0.000000000000000000, -1.000000000000000000 ) ) ;
#2559 = CARTESIAN_POINT ( 'NONE',  ( -1.500000000000004441, 1.734723475976807094E-15, 0.000000000000000000 ) ) ;
#2560 = CARTESIAN_POINT ( 'NONE',  ( 8.500000000000003553, -1.433703035749471672E-14, -2.500000000000010214 ) ) ;
#2561 = CARTESIAN_POINT ( 'NONE',  ( 1.800000000000006484, 1.400343491548885266, -1.400343491548899699 ) ) ;
#2562 = ORIENTED_EDGE ( 'NONE', *, *, #5983, .T. ) ;
#2563 = CARTESIAN_POINT ( 'NONE',  ( 11.52500000000000391, -1.798385574751180105, -1.798385574751165450 ) ) ;
#2564 = AXIS2_PLACEMENT_3D ( 'NONE', #3101, #338, #2556 ) ;
#2565 = CARTESIAN_POINT ( 'NONE',  ( 3.800000000000004707, -1.400343491548913244, 1.400343491548899477 ) ) ;
#2566 = CARTESIAN_POINT ( 'NONE',  ( 17.10000000000000497, -2.500000000000023981, 3.061616997868394974E-16 ) ) ;
#2567 = ORIENTED_EDGE ( 'NONE', *, *, #6164, .T. ) ;
#2568 = DIRECTION ( 'NONE',  ( 1.000000000000000000, -0.000000000000000000, -0.000000000000000000 ) ) ;
#2569 = CARTESIAN_POINT ( 'NONE',  ( 12.90000000000000568, -1.372470695792103782E-14, 2.500000000000010214 ) ) ;
#2570 = CARTESIAN_POINT ( 'NONE',  ( 11.65000000000000746, 0.8203022253684378873, 1.980384757729346967 ) ) ;
#2571 = CARTESIAN_POINT ( 'NONE',  ( 7.750000000000005329, 1.035533905932728427, -2.500000000000010214 ) ) ;
#2572 = CARTESIAN_POINT ( 'NONE',  ( 15.20000000000000284, -1.424157858600947694E-14, -1.980384757729347189 ) ) ;
#2573 = DIRECTION ( 'NONE',  ( -1.000000000000000000, 1.915009303283536250E-16, 0.000000000000000000 ) ) ;
#2574 = CARTESIAN_POINT ( 'NONE',  ( 13.60000000000000675, -1.400343491548913688, -1.400343491548899255 ) ) ;
#2575 = DIRECTION ( 'NONE',  ( 1.000000000000000000, 0.000000000000000000, -1.224646799147360849E-16 ) ) ;
#2576 = CARTESIAN_POINT ( 'NONE',  ( 11.45000000000000107, 1.980384757729333201, 0.8203022253684517651 ) ) ;
#2577 = CARTESIAN_POINT ( 'NONE',  ( 11.10000000000000142, -1.400343491548913688, -1.400343491548899255 ) ) ;
#2578 = CARTESIAN_POINT ( 'NONE',  ( 8.150000000000005684, 0.8203022253684383314, -1.980384757729346745 ) ) ;
#2579 = EDGE_CURVE ( 'NONE', #5853, #6770, #2826, .T. ) ;
#2580 = CARTESIAN_POINT ( 'NONE',  ( 1.600000000000004086, -1.424157858600947694E-14, -1.980384757729347189 ) ) ;
#2581 = CARTESIAN_POINT ( 'NONE',  ( 10.05000000000000426, -0.8203022253684655318, 1.980384757729347189 ) ) ;
#2582 = CARTESIAN_POINT ( 'NONE',  ( -2.886550239948132202, 2.615813991587096599, -5.435053732301869722 ) ) ;
#2583 = B_SPLINE_CURVE_WITH_KNOTS ( 'NONE', 3,
 ( #5130, #1227, #6785, #6748, #621 ),
 .UNSPECIFIED., .F., .F.,
 ( 4, 1, 4 ),
 ( 0.000000000000000000, 4.035366859722005312E-05, 8.070733719444010625E-05 ),
 .UNSPECIFIED. ) ;
#2584 = CARTESIAN_POINT ( 'NONE',  ( 1.475000000000004086, 2.543301270189218144, -6.229291519609281552E-16 ) ) ;
#2585 = EDGE_LOOP ( 'NONE', ( #2721, #1944, #2513, #31 ) ) ;
#2586 = CARTESIAN_POINT ( 'NONE',  ( 18.10000000000000497, -1.400343491548913244, 1.400343491548899477 ) ) ;
#2587 =( BOUNDED_CURVE ( )  B_SPLINE_CURVE ( 2, ( #6177, #1666, #553, #3930, #3241, #6674, #6607, #5530, #3824 ),
 .UNSPECIFIED., .F., .T. ) 
 B_SPLINE_CURVE_WITH_KNOTS ( ( 3, 2, 2, 2, 3 ),
 ( 0.3636363636363636465, 0.3693181818181818787, 0.3750000000000000000, 0.3806818181818182323, 0.3863636363636363535 ),
 .UNSPECIFIED. ) 
 CURVE ( )  GEOMETRIC_REPRESENTATION_ITEM ( )  RATIONAL_B_SPLINE_CURVE ( ( 1.000000000000000000, 0.9238795325112867385, 1.000000000000000000, 0.9238795325112867385, 1.000000000000000000, 0.9238795325112867385, 1.000000000000000000, 0.9238795325112867385, 1.000000000000000000 ) ) 
 REPRESENTATION_ITEM ( '' )  );
#2588 = CARTESIAN_POINT ( 'NONE',  ( 14.35000000000000320, -1.980384757729361400, -0.8203022253684514320 ) ) ;
#2589 = CARTESIAN_POINT ( 'NONE',  ( 9.875000000000005329, -2.543301270189246122, 3.114645759804640776E-16 ) ) ;
#2590 = TOROIDAL_SURFACE ( 'NONE', #2001, 7.677076266392051096, 1.248967091382550132 ) ;
#2591 = ORIENTED_EDGE ( 'NONE', *, *, #4704, .F. ) ;
#2592 = DIRECTION ( 'NONE',  ( 1.000000000000000000, -0.000000000000000000, -0.000000000000000000 ) ) ;
#2593 = CARTESIAN_POINT ( 'NONE',  ( 14.70000000000000284, -2.500000000000023981, 3.061616997868394974E-16 ) ) ;
#2594 = DIRECTION ( 'NONE',  ( 0.000000000000000000, -0.000000000000000000, -1.000000000000000000 ) ) ;
#2595 = CARTESIAN_POINT ( 'NONE',  ( 17.50000000000000000, -1.194030629168669588E-14, 0.000000000000000000 ) ) ;
#2596 = CARTESIAN_POINT ( 'NONE',  ( 12.60000000000000320, 2.499999999999996003, -6.123233995736789948E-16 ) ) ;
#2597 = EDGE_LOOP ( 'NONE', ( #4668, #7144, #3034, #6634, #6949, #1836 ) ) ;
#2598 = AXIS2_PLACEMENT_3D ( 'NONE', #5209, #4628, #6830 ) ;
#2599 =( BOUNDED_CURVE ( )  B_SPLINE_CURVE ( 2, ( #6433, #4199, #1421, #915, #844, #5214, #6906, #4128, #806 ),
 .UNSPECIFIED., .F., .F. ) 
 B_SPLINE_CURVE_WITH_KNOTS ( ( 3, 2, 2, 2, 3 ),
 ( 0.6022727272727272929, 0.6079545454545454142, 0.6136363636363636465, 0.6193181818181817677, 0.6250000000000000000 ),
 .UNSPECIFIED. ) 
 CURVE ( )  GEOMETRIC_REPRESENTATION_ITEM ( )  RATIONAL_B_SPLINE_CURVE ( ( 1.000000000000000000, 0.9238795325112867385, 1.000000000000000000, 0.9238795325112867385, 1.000000000000000000, 0.9238795325112867385, 1.000000000000000000, 0.9238795325112867385, 1.000000000000000000 ) ) 
 REPRESENTATION_ITEM ( '' )  );
#2600 = CARTESIAN_POINT ( 'NONE',  ( 8.925000000000004263, -1.798385574751179439, 1.798385574751165894 ) ) ;
#2601 = CARTESIAN_POINT ( 'NONE',  ( 6.150000000000007461, -0.8203022253684655318, 1.980384757729346967 ) ) ;
#2602 = CARTESIAN_POINT ( 'NONE',  ( 3.350000000000004974, -2.500000000000023981, 1.035533905932742194 ) ) ;
#2603 = CARTESIAN_POINT ( 'NONE',  ( 11.60000000000000675, -1.433703035749471672E-14, -2.500000000000010214 ) ) ;
#2604 = DIRECTION ( 'NONE',  ( -0.000000000000000000, 1.000000000000000000, -0.000000000000000000 ) ) ;
#2605 = CARTESIAN_POINT ( 'NONE',  ( 8.600000000000004974, -1.400343491548913244, 1.400343491548899477 ) ) ;
#2606 = CARTESIAN_POINT ( 'NONE',  ( 12.50000000000000355, -1.433703035749471672E-14, -2.500000000000010214 ) ) ;
#2607 = CARTESIAN_POINT ( 'NONE',  ( 17.52500000000000924, 2.543301270189218588, 1.053469879313099433 ) ) ;
#2608 = EDGE_CURVE ( 'NONE', #1111, #4836, #4321, .T. ) ;
#2609 = CARTESIAN_POINT ( 'NONE',  ( 14.05000000000000604, -1.035533905932757293, -2.500000000000010214 ) ) ;
#2610 = CARTESIAN_POINT ( 'NONE',  ( 14.55000000000000604, 0.8203022253684382203, -1.980384757729346745 ) ) ;
#2611 = CARTESIAN_POINT ( 'NONE',  ( -9.500000000000000000, 3.640624999999996003, 0.000000000000000000 ) ) ;
#2612 = VERTEX_POINT ( 'NONE', #3838 ) ;
#2613 = CARTESIAN_POINT ( 'NONE',  ( 7.950000000000001954, -0.8203022253684666421, -1.980384757729346745 ) ) ;
#2614 = CARTESIAN_POINT ( 'NONE',  ( 7.250000000000004441, 0.8203022253684382203, -1.980384757729346745 ) ) ;
#2615 = CARTESIAN_POINT ( 'NONE',  ( 6.500000000000005329, -1.424157858600947694E-14, -1.980384757729347189 ) ) ;
#2616 = CARTESIAN_POINT ( 'NONE',  ( 4.200000000000001954, 1.980384757729333201, -4.850543709266902538E-16 ) ) ;
#2617 = CARTESIAN_POINT ( 'NONE',  ( 7.350000000000002309, 1.980384757729332978, -0.8203022253684528753 ) ) ;
#2618 = DIRECTION ( 'NONE',  ( -1.000000000000000000, 3.033396242145239324E-16, 0.000000000000000000 ) ) ;
#2619 = CARTESIAN_POINT ( 'NONE',  ( 1.375000000000004663, 1.798385574751151461, -1.798385574751166116 ) ) ;
#2620 = ORIENTED_EDGE ( 'NONE', *, *, #4224, .F. ) ;
#2621 = EDGE_CURVE ( 'NONE', #6817, #4021, #2523, .T. ) ;
#2622 = CIRCLE ( 'NONE', #751, 0.1796875000000001665 ) ;
#2623 = CARTESIAN_POINT ( 'NONE',  ( 17.50000000000000000, -1.194030629168669588E-14, 0.000000000000000000 ) ) ;
#2624 = CARTESIAN_POINT ( 'NONE',  ( 17.30000000000000782, -1.375652421508278441E-14, 1.980384757729347189 ) ) ;
#2625 = CARTESIAN_POINT ( 'NONE',  ( 14.80000000000000604, 1.400343491548885710, 1.400343491548899477 ) ) ;
#2626 = CARTESIAN_POINT ( 'NONE',  ( 15.75000000000000355, -1.980384757729360956, 0.8203022253684520981 ) ) ;
#2627 = CARTESIAN_POINT ( 'NONE',  ( 11.67500000000000426, -1.434498467178515336E-14, -2.543301270189231911 ) ) ;
#2628 = EDGE_LOOP ( 'NONE', ( #4772, #2242, #5426, #6552 ) ) ;
#2629 = EDGE_CURVE ( 'NONE', #4828, #3019, #5054, .T. ) ;
#2630 =( BOUNDED_CURVE ( )  B_SPLINE_CURVE ( 2, ( #5796, #1422, #6873, #845, #6329, #3141, #807, #4812, #6907 ),
 .UNSPECIFIED., .F., .T. ) 
 B_SPLINE_CURVE_WITH_KNOTS ( ( 3, 2, 2, 2, 3 ),
 ( 0.4886363636363636465, 0.4943181818181818232, 0.5000000000000000000, 0.5056818181818182323, 0.5113636363636363535 ),
 .UNSPECIFIED. ) 
 CURVE ( )  GEOMETRIC_REPRESENTATION_ITEM ( )  RATIONAL_B_SPLINE_CURVE ( ( 1.000000000000000000, 0.9238795325112867385, 1.000000000000000000, 0.9238795325112867385, 1.000000000000000000, 0.9238795325112867385, 1.000000000000000000, 0.9238795325112867385, 1.000000000000000000 ) ) 
 REPRESENTATION_ITEM ( '' )  );
#2631 = DIRECTION ( 'NONE',  ( 1.000000000000000000, -0.000000000000000000, -0.000000000000000000 ) ) ;
#2632 = PERSON_AND_ORGANIZATION_ROLE ( 'design_supplier' ) ;
#2633 = CARTESIAN_POINT ( 'NONE',  ( 9.250000000000005329, -1.035533905932757293, -2.500000000000010214 ) ) ;
#2634 = DIRECTION ( 'NONE',  ( 1.000000000000000000, -0.000000000000000000, -0.000000000000000000 ) ) ;
#2635 = EDGE_LOOP ( 'NONE', ( #5641, #3076, #1080, #3425 ) ) ;
#2636 = CARTESIAN_POINT ( 'NONE',  ( 8.425000000000006040, -1.434498467178515336E-14, -2.543301270189231911 ) ) ;
#2637 = VECTOR ( 'NONE', #462, 1000.000000000000000 ) ;
#2638 = CARTESIAN_POINT ( 'NONE',  ( 3.500000000000004885, 1.980384757729333201, -4.850543709266902538E-16 ) ) ;
#2639 = CARTESIAN_POINT ( 'NONE',  ( 3.550000000000003819, -1.035533905932757293, -2.500000000000010214 ) ) ;
#2640 = CARTESIAN_POINT ( 'NONE',  ( -15.68341920263155131, 2.768745557924654932, 0.000000000000000000 ) ) ;
#2641 = CARTESIAN_POINT ( 'NONE',  ( 5.817546337285666169, -2.487944075451732573, 0.2473425230492703464 ) ) ;
#2642 = CARTESIAN_POINT ( 'NONE',  ( 1.550000000000002043, 2.499999999999996447, 1.035533905932741972 ) ) ;
#2643 = CARTESIAN_POINT ( 'NONE',  ( 9.000000000000007105, 1.400343491548885266, -1.400343491548899699 ) ) ;
#2644 = CARTESIAN_POINT ( 'NONE',  ( 16.87500000000000355, -1.372205551982422560E-14, 2.543301270189231911 ) ) ;
#2645 = CARTESIAN_POINT ( 'NONE',  ( 3.750000000000003997, 1.035533905932728427, -2.500000000000010214 ) ) ;
#2646 = CARTESIAN_POINT ( 'NONE',  ( 15.65000000000000391, 0.8203022253684378873, 1.980384757729346967 ) ) ;
#2647 = AXIS2_PLACEMENT_3D ( 'NONE', #6798, #121, #1822 ) ;
#2648 = CIRCLE ( 'NONE', #554, 0.4000000000000004663 ) ;
#2649 = DIRECTION ( 'NONE',  ( -1.000000000000000000, 0.000000000000000000, 0.000000000000000000 ) ) ;
#2650 = ORIENTED_EDGE ( 'NONE', *, *, #5104, .T. ) ;
#2651 = CARTESIAN_POINT ( 'NONE',  ( 5.300000000000002487, -1.400343491548913244, 1.400343491548899477 ) ) ;
#2652 = CARTESIAN_POINT ( 'NONE',  ( 6.800000000000006040, 1.400343491548885710, 1.400343491548899477 ) ) ;
#2653 = CARTESIAN_POINT ( 'NONE',  ( 17.45000000000000639, -1.980384757729360956, 0.8203022253684520981 ) ) ;
#2654 = CARTESIAN_POINT ( 'NONE',  ( 7.800000000000003375, -1.980384757729360956, 2.425271854633451269E-16 ) ) ;
#2655 = CARTESIAN_POINT ( 'NONE',  ( 1.500000000000001554, 2.499999999999993339, -8.273476290443213815E-14 ) ) ;
#2656 = CARTESIAN_POINT ( 'NONE',  ( 17.75000000000000355, 1.980384757729332534, -0.8203022253684530973 ) ) ;
#2657 = ORIENTED_EDGE ( 'NONE', *, *, #3506, .T. ) ;
#2658 = CARTESIAN_POINT ( 'NONE',  ( 15.00000000000000355, -1.980384757729360956, 2.425271854633451269E-16 ) ) ;
#2659 = CARTESIAN_POINT ( 'NONE',  ( 14.40000000000000568, -1.372470695792103782E-14, 2.500000000000010214 ) ) ;
#2660 = CARTESIAN_POINT ( 'NONE',  ( 12.20000000000000639, 1.400343491548885266, -1.400343491548899699 ) ) ;
#2661 = DIRECTION ( 'NONE',  ( 0.000000000000000000, 0.000000000000000000, -1.000000000000000000 ) ) ;
#2662 = EDGE_CURVE ( 'NONE', #3477, #2174, #6808, .T. ) ;
#2663 = CARTESIAN_POINT ( 'NONE',  ( 11.82500000000000284, 2.543301270189217700, -1.053469879313101210 ) ) ;
#2664 = ORIENTED_EDGE ( 'NONE', *, *, #2629, .T. ) ;
#2665 = CARTESIAN_POINT ( 'NONE',  ( 10.50000000000000355, -1.372470695792103782E-14, 2.500000000000010214 ) ) ;
#2666 = FACE_OUTER_BOUND ( 'NONE', #3853, .T. ) ;
#2667 = CARTESIAN_POINT ( 'NONE',  ( 0.000000000000000000, 0.000000000000000000, 0.000000000000000000 ) ) ;
#2668 = CARTESIAN_POINT ( 'NONE',  ( 9.050000000000004263, -2.500000000000024425, -1.035533905932741749 ) ) ;
#2669 = ADVANCED_FACE ( 'NONE', ( #598 ), #2232, .F. ) ;
#2670 = TOROIDAL_SURFACE ( 'NONE', #580, 8.548000000000014253, 3.048000000000000043 ) ;
#2671 = ORIENTED_EDGE ( 'NONE', *, *, #5821, .T. ) ;
#2672 = CARTESIAN_POINT ( 'NONE',  ( 9.125000000000005329, -1.798385574751180105, -1.798385574751165450 ) ) ;
#2673 = CARTESIAN_POINT ( 'NONE',  ( 3.450000000000005063, 1.980384757729332534, -0.8203022253684530973 ) ) ;
#2674 = CARTESIAN_POINT ( 'NONE',  ( 16.99456570559673096, -0.6347819138214308987, 2.314380701297677145 ) ) ;
#2675 = CARTESIAN_POINT ( 'NONE',  ( -9.500000000000000000, 2.249999999999969802, 0.000000000000000000 ) ) ;
#2676 = CARTESIAN_POINT ( 'NONE',  ( 16.89587920477061900, -2.304527254202747066, -0.2515960069588054626 ) ) ;
#2677 = CARTESIAN_POINT ( 'NONE',  ( 11.65000000000000391, 1.035533905932728427, -2.500000000000010214 ) ) ;
#2678 = CARTESIAN_POINT ( 'NONE',  ( 7.000000000000006217, -1.400343491548913244, 1.400343491548899477 ) ) ;
#2679 = CARTESIAN_POINT ( 'NONE',  ( 17.50000000000000000, -1.194030629168669588E-14, 0.000000000000000000 ) ) ;
#2680 = CARTESIAN_POINT ( 'NONE',  ( 12.25000000000000711, 1.980384757729332534, -0.8203022253684530973 ) ) ;
#2681 = CARTESIAN_POINT ( 'NONE',  ( 5.500000000000004441, 2.499999999999997780, -6.123233995736794879E-16 ) ) ;
#2682 = ORIENTED_EDGE ( 'NONE', *, *, #405, .F. ) ;
#2683 = CARTESIAN_POINT ( 'NONE',  ( 7.750000000000005329, -1.980384757729360956, 0.8203022253684520981 ) ) ;
#2684 = CARTESIAN_POINT ( 'NONE',  ( 7.500000000000005329, 1.980384757729333201, -4.850543709266902538E-16 ) ) ;
#2685 = CARTESIAN_POINT ( 'NONE',  ( 18.40000000000000568, -1.400343491548913688, -1.400343491548899255 ) ) ;
#2686 = CARTESIAN_POINT ( 'NONE',  ( 5.500000000000003553, -1.400343491548913688, -1.400343491548899255 ) ) ;
#2687 = CARTESIAN_POINT ( 'NONE',  ( 5.333683667006487994, 2.471901734257396566, 0.3741930996892946504 ) ) ;
#2688 = ORIENTED_EDGE ( 'NONE', *, *, #1855, .T. ) ;
#2689 = CARTESIAN_POINT ( 'NONE',  ( 15.70000000000000284, -1.400343491548913244, 1.400343491548899477 ) ) ;
#2690 = CARTESIAN_POINT ( 'NONE',  ( 17.15000000000000568, 1.980384757729333201, 0.8203022253684517651 ) ) ;
#2691 = CARTESIAN_POINT ( 'NONE',  ( 13.55000000000000604, -1.980384757729361400, -0.8203022253684514320 ) ) ;
#2692 = CYLINDRICAL_SURFACE ( 'NONE', #4262, 2.500000000000008438 ) ;
#2693 = CARTESIAN_POINT ( 'NONE',  ( 8.275000000000003908, -2.543301270189246122, 3.114645759804640776E-16 ) ) ;
#2694 = EDGE_CURVE ( 'NONE', #728, #5211, #5178, .T. ) ;
#2695 = TOROIDAL_SURFACE ( 'NONE', #5237, 8.548000000000014253, 3.048000000000000043 ) ;
#2696 = ORIENTED_EDGE ( 'NONE', *, *, #1345, .F. ) ;
#2697 = CARTESIAN_POINT ( 'NONE',  ( -0.9355555555555922220, -1.194030629168669588E-14, 0.000000000000000000 ) ) ;
#2698 = DIRECTION ( 'NONE',  ( 2.168404344971008868E-16, 1.000000000000000000, -0.000000000000000000 ) ) ;
#2699 = ORIENTED_EDGE ( 'NONE', *, *, #5457, .F. ) ;
#2700 = CARTESIAN_POINT ( 'NONE',  ( 8.400000000000003908, -1.433703035749471672E-14, -2.500000000000010214 ) ) ;
#2701 = DIRECTION ( 'NONE',  ( -0.000000000000000000, 1.000000000000000000, -0.000000000000000000 ) ) ;
#2702 = CARTESIAN_POINT ( 'NONE',  ( 9.250000000000007105, 1.035533905932728427, -2.500000000000010214 ) ) ;
#2703 = CARTESIAN_POINT ( 'NONE',  ( 11.47500000000000497, -2.543301270189246122, -1.053469879313099211 ) ) ;
#2704 = CARTESIAN_POINT ( 'NONE',  ( 19.02500000000000213, 2.543301270189218144, -6.229291519609281552E-16 ) ) ;
#2705 = FACE_OUTER_BOUND ( 'NONE', #5837, .T. ) ;
#2706 = EDGE_CURVE ( 'NONE', #2555, #5016, #548, .T. ) ;
#2707 = CARTESIAN_POINT ( 'NONE',  ( -0.9355555555555928882, 3.582625322360770692, 4.173103856792867994 ) ) ;
#2708 = CARTESIAN_POINT ( 'NONE',  ( 13.25000000000000533, -1.035533905932757293, -2.500000000000010214 ) ) ;
#2709 = CARTESIAN_POINT ( 'NONE',  ( 7.400000000000005684, 1.400343491548885266, -1.400343491548899699 ) ) ;
#2710 = DIRECTION ( 'NONE',  ( -0.000000000000000000, 1.000000000000000000, -0.000000000000000000 ) ) ;
#2711 = CARTESIAN_POINT ( 'NONE',  ( 11.35000000000000497, 0.8203022253684382203, -1.980384757729346745 ) ) ;
#2712 = CARTESIAN_POINT ( 'NONE',  ( -7.000000000000000888, 3.640624999999995559, 3.061616997868382155E-16 ) ) ;
#2713 = EDGE_CURVE ( 'NONE', #3463, #7109, #4968, .T. ) ;
#2714 = ORIENTED_EDGE ( 'NONE', *, *, #5992, .F. ) ;
#2715 = CARTESIAN_POINT ( 'NONE',  ( 7.200000000000002842, -1.424157858600947694E-14, -1.980384757729347189 ) ) ;
#2716 = CARTESIAN_POINT ( 'NONE',  ( 7.350000000000005862, 0.8203022253684383314, -1.980384757729346745 ) ) ;
#2717 = CARTESIAN_POINT ( 'NONE',  ( 16.45000000000000639, 0.8203022253684378873, 1.980384757729346967 ) ) ;
#2718 = CARTESIAN_POINT ( 'NONE',  ( 8.400000000000002132, -1.375652421508278441E-14, 1.980384757729347189 ) ) ;
#2719 = ORIENTED_EDGE ( 'NONE', *, *, #4144, .T. ) ;
#2720 = CARTESIAN_POINT ( 'NONE',  ( 5.253375487877868011, 2.479441969471932961, 0.3268240600948790764 ) ) ;
#2721 = ORIENTED_EDGE ( 'NONE', *, *, #2621, .T. ) ;
#2722 = ORIENTED_EDGE ( 'NONE', *, *, #3613, .T. ) ;
#2723 = CARTESIAN_POINT ( 'NONE',  ( 15.75000000000000355, -1.980384757729360956, 0.8203022253684520981 ) ) ;
#2724 = CARTESIAN_POINT ( 'NONE',  ( 18.25000000000000355, -1.980384757729360956, 0.8203022253684520981 ) ) ;
#2725 = CARTESIAN_POINT ( 'NONE',  ( 13.20000000000000639, 1.400343491548885710, 1.400343491548899477 ) ) ;
#2726 = CARTESIAN_POINT ( 'NONE',  ( -9.500000000000001776, -2.615813991587110809, 0.000000000000000000 ) ) ;
#2727 = CARTESIAN_POINT ( 'NONE',  ( 7.275000000000003908, -1.372205551982422560E-14, 2.543301270189231911 ) ) ;
#2728 = AXIS2_PLACEMENT_3D ( 'NONE', #4120, #5410, #5913 ) ;
#2729 = ORIENTED_EDGE ( 'NONE', *, *, #4915, .F. ) ;
#2730 = CARTESIAN_POINT ( 'NONE',  ( 3.050000000000003375, 2.499999999999996003, -1.035533905932743526 ) ) ;
#2731 = CARTESIAN_POINT ( 'NONE',  ( 16.85000000000000497, 1.035533905932727983, 2.500000000000010214 ) ) ;
#2732 = CARTESIAN_POINT ( 'NONE',  ( -9.500000000000000000, 2.615813991587097931, 0.000000000000000000 ) ) ;
#2733 = ORIENTED_EDGE ( 'NONE', *, *, #6881, .T. ) ;
#2734 = EDGE_CURVE ( 'NONE', #1315, #4739, #1782, .T. ) ;
#2735 = CARTESIAN_POINT ( 'NONE',  ( 9.050000000000004263, -2.500000000000023981, 1.035533905932742194 ) ) ;
#2736 = CARTESIAN_POINT ( 'NONE',  ( -9.500000000000001776, -3.640625000000005773, 0.000000000000000000 ) ) ;
#2737 = CARTESIAN_POINT ( 'NONE',  ( 16.45000000000000639, -1.035533905932757293, -2.500000000000010214 ) ) ;
#2738 = CARTESIAN_POINT ( 'NONE',  ( 7.825000000000003730, 2.543301270189218144, -6.229291519609281552E-16 ) ) ;
#2739 = CARTESIAN_POINT ( 'NONE',  ( 18.52500000000000568, -1.798385574751179439, 1.798385574751165894 ) ) ;
#2740 = CARTESIAN_POINT ( 'NONE',  ( 1.146410161513779391, -1.375084060950821139E-14, 2.073205080756896912 ) ) ;
#2741 = CIRCLE ( 'NONE', #6788, 5.500000000000014211 ) ;
#2742 = CARTESIAN_POINT ( 'NONE',  ( 17.00090874626232562, -2.162366526098697506, -1.055642097570849147 ) ) ;
#2743 = CARTESIAN_POINT ( 'NONE',  ( 15.30000000000000426, -1.372470695792103782E-14, 2.500000000000010214 ) ) ;
#2744 = CARTESIAN_POINT ( 'NONE',  ( 7.550000000000006040, 1.980384757729333201, 0.8203022253684517651 ) ) ;
#2745 = DIRECTION ( 'NONE',  ( 1.000000000000000000, 0.000000000000000000, 1.224646799147353207E-16 ) ) ;
#2746 = EDGE_CURVE ( 'NONE', #3354, #1423, #4785, .T. ) ;
#2747 = AXIS2_PLACEMENT_3D ( 'NONE', #1238, #6299, #1313 ) ;
#2748 = CARTESIAN_POINT ( 'NONE',  ( 10.25000000000000355, -1.980384757729360956, 0.8203022253684520981 ) ) ;
#2749 = CARTESIAN_POINT ( 'NONE',  ( 17.50000000000000000, -1.194030629168669588E-14, 0.000000000000000000 ) ) ;
#2750 = EDGE_LOOP ( 'NONE', ( #6876, #6851, #3472, #6791 ) ) ;
#2751 = CARTESIAN_POINT ( 'NONE',  ( 4.800000000000002487, -1.424157858600947694E-14, -1.980384757729347189 ) ) ;
#2752 = CARTESIAN_POINT ( 'NONE',  ( 3.550000000000006484, 1.980384757729333201, 0.8203022253684517651 ) ) ;
#2753 = CARTESIAN_POINT ( 'NONE',  ( 16.75000000000001066, -1.980384757729361178, -0.8203022253684513210 ) ) ;
#2754 = CARTESIAN_POINT ( 'NONE',  ( 8.450000000000002842, -0.8203022253684655318, 1.980384757729347189 ) ) ;
#2755 = ORIENTED_EDGE ( 'NONE', *, *, #6510, .F. ) ;
#2756 = CARTESIAN_POINT ( 'NONE',  ( -6.635278514588856424, 0.7618283810285174651, -7.440301423512242884 ) ) ;
#2757 = EDGE_CURVE ( 'NONE', #1270, #3312, #1807, .T. ) ;
#2758 = CIRCLE ( 'NONE', #6353, 2.499999999999997780 ) ;
#2759 = EDGE_LOOP ( 'NONE', ( #966, #1896, #2071, #3864 ) ) ;
#2760 = ORIENTED_EDGE ( 'NONE', *, *, #4144, .F. ) ;
#2761 = CARTESIAN_POINT ( 'NONE',  ( 17.55000000000000426, -0.8203022253684666421, -1.980384757729346745 ) ) ;
#2762 = CARTESIAN_POINT ( 'NONE',  ( 18.60000000000000497, 1.400343491548885266, -1.400343491548899699 ) ) ;
#2763 = AXIS2_PLACEMENT_3D ( 'NONE', #6814, #3374, #6168 ) ;
#2764 = CARTESIAN_POINT ( 'NONE',  ( 12.05000000000000426, -0.8203022253684666421, -1.980384757729346745 ) ) ;
#2765 = CARTESIAN_POINT ( 'NONE',  ( 16.05000000000000071, 0.8203022253684383314, -1.980384757729346745 ) ) ;
#2766 = CARTESIAN_POINT ( 'NONE',  ( 9.275000000000003908, -1.434498467178515336E-14, -2.543301270189231911 ) ) ;
#2767 = ORIENTED_EDGE ( 'NONE', *, *, #4362, .T. ) ;
#2768 = CARTESIAN_POINT ( 'NONE',  ( 5.143487650124947130, -2.492340017408115393, 0.2091210936225406103 ) ) ;
#2769 = LINE ( 'NONE', #4992, #4373 ) ;
#2770 = PERSON_AND_ORGANIZATION ( #6370, #2200 ) ;
#2771 = ORIENTED_EDGE ( 'NONE', *, *, #4844, .T. ) ;
#2772 = CARTESIAN_POINT ( 'NONE',  ( -9.500000000000000000, 3.498967091382533923, 0.000000000000000000 ) ) ;
#2773 = CARTESIAN_POINT ( 'NONE',  ( 11.65000000000000391, -1.035533905932757293, -2.500000000000010214 ) ) ;
#2774 = CARTESIAN_POINT ( 'NONE',  ( 17.32500000000000639, 1.053469879313086111, -2.543301270189232355 ) ) ;
#2775 = CARTESIAN_POINT ( 'NONE',  ( 16.10000000000000497, -1.372470695792103782E-14, 2.500000000000010214 ) ) ;
#2776 =( BOUNDED_CURVE ( )  B_SPLINE_CURVE ( 2, ( #4430, #4981, #7178, #3920, #1078 ),
 .UNSPECIFIED., .F., .F. ) 
 B_SPLINE_CURVE_WITH_KNOTS ( ( 3, 2, 3 ),
 ( 0.2272727272727272929, 0.2329545454545454142, 0.2386363636363636465 ),
 .UNSPECIFIED. ) 
 CURVE ( )  GEOMETRIC_REPRESENTATION_ITEM ( )  RATIONAL_B_SPLINE_CURVE ( ( 1.000000000000000000, 0.9238795325112867385, 1.000000000000000000, 0.9238795325112867385, 1.000000000000000000 ) ) 
 REPRESENTATION_ITEM ( '' )  );
#2777 = EDGE_LOOP ( 'NONE', ( #2526, #6369, #4679, #207, #2056 ) ) ;
#2778 = CARTESIAN_POINT ( 'NONE',  ( 5.675000000000004263, -1.053469879313113200, 2.543301270189232799 ) ) ;
#2779 = CARTESIAN_POINT ( 'NONE',  ( 3.700000000000005507, -1.375652421508278441E-14, 1.980384757729347189 ) ) ;
#2780 = CARTESIAN_POINT ( 'NONE',  ( 10.05000000000000426, -1.035533905932757293, -2.500000000000010214 ) ) ;
#2781 = AXIS2_PLACEMENT_3D ( 'NONE', #3736, #7064, #5407 ) ;
#2782 = CARTESIAN_POINT ( 'NONE',  ( 16.81212976903758616, -2.183938381246491200, 0.3871888861563791417 ) ) ;
#2783 = CARTESIAN_POINT ( 'NONE',  ( 15.60000000000000320, -1.767766952966390193, -1.767766952966375760 ) ) ;
#2784 = CARTESIAN_POINT ( 'NONE',  ( 5.000000000000006217, 1.400343491548885266, -1.400343491548899699 ) ) ;
#2785 = CC_DESIGN_APPROVAL ( #4023, ( #2952 ) ) ;
#2786 = CARTESIAN_POINT ( 'NONE',  ( 10.15000000000000568, -0.8203022253684655318, 1.980384757729346967 ) ) ;
#2787 = CARTESIAN_POINT ( 'NONE',  ( -14.39758100322455547, 2.610785383146979388, 0.000000000000000000 ) ) ;
#2788 = ORIENTED_EDGE ( 'NONE', *, *, #2178, .F. ) ;
#2789 = CARTESIAN_POINT ( 'NONE',  ( 2.800000000000002043, -1.375652421508278441E-14, 1.980384757729347189 ) ) ;
#2790 = CARTESIAN_POINT ( 'NONE',  ( 2.350000000000004974, -1.980384757729361400, -0.8203022253684514320 ) ) ;
#2791 = CARTESIAN_POINT ( 'NONE',  ( 16.40000000000000568, 1.400343491548885710, 1.400343491548899477 ) ) ;
#2792 = CARTESIAN_POINT ( 'NONE',  ( 4.450000000000002842, -0.8203022253684655318, 1.980384757729347189 ) ) ;
#2793 = VERTEX_POINT ( 'NONE', #6261 ) ;
#2794 = DIRECTION ( 'NONE',  ( 1.000000000000000000, -0.000000000000000000, -0.000000000000000000 ) ) ;
#2795 = VERTEX_POINT ( 'NONE', #4015 ) ;
#2796 = ORIENTED_EDGE ( 'NONE', *, *, #5972, .T. ) ;
#2797 = CARTESIAN_POINT ( 'NONE',  ( 16.55000000000000071, -1.980384757729360956, 0.8203022253684520981 ) ) ;
#2798 = EDGE_CURVE ( 'NONE', #712, #1111, #3582, .T. ) ;
#2799 = CARTESIAN_POINT ( 'NONE',  ( 12.25000000000000711, 1.980384757729333201, 0.8203022253684517651 ) ) ;
#2800 = CARTESIAN_POINT ( 'NONE',  ( 14.55000000000000426, 1.980384757729332978, -0.8203022253684528753 ) ) ;
#2801 = CARTESIAN_POINT ( 'NONE',  ( 8.175000000000004263, -1.798385574751179439, 1.798385574751165894 ) ) ;
#2802 = ORIENTED_EDGE ( 'NONE', *, *, #3332, .F. ) ;
#2803 = CARTESIAN_POINT ( 'NONE',  ( 6.000000000000004441, -1.433703035749471672E-14, -2.500000000000010214 ) ) ;
#2804 = ADVANCED_FACE ( 'NONE', ( #1387 ), #6112, .T. ) ;
#2805 = DIRECTION ( 'NONE',  ( 0.000000000000000000, 0.000000000000000000, -1.000000000000000000 ) ) ;
#2806 = CARTESIAN_POINT ( 'NONE',  ( 17.82500000000000639, -2.543301270189245677, 1.053469879313099655 ) ) ;
#2807 = CARTESIAN_POINT ( 'NONE',  ( 16.58038475772933751, -1.955718431024642490, 0.3115914106603203670 ) ) ;
#2808 = ORIENTED_EDGE ( 'NONE', *, *, #2349, .T. ) ;
#2809 = CARTESIAN_POINT ( 'NONE',  ( 5.225000000000004086, -1.434498467178515336E-14, -2.543301270189231911 ) ) ;
#2810 = CARTESIAN_POINT ( 'NONE',  ( 16.72500000000000497, 1.798385574751152127, 1.798385574751165894 ) ) ;
#2811 = CARTESIAN_POINT ( 'NONE',  ( 2.850000000000004086, 1.035533905932728427, -2.500000000000010214 ) ) ;
#2812 = CARTESIAN_POINT ( 'NONE',  ( 16.81269768312718682, 2.027463846222820276, -0.8984235587950947233 ) ) ;
#2813 = CARTESIAN_POINT ( 'NONE',  ( 17.50000000000000000, -1.194030629168669588E-14, 0.000000000000000000 ) ) ;
#2814 = CARTESIAN_POINT ( 'NONE',  ( 3.200000000000005063, -1.400343491548913688, -1.400343491548899255 ) ) ;
#2815 = CARTESIAN_POINT ( 'NONE',  ( 11.60000000000000675, 1.400343491548885710, 1.400343491548899477 ) ) ;
#2816 = DIRECTION ( 'NONE',  ( 1.000000000000000000, -2.083162958191310782E-16, 0.000000000000000000 ) ) ;
#2817 = EDGE_LOOP ( 'NONE', ( #1543, #2950 ) ) ;
#2818 = CARTESIAN_POINT ( 'NONE',  ( 2.250000000000001776, -1.980384757729361178, -0.8203022253684513210 ) ) ;
#2819 = EDGE_CURVE ( 'NONE', #5714, #6141, #3685, .T. ) ;
#2820 = CARTESIAN_POINT ( 'NONE',  ( 4.750000000000006217, -1.980384757729361400, -0.8203022253684514320 ) ) ;
#2821 = CARTESIAN_POINT ( 'NONE',  ( 12.80000000000000604, -1.400343491548913688, -1.400343491548899255 ) ) ;
#2822 = CARTESIAN_POINT ( 'NONE',  ( 2.750000000000002665, 0.8203022253684378873, 1.980384757729347189 ) ) ;
#2823 = ORIENTED_EDGE ( 'NONE', *, *, #5864, .F. ) ;
#2824 = CARTESIAN_POINT ( 'NONE',  ( 17.00000000000000355, -1.767766952966389749, 1.767766952966375982 ) ) ;
#2825 = EDGE_LOOP ( 'NONE', ( #1116, #173, #7, #3823 ) ) ;
#2826 =( BOUNDED_CURVE ( )  B_SPLINE_CURVE ( 2, ( #631, #5505, #2196, #89, #4487, #6092, #2301, #5038, #665 ),
 .UNSPECIFIED., .F., .F. ) 
 B_SPLINE_CURVE_WITH_KNOTS ( ( 3, 2, 2, 2, 3 ),
 ( 0.2840909090909091161, 0.2897727272727272929, 0.2954545454545454697, 0.3011363636363636465, 0.3068181818181818232 ),
 .UNSPECIFIED. ) 
 CURVE ( )  GEOMETRIC_REPRESENTATION_ITEM ( )  RATIONAL_B_SPLINE_CURVE ( ( 1.000000000000000000, 0.9238795325112867385, 1.000000000000000000, 0.9238795325112867385, 1.000000000000000000, 0.9238795325112867385, 1.000000000000000000, 0.9238795325112867385, 1.000000000000000000 ) ) 
 REPRESENTATION_ITEM ( '' )  );
#2827 = ORIENTED_EDGE ( 'NONE', *, *, #4212, .F. ) ;
#2828 = CARTESIAN_POINT ( 'NONE',  ( 12.00000000000000355, -1.424157858600947694E-14, -1.980384757729347189 ) ) ;
#2829 = CARTESIAN_POINT ( 'NONE',  ( 14.40000000000000391, -1.424157858600947694E-14, -1.980384757729347189 ) ) ;
#2830 = DIRECTION ( 'NONE',  ( 1.000000000000000000, -0.000000000000000000, -0.000000000000000000 ) ) ;
#2831 = CARTESIAN_POINT ( 'NONE',  ( 13.95000000000000462, 0.8203022253684378873, 1.980384757729347189 ) ) ;
#2832 = CARTESIAN_POINT ( 'NONE',  ( 7.775000000000003908, 1.798385574751151461, -1.798385574751166116 ) ) ;
#2833 = EDGE_CURVE ( 'NONE', #1214, #2612, #1278, .T. ) ;
#2834 = CARTESIAN_POINT ( 'NONE',  ( 3.100000000000003197, 2.499999999999996003, -6.123233995736789948E-16 ) ) ;
#2835 = CARTESIAN_POINT ( 'NONE',  ( 4.850000000000002309, 0.8203022253684382203, -1.980384757729346745 ) ) ;
#2836 = CARTESIAN_POINT ( 'NONE',  ( -6.640625000000004441, -4.000000000000006217, 0.000000000000000000 ) ) ;
#2837 = CARTESIAN_POINT ( 'NONE',  ( 1.500000000000001554, 2.499999999999993339, -8.273476290443213815E-14 ) ) ;
#2838 = CARTESIAN_POINT ( 'NONE',  ( 17.50000000000000000, -1.194030629168669588E-14, 0.000000000000000000 ) ) ;
#2839 = CARTESIAN_POINT ( 'NONE',  ( 16.58038475772933040, -1.268418809881817433, 1.526476933325017660 ) ) ;
#2840 = EDGE_CURVE ( 'NONE', #5166, #6813, #771, .T. ) ;
#2841 = VERTEX_POINT ( 'NONE', #2957 ) ;
#2842 = CARTESIAN_POINT ( 'NONE',  ( 7.725000000000004086, 1.798385574751151461, -1.798385574751166116 ) ) ;
#2843 = CARTESIAN_POINT ( 'NONE',  ( 16.02500000000000568, -1.372205551982422560E-14, 2.543301270189231911 ) ) ;
#2844 = CARTESIAN_POINT ( 'NONE',  ( 16.20000000000000284, -2.500000000000023981, 3.061616997868394974E-16 ) ) ;
#2845 = DIRECTION ( 'NONE',  ( 1.000000000000000000, -0.000000000000000000, -0.000000000000000000 ) ) ;
#2846 = CARTESIAN_POINT ( 'NONE',  ( 16.89212708051201872, 1.943248635839225580, 1.224440555328899061 ) ) ;
#2847 = CARTESIAN_POINT ( 'NONE',  ( 10.75000000000000533, -1.035533905932757293, -2.500000000000010214 ) ) ;
#2848 = CARTESIAN_POINT ( 'NONE',  ( 3.450000000000005063, 1.980384757729332534, -0.8203022253684530973 ) ) ;
#2849 = CARTESIAN_POINT ( 'NONE',  ( 8.550000000000006040, -0.8203022253684655318, 1.980384757729346967 ) ) ;
#2850 = DIRECTION ( 'NONE',  ( 0.000000000000000000, 0.000000000000000000, -1.000000000000000000 ) ) ;
#2851 = ORIENTED_EDGE ( 'NONE', *, *, #515, .F. ) ;
#2852 =( BOUNDED_SURFACE ( )  B_SPLINE_SURFACE ( 1, 2, ( 
 ( #1097, #5575, #6147, #5369, #3353, #3319, #427, #3969, #5539, #2806, #623, #2291, #4513, #7024, #4411, #2607, #1737, #2189, #3936, #2774, #2051, #3735, #962, #5030, #1164, #3388, #5606, #5405, #2644, #6181, #1197, #4959, #7159, #6615, #559, #4998, #14, #2224, #6646, #1671, #3900, #6115, #1131, #5170, #5791, #4049, #1342, #1856, #3023, #3577, #6291, #801, #2876, #6750, #6361, #6252, #1268, #5244, #5638, #231, #1773, #6901, #3423, #691, #5132, #267, #2948, #4006, #6215, #151, #4548, #3501, #1895, #1308, #763, #1814, #2911, #5712, #2482, #4700, #726, #1929, #657, #5210, #191, #4158, #2408, #4629, #1229, #5097, #114, #2329, #3460, #5674, #2365, #3538, #2450, #4584, #6831, #4087, #5750, #6789, #2989, #4667, #6866, #4124, #6326, #5965, #1522, #1967, #336, #3205, #3753, #981, #2518, #5425, #300, #3616, #5824, #839, #3063, #7083, #4334, #5389, #4263, #6941, #2554, #448, #3650, #2663, #373, #4882, #2627, #4228, #6464, #3169, #4771, #3686, #409, #948, #4842, #6972, #2108, #7007, #1416, #4737, #1486, #4195, #3720, #2070, #1380, #7048, #5354, #6398, #5857, #874, #3099, #4300, #5890, #5277, #911, #5317, #2000, #6501, #5928, #6428, #1451, #3135, #2589, #4807, #2033, #2141, #4368, #3928, #5997, #5458, #6567, #617, #5600, #587, #2766, #6140, #3273, #1664, #1591, #5024, #551, #2249, #1696, #38, #7151, #2181, #7114, #3822, #4948, #4469, #481, #2283, #1086, #4403, #2693, #1016, #2801, #3783, #6, #4436, #6036, #1050, #6075, #6670, #2832, #1158, #6605, #5490, #1123, #3383, #5055, #516, #4916, #3238, #2727, #3310, #71, #1627, #6534, #3859, #1555, #5527, #4988, #6108, #2217, #6639, #3892, #5567, #3349, #5091, #2904, #6285, #3532, #795, #1224, #4000, #2358, #721, #107, #6209, #6321, #4040, #2868, #2322, #3453, #5631, #5127, #2981, #185, #1848, #145, #1768, #4578, #4117, #2442, #1806, #1336, #261, #1300, #1259, #4659, #3492, #6244, #4542, #4508, #3017, #3570, #6744, #5786, #5669, #4621, #5743, #6860, #6781, #5164, #5705, #5238, #6708, #1731, #685, #3964, #6176, #1887, #1191, #2942, #2398, #3416, #648, #6824, #4082, #757, #5203, #225, #6895, #1923, #4152, #974, #5417, #906, #6968, #941, #3197, #5922, #5851, #2549, #5818, #3644, #6936, #6356, #4835, #5271, #1375, #3163, #3608, #1409, #2477, #1516, #6392, #1482, #1995, #830, #4694, #3055, #7001, #5382, #401, #4257, #294, #2510, #4730, #2584, #3747, #2619, #1961, #3713, #6458, #4767, #4190, #866, #3092, #7038, #5959, #5309 ),
 ( #331, #4222, #6424, #1445, #2063, #3677, #4293, #5886, #3130, #5349, #368, #4801, #6493, #2028, #4328, #7074, #440, #2656, #2100, #4873, #1985, #1365, #2501, #6413, #6957, #3667, #3597, #6311, #3151, #1950, #5262, #3556, #1875, #5875, #4647, #856, #5298, #2466, #5227, #6922, #895, #6445, #1434, #3043, #250, #4211, #3119, #2018, #4684, #5772, #6850, #6885, #4179, #5909, #285, #929, #4106, #1471, #5808, #4720, #5335, #6381, #6989, #3704, #355, #821, #784, #1398, #2572, #4789, #213, #4141, #1913, #3634, #5842, #3006, #6342, #4244, #3081, #320, #2538, #4756, #1325, #2429, #2829, #1694, #68, #4035, #2353, #2280, #1762, #4573, #1662, #6740, #6705, #3925, #178, #4505, #6204, #5052, #6137, #1728, #3346, #614, #3891, #717, #5597, #680, #6172, #1121, #6106, #583, #1220, #6776, #140, #3448, #2247, #5565, #2393, #3996, #2937, #5123, #6668, #2900, #5665, #3961, #5022, #2799, #36, #1801, #5160, #1155, #3413, #6240, #1187, #1254, #104, #3488, #5701, #4538, #4615, #4467, #3379, #5628, #645, #2865, #5087, #2318, #3639, #5198, #2577, #2505, #220, #5778, #3672, #1881, #900, #5812, #3125, #861, #2471, #4725, #1404, #790, #1918, #5847, #6819, #5344, #6890, #4147, #5266, #6855, #750, #6928, #2435, #1955, #325, #6961, #3087, #3602, #2975, #4654, #4112, #6316, #2543, #6348, #1842, #1369, #5880, #256, #5304, #4184, #6386, #1331, #4762, #1990, #3011, #4217, #3564, #5232, #6419, #6280, #5738, #4689, #361, #4075, #1440, #3049, #1295, #825, #3526, #289, #3262, #5984, #504, #4830, #5916, #2683, #5375, #469, #5479, #4935, #1038, #1544, #935, #3157, #396, #2614, #2715, #2095, #6996, #4323, #3845, #5412, #1578, #4904, #7104, #4288, #2130, #7137, #3742, #2166, #7031, #2058, #4390, #4251, #3708, #6488, #6060, #1073, #6022, #1002, #6590, #1511, #4356, #5953, #1614, #3228, #3298, #5513, #536, #433, #6553, #4795, #2023, #3810, #2651, #968, #6451, #4868, #1476, #3192, #7069, #6523, #3772, #5446, #2751, #1790, #6659, #6730, #4022, #4528, #6696, #671, #1717, #2271, #3336, #4975, #6230, #4563, #5554, #6766, #2238, #2853, #1752, #2891, #5587, #3403, #58, #3478, #7173, #2204, #4458, #1245, #5691, #129, #5114, #573, #1684, #4424, #2343, #6627, #3883, #1651, #6098, #1112, #2789, #5012, #25, #3915, #6128, #1177, #4494, #1209, #1145, #6195, #3368, #2818, #604, #5043, #3951, #6162, #5618, #636, #5078, #3437, #95, #2307, #3985, #5655, #1832, #6807, #3663, #2534, #209, #815, #4715, #5838, #3552 ) ),
 .UNSPECIFIED., .F., .F., .T. ) 
 B_SPLINE_SURFACE_WITH_KNOTS ( ( 2, 2 ),
 ( 3, 2, 2, 2, 2, 2, 2, 2, 2, 2, 2, 2, 2, 2, 2, 2, 2, 2, 2, 2, 2, 2, 2, 2, 2, 2, 2, 2, 2, 2, 2, 2, 2, 2, 2, 2, 2, 2, 2, 2, 2, 2, 2, 2, 2, 2, 2, 2, 2, 2, 2, 2, 2, 2, 2, 2, 2, 2, 2, 2, 2, 2, 2, 2, 2, 2, 2, 2, 2, 2, 2, 2, 2, 2, 2, 2, 2, 2, 2, 2, 2, 2, 2, 2, 2, 2, 2, 2, 2, 2, 2, 2, 2, 2, 2, 2, 2, 2, 2, 2, 2, 2, 2, 2, 2, 2, 2, 2, 2, 2, 2, 2, 2, 2, 2, 2, 2, 2, 2, 2, 2, 2, 2, 2, 2, 2, 2, 2, 2, 2, 2, 2, 2, 2, 2, 2, 2, 2, 2, 2, 2, 2, 2, 2, 2, 2, 2, 2, 2, 2, 2, 2, 2, 2, 2, 2, 2, 2, 2, 2, 2, 2, 2, 2, 2, 2, 2, 2, 2, 2, 2, 2, 2, 2, 3 ),
 ( 0.000000000000000000, 1.000000000000000000 ),
 ( 0.000000000000000000, 0.005681818181818181976, 0.01136363636363636395, 0.01704545454545454419, 0.02272727272727272790, 0.02840909090909090814, 0.03409090909090908839, 0.03977272727272727210, 0.04545454545454545581, 0.05113636363636363952, 0.05681818181818181629, 0.06250000000000000000, 0.06818181818181817677, 0.07386363636363636742, 0.07954545454545454419, 0.08522727272727272096, 0.09090909090909091161, 0.09659090909090908839, 0.1022727272727272790, 0.1079545454545454558, 0.1136363636363636326, 0.1193181818181818232, 0.1250000000000000000, 0.1306818181818181768, 0.1363636363636363535, 0.1420454545454545581, 0.1477272727272727348, 0.1534090909090909116, 0.1590909090909090884, 0.1647727272727272652, 0.1704545454545454419, 0.1761363636363636465, 0.1818181818181818232, 0.1875000000000000000, 0.1931818181818181768, 0.1988636363636363535, 0.2045454545454545581, 0.2102272727272727348, 0.2159090909090909116, 0.2215909090909090884, 0.2272727272727272652, 0.2329545454545454419, 0.2386363636363636465, 0.2443181818181818232, 0.2500000000000000000, 0.2556818181818181768, 0.2613636363636363535, 0.2670454545454545303, 0.2727272727272727071, 0.2784090909090908839, 0.2840909090909091161, 0.2897727272727272929, 0.2954545454545454697, 0.3011363636363636465, 0.3068181818181818232, 0.3125000000000000000, 0.3181818181818181768, 0.3238636363636363535, 0.3295454545454545303, 0.3352272727272727071, 0.3409090909090908839, 0.3465909090909091161, 0.3522727272727272929, 0.3579545454545454697, 0.3636363636363636465, 0.3693181818181818232, 0.3750000000000000000, 0.3806818181818181768, 0.3863636363636363535, 0.3920454545454545303, 0.3977272727272727071, 0.4034090909090908839, 0.4090909090909091161, 0.4147727272727272929, 0.4204545454545454697, 0.4261363636363636465, 0.4318181818181818232, 0.4375000000000000000, 0.4431818181818181768, 0.4488636363636363535, 0.4545454545454545303, 0.4602272727272727071, 0.4659090909090908839, 0.4715909090909091161, 0.4772727272727272929, 0.4829545454545454697, 0.4886363636363636465, 0.4943181818181818232, 0.5000000000000000000, 0.5056818181818182323, 0.5113636363636363535, 0.5170454545454545858, 0.5227272727272727071, 0.5284090909090909394, 0.5340909090909090606, 0.5397727272727272929, 0.5454545454545454142, 0.5511363636363636465, 0.5568181818181817677, 0.5625000000000000000, 0.5681818181818182323, 0.5738636363636363535, 0.5795454545454545858, 0.5852272727272727071, 0.5909090909090909394, 0.5965909090909090606, 0.6022727272727272929, 0.6079545454545454142, 0.6136363636363636465, 0.6193181818181817677, 0.6250000000000000000, 0.6306818181818182323, 0.6363636363636363535, 0.6420454545454545858, 0.6477272727272727071, 0.6534090909090909394, 0.6590909090909090606, 0.6647727272727272929, 0.6704545454545454142, 0.6761363636363636465, 0.6818181818181817677, 0.6875000000000000000, 0.6931818181818182323, 0.6988636363636363535, 0.7045454545454545858, 0.7102272727272727071, 0.7159090909090909394, 0.7215909090909090606, 0.7272727272727272929, 0.7329545454545454142, 0.7386363636363636465, 0.7443181818181817677, 0.7500000000000000000, 0.7556818181818182323, 0.7613636363636363535, 0.7670454545454545858, 0.7727272727272727071, 0.7784090909090909394, 0.7840909090909090606, 0.7897727272727272929, 0.7954545454545454142, 0.8011363636363636465, 0.8068181818181817677, 0.8125000000000000000, 0.8181818181818182323, 0.8238636363636363535, 0.8295454545454545858, 0.8352272727272727071, 0.8409090909090909394, 0.8465909090909090606, 0.8522727272727272929, 0.8579545454545454142, 0.8636363636363636465, 0.8693181818181817677, 0.8750000000000000000, 0.8806818181818182323, 0.8863636363636363535, 0.8920454545454545858, 0.8977272727272727071, 0.9034090909090909394, 0.9090909090909090606, 0.9147727272727272929, 0.9204545454545454142, 0.9261363636363636465, 0.9318181818181817677, 0.9375000000000000000, 0.9431818181818182323, 0.9488636363636363535, 0.9545454545454545858, 0.9602272727272727071, 0.9659090909090909394, 0.9715909090909090606, 0.9772727272727272929, 0.9829545454545454142, 0.9886363636363636465 ),
 .UNSPECIFIED. ) 
 GEOMETRIC_REPRESENTATION_ITEM ( )  RATIONAL_B_SPLINE_SURFACE ( (
 ( 1.000000000000000000, 0.9238795325112867385, 1.000000000000000000, 0.9238795325112867385, 1.000000000000000000, 0.9238795325112867385, 1.000000000000000000, 0.9238795325112867385, 1.000000000000000000, 0.9238795325112867385, 1.000000000000000000, 0.9238795325112867385, 1.000000000000000000, 0.9238795325112867385, 1.000000000000000000, 0.9238795325112867385, 1.000000000000000000, 0.9238795325112867385, 1.000000000000000000, 0.9238795325112867385, 1.000000000000000000, 0.9238795325112867385, 1.000000000000000000, 0.9238795325112867385, 1.000000000000000000, 0.9238795325112867385, 1.000000000000000000, 0.9238795325112867385, 1.000000000000000000, 0.9238795325112867385, 1.000000000000000000, 0.9238795325112867385, 1.000000000000000000, 0.9238795325112867385, 1.000000000000000000, 0.9238795325112867385, 1.000000000000000000, 0.9238795325112867385, 1.000000000000000000, 0.9238795325112867385, 1.000000000000000000, 0.9238795325112867385, 1.000000000000000000, 0.9238795325112867385, 1.000000000000000000, 0.9238795325112867385, 1.000000000000000000, 0.9238795325112867385, 1.000000000000000000, 0.9238795325112867385, 1.000000000000000000, 0.9238795325112867385, 1.000000000000000000, 0.9238795325112867385, 1.000000000000000000, 0.9238795325112867385, 1.000000000000000000, 0.9238795325112867385, 1.000000000000000000, 0.9238795325112867385, 1.000000000000000000, 0.9238795325112867385, 1.000000000000000000, 0.9238795325112867385, 1.000000000000000000, 0.9238795325112867385, 1.000000000000000000, 0.9238795325112867385, 1.000000000000000000, 0.9238795325112867385, 1.000000000000000000, 0.9238795325112867385, 1.000000000000000000, 0.9238795325112867385, 1.000000000000000000, 0.9238795325112867385, 1.000000000000000000, 0.9238795325112867385, 1.000000000000000000, 0.9238795325112867385, 1.000000000000000000, 0.9238795325112867385, 1.000000000000000000, 0.9238795325112867385, 1.000000000000000000, 0.9238795325112867385, 1.000000000000000000, 0.9238795325112867385, 1.000000000000000000, 0.9238795325112867385, 1.000000000000000000, 0.9238795325112867385, 1.000000000000000000, 0.9238795325112867385, 1.000000000000000000, 0.9238795325112867385, 1.000000000000000000, 0.9238795325112867385, 1.000000000000000000, 0.9238795325112867385, 1.000000000000000000, 0.9238795325112867385, 1.000000000000000000, 0.9238795325112867385, 1.000000000000000000, 0.9238795325112867385, 1.000000000000000000, 0.9238795325112867385, 1.000000000000000000, 0.9238795325112867385, 1.000000000000000000, 0.9238795325112867385, 1.000000000000000000, 0.9238795325112867385, 1.000000000000000000, 0.9238795325112867385, 1.000000000000000000, 0.9238795325112867385, 1.000000000000000000, 0.9238795325112867385, 1.000000000000000000, 0.9238795325112867385, 1.000000000000000000, 0.9238795325112867385, 1.000000000000000000, 0.9238795325112867385, 1.000000000000000000, 0.9238795325112867385, 1.000000000000000000, 0.9238795325112867385, 1.000000000000000000, 0.9238795325112867385, 1.000000000000000000, 0.9238795325112867385, 1.000000000000000000, 0.9238795325112867385, 1.000000000000000000, 0.9238795325112867385, 1.000000000000000000, 0.9238795325112867385, 1.000000000000000000, 0.9238795325112867385, 1.000000000000000000, 0.9238795325112867385, 1.000000000000000000, 0.9238795325112867385, 1.000000000000000000, 0.9238795325112867385, 1.000000000000000000, 0.9238795325112867385, 1.000000000000000000, 0.9238795325112867385, 1.000000000000000000, 0.9238795325112867385, 1.000000000000000000, 0.9238795325112867385, 1.000000000000000000, 0.9238795325112867385, 1.000000000000000000, 0.9238795325112867385, 1.000000000000000000, 0.9238795325112867385, 1.000000000000000000, 0.9238795325112867385, 1.000000000000000000, 0.9238795325112867385, 1.000000000000000000, 0.9238795325112867385, 1.000000000000000000, 0.9238795325112867385, 1.000000000000000000, 0.9238795325112867385, 1.000000000000000000, 0.9238795325112867385, 1.000000000000000000, 0.9238795325112867385, 1.000000000000000000, 0.9238795325112867385, 1.000000000000000000, 0.9238795325112867385, 1.000000000000000000, 0.9238795325112867385, 1.000000000000000000, 0.9238795325112867385, 1.000000000000000000, 0.9238795325112867385, 1.000000000000000000, 0.9238795325112867385, 1.000000000000000000, 0.9238795325112867385, 1.000000000000000000, 0.9238795325112867385, 1.000000000000000000, 0.9238795325112867385, 1.000000000000000000, 0.9238795325112867385, 1.000000000000000000, 0.9238795325112867385, 1.000000000000000000, 0.9238795325112867385, 1.000000000000000000, 0.9238795325112867385, 1.000000000000000000, 0.9238795325112867385, 1.000000000000000000, 0.9238795325112867385, 1.000000000000000000, 0.9238795325112867385, 1.000000000000000000, 0.9238795325112867385, 1.000000000000000000, 0.9238795325112867385, 1.000000000000000000, 0.9238795325112867385, 1.000000000000000000, 0.9238795325112867385, 1.000000000000000000, 0.9238795325112867385, 1.000000000000000000, 0.9238795325112867385, 1.000000000000000000, 0.9238795325112867385, 1.000000000000000000, 0.9238795325112867385, 1.000000000000000000, 0.9238795325112867385, 1.000000000000000000, 0.9238795325112867385, 1.000000000000000000, 0.9238795325112867385, 1.000000000000000000, 0.9238795325112867385, 1.000000000000000000, 0.9238795325112867385, 1.000000000000000000, 0.9238795325112867385, 1.000000000000000000, 0.9238795325112867385, 1.000000000000000000, 0.9238795325112867385, 1.000000000000000000, 0.9238795325112867385, 1.000000000000000000, 0.9238795325112867385, 1.000000000000000000, 0.9238795325112867385, 1.000000000000000000, 0.9238795325112867385, 1.000000000000000000, 0.9238795325112867385, 1.000000000000000000, 0.9238795325112867385, 1.000000000000000000, 0.9238795325112867385, 1.000000000000000000, 0.9238795325112867385, 1.000000000000000000, 0.9238795325112867385, 1.000000000000000000, 0.9238795325112867385, 1.000000000000000000, 0.9238795325112867385, 1.000000000000000000, 0.9238795325112867385, 1.000000000000000000, 0.9238795325112867385, 1.000000000000000000, 0.9238795325112867385, 1.000000000000000000, 0.9238795325112867385, 1.000000000000000000, 0.9238795325112867385, 1.000000000000000000, 0.9238795325112867385, 1.000000000000000000, 0.9238795325112867385, 1.000000000000000000, 0.9238795325112867385, 1.000000000000000000, 0.9238795325112867385, 1.000000000000000000, 0.9238795325112867385, 1.000000000000000000, 0.9238795325112867385, 1.000000000000000000, 0.9238795325112867385, 1.000000000000000000, 0.9238795325112867385, 1.000000000000000000, 0.9238795325112867385, 1.000000000000000000, 0.9238795325112867385, 1.000000000000000000, 0.9238795325112867385, 1.000000000000000000, 0.9238795325112867385, 1.000000000000000000, 0.9238795325112867385, 1.000000000000000000, 0.9238795325112867385, 1.000000000000000000, 0.9238795325112867385, 1.000000000000000000, 0.9238795325112867385, 1.000000000000000000, 0.9238795325112867385, 1.000000000000000000, 0.9238795325112867385, 1.000000000000000000, 0.9238795325112867385, 1.000000000000000000, 0.9238795325112867385, 1.000000000000000000, 0.9238795325112867385, 1.000000000000000000, 0.9238795325112867385, 1.000000000000000000, 0.9238795325112867385, 1.000000000000000000, 0.9238795325112867385, 1.000000000000000000, 0.9238795325112867385, 1.000000000000000000, 0.9238795325112867385, 1.000000000000000000, 0.9238795325112867385, 1.000000000000000000, 0.9238795325112867385, 1.000000000000000000, 0.9238795325112867385, 1.000000000000000000, 0.9238795325112867385, 1.000000000000000000, 0.9238795325112867385, 1.000000000000000000, 0.9238795325112867385, 1.000000000000000000, 0.9238795325112867385, 1.000000000000000000, 0.9238795325112867385, 1.000000000000000000, 0.9238795325112867385, 1.000000000000000000, 0.9238795325112867385, 1.000000000000000000, 0.9238795325112867385, 1.000000000000000000, 0.9238795325112867385, 1.000000000000000000),
 ( 1.000000000000000000, 0.9238795325112867385, 1.000000000000000000, 0.9238795325112867385, 1.000000000000000000, 0.9238795325112867385, 1.000000000000000000, 0.9238795325112867385, 1.000000000000000000, 0.9238795325112867385, 1.000000000000000000, 0.9238795325112867385, 1.000000000000000000, 0.9238795325112867385, 1.000000000000000000, 0.9238795325112867385, 1.000000000000000000, 0.9238795325112867385, 1.000000000000000000, 0.9238795325112867385, 1.000000000000000000, 0.9238795325112867385, 1.000000000000000000, 0.9238795325112867385, 1.000000000000000000, 0.9238795325112867385, 1.000000000000000000, 0.9238795325112867385, 1.000000000000000000, 0.9238795325112867385, 1.000000000000000000, 0.9238795325112867385, 1.000000000000000000, 0.9238795325112867385, 1.000000000000000000, 0.9238795325112867385, 1.000000000000000000, 0.9238795325112867385, 1.000000000000000000, 0.9238795325112867385, 1.000000000000000000, 0.9238795325112867385, 1.000000000000000000, 0.9238795325112867385, 1.000000000000000000, 0.9238795325112867385, 1.000000000000000000, 0.9238795325112867385, 1.000000000000000000, 0.9238795325112867385, 1.000000000000000000, 0.9238795325112867385, 1.000000000000000000, 0.9238795325112867385, 1.000000000000000000, 0.9238795325112867385, 1.000000000000000000, 0.9238795325112867385, 1.000000000000000000, 0.9238795325112867385, 1.000000000000000000, 0.9238795325112867385, 1.000000000000000000, 0.9238795325112867385, 1.000000000000000000, 0.9238795325112867385, 1.000000000000000000, 0.9238795325112867385, 1.000000000000000000, 0.9238795325112867385, 1.000000000000000000, 0.9238795325112867385, 1.000000000000000000, 0.9238795325112867385, 1.000000000000000000, 0.9238795325112867385, 1.000000000000000000, 0.9238795325112867385, 1.000000000000000000, 0.9238795325112867385, 1.000000000000000000, 0.9238795325112867385, 1.000000000000000000, 0.9238795325112867385, 1.000000000000000000, 0.9238795325112867385, 1.000000000000000000, 0.9238795325112867385, 1.000000000000000000, 0.9238795325112867385, 1.000000000000000000, 0.9238795325112867385, 1.000000000000000000, 0.9238795325112867385, 1.000000000000000000, 0.9238795325112867385, 1.000000000000000000, 0.9238795325112867385, 1.000000000000000000, 0.9238795325112867385, 1.000000000000000000, 0.9238795325112867385, 1.000000000000000000, 0.9238795325112867385, 1.000000000000000000, 0.9238795325112867385, 1.000000000000000000, 0.9238795325112867385, 1.000000000000000000, 0.9238795325112867385, 1.000000000000000000, 0.9238795325112867385, 1.000000000000000000, 0.9238795325112867385, 1.000000000000000000, 0.9238795325112867385, 1.000000000000000000, 0.9238795325112867385, 1.000000000000000000, 0.9238795325112867385, 1.000000000000000000, 0.9238795325112867385, 1.000000000000000000, 0.9238795325112867385, 1.000000000000000000, 0.9238795325112867385, 1.000000000000000000, 0.9238795325112867385, 1.000000000000000000, 0.9238795325112867385, 1.000000000000000000, 0.9238795325112867385, 1.000000000000000000, 0.9238795325112867385, 1.000000000000000000, 0.9238795325112867385, 1.000000000000000000, 0.9238795325112867385, 1.000000000000000000, 0.9238795325112867385, 1.000000000000000000, 0.9238795325112867385, 1.000000000000000000, 0.9238795325112867385, 1.000000000000000000, 0.9238795325112867385, 1.000000000000000000, 0.9238795325112867385, 1.000000000000000000, 0.9238795325112867385, 1.000000000000000000, 0.9238795325112867385, 1.000000000000000000, 0.9238795325112867385, 1.000000000000000000, 0.9238795325112867385, 1.000000000000000000, 0.9238795325112867385, 1.000000000000000000, 0.9238795325112867385, 1.000000000000000000, 0.9238795325112867385, 1.000000000000000000, 0.9238795325112867385, 1.000000000000000000, 0.9238795325112867385, 1.000000000000000000, 0.9238795325112867385, 1.000000000000000000, 0.9238795325112867385, 1.000000000000000000, 0.9238795325112867385, 1.000000000000000000, 0.9238795325112867385, 1.000000000000000000, 0.9238795325112867385, 1.000000000000000000, 0.9238795325112867385, 1.000000000000000000, 0.9238795325112867385, 1.000000000000000000, 0.9238795325112867385, 1.000000000000000000, 0.9238795325112867385, 1.000000000000000000, 0.9238795325112867385, 1.000000000000000000, 0.9238795325112867385, 1.000000000000000000, 0.9238795325112867385, 1.000000000000000000, 0.9238795325112867385, 1.000000000000000000, 0.9238795325112867385, 1.000000000000000000, 0.9238795325112867385, 1.000000000000000000, 0.9238795325112867385, 1.000000000000000000, 0.9238795325112867385, 1.000000000000000000, 0.9238795325112867385, 1.000000000000000000, 0.9238795325112867385, 1.000000000000000000, 0.9238795325112867385, 1.000000000000000000, 0.9238795325112867385, 1.000000000000000000, 0.9238795325112867385, 1.000000000000000000, 0.9238795325112867385, 1.000000000000000000, 0.9238795325112867385, 1.000000000000000000, 0.9238795325112867385, 1.000000000000000000, 0.9238795325112867385, 1.000000000000000000, 0.9238795325112867385, 1.000000000000000000, 0.9238795325112867385, 1.000000000000000000, 0.9238795325112867385, 1.000000000000000000, 0.9238795325112867385, 1.000000000000000000, 0.9238795325112867385, 1.000000000000000000, 0.9238795325112867385, 1.000000000000000000, 0.9238795325112867385, 1.000000000000000000, 0.9238795325112867385, 1.000000000000000000, 0.9238795325112867385, 1.000000000000000000, 0.9238795325112867385, 1.000000000000000000, 0.9238795325112867385, 1.000000000000000000, 0.9238795325112867385, 1.000000000000000000, 0.9238795325112867385, 1.000000000000000000, 0.9238795325112867385, 1.000000000000000000, 0.9238795325112867385, 1.000000000000000000, 0.9238795325112867385, 1.000000000000000000, 0.9238795325112867385, 1.000000000000000000, 0.9238795325112867385, 1.000000000000000000, 0.9238795325112867385, 1.000000000000000000, 0.9238795325112867385, 1.000000000000000000, 0.9238795325112867385, 1.000000000000000000, 0.9238795325112867385, 1.000000000000000000, 0.9238795325112867385, 1.000000000000000000, 0.9238795325112867385, 1.000000000000000000, 0.9238795325112867385, 1.000000000000000000, 0.9238795325112867385, 1.000000000000000000, 0.9238795325112867385, 1.000000000000000000, 0.9238795325112867385, 1.000000000000000000, 0.9238795325112867385, 1.000000000000000000, 0.9238795325112867385, 1.000000000000000000, 0.9238795325112867385, 1.000000000000000000, 0.9238795325112867385, 1.000000000000000000, 0.9238795325112867385, 1.000000000000000000, 0.9238795325112867385, 1.000000000000000000, 0.9238795325112867385, 1.000000000000000000, 0.9238795325112867385, 1.000000000000000000, 0.9238795325112867385, 1.000000000000000000, 0.9238795325112867385, 1.000000000000000000, 0.9238795325112867385, 1.000000000000000000, 0.9238795325112867385, 1.000000000000000000, 0.9238795325112867385, 1.000000000000000000, 0.9238795325112867385, 1.000000000000000000, 0.9238795325112867385, 1.000000000000000000, 0.9238795325112867385, 1.000000000000000000, 0.9238795325112867385, 1.000000000000000000, 0.9238795325112867385, 1.000000000000000000, 0.9238795325112867385, 1.000000000000000000, 0.9238795325112867385, 1.000000000000000000, 0.9238795325112867385, 1.000000000000000000, 0.9238795325112867385, 1.000000000000000000, 0.9238795325112867385, 1.000000000000000000, 0.9238795325112867385, 1.000000000000000000, 0.9238795325112867385, 1.000000000000000000, 0.9238795325112867385, 1.000000000000000000, 0.9238795325112867385, 1.000000000000000000, 0.9238795325112867385, 1.000000000000000000, 0.9238795325112867385, 1.000000000000000000, 0.9238795325112867385, 1.000000000000000000, 0.9238795325112867385, 1.000000000000000000, 0.9238795325112867385, 1.000000000000000000, 0.9238795325112867385, 1.000000000000000000, 0.9238795325112867385, 1.000000000000000000, 0.9238795325112867385, 1.000000000000000000, 0.9238795325112867385, 1.000000000000000000, 0.9238795325112867385, 1.000000000000000000) ) ) 
 REPRESENTATION_ITEM ( '' )  SURFACE ( )  );
#2853 = CARTESIAN_POINT ( 'NONE',  ( 3.950000000000001954, -0.8203022253684666421, -1.980384757729346745 ) ) ;
#2854 = AXIS2_PLACEMENT_3D ( 'NONE', #484, #6111, #1595 ) ;
#2855 = CARTESIAN_POINT ( 'NONE',  ( 3.150000000000005684, -1.980384757729361400, -0.8203022253684514320 ) ) ;
#2856 = CARTESIAN_POINT ( 'NONE',  ( 14.30000000000000604, -1.980384757729360956, 2.425271854633451269E-16 ) ) ;
#2857 = CARTESIAN_POINT ( 'NONE',  ( 4.850000000000002309, 0.8203022253684383314, -1.980384757729346745 ) ) ;
#2858 = EDGE_LOOP ( 'NONE', ( #2823, #797, #5732, #475 ) ) ;
#2859 = DIRECTION ( 'NONE',  ( -0.000000000000000000, 0.000000000000000000, -1.000000000000000000 ) ) ;
#2860 = CARTESIAN_POINT ( 'NONE',  ( 12.67500000000000604, 2.543301270189218588, 1.053469879313099433 ) ) ;
#2861 = EDGE_CURVE ( 'NONE', #715, #869, #1691, .T. ) ;
#2862 = VERTEX_POINT ( 'NONE', #2069 ) ;
#2863 = TOROIDAL_SURFACE ( 'NONE', #1579, 7.677076266392051096, 1.248967091382550132 ) ;
#2864 = CARTESIAN_POINT ( 'NONE',  ( 11.75000000000000711, -1.980384757729360956, 0.8203022253684520981 ) ) ;
#2865 = CARTESIAN_POINT ( 'NONE',  ( 11.35000000000000142, 1.980384757729332534, -0.8203022253684530973 ) ) ;
#2866 = DIRECTION ( 'NONE',  ( 0.000000000000000000, 0.000000000000000000, -1.000000000000000000 ) ) ;
#2867 = CARTESIAN_POINT ( 'NONE',  ( 14.25000000000000178, -1.980384757729361400, -0.8203022253684514320 ) ) ;
#2868 = CARTESIAN_POINT ( 'NONE',  ( 5.875000000000003553, -2.543301270189246122, 3.114645759804640776E-16 ) ) ;
#2869 = CARTESIAN_POINT ( 'NONE',  ( 10.80000000000000604, -1.433703035749471672E-14, -2.500000000000010214 ) ) ;
#2870 = CARTESIAN_POINT ( 'NONE',  ( 6.250000000000003553, -1.980384757729361178, -0.8203022253684513210 ) ) ;
#2871 = VECTOR ( 'NONE', #6005, 1000.000000000000000 ) ;
#2872 = AXIS2_PLACEMENT_3D ( 'NONE', #5660, #2387, #1150 ) ;
#2873 = FACE_OUTER_BOUND ( 'NONE', #1914, .T. ) ;
#2874 = ADVANCED_FACE ( 'NONE', ( #6604 ), #2692, .F. ) ;
#2875 = CARTESIAN_POINT ( 'NONE',  ( 1.394493085913376396, 0.6327275424388999481, -2.314885626418073716 ) ) ;
#2876 = CARTESIAN_POINT ( 'NONE',  ( 15.67500000000000426, -1.434498467178515336E-14, -2.543301270189231911 ) ) ;
#2877 = CARTESIAN_POINT ( 'NONE',  ( 5.750000000000005329, -1.035533905932755516, 2.500000000000010214 ) ) ;
#2878 = ORIENTED_EDGE ( 'NONE', *, *, #1057, .F. ) ;
#2879 = CARTESIAN_POINT ( 'NONE',  ( 5.775000000000003908, -2.543301270189245677, 1.053469879313099655 ) ) ;
#2880 = CARTESIAN_POINT ( 'NONE',  ( 16.47500000000000497, 1.053469879313086111, -2.543301270189232355 ) ) ;
#2881 = CARTESIAN_POINT ( 'NONE',  ( 2.150000000000003464, 1.035533905932728427, -2.500000000000010214 ) ) ;
#2882 = DIRECTION ( 'NONE',  ( 0.000000000000000000, 0.000000000000000000, 1.000000000000000000 ) ) ;
#2883 = EDGE_CURVE ( 'NONE', #5966, #3376, #545, .T. ) ;
#2884 = CARTESIAN_POINT ( 'NONE',  ( 16.96375930741820426, 0.2929241942768782692, 2.363759307418162869 ) ) ;
#2885 = CARTESIAN_POINT ( 'NONE',  ( 16.69726509253226254, -0.5811367424756314071, -2.020491395018244596 ) ) ;
#2886 = CARTESIAN_POINT ( 'NONE',  ( 4.700000000000006395, -1.980384757729360956, 2.425271854633451269E-16 ) ) ;
#2887 = CARTESIAN_POINT ( 'NONE',  ( 8.700000000000006395, -1.980384757729360956, 2.425271854633451269E-16 ) ) ;
#2888 = CARTESIAN_POINT ( 'NONE',  ( 1.500000000000001332, -1.194030629168669588E-14, -2.500000000000006217 ) ) ;
#2889 = AXIS2_PLACEMENT_3D ( 'NONE', #4656, #2830, #5200 ) ;
#2890 = EDGE_LOOP ( 'NONE', ( #509, #954, #4355, #4942 ) ) ;
#2891 = CARTESIAN_POINT ( 'NONE',  ( 3.850000000000003642, -1.980384757729361178, -0.8203022253684513210 ) ) ;
#2892 = CARTESIAN_POINT ( 'NONE',  ( 3.250000000000004441, -0.8203022253684666421, -1.980384757729346745 ) ) ;
#2893 = CARTESIAN_POINT ( 'NONE',  ( 15.05000000000000604, -1.980384757729360956, 0.8203022253684520981 ) ) ;
#2894 = CARTESIAN_POINT ( 'NONE',  ( 5.300000000000002487, -1.400343491548913244, 1.400343491548899477 ) ) ;
#2895 = ORIENTED_EDGE ( 'NONE', *, *, #6990, .F. ) ;
#2896 = LOCAL_TIME ( 14, 24, 13.00000000000000000, #6572 ) ;
#2897 = CARTESIAN_POINT ( 'NONE',  ( 14.62500000000000355, -2.543301270189246122, 3.114645759804640776E-16 ) ) ;
#2898 = ORIENTED_EDGE ( 'NONE', *, *, #4716, .T. ) ;
#2899 = CARTESIAN_POINT ( 'NONE',  ( 13.20000000000000284, -1.375652421508278441E-14, 1.980384757729347189 ) ) ;
#2900 = CARTESIAN_POINT ( 'NONE',  ( 12.45000000000000107, -0.8203022253684655318, 1.980384757729346967 ) ) ;
#2901 = CARTESIAN_POINT ( 'NONE',  ( 9.900000000000005684, -1.767766952966390193, -1.767766952966375760 ) ) ;
#2902 = CARTESIAN_POINT ( 'NONE',  ( 14.10000000000000320, -1.400343491548913244, 1.400343491548899477 ) ) ;
#2903 = CARTESIAN_POINT ( 'NONE',  ( -5.352360201118599115, 2.254336166686929488, -6.603403151957912165 ) ) ;
#2904 = CARTESIAN_POINT ( 'NONE',  ( 6.475000000000003197, -1.372205551982422560E-14, 2.543301270189231911 ) ) ;
#2905 = AXIS2_PLACEMENT_3D ( 'NONE', #6431, #2592, #4302 ) ;
#2906 = DIRECTION ( 'NONE',  ( 1.000000000000000000, -0.000000000000000000, -0.000000000000000000 ) ) ;
#2907 = CARTESIAN_POINT ( 'NONE',  ( 4.550000000000001599, -1.980384757729360956, 0.8203022253684520981 ) ) ;
#2908 = DIRECTION ( 'NONE',  ( 1.000000000000000000, -0.000000000000000000, -0.000000000000000000 ) ) ;
#2909 = CARTESIAN_POINT ( 'NONE',  ( 14.40000000000000568, -1.372470695792103782E-14, 2.500000000000010214 ) ) ;
#2910 = EDGE_CURVE ( 'NONE', #5466, #6535, #1003, .T. ) ;
#2911 = CARTESIAN_POINT ( 'NONE',  ( 14.47500000000000497, -1.372205551982422560E-14, 2.543301270189231911 ) ) ;
#2912 = CARTESIAN_POINT ( 'NONE',  ( 6.900000000000004796, -1.433703035749471672E-14, -2.500000000000010214 ) ) ;
#2913 = ORIENTED_EDGE ( 'NONE', *, *, #5845, .F. ) ;
#2914 = CARTESIAN_POINT ( 'NONE',  ( 3.925000000000004707, 1.798385574751152127, 1.798385574751165894 ) ) ;
#2915 = CARTESIAN_POINT ( 'NONE',  ( 15.42500000000000426, -2.543301270189246122, 3.114645759804640776E-16 ) ) ;
#2916 = CARTESIAN_POINT ( 'NONE',  ( 8.500000000000003553, -1.433703035749471672E-14, -2.500000000000010214 ) ) ;
#2917 = CARTESIAN_POINT ( 'NONE',  ( 1.130457500586675268, -0.2950337064470029969, 2.115012630780757963 ) ) ;
#2918 = CARTESIAN_POINT ( 'NONE',  ( 17.10000000000000497, -1.767766952966390193, -1.767766952966375760 ) ) ;
#2919 = CARTESIAN_POINT ( 'NONE',  ( 4.550000000000005151, -0.8203022253684655318, 1.980384757729346967 ) ) ;
#2920 = VERTEX_POINT ( 'NONE', #4435 ) ;
#2921 = CARTESIAN_POINT ( 'NONE',  ( 17.50000000000000000, -1.194030629168669588E-14, 0.000000000000000000 ) ) ;
#2922 = ADVANCED_FACE ( 'NONE', ( #7150 ), #5188, .T. ) ;
#2923 = CARTESIAN_POINT ( 'NONE',  ( 8.050000000000004263, -0.8203022253684666421, -1.980384757729346745 ) ) ;
#2924 = DIRECTION ( 'NONE',  ( 0.000000000000000000, 0.000000000000000000, -1.000000000000000000 ) ) ;
#2925 = ORIENTED_EDGE ( 'NONE', *, *, #7133, .T. ) ;
#2926 = CARTESIAN_POINT ( 'NONE',  ( 15.15000000000000568, 2.499999999999996447, 1.035533905932741972 ) ) ;
#2927 = CARTESIAN_POINT ( 'NONE',  ( 1.400000000000005462, -1.400343491548913244, 1.400343491548899477 ) ) ;
#2928 = CARTESIAN_POINT ( 'NONE',  ( 13.45000000000000639, -1.980384757729360956, 0.8203022253684520981 ) ) ;
#2929 = CARTESIAN_POINT ( 'NONE',  ( 5.200000000000002842, -1.375652421508278441E-14, 1.980384757729347189 ) ) ;
#2930 = ORIENTED_EDGE ( 'NONE', *, *, #2451, .T. ) ;
#2931 = CARTESIAN_POINT ( 'NONE',  ( 17.10000000000000497, -2.500000000000023981, 3.061616997868394974E-16 ) ) ;
#2932 = VECTOR ( 'NONE', #1946, 1000.000000000000000 ) ;
#2933 = EDGE_CURVE ( 'NONE', #2171, #4950, #5524, .T. ) ;
#2934 = CARTESIAN_POINT ( 'NONE',  ( 12.02500000000000391, -1.372205551982422560E-14, 2.543301270189231911 ) ) ;
#2935 = ORIENTED_EDGE ( 'NONE', *, *, #7102, .F. ) ;
#2936 = CARTESIAN_POINT ( 'NONE',  ( 14.35000000000000497, -0.8203022253684666421, -1.980384757729346745 ) ) ;
#2937 = CARTESIAN_POINT ( 'NONE',  ( 12.60000000000000320, -1.980384757729360956, 2.425271854633451269E-16 ) ) ;
#2938 = CARTESIAN_POINT ( 'NONE',  ( 11.10000000000000497, 2.499999999999996003, -6.123233995736789948E-16 ) ) ;
#2939 = AXIS2_PLACEMENT_3D ( 'NONE', #2290, #5673, #1196 ) ;
#2940 = CARTESIAN_POINT ( 'NONE',  ( 14.05000000000000426, -0.8203022253684655318, 1.980384757729347189 ) ) ;
#2941 = DIRECTION ( 'NONE',  ( 0.000000000000000000, 0.000000000000000000, 1.000000000000000000 ) ) ;
#2942 = CARTESIAN_POINT ( 'NONE',  ( 3.775000000000003908, 1.798385574751151461, -1.798385574751166116 ) ) ;
#2943 = CARTESIAN_POINT ( 'NONE',  ( 6.400000000000005684, -1.372470695792103782E-14, 2.500000000000010214 ) ) ;
#2944 = EDGE_LOOP ( 'NONE', ( #4613, #702, #6845, #214 ) ) ;
#2945 = CARTESIAN_POINT ( 'NONE',  ( 5.500000000000003553, -1.400343491548913688, -1.400343491548899255 ) ) ;
#2946 = CYLINDRICAL_SURFACE ( 'NONE', #6672, 2.500000000000008438 ) ;
#2947 = CARTESIAN_POINT ( 'NONE',  ( 4.850000000000004086, 1.035533905932727983, 2.500000000000010214 ) ) ;
#2948 = CARTESIAN_POINT ( 'NONE',  ( 14.97500000000000320, 1.798385574751151461, -1.798385574751166116 ) ) ;
#2949 = CARTESIAN_POINT ( 'NONE',  ( 5.700000000000004619, -1.372470695792103782E-14, 2.500000000000010214 ) ) ;
#2950 = ORIENTED_EDGE ( 'NONE', *, *, #7102, .T. ) ;
#2951 = CARTESIAN_POINT ( 'NONE',  ( 4.625000000000004441, 2.543301270189218144, -6.229291519609281552E-16 ) ) ;
#2952 = PRODUCT_DEFINITION ( 'UNKNOWN', '', #6602, #3858 ) ;
#2953 = EDGE_CURVE ( 'NONE', #4828, #2458, #6265, .T. ) ;
#2954 = CARTESIAN_POINT ( 'NONE',  ( -3.480578308508359253, -2.875000000000008882, 0.000000000000000000 ) ) ;
#2955 = CARTESIAN_POINT ( 'NONE',  ( 7.300000000000004263, -1.372470695792103782E-14, 2.500000000000010214 ) ) ;
#2956 = CARTESIAN_POINT ( 'NONE',  ( 1.147386186826982346, -0.7283318433789270907, 2.025439280024311728 ) ) ;
#2957 = CARTESIAN_POINT ( 'NONE',  ( 5.786193522007097911, -2.484332250734376135, 0.2794517274256634320 ) ) ;
#2958 = CARTESIAN_POINT ( 'NONE',  ( -0.9355555555555927771, 3.582625322360769360, -4.173103856792867994 ) ) ;
#2959 = VERTEX_POINT ( 'NONE', #3555 ) ;
#2960 = CARTESIAN_POINT ( 'NONE',  ( -3.467521213203402120, -2.431826244435043805, -5.763415129438527629 ) ) ;
#2961 = CARTESIAN_POINT ( 'NONE',  ( 8.750000000000005329, -1.980384757729361178, -0.8203022253684513210 ) ) ;
#2962 = TOROIDAL_SURFACE ( 'NONE', #61, 6.411159703984924185, 0.1796875000000000000 ) ;
#2963 = DIRECTION ( 'NONE',  ( 2.168404344971008868E-16, 1.000000000000000000, -0.000000000000000000 ) ) ;
#2964 = ORIENTED_EDGE ( 'NONE', *, *, #6371, .F. ) ;
#2965 = DIRECTION ( 'NONE',  ( -1.000000000000000000, 2.168404344971008868E-16, 0.000000000000000000 ) ) ;
#2966 = DIRECTION ( 'NONE',  ( -1.000000000000000000, 2.168404344971008868E-16, 0.000000000000000000 ) ) ;
#2967 = EDGE_CURVE ( 'NONE', #2422, #468, #2982, .T. ) ;
#2968 = CARTESIAN_POINT ( 'NONE',  ( 12.15000000000000924, 0.8203022253684382203, -1.980384757729346745 ) ) ;
#2969 = DIRECTION ( 'NONE',  ( 0.7071067811865462405, -0.7071067811865489050, 0.000000000000000000 ) ) ;
#2970 = ORIENTED_EDGE ( 'NONE', *, *, #890, .T. ) ;
#2971 = CARTESIAN_POINT ( 'NONE',  ( 16.90000000000000568, -1.372470695792103782E-14, 2.500000000000010214 ) ) ;
#2972 = CARTESIAN_POINT ( 'NONE',  ( 11.77500000000000391, 2.543301270189217700, -1.053469879313101210 ) ) ;
#2973 = VERTEX_POINT ( 'NONE', #2537 ) ;
#2974 = CARTESIAN_POINT ( 'NONE',  ( 13.80000000000000249, 1.980384757729333201, -4.850543709266902538E-16 ) ) ;
#2975 = CARTESIAN_POINT ( 'NONE',  ( 9.600000000000003197, -1.424157858600947694E-14, -1.980384757729347189 ) ) ;
#2976 = CARTESIAN_POINT ( 'NONE',  ( 9.850000000000006750, 1.980384757729332978, -0.8203022253684528753 ) ) ;
#2977 = EDGE_CURVE ( 'NONE', #2795, #5690, #743, .T. ) ;
#2978 = CARTESIAN_POINT ( 'NONE',  ( 9.700000000000004619, -1.767766952966389749, 1.767766952966375982 ) ) ;
#2979 = CARTESIAN_POINT ( 'NONE',  ( 10.70000000000000284, 1.400343491548885710, 1.400343491548899477 ) ) ;
#2980 = CARTESIAN_POINT ( 'NONE',  ( 11.55000000000000426, -2.500000000000024425, -1.035533905932741749 ) ) ;
#2981 = CARTESIAN_POINT ( 'NONE',  ( 5.625000000000002665, 1.053469879313085666, 2.543301270189232799 ) ) ;
#2982 = CIRCLE ( 'NONE', #7032, 4.897581003224551033 ) ;
#2983 = AXIS2_PLACEMENT_3D ( 'NONE', #303, #2631, #5828 ) ;
#2984 = CARTESIAN_POINT ( 'NONE',  ( -13.34740172064212693, 3.999999999999996447, 0.000000000000000000 ) ) ;
#2985 = ORIENTED_EDGE ( 'NONE', *, *, #1989, .F. ) ;
#2986 = FACE_OUTER_BOUND ( 'NONE', #503, .T. ) ;
#2987 = CARTESIAN_POINT ( 'NONE',  ( -5.992799144715121429, 2.249405896228508617, 6.864045708019160585 ) ) ;
#2988 = CARTESIAN_POINT ( 'NONE',  ( 4.800000000000004263, 1.767766952966362215, 1.767766952966375982 ) ) ;
#2989 = CARTESIAN_POINT ( 'NONE',  ( 13.17500000000000426, -1.798385574751180105, -1.798385574751165450 ) ) ;
#2990 = AXIS2_PLACEMENT_3D ( 'NONE', #2595, #3656, #378 ) ;
#2991 = CIRCLE ( 'NONE', #5313, 0.1796874999999992784 ) ;
#2992 = ORIENTED_EDGE ( 'NONE', *, *, #1009, .F. ) ;
#2993 = CARTESIAN_POINT ( 'NONE',  ( 5.075000000000004619, -2.543301270189246122, -1.053469879313099211 ) ) ;
#2994 = CARTESIAN_POINT ( 'NONE',  ( 4.250000000000003553, -2.500000000000023981, 1.035533905932742194 ) ) ;
#2995 = CARTESIAN_POINT ( 'NONE',  ( 10.85000000000000497, 1.035533905932728427, -2.500000000000010214 ) ) ;
#2996 = DIRECTION ( 'NONE',  ( 1.000000000000000000, -0.000000000000000000, -0.000000000000000000 ) ) ;
#2997 = ORIENTED_EDGE ( 'NONE', *, *, #6654, .F. ) ;
#2998 = CARTESIAN_POINT ( 'NONE',  ( 10.85000000000000497, -1.035533905932757293, -2.500000000000010214 ) ) ;
#2999 = CARTESIAN_POINT ( 'NONE',  ( 9.300000000000006040, -1.375652421508278441E-14, 1.980384757729347189 ) ) ;
#3000 = DIRECTION ( 'NONE',  ( 1.000000000000000000, -0.000000000000000000, -0.000000000000000000 ) ) ;
#3001 = ORIENTED_EDGE ( 'NONE', *, *, #3026, .F. ) ;
#3002 = CARTESIAN_POINT ( 'NONE',  ( -2.027014441497236863, -2.973028707027602913, -4.865726645792369354 ) ) ;
#3003 = CARTESIAN_POINT ( 'NONE',  ( 17.50000000000000000, -1.163414459189985801E-14, 2.500000000000008438 ) ) ;
#3004 = CARTESIAN_POINT ( 'NONE',  ( 12.20000000000000639, 1.400343491548885266, -1.400343491548899699 ) ) ;
#3005 = CARTESIAN_POINT ( 'NONE',  ( 1.850000000000000977, 1.980384757729333201, 0.8203022253684517651 ) ) ;
#3006 = CARTESIAN_POINT ( 'NONE',  ( 14.85000000000000675, -0.8203022253684655318, 1.980384757729346967 ) ) ;
#3007 = VERTEX_POINT ( 'NONE', #4755 ) ;
#3008 = CARTESIAN_POINT ( 'NONE',  ( 5.700000000000003730, -1.767766952966389749, 1.767766952966375982 ) ) ;
#3009 = CARTESIAN_POINT ( 'NONE',  ( 14.57500000000000284, -2.543301270189245677, 1.053469879313099655 ) ) ;
#3010 = CARTESIAN_POINT ( 'NONE',  ( 9.600000000000003197, -1.424157858600947694E-14, -1.980384757729347189 ) ) ;
#3011 = CARTESIAN_POINT ( 'NONE',  ( 8.800000000000002487, -1.424157858600947694E-14, -1.980384757729347189 ) ) ;
#3012 = CARTESIAN_POINT ( 'NONE',  ( 9.650000000000005684, -0.8203022253684666421, -1.980384757729346745 ) ) ;
#3013 = AXIS2_PLACEMENT_3D ( 'NONE', #142, #6857, #1156 ) ;
#3014 = CARTESIAN_POINT ( 'NONE',  ( 1.500000000000001332, -1.400343491548913688, -1.400343491548899255 ) ) ;
#3015 = CARTESIAN_POINT ( 'NONE',  ( 11.45000000000000107, 1.980384757729333201, 0.8203022253684517651 ) ) ;
#3016 = CARTESIAN_POINT ( 'NONE',  ( 14.40000000000000568, -1.372470695792103782E-14, 2.500000000000010214 ) ) ;
#3017 = CARTESIAN_POINT ( 'NONE',  ( 4.725000000000004086, 2.543301270189218588, 1.053469879313099433 ) ) ;
#3018 = CARTESIAN_POINT ( 'NONE',  ( -6.635278514588855536, -0.7618283810268766665, -7.440301423512368117 ) ) ;
#3019 = VERTEX_POINT ( 'NONE', #212 ) ;
#3020 = EDGE_CURVE ( 'NONE', #1338, #3955, #5073, .T. ) ;
#3021 = DIRECTION ( 'NONE',  ( -2.168404344971008868E-16, -1.000000000000000000, 0.000000000000000000 ) ) ;
#3022 = CARTESIAN_POINT ( 'NONE',  ( 0.4541856782555916405, -4.500000000000005329, -3.162277660168404836 ) ) ;
#3023 = CARTESIAN_POINT ( 'NONE',  ( 15.87500000000000355, 2.543301270189218144, -6.229291519609281552E-16 ) ) ;
#3024 = VERTEX_POINT ( 'NONE', #6412 ) ;
#3025 = CARTESIAN_POINT ( 'NONE',  ( 3.425000000000004263, -2.543301270189246122, 3.114645759804640776E-16 ) ) ;
#3026 = EDGE_CURVE ( 'NONE', #5802, #6141, #4489, .T. ) ;
#3027 = CIRCLE ( 'NONE', #1735, 0.1796875000000001665 ) ;
#3028 = CARTESIAN_POINT ( 'NONE',  ( 14.90000000000000568, 1.767766952966361771, -1.767766952966376204 ) ) ;
#3029 = AXIS2_PLACEMENT_3D ( 'NONE', #811, #2377, #6302 ) ;
#3030 = DIRECTION ( 'NONE',  ( 1.000000000000000000, -3.033396242145239324E-16, 0.000000000000000000 ) ) ;
#3031 = CYLINDRICAL_SURFACE ( 'NONE', #88, 2.500000000000008438 ) ;
#3032 = CARTESIAN_POINT ( 'NONE',  ( 11.05000000000000426, 2.499999999999996003, 1.035533905932741972 ) ) ;
#3033 = CARTESIAN_POINT ( 'NONE',  ( 14.25000000000000533, 2.499999999999996003, -1.035533905932743526 ) ) ;
#3034 = ORIENTED_EDGE ( 'NONE', *, *, #6762, .F. ) ;
#3035 = CARTESIAN_POINT ( 'NONE',  ( 11.60000000000000675, -1.433703035749471672E-14, -2.500000000000010214 ) ) ;
#3036 = CARTESIAN_POINT ( 'NONE',  ( 5.050000000000006040, 1.980384757729332534, -0.8203022253684530973 ) ) ;
#3037 = FACE_OUTER_BOUND ( 'NONE', #134, .T. ) ;
#3038 = ORIENTED_EDGE ( 'NONE', *, *, #4485, .T. ) ;
#3039 = DIRECTION ( 'NONE',  ( -0.000000000000000000, 1.000000000000000000, -0.000000000000000000 ) ) ;
#3040 = CARTESIAN_POINT ( 'NONE',  ( 2.150000000000006128, -0.8203022253684655318, 1.980384757729347189 ) ) ;
#3041 = CARTESIAN_POINT ( 'NONE',  ( 9.400000000000005684, -1.400343491548913244, 1.400343491548899477 ) ) ;
#3042 = CARTESIAN_POINT ( 'NONE',  ( 1.450000000000003286, -1.980384757729361400, -0.8203022253684514320 ) ) ;
#3043 = CARTESIAN_POINT ( 'NONE',  ( 16.45000000000000284, -0.8203022253684655318, 1.980384757729346967 ) ) ;
#3044 = CARTESIAN_POINT ( 'NONE',  ( -3.088840296015075815, -2.695312500000007550, 0.000000000000000000 ) ) ;
#3045 = VECTOR ( 'NONE', #4277, 1000.000000000000000 ) ;
#3046 = CARTESIAN_POINT ( 'NONE',  ( 14.95000000000000639, -0.8203022253684655318, 1.980384757729346967 ) ) ;
#3047 = EDGE_CURVE ( 'NONE', #3136, #3662, #4359, .T. ) ;
#3048 = CARTESIAN_POINT ( 'NONE',  ( 10.25000000000000178, -1.980384757729361178, -0.8203022253684513210 ) ) ;
#3049 = CARTESIAN_POINT ( 'NONE',  ( 8.250000000000003553, 1.980384757729333201, 0.8203022253684517651 ) ) ;
#3050 = CARTESIAN_POINT ( 'NONE',  ( 9.200000000000004619, 1.400343491548885710, 1.400343491548899477 ) ) ;
#3051 = CARTESIAN_POINT ( 'NONE',  ( 2.550000000000001599, 1.980384757729332534, -0.8203022253684530973 ) ) ;
#3052 = CARTESIAN_POINT ( 'NONE',  ( 10.25000000000000178, -1.980384757729361400, -0.8203022253684514320 ) ) ;
#3053 =( BOUNDED_CURVE ( )  B_SPLINE_CURVE ( 2, ( #4170, #5722, #1976, #6877, #6226, #5218, #5687, #1867, #1241 ),
 .UNSPECIFIED., .F., .F. ) 
 B_SPLINE_CURVE_WITH_KNOTS ( ( 3, 2, 2, 2, 3 ),
 ( 0.6477272727272727071, 0.6534090909090909394, 0.6590909090909090606, 0.6647727272727272929, 0.6704545454545454142 ),
 .UNSPECIFIED. ) 
 CURVE ( )  GEOMETRIC_REPRESENTATION_ITEM ( )  RATIONAL_B_SPLINE_CURVE ( ( 1.000000000000000000, 0.9238795325112867385, 1.000000000000000000, 0.9238795325112867385, 1.000000000000000000, 0.9238795325112867385, 1.000000000000000000, 0.9238795325112867385, 1.000000000000000000 ) ) 
 REPRESENTATION_ITEM ( '' )  );
#3054 = FACE_OUTER_BOUND ( 'NONE', #2777, .T. ) ;
#3055 = CARTESIAN_POINT ( 'NONE',  ( 1.875000000000003331, -2.543301270189246122, 3.114645759804640776E-16 ) ) ;
#3056 = CARTESIAN_POINT ( 'NONE',  ( -9.500000000000000000, -2.695312500000006217, 0.000000000000000000 ) ) ;
#3057 = CARTESIAN_POINT ( 'NONE',  ( 16.12500000000000355, -1.798385574751179439, 1.798385574751165894 ) ) ;
#3058 = ORIENTED_EDGE ( 'NONE', *, *, #5933, .F. ) ;
#3059 = FACE_BOUND ( 'NONE', #1343, .T. ) ;
#3060 = B_SPLINE_CURVE_WITH_KNOTS ( 'NONE', 3,
 ( #520, #488, #2149, #7053, #6613, #4957 ),
 .UNSPECIFIED., .F., .F.,
 ( 4, 2, 4 ),
 ( 0.001840593669766336536, 0.001859788015712415116, 0.001878982361658493912 ),
 .UNSPECIFIED. ) ;
#3061 = CARTESIAN_POINT ( 'NONE',  ( 0.02748798323624489226, -4.215784928467321890, -3.566722797294343827 ) ) ;
#3062 = EDGE_CURVE ( 'NONE', #1775, #5966, #5516, .T. ) ;
#3063 = CARTESIAN_POINT ( 'NONE',  ( 12.27500000000000391, -2.543301270189246122, 3.114645759804640776E-16 ) ) ;
#3064 = ORIENTED_EDGE ( 'NONE', *, *, #4963, .F. ) ;
#3065 = CARTESIAN_POINT ( 'NONE',  ( 5.125000000000004441, -1.798385574751180105, -1.798385574751165450 ) ) ;
#3066 =( BOUNDED_CURVE ( )  B_SPLINE_CURVE ( 2, ( #6651, #1137, #566, #6619, #596, #2120, #4483, #2811, #5035 ),
 .UNSPECIFIED., .F., .F. ) 
 B_SPLINE_CURVE_WITH_KNOTS ( ( 3, 2, 2, 2, 3 ),
 ( 0.8977272727272727071, 0.9034090909090909394, 0.9090909090909090606, 0.9147727272727272929, 0.9204545454545454142 ),
 .UNSPECIFIED. ) 
 CURVE ( )  GEOMETRIC_REPRESENTATION_ITEM ( )  RATIONAL_B_SPLINE_CURVE ( ( 1.000000000000000000, 0.9238795325112867385, 1.000000000000000000, 0.9238795325112867385, 1.000000000000000000, 0.9238795325112867385, 1.000000000000000000, 0.9238795325112867385, 1.000000000000000000 ) ) 
 REPRESENTATION_ITEM ( '' )  );
#3067 = CARTESIAN_POINT ( 'NONE',  ( 17.50000000000000000, -1.163414459189985801E-14, 2.500000000000008438 ) ) ;
#3068 = FACE_OUTER_BOUND ( 'NONE', #5521, .T. ) ;
#3069 = DIRECTION ( 'NONE',  ( -1.000000000000000000, 2.254409081679263150E-16, 0.000000000000000000 ) ) ;
#3070 = ADVANCED_FACE ( 'NONE', ( #1874 ), #2142, .T. ) ;
#3071 = CARTESIAN_POINT ( 'NONE',  ( 2.250000000000006217, -1.980384757729360956, 0.8203022253684520981 ) ) ;
#3072 = ORIENTED_EDGE ( 'NONE', *, *, #706, .T. ) ;
#3073 = CARTESIAN_POINT ( 'NONE',  ( 17.50000000000000000, -1.194030629168669588E-14, 0.000000000000000000 ) ) ;
#3074 = CARTESIAN_POINT ( 'NONE',  ( 5.400000000000005684, -1.400343491548913244, 1.400343491548899477 ) ) ;
#3075 = CARTESIAN_POINT ( 'NONE',  ( 16.50000000000000355, -1.433703035749471672E-14, -2.500000000000010214 ) ) ;
#3076 = ORIENTED_EDGE ( 'NONE', *, *, #1210, .T. ) ;
#3077 = CYLINDRICAL_SURFACE ( 'NONE', #5378, 2.500000000000008438 ) ;
#3078 = DIRECTION ( 'NONE',  ( -1.000000000000000000, 2.168404344971008621E-16, 0.000000000000000000 ) ) ;
#3079 = CARTESIAN_POINT ( 'NONE',  ( 11.00000000000000711, -1.400343491548913244, 1.400343491548899477 ) ) ;
#3080 = CARTESIAN_POINT ( 'NONE',  ( 1.400000000000001910, -1.980384757729360956, 2.425271854633451269E-16 ) ) ;
#3081 = CARTESIAN_POINT ( 'NONE',  ( 14.70000000000000284, 1.400343491548885710, 1.400343491548899477 ) ) ;
#3082 = DIRECTION ( 'NONE',  ( -1.000000000000000000, 2.254409081679264136E-16, 0.000000000000000000 ) ) ;
#3083 = AXIS2_PLACEMENT_3D ( 'NONE', #3226, #4902, #3155 ) ;
#3084 = CARTESIAN_POINT ( 'NONE',  ( 14.20000000000000639, -1.400343491548913244, 1.400343491548899477 ) ) ;
#3085 = B_SPLINE_CURVE_WITH_KNOTS ( 'NONE', 3,
 ( #2486, #1971, #5829, #6402 ),
 .UNSPECIFIED., .F., .F.,
 ( 4, 4 ),
 ( 2.628269920074184459E-07, 0.001429464303666815733 ),
 .UNSPECIFIED. ) ;
#3086 = CARTESIAN_POINT ( 'NONE',  ( 8.550000000000002487, -1.980384757729360956, 0.8203022253684520981 ) ) ;
#3087 = CARTESIAN_POINT ( 'NONE',  ( 9.700000000000004619, 1.400343491548885266, -1.400343491548899699 ) ) ;
#3088 = CARTESIAN_POINT ( 'NONE',  ( 10.50000000000000533, -1.424157858600947694E-14, -1.980384757729347189 ) ) ;
#3089 = CARTESIAN_POINT ( 'NONE',  ( 1.550000000000002709, -0.8203022253684666421, -1.980384757729346745 ) ) ;
#3090 = CARTESIAN_POINT ( 'NONE',  ( 10.75000000000000178, 0.8203022253684378873, 1.980384757729347189 ) ) ;
#3091 = CARTESIAN_POINT ( 'NONE',  ( 5.250000000000003553, 1.035533905932728427, -2.500000000000010214 ) ) ;
#3092 = CARTESIAN_POINT ( 'NONE',  ( 1.025000000000005018, -2.543301270189245677, 1.053469879313099655 ) ) ;
#3093 = EDGE_CURVE ( 'NONE', #2375, #3778, #6921, .T. ) ;
#3094 = TOROIDAL_SURFACE ( 'NONE', #305, 6.411159703984925962, 0.1796875000000000000 ) ;
#3095 = CARTESIAN_POINT ( 'NONE',  ( 15.02500000000000568, 2.543301270189218144, -6.229291519609281552E-16 ) ) ;
#3096 = EDGE_LOOP ( 'NONE', ( #5217, #6729, #6953, #4136 ) ) ;
#3097 = CARTESIAN_POINT ( 'NONE',  ( 18.55000000000000426, 1.980384757729332534, -0.8203022253684530973 ) ) ;
#3098 = AXIS2_PLACEMENT_3D ( 'NONE', #6898, #6939, #5854 ) ;
#3099 = CARTESIAN_POINT ( 'NONE',  ( 10.47500000000000497, -1.372205551982422560E-14, 2.543301270189231911 ) ) ;
#3100 = VERTEX_POINT ( 'NONE', #1835 ) ;
#3101 = CARTESIAN_POINT ( 'NONE',  ( 5.500000000000000888, -4.500000000000009770, 0.000000000000000000 ) ) ;
#3102 = CYLINDRICAL_SURFACE ( 'NONE', #2983, 2.500000000000008438 ) ;
#3103 = DIRECTION ( 'NONE',  ( -1.000000000000000000, 0.000000000000000000, 0.000000000000000000 ) ) ;
#3104 = CARTESIAN_POINT ( 'NONE',  ( -9.500000000000000000, 2.695312499999991118, 0.000000000000000000 ) ) ;
#3105 = CARTESIAN_POINT ( 'NONE',  ( 2.350000000000004530, -1.980384757729361178, -0.8203022253684513210 ) ) ;
#3106 = ORIENTED_EDGE ( 'NONE', *, *, #1713, .T. ) ;
#3107 = AXIS2_PLACEMENT_3D ( 'NONE', #772, #2996, #2457 ) ;
#3108 =( BOUNDED_CURVE ( )  B_SPLINE_CURVE ( 2, ( #489, #720, #3568, #558, #4541, #2980, #5668, #2773, #684 ),
 .UNSPECIFIED., .F., .F. ) 
 B_SPLINE_CURVE_WITH_KNOTS ( ( 3, 2, 2, 2, 3 ),
 ( 0.5909090909090909394, 0.5965909090909091717, 0.6022727272727272929, 0.6079545454545454142, 0.6136363636363636465 ),
 .UNSPECIFIED. ) 
 CURVE ( )  GEOMETRIC_REPRESENTATION_ITEM ( )  RATIONAL_B_SPLINE_CURVE ( ( 1.000000000000000000, 0.9238795325112867385, 1.000000000000000000, 0.9238795325112867385, 1.000000000000000000, 0.9238795325112867385, 1.000000000000000000, 0.9238795325112867385, 1.000000000000000000 ) ) 
 REPRESENTATION_ITEM ( '' )  );
#3109 = CARTESIAN_POINT ( 'NONE',  ( 9.625000000000005329, -1.372205551982422560E-14, 2.543301270189231911 ) ) ;
#3110 = CARTESIAN_POINT ( 'NONE',  ( 4.800000000000006040, -1.400343491548913688, -1.400343491548899255 ) ) ;
#3111 = DIRECTION ( 'NONE',  ( 0.000000000000000000, 0.000000000000000000, 1.000000000000000000 ) ) ;
#3112 = EDGE_CURVE ( 'NONE', #712, #6752, #249, .T. ) ;
#3113 = ORIENTED_EDGE ( 'NONE', *, *, #2757, .F. ) ;
#3114 = AXIS2_PLACEMENT_3D ( 'NONE', #4143, #356, #2573 ) ;
#3115 = DIRECTION ( 'NONE',  ( 1.000000000000000000, -0.000000000000000000, -0.000000000000000000 ) ) ;
#3116 = CARTESIAN_POINT ( 'NONE',  ( 7.700000000000005507, -1.433703035749471672E-14, -2.500000000000010214 ) ) ;
#3117 = CARTESIAN_POINT ( 'NONE',  ( 9.750000000000005329, 0.8203022253684382203, -1.980384757729346745 ) ) ;
#3118 = DIRECTION ( 'NONE',  ( -0.000000000000000000, 0.000000000000000000, -1.000000000000000000 ) ) ;
#3119 = CARTESIAN_POINT ( 'NONE',  ( 16.30000000000000071, 1.400343491548885710, 1.400343491548899477 ) ) ;
#3120 = CARTESIAN_POINT ( 'NONE',  ( 3.650000000000004796, 1.035533905932728427, -2.500000000000010214 ) ) ;
#3121 = B_SPLINE_CURVE_WITH_KNOTS ( 'NONE', 3,
 ( #5941, #1103, #5472, #6620, #3289 ),
 .UNSPECIFIED., .F., .F.,
 ( 4, 1, 4 ),
 ( 0.002485171046623143708, 0.002495024505035501033, 0.002504877963447858357 ),
 .UNSPECIFIED. ) ;
#3122 = CARTESIAN_POINT ( 'NONE',  ( 13.75000000000000711, 0.8203022253684382203, -1.980384757729346745 ) ) ;
#3123 = CARTESIAN_POINT ( 'NONE',  ( 13.20000000000000462, -1.433703035749471672E-14, -2.500000000000010214 ) ) ;
#3124 = CARTESIAN_POINT ( 'NONE',  ( 8.300000000000004263, 1.400343491548885710, 1.400343491548899477 ) ) ;
#3125 = CARTESIAN_POINT ( 'NONE',  ( 10.70000000000000284, 1.400343491548885710, 1.400343491548899477 ) ) ;
#3126 = CARTESIAN_POINT ( 'NONE',  ( 10.05000000000000426, 0.8203022253684378873, 1.980384757729347189 ) ) ;
#3127 = CARTESIAN_POINT ( 'NONE',  ( 3.950000000000001954, -0.8203022253684666421, -1.980384757729346745 ) ) ;
#3128 = CARTESIAN_POINT ( 'NONE',  ( 10.40000000000000213, -1.424157858600947694E-14, -1.980384757729347189 ) ) ;
#3129 = CARTESIAN_POINT ( 'NONE',  ( 5.200000000000003730, -1.433703035749471672E-14, -2.500000000000010214 ) ) ;
#3130 = CARTESIAN_POINT ( 'NONE',  ( 18.20000000000000284, -1.980384757729360956, 2.425271854633451269E-16 ) ) ;
#3131 = ORIENTED_EDGE ( 'NONE', *, *, #2746, .T. ) ;
#3132 = CIRCLE ( 'NONE', #4879, 0.4000000000000004663 ) ;
#3133 = B_SPLINE_CURVE_WITH_KNOTS ( 'NONE', 3,
 ( #4174, #4102, #780, #6270 ),
 .UNSPECIFIED., .F., .F.,
 ( 4, 4 ),
 ( 0.07692307692307723266, 1.000000000000000000 ),
 .UNSPECIFIED. ) ;
#3134 = CARTESIAN_POINT ( 'NONE',  ( 13.95000000000000639, 1.980384757729333201, 0.8203022253684517651 ) ) ;
#3135 = CARTESIAN_POINT ( 'NONE',  ( 9.925000000000004263, -2.543301270189246122, -1.053469879313099211 ) ) ;
#3136 = VERTEX_POINT ( 'NONE', #4068 ) ;
#3137 = FACE_OUTER_BOUND ( 'NONE', #2341, .T. ) ;
#3138 = DIRECTION ( 'NONE',  ( -2.168404344971008868E-16, -1.000000000000000000, 0.000000000000000000 ) ) ;
#3139 = DIRECTION ( 'NONE',  ( 1.000000000000000000, -0.000000000000000000, -0.000000000000000000 ) ) ;
#3140 = EDGE_CURVE ( 'NONE', #6337, #3297, #6274, .T. ) ;
#3141 = CARTESIAN_POINT ( 'NONE',  ( 10.15000000000000568, 2.499999999999996003, -1.035533905932743526 ) ) ;
#3142 = CARTESIAN_POINT ( 'NONE',  ( 14.35000000000000320, 2.499999999999996447, 1.035533905932741972 ) ) ;
#3143 = VERTEX_POINT ( 'NONE', #1364 ) ;
#3144 = CARTESIAN_POINT ( 'NONE',  ( 9.675000000000004263, -1.053469879313113200, 2.543301270189232799 ) ) ;
#3145 = TOROIDAL_SURFACE ( 'NONE', #5877, 5.056145703497873178, 0.1796875000000000000 ) ;
#3146 = CARTESIAN_POINT ( 'NONE',  ( 4.350000000000004974, 1.980384757729333201, 0.8203022253684517651 ) ) ;
#3147 = DIRECTION ( 'NONE',  ( 0.000000000000000000, 0.000000000000000000, -1.000000000000000000 ) ) ;
#3148 = CARTESIAN_POINT ( 'NONE',  ( 17.50000000000000000, -1.194030629168669588E-14, 0.000000000000000000 ) ) ;
#3149 = CARTESIAN_POINT ( 'NONE',  ( 6.450000000000005507, -0.8203022253684666421, -1.980384757729346745 ) ) ;
#3150 = DIRECTION ( 'NONE',  ( -2.168404344971008868E-16, -1.000000000000000000, 0.000000000000000000 ) ) ;
#3151 = CARTESIAN_POINT ( 'NONE',  ( 17.20000000000000284, -1.375652421508278441E-14, 1.980384757729347189 ) ) ;
#3152 = DIRECTION ( 'NONE',  ( -0.7071067811865474617, 0.7071067811865476838, 0.000000000000000000 ) ) ;
#3153 = EDGE_CURVE ( 'NONE', #3662, #3136, #987, .T. ) ;
#3154 = CARTESIAN_POINT ( 'NONE',  ( 16.10000000000000497, -1.424157858600947694E-14, -1.980384757729347189 ) ) ;
#3155 = DIRECTION ( 'NONE',  ( 0.000000000000000000, 0.000000000000000000, -1.000000000000000000 ) ) ;
#3156 = CARTESIAN_POINT ( 'NONE',  ( 10.50000000000000178, 1.400343491548885266, -1.400343491548899699 ) ) ;
#3157 = CARTESIAN_POINT ( 'NONE',  ( 7.350000000000002309, 1.980384757729332534, -0.8203022253684530973 ) ) ;
#3158 = CARTESIAN_POINT ( 'NONE',  ( 7.200000000000004619, -1.400343491548913688, -1.400343491548899255 ) ) ;
#3159 = CARTESIAN_POINT ( 'NONE',  ( 3.450000000000004174, 1.980384757729333201, 0.8203022253684517651 ) ) ;
#3160 = CARTESIAN_POINT ( 'NONE',  ( 7.400000000000002132, 1.980384757729333201, -4.850543709266902538E-16 ) ) ;
#3161 = CARTESIAN_POINT ( 'NONE',  ( 5.300000000000005151, 1.767766952966361771, -1.767766952966376204 ) ) ;
#3162 = EDGE_CURVE ( 'NONE', #2418, #81, #6761, .T. ) ;
#3163 = CARTESIAN_POINT ( 'NONE',  ( 2.375000000000003997, 1.798385574751152127, 1.798385574751165894 ) ) ;
#3164 = EDGE_LOOP ( 'NONE', ( #6633, #4239, #2244, #785, #779 ) ) ;
#3165 = CYLINDRICAL_SURFACE ( 'NONE', #998, 2.500000000000008438 ) ;
#3166 = CARTESIAN_POINT ( 'NONE',  ( -14.37645820349786874, -2.695312500000007550, 5.971938930089517926E-16 ) ) ;
#3167 = CARTESIAN_POINT ( 'NONE',  ( 12.75000000000000533, -1.980384757729361400, -0.8203022253684514320 ) ) ;
#3168 = CARTESIAN_POINT ( 'NONE',  ( 10.80000000000000604, -1.433703035749471672E-14, -2.500000000000010214 ) ) ;
#3169 = CARTESIAN_POINT ( 'NONE',  ( 11.52500000000000391, -2.543301270189246122, -1.053469879313099211 ) ) ;
#3170 = AXIS2_PLACEMENT_3D ( 'NONE', #5332, #351, #4926 ) ;
#3171 = ORIENTED_EDGE ( 'NONE', *, *, #6881, .F. ) ;
#3172 = CARTESIAN_POINT ( 'NONE',  ( 10.35000000000000320, 2.499999999999996447, 1.035533905932741972 ) ) ;
#3173 = FACE_BOUND ( 'NONE', #1634, .T. ) ;
#3174 = DATE_AND_TIME ( #4886, #2446 ) ;
#3175 = CARTESIAN_POINT ( 'NONE',  ( 8.950000000000004619, -1.035533905932755516, 2.500000000000010214 ) ) ;
#3176 = DIRECTION ( 'NONE',  ( -1.000000000000000000, 2.083162958191311768E-16, 0.000000000000000000 ) ) ;
#3177 = ORIENTED_EDGE ( 'NONE', *, *, #6152, .T. ) ;
#3178 = EDGE_CURVE ( 'NONE', #4229, #2347, #4825, .T. ) ;
#3179 = CARTESIAN_POINT ( 'NONE',  ( 8.675000000000004263, 2.543301270189218588, 1.053469879313099433 ) ) ;
#3180 = CARTESIAN_POINT ( 'NONE',  ( 5.700000000000005507, -1.424157858600947694E-14, -1.980384757729347189 ) ) ;
#3181 = CARTESIAN_POINT ( 'NONE',  ( 17.07425321020927456, -2.352682295670160961, 0.7824512416708830909 ) ) ;
#3182 = CARTESIAN_POINT ( 'NONE',  ( 5.559598464362220938, -2.467792535850627633, -0.4000000000000478728 ) ) ;
#3183 = CARTESIAN_POINT ( 'NONE',  ( 17.08132287366883872, -1.870163461775035563, -1.638956998794041109 ) ) ;
#3184 = DIRECTION ( 'NONE',  ( 0.000000000000000000, 0.000000000000000000, -1.000000000000000000 ) ) ;
#3185 = CARTESIAN_POINT ( 'NONE',  ( 9.100000000000004974, 1.980384757729333201, -4.850543709266902538E-16 ) ) ;
#3186 = CARTESIAN_POINT ( 'NONE',  ( 12.10000000000000497, -1.372470695792103782E-14, 2.500000000000010214 ) ) ;
#3187 = CARTESIAN_POINT ( 'NONE',  ( 17.50000000000000000, -1.194030629168669588E-14, 0.000000000000000000 ) ) ;
#3188 = CARTESIAN_POINT ( 'NONE',  ( 16.25000000000000711, 1.980384757729332534, -0.8203022253684530973 ) ) ;
#3189 = CARTESIAN_POINT ( 'NONE',  ( 7.000000000000003553, 1.767766952966361771, -1.767766952966376204 ) ) ;
#3190 = ORIENTED_EDGE ( 'NONE', *, *, #2305, .F. ) ;
#3191 = ADVANCED_FACE ( 'NONE', ( #4351 ), #3257, .F. ) ;
#3192 = CARTESIAN_POINT ( 'NONE',  ( 5.050000000000001599, 1.980384757729333201, 0.8203022253684517651 ) ) ;
#3193 = CARTESIAN_POINT ( 'NONE',  ( 8.250000000000005329, 1.980384757729332978, -0.8203022253684528753 ) ) ;
#3194 = CARTESIAN_POINT ( 'NONE',  ( 17.55000000000001137, -1.980384757729361178, -0.8203022253684513210 ) ) ;
#3195 = CARTESIAN_POINT ( 'NONE',  ( 6.100000000000003197, -1.400343491548913244, 1.400343491548899477 ) ) ;
#3196 = DIRECTION ( 'NONE',  ( -2.168404344971008868E-16, -1.000000000000000000, 0.000000000000000000 ) ) ;
#3197 = CARTESIAN_POINT ( 'NONE',  ( 2.925000000000004263, 1.053469879313086111, -2.543301270189232355 ) ) ;
#3198 = ORIENTED_EDGE ( 'NONE', *, *, #931, .F. ) ;
#3199 = AXIS2_PLACEMENT_3D ( 'NONE', #1000, #933, #965 ) ;
#3200 = CARTESIAN_POINT ( 'NONE',  ( 16.95000000000000284, 1.980384757729332534, -0.8203022253684530973 ) ) ;
#3201 = ADVANCED_FACE ( 'NONE', ( #4863, #5908 ), #2050, .T. ) ;
#3202 = CARTESIAN_POINT ( 'NONE',  ( 17.85000000000000497, 1.980384757729332534, -0.8203022253684530973 ) ) ;
#3203 = CARTESIAN_POINT ( 'NONE',  ( 12.40000000000000391, 1.400343491548885710, 1.400343491548899477 ) ) ;
#3204 = CARTESIAN_POINT ( 'NONE',  ( 16.50000000000000355, -1.400343491548913244, 1.400343491548899477 ) ) ;
#3205 = CARTESIAN_POINT ( 'NONE',  ( 12.72500000000000320, 2.543301270189218588, 1.053469879313099433 ) ) ;
#3206 = ORIENTED_EDGE ( 'NONE', *, *, #3913, .T. ) ;
#3207 = B_SPLINE_CURVE_WITH_KNOTS ( 'NONE', 3,
 ( #5165, #796, #262, #226 ),
 .UNSPECIFIED., .F., .F.,
 ( 4, 4 ),
 ( 2.605514417055490370E-07, 0.001429462028122659416 ),
 .UNSPECIFIED. ) ;
#3208 = CARTESIAN_POINT ( 'NONE',  ( 1.675000000000002931, -1.053469879313113200, 2.543301270189232799 ) ) ;
#3209 = CARTESIAN_POINT ( 'NONE',  ( 16.40000000000000568, -1.433703035749471672E-14, -2.500000000000010214 ) ) ;
#3210 = APPROVAL_STATUS ( 'not_yet_approved' ) ;
#3211 = CIRCLE ( 'NONE', #2854, 3.048000000000000487 ) ;
#3212 = CARTESIAN_POINT ( 'NONE',  ( 9.300000000000004263, -1.433703035749471672E-14, -2.500000000000010214 ) ) ;
#3213 = CARTESIAN_POINT ( 'NONE',  ( 12.40000000000000568, -1.433703035749471672E-14, -2.500000000000010214 ) ) ;
#3214 = ORIENTED_EDGE ( 'NONE', *, *, #4377, .F. ) ;
#3215 = CARTESIAN_POINT ( 'NONE',  ( 10.37500000000000355, 1.053469879313085666, 2.543301270189232799 ) ) ;
#3216 = VECTOR ( 'NONE', #4673, 1000.000000000000000 ) ;
#3217 = CARTESIAN_POINT ( 'NONE',  ( 2.000000000000005329, 1.400343491548885710, 1.400343491548899477 ) ) ;
#3218 = CARTESIAN_POINT ( 'NONE',  ( 3.300000000000005151, -1.767766952966389749, 1.767766952966375982 ) ) ;
#3219 = CARTESIAN_POINT ( 'NONE',  ( 11.80000000000000426, 1.767766952966361771, -1.767766952966376204 ) ) ;
#3220 = DIRECTION ( 'NONE',  ( 1.000000000000000000, -1.990963944668006352E-16, 0.000000000000000000 ) ) ;
#3221 = CARTESIAN_POINT ( 'NONE',  ( -15.91115970398492330, -2.875000000000005329, 7.851406210307627953E-16 ) ) ;
#3222 = CARTESIAN_POINT ( 'NONE',  ( 7.650000000000005684, 0.8203022253684378873, 1.980384757729346967 ) ) ;
#3223 = CARTESIAN_POINT ( 'NONE',  ( 15.85000000000000320, 2.499999999999996003, 1.035533905932741972 ) ) ;
#3224 = CARTESIAN_POINT ( 'NONE',  ( 10.50000000000000533, -1.424157858600947694E-14, -1.980384757729347189 ) ) ;
#3225 = VECTOR ( 'NONE', #973, 1000.000000000000000 ) ;
#3226 = CARTESIAN_POINT ( 'NONE',  ( 17.50000000000000000, -1.194030629168669588E-14, 0.000000000000000000 ) ) ;
#3227 = ORIENTED_EDGE ( 'NONE', *, *, #5156, .F. ) ;
#3228 = CARTESIAN_POINT ( 'NONE',  ( 5.750000000000002665, 1.980384757729332534, -0.8203022253684530973 ) ) ;
#3229 = CARTESIAN_POINT ( 'NONE',  ( 5.800000000000005151, 1.400343491548885266, -1.400343491548899699 ) ) ;
#3230 = CARTESIAN_POINT ( 'NONE',  ( 16.15000000000000568, 0.8203022253684382203, -1.980384757729346745 ) ) ;
#3231 = CARTESIAN_POINT ( 'NONE',  ( 5.600000000000002309, -1.424157858600947694E-14, -1.980384757729347189 ) ) ;
#3232 = LINE ( 'NONE', #4610, #5891 ) ;
#3233 = ORIENTED_EDGE ( 'NONE', *, *, #5502, .T. ) ;
#3234 = CARTESIAN_POINT ( 'NONE',  ( 17.85000000000000497, 1.980384757729333201, 0.8203022253684517651 ) ) ;
#3235 = CARTESIAN_POINT ( 'NONE',  ( 17.55000000000001137, -1.980384757729361178, -0.8203022253684513210 ) ) ;
#3236 = CARTESIAN_POINT ( 'NONE',  ( 13.65000000000000568, -0.8203022253684666421, -1.980384757729346745 ) ) ;
#3237 = CARTESIAN_POINT ( 'NONE',  ( 16.53916018387549514, -1.854633944328940354, 0.9460530387688724785 ) ) ;
#3238 = CARTESIAN_POINT ( 'NONE',  ( 7.325000000000003730, -1.053469879313113200, 2.543301270189232799 ) ) ;
#3239 = ADVANCED_FACE ( 'NONE', ( #464 ), #2962, .T. ) ;
#3240 = ORIENTED_EDGE ( 'NONE', *, *, #6037, .F. ) ;
#3241 = CARTESIAN_POINT ( 'NONE',  ( 7.500000000000004441, -2.500000000000023981, 3.061616997868394974E-16 ) ) ;
#3242 = CARTESIAN_POINT ( 'NONE',  ( 16.45000000000000639, 1.035533905932728427, -2.500000000000010214 ) ) ;
#3243 = APPROVAL_ROLE ( '' ) ;
#3244 = ORIENTED_EDGE ( 'NONE', *, *, #5992, .T. ) ;
#3245 = CARTESIAN_POINT ( 'NONE',  ( 9.200000000000004619, -1.767766952966390193, -1.767766952966375760 ) ) ;
#3247 = CARTESIAN_POINT ( 'NONE',  ( 12.70000000000000284, 1.767766952966362215, 1.767766952966375982 ) ) ;
#3246 = CIRCLE ( 'NONE', #2077, 6.793923166596613328 ) ;
#3248 = ORIENTED_EDGE ( 'NONE', *, *, #3780, .F. ) ;
#3249 = ADVANCED_FACE ( 'NONE', ( #6480 ), #3293, .F. ) ;
#3250 = CARTESIAN_POINT ( 'NONE',  ( 11.07500000000000639, 2.543301270189218588, 1.053469879313099433 ) ) ;
#3251 = CARTESIAN_POINT ( 'NONE',  ( 2.350000000000004530, -1.980384757729361178, -0.8203022253684513210 ) ) ;
#3252 = DIRECTION ( 'NONE',  ( 1.000000000000000000, 0.000000000000000000, -1.224646799147351975E-16 ) ) ;
#3253 = CARTESIAN_POINT ( 'NONE',  ( -6.635278514588855536, 2.249999999999988454, -7.122560691985980519 ) ) ;
#3254 = CARTESIAN_POINT ( 'NONE',  ( 1.363466814538687677, -0.2953071796027786355, -2.349513658714470932 ) ) ;
#3255 = CARTESIAN_POINT ( 'NONE',  ( 1.600000000000003642, 1.767766952966362215, 1.767766952966375982 ) ) ;
#3256 = CARTESIAN_POINT ( 'NONE',  ( 8.100000000000006750, -1.424157858600947694E-14, -1.980384757729347189 ) ) ;
#3257 = CYLINDRICAL_SURFACE ( 'NONE', #5751, 0.4000000000000004663 ) ;
#3258 = CARTESIAN_POINT ( 'NONE',  ( 12.15000000000000924, 0.8203022253684382203, -1.980384757729346745 ) ) ;
#3259 = CARTESIAN_POINT ( 'NONE',  ( 1.850000000000003642, -2.500000000000023981, 1.035533905932742194 ) ) ;
#3260 = CIRCLE ( 'NONE', #5830, 6.245515272181226152 ) ;
#3261 = EDGE_LOOP ( 'NONE', ( #562, #482, #1281, #6598, #5529, #1483 ) ) ;
#3262 = CARTESIAN_POINT ( 'NONE',  ( 8.000000000000003553, -1.424157858600947694E-14, -1.980384757729347189 ) ) ;
#3263 = CARTESIAN_POINT ( 'NONE',  ( 7.950000000000004619, -1.980384757729361400, -0.8203022253684514320 ) ) ;
#3264 = CARTESIAN_POINT ( 'NONE',  ( 15.70000000000000639, -1.375652421508278441E-14, 1.980384757729347189 ) ) ;
#3265 = CARTESIAN_POINT ( 'NONE',  ( 8.200000000000002842, 1.980384757729333201, -4.850543709266902538E-16 ) ) ;
#3266 = CARTESIAN_POINT ( 'NONE',  ( -16.29392316659661333, -2.615813991587109477, 0.000000000000000000 ) ) ;
#3267 = EDGE_CURVE ( 'NONE', #5319, #3297, #7044, .T. ) ;
#3268 = EDGE_LOOP ( 'NONE', ( #2985, #6064, #1650, #5788 ) ) ;
#3269 = CARTESIAN_POINT ( 'NONE',  ( 15.45000000000000284, 1.980384757729333201, 0.8203022253684517651 ) ) ;
#3270 = CARTESIAN_POINT ( 'NONE',  ( 18.45000000000000284, -0.8203022253684666421, -1.980384757729346745 ) ) ;
#3271 = CARTESIAN_POINT ( 'NONE',  ( 12.30000000000000604, 1.980384757729333201, -4.850543709266902538E-16 ) ) ;
#3272 = CARTESIAN_POINT ( 'NONE',  ( 16.00000000000000355, -1.424157858600947694E-14, -1.980384757729347189 ) ) ;
#3273 = CARTESIAN_POINT ( 'NONE',  ( 9.175000000000004263, -1.798385574751180105, -1.798385574751165450 ) ) ;
#3274 = AXIS2_PLACEMENT_3D ( 'NONE', #6512, #5939, #6439 ) ;
#3275 = EDGE_LOOP ( 'NONE', ( #1622, #2913, #2722, #3625 ) ) ;
#3276 = CARTESIAN_POINT ( 'NONE',  ( 7.800000000000003375, 2.499999999999996003, -6.123233995736789948E-16 ) ) ;
#3277 = CARTESIAN_POINT ( 'NONE',  ( 16.80000000000000426, 1.767766952966362215, 1.767766952966375982 ) ) ;
#3278 = ORIENTED_EDGE ( 'NONE', *, *, #1225, .F. ) ;
#3279 = ADVANCED_FACE ( 'NONE', ( #1539 ), #2125, .F. ) ;
#3280 = DIRECTION ( 'NONE',  ( -2.168404344971008868E-16, -1.000000000000000000, 0.000000000000000000 ) ) ;
#3281 = CARTESIAN_POINT ( 'NONE',  ( 12.10000000000000497, -1.372470695792103782E-14, 2.500000000000010214 ) ) ;
#3282 = ORIENTED_EDGE ( 'NONE', *, *, #4652, .T. ) ;
#3283 = CARTESIAN_POINT ( 'NONE',  ( 7.925000000000005151, 1.798385574751152127, 1.798385574751165894 ) ) ;
#3284 = CARTESIAN_POINT ( 'NONE',  ( 18.62500000000000711, -2.543301270189246122, 3.114645759804640776E-16 ) ) ;
#3285 = CARTESIAN_POINT ( 'NONE',  ( -0.9999999999999954481, -3.862778676873662454E-15, 0.000000000000000000 ) ) ;
#3286 = EDGE_CURVE ( 'NONE', #4069, #6631, #5368, .T. ) ;
#3287 = CARTESIAN_POINT ( 'NONE',  ( 14.70000000000000639, -1.767766952966390193, -1.767766952966375760 ) ) ;
#3288 = TOROIDAL_SURFACE ( 'NONE', #153, 6.411159703984924185, 0.1796875000000000000 ) ;
#3289 = CARTESIAN_POINT ( 'NONE',  ( 5.500000000000000888, 2.467792535850611202, 0.4000000000000004663 ) ) ;
#3290 = CARTESIAN_POINT ( 'NONE',  ( 16.70864646005347254, -0.2961401433800901484, -2.092910755722385385 ) ) ;
#3291 = CARTESIAN_POINT ( 'NONE',  ( 6.600000000000004974, 1.400343491548885266, -1.400343491548899699 ) ) ;
#3292 = EDGE_CURVE ( 'NONE', #4341, #3828, #4317, .T. ) ;
#3293 = CYLINDRICAL_SURFACE ( 'NONE', #1332, 2.500000000000008438 ) ;
#3294 = CARTESIAN_POINT ( 'NONE',  ( 10.35000000000000320, -1.980384757729361178, -0.8203022253684513210 ) ) ;
#3295 = DIRECTION ( 'NONE',  ( -1.000000000000000000, 2.168404344971008868E-16, 0.000000000000000000 ) ) ;
#3296 =( BOUNDED_CURVE ( )  B_SPLINE_CURVE ( 2, ( #1805, #5742, #5785, #6823, #2397, #184, #6780, #755, #4039 ),
 .UNSPECIFIED., .F., .F. ) 
 B_SPLINE_CURVE_WITH_KNOTS ( ( 3, 2, 2, 2, 3 ),
 ( 0.9431818181818182323, 0.9488636363636363535, 0.9545454545454545858, 0.9602272727272727071, 0.9659090909090909394 ),
 .UNSPECIFIED. ) 
 CURVE ( )  GEOMETRIC_REPRESENTATION_ITEM ( )  RATIONAL_B_SPLINE_CURVE ( ( 1.000000000000000000, 0.9238795325112867385, 1.000000000000000000, 0.9238795325112867385, 1.000000000000000000, 0.9238795325112867385, 1.000000000000000000, 0.9238795325112867385, 1.000000000000000000 ) ) 
 REPRESENTATION_ITEM ( '' )  );
#3297 = VERTEX_POINT ( 'NONE', #2606 ) ;
#3298 = CARTESIAN_POINT ( 'NONE',  ( 5.700000000000001954, 1.400343491548885266, -1.400343491548899699 ) ) ;
#3299 = CARTESIAN_POINT ( 'NONE',  ( 4.350000000000004974, 1.980384757729333201, 0.8203022253684517651 ) ) ;
#3300 = CARTESIAN_POINT ( 'NONE',  ( 16.70000000000000639, -1.980384757729360956, 2.425271854633451269E-16 ) ) ;
#3301 = CARTESIAN_POINT ( 'NONE',  ( 8.150000000000002132, 1.980384757729332978, -0.8203022253684528753 ) ) ;
#3302 = ORIENTED_EDGE ( 'NONE', *, *, #6608, .F. ) ;
#3303 = CARTESIAN_POINT ( 'NONE',  ( -6.635278514588855536, -2.250000000000000888, 7.122560691985976078 ) ) ;
#3304 = VERTEX_POINT ( 'NONE', #4822 ) ;
#3305 = ORIENTED_EDGE ( 'NONE', *, *, #47, .T. ) ;
#3306 = CARTESIAN_POINT ( 'NONE',  ( 16.40000000000000568, -1.375652421508278441E-14, 1.980384757729347189 ) ) ;
#3307 = CARTESIAN_POINT ( 'NONE',  ( 17.50000000000000000, -4.500000000000008882, -3.162277660168410165 ) ) ;
#3308 = CARTESIAN_POINT ( 'NONE',  ( 11.85000000000000675, -1.980384757729360956, 0.8203022253684520981 ) ) ;
#3309 = CARTESIAN_POINT ( 'NONE',  ( 16.58038475772933751, -1.955718431024642490, 0.3115914106603203670 ) ) ;
#3310 = CARTESIAN_POINT ( 'NONE',  ( 7.225000000000004086, 1.053469879313085666, 2.543301270189232799 ) ) ;
#3311 = CIRCLE ( 'NONE', #2728, 5.500000000000014211 ) ;
#3312 = VERTEX_POINT ( 'NONE', #1503 ) ;
#3313 = DIRECTION ( 'NONE',  ( 2.168404344971008868E-16, 1.000000000000000000, -0.000000000000000000 ) ) ;
#3314 = DIRECTION ( 'NONE',  ( 0.000000000000000000, 0.000000000000000000, -1.000000000000000000 ) ) ;
#3315 = PERSON_AND_ORGANIZATION ( #6370, #2200 ) ;
#3316 = ORIENTED_EDGE ( 'NONE', *, *, #5223, .F. ) ;
#3317 = CARTESIAN_POINT ( 'NONE',  ( -11.99999999999999822, -4.000000000000004441, 0.000000000000000000 ) ) ;
#3318 = CARTESIAN_POINT ( 'NONE',  ( 0.02748798323624521839, -4.215784928467321002, 3.566722797294344272 ) ) ;
#3319 = CARTESIAN_POINT ( 'NONE',  ( 18.02500000000000924, -1.053469879313114754, -2.543301270189232355 ) ) ;
#3320 = CARTESIAN_POINT ( 'NONE',  ( 16.40000000000000568, -1.767766952966390193, -1.767766952966375760 ) ) ;
#3321 = ORIENTED_EDGE ( 'NONE', *, *, #2621, .F. ) ;
#3322 = CARTESIAN_POINT ( 'NONE',  ( 8.375000000000005329, -1.053469879313114754, -2.543301270189232355 ) ) ;
#3323 = CARTESIAN_POINT ( 'NONE',  ( 18.82500000000000639, -1.434498467178515336E-14, -2.543301270189231911 ) ) ;
#3324 = CARTESIAN_POINT ( 'NONE',  ( 15.00000000000000533, 2.499999999999996003, -6.123233995736789948E-16 ) ) ;
#3325 = LINE ( 'NONE', #2231, #1163 ) ;
#3326 = DIRECTION ( 'NONE',  ( 1.000000000000000000, -0.000000000000000000, -0.000000000000000000 ) ) ;
#3327 = CARTESIAN_POINT ( 'NONE',  ( 3.350000000000005862, 0.8203022253684382203, -1.980384757729346745 ) ) ;
#3328 = CARTESIAN_POINT ( 'NONE',  ( 5.100000000000003197, -2.500000000000023981, 3.061616997868394974E-16 ) ) ;
#3329 = CIRCLE ( 'NONE', #3684, 0.1796875000000001665 ) ;
#3330 = TOROIDAL_SURFACE ( 'NONE', #5996, 6.411159703984925962, 0.1796875000000000000 ) ;
#3331 = AXIS2_PLACEMENT_3D ( 'NONE', #1311, #6795, #1743 ) ;
#3332 = EDGE_CURVE ( 'NONE', #4404, #603, #91, .T. ) ;
#3333 = CARTESIAN_POINT ( 'NONE',  ( 10.80000000000000604, 1.400343491548885710, 1.400343491548899477 ) ) ;
#3334 = CARTESIAN_POINT ( 'NONE',  ( 2.000000000000004441, -1.767766952966390193, -1.767766952966375760 ) ) ;
#3335 = EDGE_LOOP ( 'NONE', ( #3593, #5998, #3344, #241 ) ) ;
#3336 = CARTESIAN_POINT ( 'NONE',  ( 4.300000000000003375, 1.400343491548885710, 1.400343491548899477 ) ) ;
#3337 = CARTESIAN_POINT ( 'NONE',  ( 2.550000000000005596, 0.8203022253684383314, -1.980384757729346745 ) ) ;
#3338 = CARTESIAN_POINT ( 'NONE',  ( 17.35000000000000853, -0.8203022253684655318, 1.980384757729346967 ) ) ;
#3339 = CARTESIAN_POINT ( 'NONE',  ( 4.700000000000002842, -1.400343491548913688, -1.400343491548899255 ) ) ;
#3340 = ORIENTED_EDGE ( 'NONE', *, *, #3020, .F. ) ;
#3341 = CARTESIAN_POINT ( 'NONE',  ( 17.50000000000000000, -1.194030629168669588E-14, -2.500000000000008438 ) ) ;
#3342 = CIRCLE ( 'NONE', #2288, 5.702122015915132458 ) ;
#3343 = EDGE_CURVE ( 'NONE', #3955, #6399, #2622, .T. ) ;
#3344 = ORIENTED_EDGE ( 'NONE', *, *, #5245, .T. ) ;
#3345 = CARTESIAN_POINT ( 'NONE',  ( 15.30000000000000249, 1.400343491548885266, -1.400343491548899699 ) ) ;
#3346 = CARTESIAN_POINT ( 'NONE',  ( 13.50000000000000355, -1.400343491548913688, -1.400343491548899255 ) ) ;
#3347 = AXIS2_PLACEMENT_3D ( 'NONE', #3956, #2348, #3443 ) ;
#3348 = CARTESIAN_POINT ( 'NONE',  ( 7.100000000000004974, 1.767766952966362215, 1.767766952966375982 ) ) ;
#3349 = CARTESIAN_POINT ( 'NONE',  ( 6.575000000000004619, -1.798385574751179439, 1.798385574751165894 ) ) ;
#3350 = ORIENTED_EDGE ( 'NONE', *, *, #5755, .T. ) ;
#3351 = CARTESIAN_POINT ( 'NONE',  ( 4.600000000000004086, 2.499999999999996003, -6.123233995736789948E-16 ) ) ;
#3352 = CARTESIAN_POINT ( 'NONE',  ( 4.900000000000003908, -1.372470695792103782E-14, 2.500000000000010214 ) ) ;
#3353 = CARTESIAN_POINT ( 'NONE',  ( 18.07500000000000284, -1.434498467178515336E-14, -2.543301270189231911 ) ) ;
#3354 = VERTEX_POINT ( 'NONE', #3328 ) ;
#3355 = CARTESIAN_POINT ( 'NONE',  ( 5.875000000000005329, -2.543301270189246122, -1.053469879313099211 ) ) ;
#3356 = CARTESIAN_POINT ( 'NONE',  ( 17.02500000000000568, -2.543301270189246122, 3.114645759804640776E-16 ) ) ;
#3357 = EDGE_CURVE ( 'NONE', #2422, #3136, #2263, .T. ) ;
#3358 = CARTESIAN_POINT ( 'NONE',  ( 10.00000000000000533, -1.767766952966390193, -1.767766952966375760 ) ) ;
#3359 = VECTOR ( 'NONE', #3139, 1000.000000000000000 ) ;
#3360 = CARTESIAN_POINT ( 'NONE',  ( 1.175214092337835359, -1.378559394734409471, 1.689021705678296126 ) ) ;
#3361 = CARTESIAN_POINT ( 'NONE',  ( -9.500000000000000000, -2.768745557924670475, 0.000000000000000000 ) ) ;
#3362 = CARTESIAN_POINT ( 'NONE',  ( 3.850000000000005862, -1.980384757729360956, 0.8203022253684520981 ) ) ;
#3363 = APPROVAL_PERSON_ORGANIZATION ( #6537, #2424, #3243 ) ;
#3364 = CARTESIAN_POINT ( 'NONE',  ( 13.05000000000000604, 1.980384757729332534, -0.8203022253684530973 ) ) ;
#3365 = CARTESIAN_POINT ( 'NONE',  ( 17.50000000000000000, -1.194030629168669588E-14, 0.000000000000000000 ) ) ;
#3366 = EDGE_LOOP ( 'NONE', ( #7146, #5518, #3340, #3895 ) ) ;
#3367 =( BOUNDED_CURVE ( )  B_SPLINE_CURVE ( 2, ( #2560, #306, #2524, #4200, #4706, #1935, #916, #5360, #6403 ),
 .UNSPECIFIED., .F., .F. ) 
 B_SPLINE_CURVE_WITH_KNOTS ( ( 3, 2, 2, 2, 3 ),
 ( 0.4318181818181818787, 0.4375000000000000000, 0.4431818181818182323, 0.4488636363636363535, 0.4545454545454545858 ),
 .UNSPECIFIED. ) 
 CURVE ( )  GEOMETRIC_REPRESENTATION_ITEM ( )  RATIONAL_B_SPLINE_CURVE ( ( 1.000000000000000000, 0.9238795325112867385, 1.000000000000000000, 0.9238795325112867385, 1.000000000000000000, 0.9238795325112867385, 1.000000000000000000, 0.9238795325112867385, 1.000000000000000000 ) ) 
 REPRESENTATION_ITEM ( '' )  );
#3368 = CARTESIAN_POINT ( 'NONE',  ( 2.300000000000003375, -1.400343491548913688, -1.400343491548899255 ) ) ;
#3369 = CARTESIAN_POINT ( 'NONE',  ( 5.100000000000005862, 1.980384757729333201, -4.850543709266902538E-16 ) ) ;
#3370 = ADVANCED_FACE ( 'NONE', ( #7168 ), #2198, .F. ) ;
#3371 = CARTESIAN_POINT ( 'NONE',  ( 12.90000000000000568, -1.424157858600947694E-14, -1.980384757729347189 ) ) ;
#3372 = CARTESIAN_POINT ( 'NONE',  ( 5.250000000000002665, -0.8203022253684655318, 1.980384757729347189 ) ) ;
#3373 = ORIENTED_EDGE ( 'NONE', *, *, #1328, .F. ) ;
#3374 = DIRECTION ( 'NONE',  ( 2.168404344971008868E-16, 1.000000000000000000, -0.000000000000000000 ) ) ;
#3375 = ORIENTED_EDGE ( 'NONE', *, *, #4101, .T. ) ;
#3376 = VERTEX_POINT ( 'NONE', #6551 ) ;
#3377 = CIRCLE ( 'NONE', #6158, 5.500000000000015099 ) ;
#3378 = CARTESIAN_POINT ( 'NONE',  ( 13.75000000000000533, 1.980384757729332534, -0.8203022253684530973 ) ) ;
#3379 = CARTESIAN_POINT ( 'NONE',  ( 11.50000000000000355, 1.400343491548885710, 1.400343491548899477 ) ) ;
#3380 = EDGE_CURVE ( 'NONE', #6978, #6606, #3311, .T. ) ;
#3381 = DIRECTION ( 'NONE',  ( 0.000000000000000000, 0.000000000000000000, -1.000000000000000000 ) ) ;
#3382 = CARTESIAN_POINT ( 'NONE',  ( 12.45000000000000284, -0.8203022253684655318, 1.980384757729347189 ) ) ;
#3383 = CARTESIAN_POINT ( 'NONE',  ( 7.525000000000003908, -2.543301270189246122, -1.053469879313099211 ) ) ;
#3384 = ORIENTED_EDGE ( 'NONE', *, *, #799, .T. ) ;
#3385 = CARTESIAN_POINT ( 'NONE',  ( 6.750000000000003553, 0.8203022253684378873, 1.980384757729346967 ) ) ;
#3386 = CARTESIAN_POINT ( 'NONE',  ( -9.500000000000000000, -2.695312500000007550, 0.000000000000000000 ) ) ;
#3387 = DIRECTION ( 'NONE',  ( 1.000000000000000000, -0.000000000000000000, -0.000000000000000000 ) ) ;
#3388 = CARTESIAN_POINT ( 'NONE',  ( 17.02500000000000568, -2.543301270189245677, 1.053469879313099655 ) ) ;
#3389 = DIRECTION ( 'NONE',  ( 2.168404344971008868E-16, 1.000000000000000000, -0.000000000000000000 ) ) ;
#3390 = ORIENTED_EDGE ( 'NONE', *, *, #10, .F. ) ;
#3391 = CARTESIAN_POINT ( 'NONE',  ( 6.225000000000004974, 2.543301270189218144, -6.229291519609281552E-16 ) ) ;
#3392 = CARTESIAN_POINT ( 'NONE',  ( 16.17500000000000426, -2.543301270189245677, 1.053469879313099655 ) ) ;
#3393 = CARTESIAN_POINT ( 'NONE',  ( 9.800000000000002487, -1.767766952966389749, 1.767766952966375982 ) ) ;
#3394 = LINE ( 'NONE', #629, #5099 ) ;
#3395 = CARTESIAN_POINT ( 'NONE',  ( 1.276145028905413481, -2.127482760576442367, -0.8224470937523875591 ) ) ;
#3396 = CARTESIAN_POINT ( 'NONE',  ( 15.40000000000000391, -1.767766952966389749, 1.767766952966375982 ) ) ;
#3397 = CARTESIAN_POINT ( 'NONE',  ( 5.200000000000004619, 1.400343491548885710, 1.400343491548899477 ) ) ;
#3398 = CC_DESIGN_PERSON_AND_ORGANIZATION_ASSIGNMENT ( #4338, #2632, ( #6602 ) ) ;
#3399 = EDGE_CURVE ( 'NONE', #7109, #34, #5060, .T. ) ;
#3400 = CARTESIAN_POINT ( 'NONE',  ( 9.900000000000005684, 1.980384757729333201, -4.850543709266902538E-16 ) ) ;
#3401 = CARTESIAN_POINT ( 'NONE',  ( -0.9355555555555922220, -5.102791407854944392E-15, 0.000000000000000000 ) ) ;
#3402 = ORIENTED_EDGE ( 'NONE', *, *, #2064, .T. ) ;
#3403 = CARTESIAN_POINT ( 'NONE',  ( 3.750000000000003109, -1.980384757729360956, 0.8203022253684520981 ) ) ;
#3404 = CARTESIAN_POINT ( 'NONE',  ( 2.800000000000005596, 1.400343491548885710, 1.400343491548899477 ) ) ;
#3405 = CARTESIAN_POINT ( 'NONE',  ( 12.60000000000000675, -1.400343491548913244, 1.400343491548899477 ) ) ;
#3406 = CARTESIAN_POINT ( 'NONE',  ( 2.650000000000003020, 1.980384757729333201, 0.8203022253684517651 ) ) ;
#3407 = ORIENTED_EDGE ( 'NONE', *, *, #4224, .T. ) ;
#3408 = CARTESIAN_POINT ( 'NONE',  ( 4.100000000000004086, -1.767766952966389749, 1.767766952966375982 ) ) ;
#3409 = CARTESIAN_POINT ( 'NONE',  ( 13.92500000000000426, -1.798385574751180105, -1.798385574751165450 ) ) ;
#3410 = VERTEX_POINT ( 'NONE', #5444 ) ;
#3411 = EDGE_CURVE ( 'NONE', #2793, #6897, #831, .T. ) ;
#3412 = CARTESIAN_POINT ( 'NONE',  ( 13.55000000000000249, -0.8203022253684666421, -1.980384757729346745 ) ) ;
#3413 = CARTESIAN_POINT ( 'NONE',  ( 12.00000000000000355, -1.424157858600947694E-14, -1.980384757729347189 ) ) ;
#3414 = CYLINDRICAL_SURFACE ( 'NONE', #6254, 2.500000000000008438 ) ;
#3415 = CARTESIAN_POINT ( 'NONE',  ( 14.45000000000000284, 0.8203022253684383314, -1.980384757729346745 ) ) ;
#3416 = CARTESIAN_POINT ( 'NONE',  ( 3.675000000000002931, -1.434498467178515336E-14, -2.543301270189231911 ) ) ;
#3417 = CARTESIAN_POINT ( 'NONE',  ( 5.812317451387637668, -2.487477073349899648, -0.2499156048723925883 ) ) ;
#3418 = ADVANCED_FACE ( 'NONE', ( #6485 ), #467, .F. ) ;
#3419 = CARTESIAN_POINT ( 'NONE',  ( 4.600000000000003197, -1.980384757729360956, 2.425271854633451269E-16 ) ) ;
#3420 = CARTESIAN_POINT ( 'NONE',  ( -3.169464450766187102, 2.506959082343577894, 5.607860842434744697 ) ) ;
#3421 = CALENDAR_DATE ( 2026, 26, 6 ) ;
#3422 = DIRECTION ( 'NONE',  ( 0.000000000000000000, 0.000000000000000000, -1.000000000000000000 ) ) ;
#3423 = CARTESIAN_POINT ( 'NONE',  ( 15.17500000000000426, 1.798385574751152127, 1.798385574751165894 ) ) ;
#3424 = DIRECTION ( 'NONE',  ( 1.000000000000000000, -0.000000000000000000, -0.000000000000000000 ) ) ;
#3425 = ORIENTED_EDGE ( 'NONE', *, *, #1577, .F. ) ;
#3426 = CARTESIAN_POINT ( 'NONE',  ( 6.325000000000004619, 1.798385574751152127, 1.798385574751165894 ) ) ;
#3427 = CARTESIAN_POINT ( 'NONE',  ( 17.77500000000000924, -2.543301270189245677, 1.053469879313099655 ) ) ;
#3428 = LINE ( 'NONE', #5794, #3911 ) ;
#3429 = CARTESIAN_POINT ( 'NONE',  ( 13.10000000000000497, -1.767766952966390193, -1.767766952966375760 ) ) ;
#3430 = CARTESIAN_POINT ( 'NONE',  ( 16.93272969249375492, 1.124200223076835092, 2.064805095253204215 ) ) ;
#3431 = CARTESIAN_POINT ( 'NONE',  ( 16.69141918524932677, -0.7203404635982164628, -1.969058753811556262 ) ) ;
#3432 = CARTESIAN_POINT ( 'NONE',  ( 4.800000000000006040, -1.400343491548913688, -1.400343491548899255 ) ) ;
#3433 = AXIS2_PLACEMENT_3D ( 'NONE', #4001, #5128, #186 ) ;
#3434 = CARTESIAN_POINT ( 'NONE',  ( 9.050000000000006040, 1.980384757729332534, -0.8203022253684530973 ) ) ;
#3435 = CARTESIAN_POINT ( 'NONE',  ( -2.591438496426060389, -2.729362059611794677, 5.254796235086439005 ) ) ;
#3436 = EDGE_LOOP ( 'NONE', ( #2620, #4638, #4273, #403 ) ) ;
#3437 = CARTESIAN_POINT ( 'NONE',  ( 1.850000000000000977, 1.980384757729333201, 0.8203022253684517651 ) ) ;
#3438 = CARTESIAN_POINT ( 'NONE',  ( 4.000000000000005329, -1.400343491548913688, -1.400343491548899255 ) ) ;
#3439 = B_SPLINE_CURVE_WITH_KNOTS ( 'NONE', 3,
 ( #5519, #542, #2756, #5017, #5484, #3888 ),
 .UNSPECIFIED., .F., .F.,
 ( 4, 2, 4 ),
 ( 0.000000000000000000, 0.02434889285474484133, 0.04869778570948968266 ),
 .UNSPECIFIED. ) ;
#3440 = CARTESIAN_POINT ( 'NONE',  ( 14.80000000000000604, 1.400343491548885710, 1.400343491548899477 ) ) ;
#3441 = CARTESIAN_POINT ( 'NONE',  ( 3.000000000000002665, -1.980384757729360956, 2.425271854633451269E-16 ) ) ;
#3442 = EDGE_LOOP ( 'NONE', ( #4768, #3375, #1903, #764, #1144, #3516, #5185 ) ) ;
#3443 = DIRECTION ( 'NONE',  ( -1.000000000000000000, 0.000000000000000000, 0.000000000000000000 ) ) ;
#3444 = CARTESIAN_POINT ( 'NONE',  ( 13.22500000000000497, -1.434498467178515336E-14, -2.543301270189231911 ) ) ;
#3445 = ORIENTED_EDGE ( 'NONE', *, *, #1328, .T. ) ;
#3446 = ADVANCED_FACE ( 'NONE', ( #431 ), #4285, .F. ) ;
#3447 = CARTESIAN_POINT ( 'NONE',  ( 11.50000000000000355, 1.400343491548885710, 1.400343491548899477 ) ) ;
#3448 = CARTESIAN_POINT ( 'NONE',  ( 12.85000000000000320, 0.8203022253684382203, -1.980384757729346745 ) ) ;
#3449 = DIRECTION ( 'NONE',  ( -1.000000000000000000, 1.915009303283535757E-16, 0.000000000000000000 ) ) ;
#3450 = CARTESIAN_POINT ( 'NONE',  ( 12.95000000000000284, 1.980384757729332978, -0.8203022253684528753 ) ) ;
#3451 = CIRCLE ( 'NONE', #2054, 6.775000000000004796 ) ;
#3452 = CARTESIAN_POINT ( 'NONE',  ( -5.993238127013869487, 2.249407605183927128, -6.864222061892067295 ) ) ;
#3453 = CARTESIAN_POINT ( 'NONE',  ( 5.775000000000003908, -1.798385574751179439, 1.798385574751165894 ) ) ;
#3454 = DIRECTION ( 'NONE',  ( -0.000000000000000000, 0.000000000000000000, -1.000000000000000000 ) ) ;
#3455 = CARTESIAN_POINT ( 'NONE',  ( 5.200000000000002842, -1.375652421508278441E-14, 1.980384757729347189 ) ) ;
#3456 = CONICAL_SURFACE ( 'NONE', #3114, 6.793923166596611551, 0.7853981633974482790 ) ;
#3457 = CARTESIAN_POINT ( 'NONE',  ( 17.50000000000000000, -1.194030629168669588E-14, 0.000000000000000000 ) ) ;
#3458 = FACE_OUTER_BOUND ( 'NONE', #4223, .T. ) ;
#3459 = EDGE_CURVE ( 'NONE', #5466, #3662, #1787, .T. ) ;
#3460 = CARTESIAN_POINT ( 'NONE',  ( 13.67500000000000426, -1.372205551982422560E-14, 2.543301270189231911 ) ) ;
#3461 = CARTESIAN_POINT ( 'NONE',  ( 6.750000000000003553, -2.500000000000024425, -1.035533905932741749 ) ) ;
#3462 = B_SPLINE_CURVE_WITH_KNOTS ( 'NONE', 3,
 ( #2459, #5834, #2960, #1354, #1282, #4710, #242, #1940, #1390, #6912 ),
 .UNSPECIFIED., .F., .F.,
 ( 4, 2, 2, 2, 4 ),
 ( 6.320038537347964714E-07, 0.001032780125180585151, 0.002064928246507435287, 0.003097076367834285422, 0.004129224489161135991 ),
 .UNSPECIFIED. ) ;
#3463 = VERTEX_POINT ( 'NONE', #1507 ) ;
#3464 = CARTESIAN_POINT ( 'NONE',  ( 3.625000000000004885, -1.434498467178515336E-14, -2.543301270189231911 ) ) ;
#3465 = CARTESIAN_POINT ( 'NONE',  ( 15.47500000000000675, -2.543301270189246122, -1.053469879313099211 ) ) ;
#3466 = CARTESIAN_POINT ( 'NONE',  ( 12.00000000000000355, -1.372470695792103782E-14, 2.500000000000010214 ) ) ;
#3467 = CARTESIAN_POINT ( 'NONE',  ( 2.750000000000004441, -1.035533905932757293, -2.500000000000010214 ) ) ;
#3468 = CARTESIAN_POINT ( 'NONE',  ( 16.77523371155367826, 1.389505937823161341, -1.699090313601784086 ) ) ;
#3469 = CARTESIAN_POINT ( 'NONE',  ( 11.15000000000000746, 1.035533905932727983, 2.500000000000010214 ) ) ;
#3470 = ADVANCED_FACE ( 'NONE', ( #3807, #2986 ), #7067, .T. ) ;
#3471 = CARTESIAN_POINT ( 'NONE',  ( 4.600000000000004974, -1.400343491548913244, 1.400343491548899477 ) ) ;
#3472 = ORIENTED_EDGE ( 'NONE', *, *, #1754, .T. ) ;
#3473 = CARTESIAN_POINT ( 'NONE',  ( 17.50000000000000000, -1.194030629168669588E-14, -2.900000000000016342 ) ) ;
#3474 = CARTESIAN_POINT ( 'NONE',  ( 7.300000000000006040, -1.424157858600947694E-14, -1.980384757729347189 ) ) ;
#3475 = CARTESIAN_POINT ( 'NONE',  ( 5.500000000000000888, 4.499999999999995559, -0.4000000000000004663 ) ) ;
#3476 = CIRCLE ( 'NONE', #2889, 2.500000000000008438 ) ;
#3477 = VERTEX_POINT ( 'NONE', #6521 ) ;
#3478 = CARTESIAN_POINT ( 'NONE',  ( 3.650000000000002132, -0.8203022253684655318, 1.980384757729346967 ) ) ;
#3479 = CARTESIAN_POINT ( 'NONE',  ( 5.852610777645774753, 2.491787905183187490, -0.2149054794891269160 ) ) ;
#3480 = CARTESIAN_POINT ( 'NONE',  ( 15.45000000000000462, 1.980384757729332534, -0.8203022253684530973 ) ) ;
#3481 = CARTESIAN_POINT ( 'NONE',  ( 3.300000000000002487, 1.400343491548885266, -1.400343491548899699 ) ) ;
#3482 = ORIENTED_EDGE ( 'NONE', *, *, #982, .T. ) ;
#3483 = CARTESIAN_POINT ( 'NONE',  ( 5.200000000000003730, -1.433703035749471672E-14, -2.500000000000010214 ) ) ;
#3484 = CC_DESIGN_APPROVAL ( #157, ( #6602 ) ) ;
#3485 = CARTESIAN_POINT ( 'NONE',  ( 12.07500000000000462, -1.053469879313113200, 2.543301270189232799 ) ) ;
#3486 = VERTEX_POINT ( 'NONE', #3739 ) ;
#3487 = CARTESIAN_POINT ( 'NONE',  ( 13.25000000000000533, -0.8203022253684655318, 1.980384757729346967 ) ) ;
#3488 = CARTESIAN_POINT ( 'NONE',  ( 11.75000000000000711, -1.980384757729360956, 0.8203022253684520981 ) ) ;
#3489 = DIRECTION ( 'NONE',  ( 1.000000000000000000, -0.000000000000000000, -0.000000000000000000 ) ) ;
#3490 = CARTESIAN_POINT ( 'NONE',  ( 14.15000000000000213, -1.980384757729360956, 0.8203022253684520981 ) ) ;
#3491 = CARTESIAN_POINT ( 'NONE',  ( 14.25000000000000533, 2.499999999999996003, 1.035533905932741972 ) ) ;
#3492 = CARTESIAN_POINT ( 'NONE',  ( 4.925000000000004263, -1.053469879313113200, 2.543301270189232799 ) ) ;
#3493 = PRODUCT_RELATED_PRODUCT_CATEGORY ( 'detail', '', ( #4349 ) ) ;
#3494 = EDGE_CURVE ( 'NONE', #410, #2841, #65, .T. ) ;
#3495 = FACE_OUTER_BOUND ( 'NONE', #3366, .T. ) ;
#3496 = VERTEX_POINT ( 'NONE', #3123 ) ;
#3497 = CARTESIAN_POINT ( 'NONE',  ( 6.800000000000002487, -1.375652421508278441E-14, 1.980384757729347189 ) ) ;
#3498 = DIRECTION ( 'NONE',  ( 1.000000000000000000, -0.000000000000000000, -0.000000000000000000 ) ) ;
#3499 = APPROVAL_DATE_TIME ( #1265, #2424 ) ;
#3500 = LINE ( 'NONE', #44, #1079 ) ;
#3501 = CARTESIAN_POINT ( 'NONE',  ( 14.72500000000000675, -2.543301270189246122, -1.053469879313099211 ) ) ;
#3502 = CARTESIAN_POINT ( 'NONE',  ( 3.400000000000003020, -1.767766952966389749, 1.767766952966375982 ) ) ;
#3503 = ORIENTED_EDGE ( 'NONE', *, *, #5856, .T. ) ;
#3504 = CARTESIAN_POINT ( 'NONE',  ( 2.825000000000004619, -1.434498467178515336E-14, -2.543301270189231911 ) ) ;
#3505 = CARTESIAN_POINT ( 'NONE',  ( 12.25000000000000711, -2.500000000000024425, -1.035533905932741749 ) ) ;
#3506 = EDGE_CURVE ( 'NONE', #715, #468, #4938, .T. ) ;
#3507 = CARTESIAN_POINT ( 'NONE',  ( 8.100000000000004974, -1.372470695792103782E-14, 2.500000000000010214 ) ) ;
#3508 = CARTESIAN_POINT ( 'NONE',  ( 16.87622439693704024, 2.126732720727103398, 0.8244981286420557387 ) ) ;
#3509 = CARTESIAN_POINT ( 'NONE',  ( 16.80000000000000426, -1.372470695792103782E-14, 2.500000000000010214 ) ) ;
#3510 = FACE_OUTER_BOUND ( 'NONE', #1660, .T. ) ;
#3511 = ORIENTED_EDGE ( 'NONE', *, *, #7010, .T. ) ;
#3512 = CARTESIAN_POINT ( 'NONE',  ( 10.50000000000000355, -1.372470695792103782E-14, 2.500000000000010214 ) ) ;
#3513 = CARTESIAN_POINT ( 'NONE',  ( 7.700000000000005507, -1.375652421508278441E-14, 1.980384757729347189 ) ) ;
#3514 = CARTESIAN_POINT ( 'NONE',  ( -3.088840296015073594, 2.874999999999992006, 7.851406210307631898E-16 ) ) ;
#3515 = EDGE_CURVE ( 'NONE', #1760, #4814, #6777, .T. ) ;
#3516 = ORIENTED_EDGE ( 'NONE', *, *, #6069, .F. ) ;
#3517 = FACE_OUTER_BOUND ( 'NONE', #2585, .T. ) ;
#3518 = CARTESIAN_POINT ( 'NONE',  ( 13.75000000000000711, 0.8203022253684382203, -1.980384757729346745 ) ) ;
#3519 = CARTESIAN_POINT ( 'NONE',  ( 1.350000000000004086, -1.980384757729360956, 0.8203022253684520981 ) ) ;
#3520 = ORIENTED_EDGE ( 'NONE', *, *, #6694, .T. ) ;
#3521 = CARTESIAN_POINT ( 'NONE',  ( 1.373205080756894958, 5.666982843468531705E-14, -2.373205080756899843 ) ) ;
#3522 =( BOUNDED_CURVE ( )  B_SPLINE_CURVE ( 2, ( #6543, #3835, #4964, #6581, #1567 ),
 .UNSPECIFIED., .F., .F. ) 
 B_SPLINE_CURVE_WITH_KNOTS ( ( 3, 2, 3 ),
 ( 0.7715746127244744734, 0.7727272727272727071, 0.7738507768020346234 ),
 .UNSPECIFIED. ) 
 CURVE ( )  GEOMETRIC_REPRESENTATION_ITEM ( )  RATIONAL_B_SPLINE_CURVE ( ( 0.9753807119289813476, 0.9845575807847362082, 1.000000000000000000, 0.9849481886502423622, 0.9758489688276528184 ) ) 
 REPRESENTATION_ITEM ( '' )  );
#3523 = CARTESIAN_POINT ( 'NONE',  ( 13.42500000000000426, 2.543301270189218144, -6.229291519609281552E-16 ) ) ;
#3524 = ORIENTED_EDGE ( 'NONE', *, *, #1362, .F. ) ;
#3525 = CARTESIAN_POINT ( 'NONE',  ( 12.75000000000000355, -0.8203022253684666421, -1.980384757729346745 ) ) ;
#3526 = CARTESIAN_POINT ( 'NONE',  ( 8.100000000000003197, 1.400343491548885266, -1.400343491548899699 ) ) ;
#3527 = CARTESIAN_POINT ( 'NONE',  ( 10.15000000000000568, -0.8203022253684655318, 1.980384757729347189 ) ) ;
#3528 = CARTESIAN_POINT ( 'NONE',  ( 9.950000000000006395, -1.035533905932757293, -2.500000000000010214 ) ) ;
#3529 = VECTOR ( 'NONE', #3387, 1000.000000000000000 ) ;
#3530 = CARTESIAN_POINT ( 'NONE',  ( 9.350000000000003197, -1.980384757729360956, 0.8203022253684520981 ) ) ;
#3531 = DIRECTION ( 'NONE',  ( 1.000000000000000000, -0.000000000000000000, -0.000000000000000000 ) ) ;
#3532 = CARTESIAN_POINT ( 'NONE',  ( 6.375000000000003553, 1.798385574751152127, 1.798385574751165894 ) ) ;
#3533 = CARTESIAN_POINT ( 'NONE',  ( 12.85000000000000320, 1.035533905932727983, 2.500000000000010214 ) ) ;
#3534 = ORIENTED_EDGE ( 'NONE', *, *, #1899, .F. ) ;
#3535 = CARTESIAN_POINT ( 'NONE',  ( 7.400000000000002132, 1.980384757729333201, -4.850543709266902538E-16 ) ) ;
#3536 = CARTESIAN_POINT ( 'NONE',  ( -2.886550239926170658, -2.615813991587112142, 5.435053732275155980 ) ) ;
#3537 = CARTESIAN_POINT ( 'NONE',  ( 6.500000000000004441, -1.767766952966389749, 1.767766952966375982 ) ) ;
#3538 = CARTESIAN_POINT ( 'NONE',  ( 13.52500000000000568, 2.543301270189218588, 1.053469879313099433 ) ) ;
#3539 = VERTEX_POINT ( 'NONE', #393 ) ;
#3540 = CARTESIAN_POINT ( 'NONE',  ( 2.275000000000002576, 2.543301270189218588, 1.053469879313099433 ) ) ;
#3541 = DIRECTION ( 'NONE',  ( -2.168404344971008868E-16, -1.000000000000000000, 0.000000000000000000 ) ) ;
#3542 = CARTESIAN_POINT ( 'NONE',  ( 8.350000000000004974, -2.500000000000024425, -1.035533905932741749 ) ) ;
#3543 = CARTESIAN_POINT ( 'NONE',  ( -2.304747858665082916, 2.849558053815858027, -5.065995843120266073 ) ) ;
#3544 = DIRECTION ( 'NONE',  ( 1.000000000000000000, -2.083162958191310782E-16, 0.000000000000000000 ) ) ;
#3545 = DIRECTION ( 'NONE',  ( 0.000000000000000000, 0.000000000000000000, 1.000000000000000000 ) ) ;
#3546 = ORIENTED_EDGE ( 'NONE', *, *, #1102, .T. ) ;
#3547 = CARTESIAN_POINT ( 'NONE',  ( 5.419536834604835818, 2.469103951028669641, 0.3918235304503717709 ) ) ;
#3548 = CARTESIAN_POINT ( 'NONE',  ( 7.500000000000005329, 1.980384757729333201, -4.850543709266902538E-16 ) ) ;
#3549 = AXIS2_PLACEMENT_3D ( 'NONE', #4683, #6884, #4140 ) ;
#3550 = CARTESIAN_POINT ( 'NONE',  ( 6.450000000000004619, 1.035533905932727983, 2.500000000000010214 ) ) ;
#3551 = ORIENTED_EDGE ( 'NONE', *, *, #4713, .T. ) ;
#3552 = CARTESIAN_POINT ( 'NONE',  ( 1.200000000000003064, -1.375652421508278441E-14, 1.980384757729347189 ) ) ;
#3553 = CARTESIAN_POINT ( 'NONE',  ( 14.50000000000000533, -1.372470695792103782E-14, 2.500000000000010214 ) ) ;
#3554 = CARTESIAN_POINT ( 'NONE',  ( 11.30000000000000604, -1.424157858600947694E-14, -1.980384757729347189 ) ) ;
#3555 = CARTESIAN_POINT ( 'NONE',  ( 5.500000000000000888, -4.500000000000009770, 0.4000000000000004663 ) ) ;
#3556 = CARTESIAN_POINT ( 'NONE',  ( 17.05000000000000426, 1.980384757729333201, 0.8203022253684517651 ) ) ;
#3557 = ORIENTED_EDGE ( 'NONE', *, *, #6608, .T. ) ;
#3558 = CARTESIAN_POINT ( 'NONE',  ( 3.700000000000004174, 1.767766952966361771, -1.767766952966376204 ) ) ;
#3559 = EDGE_CURVE ( 'NONE', #3778, #6813, #526, .T. ) ;
#3560 = B_SPLINE_CURVE_WITH_KNOTS ( 'NONE', 3,
 ( #6142, #1052, #2768, #8, #6641, #3896 ),
 .UNSPECIFIED., .F., .F.,
 ( 4, 2, 4 ),
 ( 0.001878982361658493912, 0.002191930162553176135, 0.002504877963447858357 ),
 .UNSPECIFIED. ) ;
#3561 = CARTESIAN_POINT ( 'NONE',  ( 12.22500000000000497, -2.543301270189246122, 3.114645759804640776E-16 ) ) ;
#3562 = AXIS2_PLACEMENT_3D ( 'NONE', #149, #3612, #7005 ) ;
#3563 = CARTESIAN_POINT ( 'NONE',  ( 9.900000000000002132, 1.400343491548885710, 1.400343491548899477 ) ) ;
#3564 = CARTESIAN_POINT ( 'NONE',  ( 8.700000000000002842, -1.400343491548913688, -1.400343491548899255 ) ) ;
#3565 = CARTESIAN_POINT ( 'NONE',  ( 9.050000000000006040, 1.980384757729332978, -0.8203022253684528753 ) ) ;
#3566 = CARTESIAN_POINT ( 'NONE',  ( 4.100000000000003197, 1.400343491548885266, -1.400343491548899699 ) ) ;
#3567 = CARTESIAN_POINT ( 'NONE',  ( 9.600000000000003197, -1.424157858600947694E-14, -1.980384757729347189 ) ) ;
#3568 = CARTESIAN_POINT ( 'NONE',  ( 11.40000000000000213, -1.767766952966389749, 1.767766952966375982 ) ) ;
#3569 = ADVANCED_FACE ( 'NONE', ( #2055 ), #4388, .T. ) ;
#3570 = CARTESIAN_POINT ( 'NONE',  ( 4.675000000000003375, 2.543301270189218144, -6.229291519609281552E-16 ) ) ;
#3571 = CIRCLE ( 'NONE', #3795, 6.411159703984926850 ) ;
#3572 = AXIS2_PLACEMENT_3D ( 'NONE', #5580, #6684, #2261 ) ;
#3573 = CARTESIAN_POINT ( 'NONE',  ( -9.500000000000000000, 0.000000000000000000, 8.000000000000001776 ) ) ;
#3574 = ORIENTED_EDGE ( 'NONE', *, *, #2451, .F. ) ;
#3575 = CARTESIAN_POINT ( 'NONE',  ( -2.886550239935782969, -2.615813991587112142, -5.435053732286850625 ) ) ;
#3576 = FACE_BOUND ( 'NONE', #3809, .T. ) ;
#3577 = CARTESIAN_POINT ( 'NONE',  ( 15.82500000000000462, 2.543301270189217700, -1.053469879313101210 ) ) ;
#3578 = TOROIDAL_SURFACE ( 'NONE', #6688, 6.019421691491644744, 0.1796875000000000000 ) ;
#3579 = AXIS2_PLACEMENT_3D ( 'NONE', #6044, #1058, #2040 ) ;
#3580 = EDGE_LOOP ( 'NONE', ( #5858, #3902, #3402, #6494 ) ) ;
#3581 = CARTESIAN_POINT ( 'NONE',  ( 3.725000000000004530, 1.798385574751151461, -1.798385574751166116 ) ) ;
#3582 =( BOUNDED_CURVE ( )  B_SPLINE_CURVE ( 2, ( #5797, #3469, #162, #3032, #3586, #1824, #4167, #2995, #3168 ),
 .UNSPECIFIED., .F., .F. ) 
 B_SPLINE_CURVE_WITH_KNOTS ( ( 3, 2, 2, 2, 3 ),
 ( 0.4431818181818181768, 0.4488636363636363535, 0.4545454545454545303, 0.4602272727272727071, 0.4659090909090908839 ),
 .UNSPECIFIED. ) 
 CURVE ( )  GEOMETRIC_REPRESENTATION_ITEM ( )  RATIONAL_B_SPLINE_CURVE ( ( 1.000000000000000000, 0.9238795325112867385, 1.000000000000000000, 0.9238795325112867385, 1.000000000000000000, 0.9238795325112867385, 1.000000000000000000, 0.9238795325112867385, 1.000000000000000000 ) ) 
 REPRESENTATION_ITEM ( '' )  );
#3583 = CARTESIAN_POINT ( 'NONE',  ( 2.400000000000003908, 1.767766952966362215, 1.767766952966375982 ) ) ;
#3584 = CARTESIAN_POINT ( 'NONE',  ( -9.500000000000001776, -4.000000000000005329, 0.000000000000000000 ) ) ;
#3585 = CARTESIAN_POINT ( 'NONE',  ( 17.50000000000000000, -1.194030629168669588E-14, 0.000000000000000000 ) ) ;
#3586 = CARTESIAN_POINT ( 'NONE',  ( 11.00000000000000355, 2.499999999999996003, -6.123233995736789948E-16 ) ) ;
#3587 = CARTESIAN_POINT ( 'NONE',  ( 1.600000000000004086, -1.400343491548913688, -1.400343491548899255 ) ) ;
#3588 = ORIENTED_EDGE ( 'NONE', *, *, #4024, .T. ) ;
#3589 = EDGE_CURVE ( 'NONE', #5792, #739, #2379, .T. ) ;
#3590 = DIRECTION ( 'NONE',  ( 0.000000000000000000, 0.000000000000000000, -1.000000000000000000 ) ) ;
#3591 = CARTESIAN_POINT ( 'NONE',  ( 5.300000000000006040, -1.375652421508278441E-14, 1.980384757729347189 ) ) ;
#3592 = DIRECTION ( 'NONE',  ( -1.000000000000000000, 0.000000000000000000, 0.000000000000000000 ) ) ;
#3593 = ORIENTED_EDGE ( 'NONE', *, *, #6833, .F. ) ;
#3594 = CARTESIAN_POINT ( 'NONE',  ( 15.10000000000000497, 2.499999999999996003, -6.123233995736789948E-16 ) ) ;
#3595 = CARTESIAN_POINT ( 'NONE',  ( 1.850000000000004530, 1.980384757729332978, -0.8203022253684528753 ) ) ;
#3596 = CARTESIAN_POINT ( 'NONE',  ( 9.450000000000006395, -1.980384757729360956, 0.8203022253684520981 ) ) ;
#3597 = CARTESIAN_POINT ( 'NONE',  ( 17.30000000000000426, -1.400343491548913244, 1.400343491548899477 ) ) ;
#3598 = CARTESIAN_POINT ( 'NONE',  ( 3.900000000000004796, 1.767766952966362215, 1.767766952966375982 ) ) ;
#3599 = CARTESIAN_POINT ( 'NONE',  ( 15.75000000000000711, -0.8203022253684655318, 1.980384757729346967 ) ) ;
#3600 = CARTESIAN_POINT ( 'NONE',  ( 9.050000000000002487, 1.980384757729333201, 0.8203022253684517651 ) ) ;
#3601 = ADVANCED_FACE ( 'NONE', ( #5552 ), #1715, .T. ) ;
#3602 = CARTESIAN_POINT ( 'NONE',  ( 9.650000000000003908, 0.8203022253684382203, -1.980384757729346745 ) ) ;
#3603 = CARTESIAN_POINT ( 'NONE',  ( 11.30000000000000604, -1.424157858600947694E-14, -1.980384757729347189 ) ) ;
#3604 = VECTOR ( 'NONE', #52, 1000.000000000000000 ) ;
#3605 = CARTESIAN_POINT ( 'NONE',  ( 3.250000000000003109, 0.8203022253684382203, -1.980384757729346745 ) ) ;
#3606 = CARTESIAN_POINT ( 'NONE',  ( 8.750000000000001776, -0.8203022253684666421, -1.980384757729346745 ) ) ;
#3607 = SPHERICAL_SURFACE ( 'NONE', #7043, 5.549999999999998934 ) ;
#3608 = CARTESIAN_POINT ( 'NONE',  ( 2.325000000000003730, 2.543301270189218588, 1.053469879313099433 ) ) ;
#3609 = DIRECTION ( 'NONE',  ( -1.000000000000000000, 2.573190495840607931E-16, 0.000000000000000000 ) ) ;
#3610 = CARTESIAN_POINT ( 'NONE',  ( 18.27500000000000924, 2.543301270189218588, 1.053469879313099433 ) ) ;
#3611 = VERTEX_POINT ( 'NONE', #3983 ) ;
#3612 = DIRECTION ( 'NONE',  ( -0.000000000000000000, -1.000000000000000000, -0.000000000000000000 ) ) ;
#3613 = EDGE_CURVE ( 'NONE', #875, #6813, #6391, .T. ) ;
#3614 =( BOUNDED_CURVE ( )  B_SPLINE_CURVE ( 2, ( #2803, #5026, #4472, #5602, #3417 ),
 .UNSPECIFIED., .F., .T. ) 
 B_SPLINE_CURVE_WITH_KNOTS ( ( 3, 2, 3 ),
 ( 0.7386363636363636465, 0.7443181818181817677, 0.7492633641456257765 ),
 .UNSPECIFIED. ) 
 CURVE ( )  GEOMETRIC_REPRESENTATION_ITEM ( )  RATIONAL_B_SPLINE_CURVE ( ( 1.000000000000000000, 0.9238795325112867385, 1.000000000000000000, 0.9337483920575754270, 0.9828212349432425832 ) ) 
 REPRESENTATION_ITEM ( '' )  );
#3615 = CARTESIAN_POINT ( 'NONE',  ( 4.700000000000003730, 2.499999999999996003, -6.123233995736789948E-16 ) ) ;
#3616 = CARTESIAN_POINT ( 'NONE',  ( 12.42500000000000426, -1.053469879313114754, -2.543301270189232355 ) ) ;
#3617 = ORIENTED_EDGE ( 'NONE', *, *, #1186, .F. ) ;
#3618 = CARTESIAN_POINT ( 'NONE',  ( 4.725000000000004974, 1.798385574751152127, 1.798385574751165894 ) ) ;
#3619 = VECTOR ( 'NONE', #7135, 1000.000000000000000 ) ;
#3620 = CARTESIAN_POINT ( 'NONE',  ( 14.65000000000000568, -2.500000000000023981, 1.035533905932742194 ) ) ;
#3621 = CARTESIAN_POINT ( 'NONE',  ( 5.480067745874919183, 2.467873030517270472, -0.3995030728861626579 ) ) ;
#3622 = CARTESIAN_POINT ( 'NONE',  ( -2.886550239948132202, 2.615813991587096599, -5.435053732301869722 ) ) ;
#3623 = DIRECTION ( 'NONE',  ( 0.000000000000000000, 0.000000000000000000, -1.000000000000000000 ) ) ;
#3624 = CARTESIAN_POINT ( 'NONE',  ( 2.550000000000005151, 0.8203022253684382203, -1.980384757729346745 ) ) ;
#3625 = ORIENTED_EDGE ( 'NONE', *, *, #3559, .F. ) ;
#3626 = CARTESIAN_POINT ( 'NONE',  ( 17.10000000000000497, -1.767766952966390193, -1.767766952966375760 ) ) ;
#3627 = CARTESIAN_POINT ( 'NONE',  ( 6.550000000000006040, 0.8203022253684382203, -1.980384757729346745 ) ) ;
#3628 = CARTESIAN_POINT ( 'NONE',  ( 17.10000000000000497, -2.500000000000023981, 3.061616997868394974E-16 ) ) ;
#3629 = ORIENTED_EDGE ( 'NONE', *, *, #1889, .T. ) ;
#3630 = LINE ( 'NONE', #246, #2932 ) ;
#3631 = CARTESIAN_POINT ( 'NONE',  ( 1.500000000000004885, -1.980384757729360956, 2.425271854633451269E-16 ) ) ;
#3632 = CARTESIAN_POINT ( 'NONE',  ( 11.10000000000000497, -1.980384757729360956, 2.425271854633451269E-16 ) ) ;
#3633 = CARTESIAN_POINT ( 'NONE',  ( 17.50000000000000000, -1.163414459189985801E-14, 2.500000000000008438 ) ) ;
#3634 = CARTESIAN_POINT ( 'NONE',  ( 14.95000000000000107, -1.980384757729360956, 0.8203022253684520981 ) ) ;
#3635 = CARTESIAN_POINT ( 'NONE',  ( -9.500000000000001776, -4.000000000000005329, 0.000000000000000000 ) ) ;
#3636 = AXIS2_PLACEMENT_3D ( 'NONE', #1466, #4894, #2531 ) ;
#3637 = CARTESIAN_POINT ( 'NONE',  ( 14.30000000000000604, -1.980384757729360956, 2.425271854633451269E-16 ) ) ;
#3638 = CARTESIAN_POINT ( 'NONE',  ( 8.500000000000001776, -1.400343491548913244, 1.400343491548899477 ) ) ;
#3639 = CARTESIAN_POINT ( 'NONE',  ( 11.20000000000000284, -1.424157858600947694E-14, -1.980384757729347189 ) ) ;
#3640 = CARTESIAN_POINT ( 'NONE',  ( 11.80000000000000426, -1.400343491548913244, 1.400343491548899477 ) ) ;
#3641 = CARTESIAN_POINT ( 'NONE',  ( 2.100000000000000977, -1.400343491548913244, 1.400343491548899477 ) ) ;
#3642 = CARTESIAN_POINT ( 'NONE',  ( 11.00000000000000355, -1.980384757729360956, 2.425271854633451269E-16 ) ) ;
#3643 = DIRECTION ( 'NONE',  ( 0.000000000000000000, 0.000000000000000000, 1.000000000000000000 ) ) ;
#3644 = CARTESIAN_POINT ( 'NONE',  ( 2.675000000000003819, -2.543301270189246122, 3.114645759804640776E-16 ) ) ;
#3645 = CARTESIAN_POINT ( 'NONE',  ( 14.82500000000000462, -1.434498467178515336E-14, -2.543301270189231911 ) ) ;
#3646 = ORIENTED_EDGE ( 'NONE', *, *, #4716, .F. ) ;
#3647 = APPLICATION_CONTEXT ( 'configuration controlled 3d designs of mechanical parts and assemblies' ) ;
#3648 = DIRECTION ( 'NONE',  ( 2.168404344971008868E-16, 1.000000000000000000, -0.000000000000000000 ) ) ;
#3649 = CARTESIAN_POINT ( 'NONE',  ( 15.50000000000000711, 1.980384757729333201, -4.850543709266902538E-16 ) ) ;
#3650 = CARTESIAN_POINT ( 'NONE',  ( 11.87500000000000355, 2.543301270189218144, -6.229291519609281552E-16 ) ) ;
#3651 = EDGE_CURVE ( 'NONE', #6700, #2237, #4891, .T. ) ;
#3652 = ORIENTED_EDGE ( 'NONE', *, *, #2798, .F. ) ;
#3653 = CARTESIAN_POINT ( 'NONE',  ( 5.101872669448172637, -2.499701056393031084, -0.03866042767392333795 ) ) ;
#3654 = CARTESIAN_POINT ( 'NONE',  ( 15.30000000000000426, -1.767766952966389749, 1.767766952966375982 ) ) ;
#3655 = CARTESIAN_POINT ( 'NONE',  ( 17.50000000000000000, -1.194030629168669588E-14, -2.500000000000008438 ) ) ;
#3656 = DIRECTION ( 'NONE',  ( 1.000000000000000000, -0.000000000000000000, -0.000000000000000000 ) ) ;
#3657 = CARTESIAN_POINT ( 'NONE',  ( -1.298075826668748656, 3.345793604652610664, 4.376424775254276867 ) ) ;
#3658 = VERTEX_POINT ( 'NONE', #3949 ) ;
#3659 = CARTESIAN_POINT ( 'NONE',  ( 10.02500000000000391, -1.434498467178515336E-14, -2.543301270189231911 ) ) ;
#3660 = CARTESIAN_POINT ( 'NONE',  ( 3.900000000000005684, -1.980384757729360956, 2.425271854633451269E-16 ) ) ;
#3661 = CARTESIAN_POINT ( 'NONE',  ( 17.05813220792896701, -2.142957295358733028, 1.214644056077728074 ) ) ;
#3662 = VERTEX_POINT ( 'NONE', #2787 ) ;
#3663 = CARTESIAN_POINT ( 'NONE',  ( 1.500000000000001332, -1.400343491548913688, -1.400343491548899255 ) ) ;
#3664 = DIRECTION ( 'NONE',  ( -0.000000000000000000, 0.000000000000000000, -1.000000000000000000 ) ) ;
#3665 = CARTESIAN_POINT ( 'NONE',  ( 10.60000000000000497, 1.400343491548885266, -1.400343491548899699 ) ) ;
#3666 = DIRECTION ( 'NONE',  ( 1.000000000000000000, 0.000000000000000000, 0.000000000000000000 ) ) ;
#3667 = CARTESIAN_POINT ( 'NONE',  ( 17.35000000000000497, -1.980384757729360956, 0.8203022253684520981 ) ) ;
#3668 = AXIS2_PLACEMENT_3D ( 'NONE', #4248, #6448, #1474 ) ;
#3669 = CARTESIAN_POINT ( 'NONE',  ( 15.90000000000000391, -1.980384757729360956, 2.425271854633451269E-16 ) ) ;
#3670 = CARTESIAN_POINT ( 'NONE',  ( 5.786193522007097911, -2.484332250734376135, 0.2794517274256634320 ) ) ;
#3671 = CARTESIAN_POINT ( 'NONE',  ( 8.350000000000003197, 0.8203022253684378873, 1.980384757729346967 ) ) ;
#3672 = CARTESIAN_POINT ( 'NONE',  ( 10.90000000000000391, -1.400343491548913244, 1.400343491548899477 ) ) ;
#3673 = CARTESIAN_POINT ( 'NONE',  ( 10.55000000000000604, 0.8203022253684383314, -1.980384757729346745 ) ) ;
#3674 = CARTESIAN_POINT ( 'NONE',  ( 2.700000000000002842, 1.400343491548885710, 1.400343491548899477 ) ) ;
#3675 = CARTESIAN_POINT ( 'NONE',  ( 10.90000000000000391, -1.400343491548913244, 1.400343491548899477 ) ) ;
#3676 = CARTESIAN_POINT ( 'NONE',  ( 1.300000000000006040, -1.375652421508278441E-14, 1.980384757729347189 ) ) ;
#3677 = CARTESIAN_POINT ( 'NONE',  ( 18.35000000000000142, -0.8203022253684666421, -1.980384757729346745 ) ) ;
#3678 = ADVANCED_FACE ( 'NONE', ( #5010 ), #6728, .F. ) ;
#3679 = EDGE_CURVE ( 'NONE', #6141, #5714, #3260, .T. ) ;
#3680 = VECTOR ( 'NONE', #4153, 1000.000000000000000 ) ;
#3681 = VERTEX_POINT ( 'NONE', #93 ) ;
#3682 = FACE_OUTER_BOUND ( 'NONE', #4396, .T. ) ;
#3683 = DIRECTION ( 'NONE',  ( 2.168404344971008868E-16, 1.000000000000000000, -0.000000000000000000 ) ) ;
#3684 = AXIS2_PLACEMENT_3D ( 'NONE', #4810, #914, #2485 ) ;
#3685 = CIRCLE ( 'NONE', #6676, 6.245515272181226152 ) ;
#3686 = CARTESIAN_POINT ( 'NONE',  ( 11.42500000000000426, -2.543301270189245677, 1.053469879313099655 ) ) ;
#3687 = ORIENTED_EDGE ( 'NONE', *, *, #4624, .T. ) ;
#3688 = CARTESIAN_POINT ( 'NONE',  ( 0.9444153746003801642, 4.499999999999993783, 0.000000000000000000 ) ) ;
#3689 = DIRECTION ( 'NONE',  ( 1.000000000000000000, -1.990963944668006352E-16, 0.000000000000000000 ) ) ;
#3690 = EDGE_CURVE ( 'NONE', #4876, #6522, #6047, .T. ) ;
#3691 = DIRECTION ( 'NONE',  ( 0.000000000000000000, 0.000000000000000000, -1.000000000000000000 ) ) ;
#3692 = CARTESIAN_POINT ( 'NONE',  ( 9.700000000000004619, -1.372470695792103782E-14, 2.500000000000010214 ) ) ;
#3693 = ORIENTED_EDGE ( 'NONE', *, *, #3995, .F. ) ;
#3694 = CIRCLE ( 'NONE', #5546, 0.1796875000000010270 ) ;
#3695 = CARTESIAN_POINT ( 'NONE',  ( 11.37500000000000711, -2.543301270189245677, 1.053469879313099655 ) ) ;
#3696 = CARTESIAN_POINT ( 'NONE',  ( 5.450000000000004619, -1.980384757729360956, 0.8203022253684520981 ) ) ;
#3697 = SPHERICAL_SURFACE ( 'NONE', #3971, 5.549999999999998934 ) ;
#3698 = AXIS2_PLACEMENT_3D ( 'NONE', #5083, #3990, #641 ) ;
#3699 = EDGE_CURVE ( 'NONE', #5553, #4307, #5041, .T. ) ;
#3700 = CARTESIAN_POINT ( 'NONE',  ( 12.05000000000000426, 1.035533905932727983, 2.500000000000010214 ) ) ;
#3701 = CARTESIAN_POINT ( 'NONE',  ( 11.75000000000000711, 2.499999999999996003, -1.035533905932743526 ) ) ;
#3702 = CARTESIAN_POINT ( 'NONE',  ( 9.600000000000006750, -1.400343491548913688, -1.400343491548899255 ) ) ;
#3703 = CARTESIAN_POINT ( 'NONE',  ( 12.40000000000000391, -1.767766952966390193, -1.767766952966375760 ) ) ;
#3704 = CARTESIAN_POINT ( 'NONE',  ( 15.45000000000000284, 1.980384757729333201, 0.8203022253684517651 ) ) ;
#3705 = DIRECTION ( 'NONE',  ( 1.000000000000000000, -0.000000000000000000, -0.000000000000000000 ) ) ;
#3706 = CARTESIAN_POINT ( 'NONE',  ( 13.95000000000000462, 1.980384757729333201, 0.8203022253684517651 ) ) ;
#3707 = CARTESIAN_POINT ( 'NONE',  ( 9.200000000000002842, -1.375652421508278441E-14, 1.980384757729347189 ) ) ;
#3708 = CARTESIAN_POINT ( 'NONE',  ( 6.300000000000003375, -1.400343491548913688, -1.400343491548899255 ) ) ;
#3709 = CARTESIAN_POINT ( 'NONE',  ( 6.200000000000005507, -1.400343491548913244, 1.400343491548899477 ) ) ;
#3710 = CARTESIAN_POINT ( 'NONE',  ( 2.900000000000003464, -1.400343491548913244, 1.400343491548899477 ) ) ;
#3711 = CARTESIAN_POINT ( 'NONE',  ( 6.500000000000002665, 1.400343491548885266, -1.400343491548899699 ) ) ;
#3712 = CARTESIAN_POINT ( 'NONE',  ( -3.467055564967602255, 2.431903738231762091, -5.763191748526910629 ) ) ;
#3713 = CARTESIAN_POINT ( 'NONE',  ( 1.275000000000005240, -1.434498467178515336E-14, -2.543301270189231911 ) ) ;
#3714 = ORIENTED_EDGE ( 'NONE', *, *, #1399, .T. ) ;
#3715 = CARTESIAN_POINT ( 'NONE',  ( 5.500000000000000888, 4.499999999999995559, 0.4000000000000004663 ) ) ;
#3716 = CARTESIAN_POINT ( 'NONE',  ( 17.95000000000000639, 1.980384757729333201, 0.8203022253684517651 ) ) ;
#3717 = CC_DESIGN_PERSON_AND_ORGANIZATION_ASSIGNMENT ( #5393, #1020, ( #6602 ) ) ;
#3718 = CARTESIAN_POINT ( 'NONE',  ( 12.80000000000000604, -1.400343491548913688, -1.400343491548899255 ) ) ;
#3719 = ADVANCED_FACE ( 'NONE', ( #1035 ), #4907, .T. ) ;
#3720 = CARTESIAN_POINT ( 'NONE',  ( 10.87500000000000533, -1.434498467178515336E-14, -2.543301270189231911 ) ) ;
#3721 = ORIENTED_EDGE ( 'NONE', *, *, #2608, .T. ) ;
#3722 = CARTESIAN_POINT ( 'NONE',  ( 10.20000000000000462, 1.767766952966361771, -1.767766952966376204 ) ) ;
#3723 = CARTESIAN_POINT ( 'NONE',  ( 5.898127330551512948, -2.499701056392982679, 0.03866042767392090934 ) ) ;
#3724 = CARTESIAN_POINT ( 'NONE',  ( 8.750000000000005329, 1.035533905932727983, 2.500000000000010214 ) ) ;
#3725 = DIRECTION ( 'NONE',  ( 0.000000000000000000, 0.000000000000000000, -1.000000000000000000 ) ) ;
#3726 = ORIENTED_EDGE ( 'NONE', *, *, #1899, .T. ) ;
#3727 = CARTESIAN_POINT ( 'NONE',  ( 9.275000000000005684, 1.053469879313086111, -2.543301270189232355 ) ) ;
#3728 = EDGE_CURVE ( 'NONE', #314, #1716, #1563, .T. ) ;
#3729 = CARTESIAN_POINT ( 'NONE',  ( 6.300000000000005151, -1.980384757729360956, 2.425271854633451269E-16 ) ) ;
#3730 = DIRECTION ( 'NONE',  ( 1.000000000000000000, -0.000000000000000000, -0.000000000000000000 ) ) ;
#3731 = CARTESIAN_POINT ( 'NONE',  ( -0.4398693894411357386, 3.906453299771476484, 3.895096322886892448 ) ) ;
#3732 = DIRECTION ( 'NONE',  ( 1.000000000000000000, 1.224646799147353207E-16, 0.000000000000000000 ) ) ;
#3733 = CARTESIAN_POINT ( 'NONE',  ( 7.100000000000005862, -1.980384757729360956, 2.425271854633451269E-16 ) ) ;
#3734 = DIRECTION ( 'NONE',  ( 1.000000000000000000, -2.168404344971008868E-16, 0.000000000000000000 ) ) ;
#3735 = CARTESIAN_POINT ( 'NONE',  ( 17.22500000000000497, -1.053469879313114754, -2.543301270189232355 ) ) ;
#3736 = CARTESIAN_POINT ( 'NONE',  ( -17.17707626639204932, 3.498967091382535699, 0.000000000000000000 ) ) ;
#3737 = EDGE_CURVE ( 'NONE', #1326, #3410, #4214, .T. ) ;
#3738 = CARTESIAN_POINT ( 'NONE',  ( 15.55000000000000604, 1.980384757729333201, 0.8203022253684517651 ) ) ;
#3739 = CARTESIAN_POINT ( 'NONE',  ( 5.500000000000000888, -4.500000000000009770, -0.4000000000000004663 ) ) ;
#3740 = ORIENTED_EDGE ( 'NONE', *, *, #2266, .T. ) ;
#3741 = CARTESIAN_POINT ( 'NONE',  ( 8.250000000000003553, 1.980384757729333201, 0.8203022253684517651 ) ) ;
#3742 = CARTESIAN_POINT ( 'NONE',  ( 6.600000000000003197, 1.980384757729333201, -4.850543709266902538E-16 ) ) ;
#3743 = CARTESIAN_POINT ( 'NONE',  ( 7.650000000000005684, 0.8203022253684378873, 1.980384757729347189 ) ) ;
#3744 = CARTESIAN_POINT ( 'NONE',  ( 18.30000000000000782, -1.980384757729360956, 2.425271854633451269E-16 ) ) ;
#3745 = CARTESIAN_POINT ( 'NONE',  ( 8.500000000000001776, -1.400343491548913244, 1.400343491548899477 ) ) ;
#3746 = CARTESIAN_POINT ( 'NONE',  ( -17.17707626639205287, 2.249999999999980460, 0.000000000000000000 ) ) ;
#3747 = CARTESIAN_POINT ( 'NONE',  ( 1.425000000000002709, 2.543301270189217700, -1.053469879313101210 ) ) ;
#3748 = ORIENTED_EDGE ( 'NONE', *, *, #2798, .T. ) ;
#3749 = CARTESIAN_POINT ( 'NONE',  ( 15.20000000000000284, -1.424157858600947694E-14, -1.980384757729347189 ) ) ;
#3750 = CARTESIAN_POINT ( 'NONE',  ( 17.45000000000000639, -1.980384757729360956, 0.8203022253684520981 ) ) ;
#3751 = CARTESIAN_POINT ( 'NONE',  ( 14.95000000000000639, -0.8203022253684655318, 1.980384757729347189 ) ) ;
#3752 = CARTESIAN_POINT ( 'NONE',  ( 15.55000000000000249, 0.8203022253684378873, 1.980384757729347189 ) ) ;
#3753 = CARTESIAN_POINT ( 'NONE',  ( 12.67500000000000426, 2.543301270189218144, -6.229291519609281552E-16 ) ) ;
#3754 = VERTEX_POINT ( 'NONE', #5477 ) ;
#3755 = DIRECTION ( 'NONE',  ( 1.000000000000000000, -2.168404344971009115E-16, 0.000000000000000000 ) ) ;
#3756 = CARTESIAN_POINT ( 'NONE',  ( -6.635278514588858201, -4.738770137471187632E-17, 7.469496021220159321 ) ) ;
#3757 = PERSON_AND_ORGANIZATION ( #6370, #2200 ) ;
#3758 = FACE_BOUND ( 'NONE', #2817, .T. ) ;
#3759 = CARTESIAN_POINT ( 'NONE',  ( 12.80000000000000426, -1.372470695792103782E-14, 2.500000000000010214 ) ) ;
#3760 = EDGE_LOOP ( 'NONE', ( #455, #5492, #4601, #1159 ) ) ;
#3761 = CARTESIAN_POINT ( 'NONE',  ( 10.42500000000000426, -1.372205551982422560E-14, 2.543301270189231911 ) ) ;
#3762 = CARTESIAN_POINT ( 'NONE',  ( 2.050000000000006928, 0.8203022253684378873, 1.980384757729346967 ) ) ;
#3763 = CARTESIAN_POINT ( 'NONE',  ( 3.400000000000004796, -2.500000000000023981, 3.061616997868394974E-16 ) ) ;
#3764 = CARTESIAN_POINT ( 'NONE',  ( 11.70000000000000639, -1.433703035749471672E-14, -2.500000000000010214 ) ) ;
#3765 = DIRECTION ( 'NONE',  ( -0.9336870026525199151, 0.000000000000000000, 0.3580901856763924473 ) ) ;
#3766 = LINE ( 'NONE', #352, #2637 ) ;
#3767 = CARTESIAN_POINT ( 'NONE',  ( 7.900000000000005684, -1.980384757729360956, 2.425271854633451269E-16 ) ) ;
#3768 = CARTESIAN_POINT ( 'NONE',  ( 12.35000000000000497, -2.500000000000024425, -1.035533905932741749 ) ) ;
#3769 = CARTESIAN_POINT ( 'NONE',  ( 12.05000000000000604, -0.8203022253684666421, -1.980384757729346745 ) ) ;
#3770 = CARTESIAN_POINT ( 'NONE',  ( 7.200000000000003730, 1.767766952966362215, 1.767766952966375982 ) ) ;
#3771 = VERTEX_POINT ( 'NONE', #502 ) ;
#3772 = CARTESIAN_POINT ( 'NONE',  ( 4.900000000000003020, 1.400343491548885266, -1.400343491548899699 ) ) ;
#3773 = CARTESIAN_POINT ( 'NONE',  ( 6.850000000000004974, 0.8203022253684378873, 1.980384757729347189 ) ) ;
#3774 = ADVANCED_FACE ( 'NONE', ( #5075 ), #2695, .F. ) ;
#3775 = CARTESIAN_POINT ( 'NONE',  ( 16.00000000000000711, -1.400343491548913688, -1.400343491548899255 ) ) ;
#3776 = CARTESIAN_POINT ( 'NONE',  ( 7.000000000000002665, -1.980384757729360956, 2.425271854633451269E-16 ) ) ;
#3777 = CARTESIAN_POINT ( 'NONE',  ( 17.50000000000000000, -1.194030629168669588E-14, 0.000000000000000000 ) ) ;
#3778 = VERTEX_POINT ( 'NONE', #2712 ) ;
#3779 = CARTESIAN_POINT ( 'NONE',  ( 14.80000000000000426, -1.375652421508278441E-14, 1.980384757729347189 ) ) ;
#3780 = EDGE_CURVE ( 'NONE', #4192, #6194, #6126, .T. ) ;
#3781 = CARTESIAN_POINT ( 'NONE',  ( 14.20000000000000639, -1.400343491548913244, 1.400343491548899477 ) ) ;
#3782 = CARTESIAN_POINT ( 'NONE',  ( 16.35000000000000497, 0.8203022253684378873, 1.980384757729347189 ) ) ;
#3783 = CARTESIAN_POINT ( 'NONE',  ( 8.125000000000003553, -1.053469879313113200, 2.543301270189232799 ) ) ;
#3784 = ORIENTED_EDGE ( 'NONE', *, *, #5387, .F. ) ;
#3785 = DIRECTION ( 'NONE',  ( 1.000000000000000000, -0.000000000000000000, -0.000000000000000000 ) ) ;
#3786 = CARTESIAN_POINT ( 'NONE',  ( 16.55000000000000426, 1.035533905932728427, -2.500000000000010214 ) ) ;
#3787 = CALENDAR_DATE ( 2026, 26, 6 ) ;
#3788 = ORIENTED_EDGE ( 'NONE', *, *, #1102, .F. ) ;
#3789 = CIRCLE ( 'NONE', #428, 5.056145703497868737 ) ;
#3790 = B_SPLINE_CURVE_WITH_KNOTS ( 'NONE', 3,
 ( #2209, #2687, #2720, #3850, #2172, #4361, #5450, #6664, #7073, #579 ),
 .UNSPECIFIED., .F., .F.,
 ( 4, 2, 2, 2, 4 ),
 ( 8.070733719444010625E-05, 0.0003436090329126803219, 0.0006065107286309204563, 0.0008694124243491605907, 0.001132314120067400834 ),
 .UNSPECIFIED. ) ;
#3791 = CARTESIAN_POINT ( 'NONE',  ( -2.027014441497236863, -5.102791407854944392E-15, -5.702122015915132458 ) ) ;
#3792 = DIRECTION ( 'NONE',  ( 1.000000000000000000, -0.000000000000000000, -0.000000000000000000 ) ) ;
#3793 = EDGE_LOOP ( 'NONE', ( #3972, #6301, #5745, #3520 ) ) ;
#3794 = CARTESIAN_POINT ( 'NONE',  ( 11.32500000000000462, -1.798385574751179439, 1.798385574751165894 ) ) ;
#3795 = AXIS2_PLACEMENT_3D ( 'NONE', #498, #5473, #1030 ) ;
#3796 = CARTESIAN_POINT ( 'NONE',  ( 3.100000000000005418, -1.980384757729360956, 2.425271854633451269E-16 ) ) ;
#3797 = CARTESIAN_POINT ( 'NONE',  ( 16.10000000000000142, -1.767766952966389749, 1.767766952966375982 ) ) ;
#3798 = CARTESIAN_POINT ( 'NONE',  ( 16.90000000000000568, -1.372470695792103782E-14, 2.500000000000010214 ) ) ;
#3799 = CARTESIAN_POINT ( 'NONE',  ( -2.886550239935802065, 2.615813991587096599, 5.435053732286865724 ) ) ;
#3800 = AXIS2_PLACEMENT_3D ( 'NONE', #1339, #908, #2514 ) ;
#3801 = CARTESIAN_POINT ( 'NONE',  ( -9.500000000000001776, -3.498967091382550354, 0.000000000000000000 ) ) ;
#3802 = CARTESIAN_POINT ( 'NONE',  ( 8.950000000000006395, 0.8203022253684382203, -1.980384757729346745 ) ) ;
#3803 = CARTESIAN_POINT ( 'NONE',  ( 15.95000000000000639, 1.035533905932727983, 2.500000000000010214 ) ) ;
#3804 = ADVANCED_FACE ( 'NONE', ( #669 ), #6915, .F. ) ;
#3805 = CARTESIAN_POINT ( 'NONE',  ( 12.60000000000000675, -1.400343491548913244, 1.400343491548899477 ) ) ;
#3806 = AXIS2_PLACEMENT_3D ( 'NONE', #676, #5733, #745 ) ;
#3807 = FACE_BOUND ( 'NONE', #5113, .T. ) ;
#3808 =( BOUNDED_CURVE ( )  B_SPLINE_CURVE ( 2, ( #1906, #6764, #5801, #1788, #1284, #6336, #6228, #3550, #2421 ),
 .UNSPECIFIED., .F., .F. ) 
 B_SPLINE_CURVE_WITH_KNOTS ( ( 3, 2, 2, 2, 3 ),
 ( 0.2954545454545454142, 0.3011363636363636465, 0.3068181818181818787, 0.3125000000000000000, 0.3181818181818182323 ),
 .UNSPECIFIED. ) 
 CURVE ( )  GEOMETRIC_REPRESENTATION_ITEM ( )  RATIONAL_B_SPLINE_CURVE ( ( 1.000000000000000000, 0.9238795325112867385, 1.000000000000000000, 0.9238795325112867385, 1.000000000000000000, 0.9238795325112867385, 1.000000000000000000, 0.9238795325112867385, 1.000000000000000000 ) ) 
 REPRESENTATION_ITEM ( '' )  );
#3809 = EDGE_LOOP ( 'NONE', ( #6827, #2079 ) ) ;
#3810 = CARTESIAN_POINT ( 'NONE',  ( 5.350000000000002309, -1.980384757729360956, 0.8203022253684520981 ) ) ;
#3811 = CARTESIAN_POINT ( 'NONE',  ( 6.750000000000007105, 1.980384757729333201, 0.8203022253684517651 ) ) ;
#3812 = CARTESIAN_POINT ( 'NONE',  ( 16.80000000000000426, -1.400343491548913688, -1.400343491548899255 ) ) ;
#3813 = CARTESIAN_POINT ( 'NONE',  ( 7.850000000000003197, -1.980384757729361400, -0.8203022253684514320 ) ) ;
#3814 = B_SPLINE_CURVE_WITH_KNOTS ( 'NONE', 3,
 ( #7165, #4346, #3254, #6583, #1536, #1606, #1066, #528, #5683, #6839, #5037, #2336, #6154, #3395, #1138, #6722, #700, #200, #1780, #3907, #6260, #1203, #4593, #4486, #3360, #732, #53, #2956, #87, #2917, #3977, #6120 ),
 .UNSPECIFIED., .F., .F.,
 ( 4, 2, 2, 2, 2, 2, 2, 2, 2, 2, 2, 2, 2, 2, 2, 4 ),
 ( 0.003828099233848056976, 0.004269120832334960883, 0.004710142430821864790, 0.005151164029308768696, 0.005592185627795672603, 0.006033207226282578245, 0.006474228824769482152, 0.006915250423256387793, 0.007356272021743291700, 0.007797293620230196474, 0.008238315218717102983, 0.009120358415690910797, 0.009561380014177816439, 0.01000240161266472035, 0.01044342321115162599, 0.01088444480963852989 ),
 .UNSPECIFIED. ) ;
#3815 = DIRECTION ( 'NONE',  ( -1.000000000000000000, 2.161407978480072723E-16, 0.000000000000000000 ) ) ;
#3816 = EDGE_LOOP ( 'NONE', ( #759, #2093, #5451, #1621 ) ) ;
#3817 = ADVANCED_FACE ( 'NONE', ( #1356 ), #1981, .T. ) ;
#3818 = CARTESIAN_POINT ( 'NONE',  ( 17.30000000000000426, -1.400343491548913244, 1.400343491548899477 ) ) ;
#3819 = CARTESIAN_POINT ( 'NONE',  ( 16.90000000000000568, -1.424157858600947694E-14, -1.980384757729347189 ) ) ;
#3820 = CARTESIAN_POINT ( 'NONE',  ( 13.85000000000000675, 1.980384757729332978, -0.8203022253684528753 ) ) ;
#3821 = DIRECTION ( 'NONE',  ( 2.168404344971008868E-16, 1.000000000000000000, -0.000000000000000000 ) ) ;
#3822 = CARTESIAN_POINT ( 'NONE',  ( 8.625000000000003553, 2.543301270189217700, -1.053469879313101210 ) ) ;
#3823 = ORIENTED_EDGE ( 'NONE', *, *, #756, .T. ) ;
#3824 = CARTESIAN_POINT ( 'NONE',  ( 7.700000000000005507, -1.433703035749471672E-14, -2.500000000000010214 ) ) ;
#3825 = EDGE_CURVE ( 'NONE', #1094, #3901, #2557, .T. ) ;
#3826 = CARTESIAN_POINT ( 'NONE',  ( 16.70000000000000639, 2.499999999999996003, -6.123233995736789948E-16 ) ) ;
#3827 = APPROVAL_DATE_TIME ( #3174, #157 ) ;
#3828 = VERTEX_POINT ( 'NONE', #6193 ) ;
#3829 = CARTESIAN_POINT ( 'NONE',  ( 8.850000000000003197, -1.035533905932755516, 2.500000000000010214 ) ) ;
#3831 = DIRECTION ( 'NONE',  ( -1.000000000000000000, 0.000000000000000000, 0.000000000000000000 ) ) ;
#3830 =( GEOMETRIC_REPRESENTATION_CONTEXT ( 3 ) GLOBAL_UNCERTAINTY_ASSIGNED_CONTEXT ( ( #5316 ) ) GLOBAL_UNIT_ASSIGNED_CONTEXT ( ( #6610, #1054, #6003 ) ) REPRESENTATION_CONTEXT ( 'NONE', 'WORKASPACE' ) );
#3832 = DIRECTION ( 'NONE',  ( 1.000000000000000000, -0.000000000000000000, -0.000000000000000000 ) ) ;
#3833 = CARTESIAN_POINT ( 'NONE',  ( 5.475000000000004086, 2.543301270189218588, 1.053469879313099433 ) ) ;
#3834 = CARTESIAN_POINT ( 'NONE',  ( 18.67500000000000426, -2.543301270189246122, -1.053469879313099211 ) ) ;
#3835 = CARTESIAN_POINT ( 'NONE',  ( 5.409518272213595047, 2.499999999999997335, 0.1971298720613695044 ) ) ;
#3836 = CARTESIAN_POINT ( 'NONE',  ( -9.500000000000000000, 2.874999999999993783, 0.000000000000000000 ) ) ;
#3837 =( BOUNDED_CURVE ( )  B_SPLINE_CURVE ( 2, ( #1022, #3175, #5394, #2735, #416, #5497, #3245, #2633, #3212 ),
 .UNSPECIFIED., .F., .F. ) 
 B_SPLINE_CURVE_WITH_KNOTS ( ( 3, 2, 2, 2, 3 ),
 ( 0.4545454545454545858, 0.4602272727272727071, 0.4659090909090909394, 0.4715909090909090606, 0.4772727272727272929 ),
 .UNSPECIFIED. ) 
 CURVE ( )  GEOMETRIC_REPRESENTATION_ITEM ( )  RATIONAL_B_SPLINE_CURVE ( ( 1.000000000000000000, 0.9238795325112867385, 1.000000000000000000, 0.9238795325112867385, 1.000000000000000000, 0.9238795325112867385, 1.000000000000000000, 0.9238795325112867385, 1.000000000000000000 ) ) 
 REPRESENTATION_ITEM ( '' )  );
#3838 = CARTESIAN_POINT ( 'NONE',  ( 16.80000000000000426, -1.372470695792103782E-14, 2.500000000000010214 ) ) ;
#3839 = CARTESIAN_POINT ( 'NONE',  ( 7.200000000000004619, -1.400343491548913688, -1.400343491548899255 ) ) ;
#3840 = DIRECTION ( 'NONE',  ( 0.000000000000000000, 0.000000000000000000, -1.000000000000000000 ) ) ;
#3841 = AXIS2_PLACEMENT_3D ( 'NONE', #1552, #5962, #2215 ) ;
#3842 = CARTESIAN_POINT ( 'NONE',  ( 13.15000000000000568, 1.980384757729333201, 0.8203022253684517651 ) ) ;
#3843 = DIRECTION ( 'NONE',  ( 2.168404344971008868E-16, 1.000000000000000000, -0.000000000000000000 ) ) ;
#3844 = ORIENTED_EDGE ( 'NONE', *, *, #5377, .T. ) ;
#3845 = CARTESIAN_POINT ( 'NONE',  ( 7.000000000000002665, -1.980384757729360956, 2.425271854633451269E-16 ) ) ;
#3846 = CARTESIAN_POINT ( 'NONE',  ( 7.550000000000006040, 1.980384757729333201, 0.8203022253684517651 ) ) ;
#3847 = CARTESIAN_POINT ( 'NONE',  ( 18.05000000000001137, 0.8203022253684378873, 1.980384757729346967 ) ) ;
#3848 = CARTESIAN_POINT ( 'NONE',  ( 7.500000000000003553, 1.400343491548885710, 1.400343491548899477 ) ) ;
#3849 = EDGE_LOOP ( 'NONE', ( #6004, #2351, #1081, #3726, #3482, #4685 ) ) ;
#3850 = CARTESIAN_POINT ( 'NONE',  ( 5.139543156617541797, 2.493338718654289021, 0.1941867150325594371 ) ) ;
#3851 = ORIENTED_EDGE ( 'NONE', *, *, #5549, .T. ) ;
#3852 =( BOUNDED_CURVE ( )  B_SPLINE_CURVE ( 2, ( #957, #2639, #1534, #5365, #3763, #2602, #3218, #7019, #5437 ),
 .UNSPECIFIED., .F., .F. ) 
 B_SPLINE_CURVE_WITH_KNOTS ( ( 3, 2, 2, 2, 3 ),
 ( 0.8750000000000000000, 0.8806818181818182323, 0.8863636363636363535, 0.8920454545454545858, 0.8977272727272727071 ),
 .UNSPECIFIED. ) 
 CURVE ( )  GEOMETRIC_REPRESENTATION_ITEM ( )  RATIONAL_B_SPLINE_CURVE ( ( 1.000000000000000000, 0.9238795325112867385, 1.000000000000000000, 0.9238795325112867385, 1.000000000000000000, 0.9238795325112867385, 1.000000000000000000, 0.9238795325112867385, 1.000000000000000000 ) ) 
 REPRESENTATION_ITEM ( '' )  );
#3853 = EDGE_LOOP ( 'NONE', ( #1001, #6234, #263, #15 ) ) ;
#3854 = CARTESIAN_POINT ( 'NONE',  ( 17.45000000000000284, -1.980384757729361178, -0.8203022253684513210 ) ) ;
#3855 = CARTESIAN_POINT ( 'NONE',  ( 14.50000000000000355, -1.767766952966389749, 1.767766952966375982 ) ) ;
#3856 = CARTESIAN_POINT ( 'NONE',  ( 14.90000000000000746, -1.375652421508278441E-14, 1.980384757729347189 ) ) ;
#3857 = CARTESIAN_POINT ( 'NONE',  ( 7.050000000000006040, 2.499999999999996003, 1.035533905932741972 ) ) ;
#3858 = DESIGN_CONTEXT ( 'detailed design', #3647, 'design' ) ;
#3859 = CARTESIAN_POINT ( 'NONE',  ( 7.025000000000003020, 2.543301270189217700, -1.053469879313101210 ) ) ;
#3860 = ORIENTED_EDGE ( 'NONE', *, *, #6459, .F. ) ;
#3861 = CARTESIAN_POINT ( 'NONE',  ( 6.250000000000005329, 2.499999999999996003, 1.035533905932741972 ) ) ;
#3862 = CARTESIAN_POINT ( 'NONE',  ( 11.70000000000000639, -1.433703035749471672E-14, -2.500000000000010214 ) ) ;
#3863 = APPROVAL_DATE_TIME ( #4848, #4023 ) ;
#3864 = ORIENTED_EDGE ( 'NONE', *, *, #2064, .F. ) ;
#3865 = CARTESIAN_POINT ( 'NONE',  ( -9.500000000000001776, -3.640625000000005773, 0.000000000000000000 ) ) ;
#3866 = EDGE_CURVE ( 'NONE', #4876, #350, #6054, .T. ) ;
#3867 = AXIS2_PLACEMENT_3D ( 'NONE', #1165, #3389, #3970 ) ;
#3868 = CARTESIAN_POINT ( 'NONE',  ( -2.706076833403386228, 2.615813991587096599, 0.000000000000000000 ) ) ;
#3869 = CARTESIAN_POINT ( 'NONE',  ( 6.050000000000004263, -1.035533905932757293, -2.500000000000010214 ) ) ;
#3870 = CARTESIAN_POINT ( 'NONE',  ( 5.519932254125089699, 2.467873030517270472, 0.3995030728861722058 ) ) ;
#3871 = B_SPLINE_CURVE_WITH_KNOTS ( 'NONE', 3,
 ( #3723, #878, #4269, #272 ),
 .UNSPECIFIED., .F., .F.,
 ( 4, 4 ),
 ( 0.000000000000000000, 1.000000000000000000 ),
 .UNSPECIFIED. ) ;
#3872 = CARTESIAN_POINT ( 'NONE',  ( 6.575000000000006395, -2.543301270189245677, 1.053469879313099655 ) ) ;
#3873 = CARTESIAN_POINT ( 'NONE',  ( 18.47500000000000497, -1.053469879313113200, 2.543301270189232799 ) ) ;
#3874 = CARTESIAN_POINT ( 'NONE',  ( 1.173205080756891228, -1.375368241229550106E-14, 2.026794919243121829 ) ) ;
#3875 = AXIS2_PLACEMENT_3D ( 'NONE', #6083, #3280, #7121 ) ;
#3876 = FACE_OUTER_BOUND ( 'NONE', #6665, .T. ) ;
#3877 = CARTESIAN_POINT ( 'NONE',  ( 2.000000000000005773, -1.433703035749471672E-14, -2.500000000000010214 ) ) ;
#3878 = CARTESIAN_POINT ( 'NONE',  ( 6.950000000000006395, -0.8203022253684655318, 1.980384757729346967 ) ) ;
#3879 = CARTESIAN_POINT ( 'NONE',  ( -3.088840296015073594, 2.695312499999992006, 7.851406210307631898E-16 ) ) ;
#3880 = CARTESIAN_POINT ( 'NONE',  ( 11.10000000000000497, -1.980384757729360956, 2.425271854633451269E-16 ) ) ;
#3881 = DIRECTION ( 'NONE',  ( 1.000000000000000000, -0.000000000000000000, -0.000000000000000000 ) ) ;
#3882 = ORIENTED_EDGE ( 'NONE', *, *, #2746, .F. ) ;
#3883 = CARTESIAN_POINT ( 'NONE',  ( 3.000000000000002665, -1.980384757729360956, 2.425271854633451269E-16 ) ) ;
#3884 = CARTESIAN_POINT ( 'NONE',  ( 3.000000000000006217, -1.400343491548913244, 1.400343491548899477 ) ) ;
#3885 = CARTESIAN_POINT ( 'NONE',  ( 17.85000000000000497, 1.980384757729332534, -0.8203022253684530973 ) ) ;
#3886 = CARTESIAN_POINT ( 'NONE',  ( 3.700000000000001954, -1.400343491548913244, 1.400343491548899477 ) ) ;
#3887 = ORIENTED_EDGE ( 'NONE', *, *, #6786, .T. ) ;
#3888 = CARTESIAN_POINT ( 'NONE',  ( -6.635278514588855536, 2.249999999999988454, -7.122560691985980519 ) ) ;
#3889 = VERTEX_POINT ( 'NONE', #1319 ) ;
#3890 = CARTESIAN_POINT ( 'NONE',  ( 16.00000000000000355, -1.424157858600947694E-14, -1.980384757729347189 ) ) ;
#3891 = CARTESIAN_POINT ( 'NONE',  ( 13.40000000000000213, -1.980384757729360956, 2.425271854633451269E-16 ) ) ;
#3892 = CARTESIAN_POINT ( 'NONE',  ( 6.675000000000004263, -2.543301270189246122, 3.114645759804640776E-16 ) ) ;
#3893 = ADVANCED_FACE ( 'NONE', ( #2340 ), #244, .F. ) ;
#3894 = VECTOR ( 'NONE', #7132, 1000.000000000000000 ) ;
#3895 = ORIENTED_EDGE ( 'NONE', *, *, #2305, .T. ) ;
#3896 = CARTESIAN_POINT ( 'NONE',  ( 5.500000000000000888, -2.467792535850635627, 0.4000000000000004663 ) ) ;
#3897 = CARTESIAN_POINT ( 'NONE',  ( 13.45000000000000462, 2.499999999999996003, 1.035533905932741972 ) ) ;
#3898 = PERSON_AND_ORGANIZATION ( #6370, #2200 ) ;
#3899 = CARTESIAN_POINT ( 'NONE',  ( 1.447580481326969259, 1.959845223537277636, -1.474876136762292234 ) ) ;
#3900 = CARTESIAN_POINT ( 'NONE',  ( 16.27500000000000568, -2.543301270189246122, 3.114645759804640776E-16 ) ) ;
#3901 = VERTEX_POINT ( 'NONE', #705 ) ;
#3902 = ORIENTED_EDGE ( 'NONE', *, *, #3332, .T. ) ;
#3903 = CARTESIAN_POINT ( 'NONE',  ( 5.375000000000004441, 2.543301270189217700, -1.053469879313101210 ) ) ;
#3904 = CARTESIAN_POINT ( 'NONE',  ( 3.350000000000005862, 0.8203022253684382203, -1.980384757729346745 ) ) ;
#3905 = CARTESIAN_POINT ( 'NONE',  ( 9.700000000000004619, -1.372470695792103782E-14, 2.500000000000010214 ) ) ;
#3906 = EDGE_CURVE ( 'NONE', #4307, #4919, #3808, .T. ) ;
#3907 = CARTESIAN_POINT ( 'NONE',  ( 1.229171794261394890, -2.181267380217084551, 0.4826614210884438427 ) ) ;
#3908 = CARTESIAN_POINT ( 'NONE',  ( 10.80000000000000604, -1.433703035749471672E-14, -2.500000000000010214 ) ) ;
#3909 = CARTESIAN_POINT ( 'NONE',  ( 4.100000000000004974, -1.424157858600947694E-14, -1.980384757729347189 ) ) ;
#3910 = CIRCLE ( 'NONE', #1118, 0.1796875000000010270 ) ;
#3911 = VECTOR ( 'NONE', #84, 1000.000000000000000 ) ;
#3912 = CARTESIAN_POINT ( 'NONE',  ( 11.75000000000000711, -0.8203022253684655318, 1.980384757729346967 ) ) ;
#3913 = EDGE_CURVE ( 'NONE', #3889, #875, #4550, .T. ) ;
#3914 = ORIENTED_EDGE ( 'NONE', *, *, #6082, .T. ) ;
#3915 = CARTESIAN_POINT ( 'NONE',  ( 2.650000000000003464, 1.980384757729333201, 0.8203022253684517651 ) ) ;
#3916 = CARTESIAN_POINT ( 'NONE',  ( 5.350000000000006750, -0.8203022253684655318, 1.980384757729347189 ) ) ;
#3917 = CARTESIAN_POINT ( 'NONE',  ( 13.55000000000000604, -1.980384757729361178, -0.8203022253684513210 ) ) ;
#3918 = CARTESIAN_POINT ( 'NONE',  ( 3.250000000000002665, 0.8203022253684383314, -1.980384757729346745 ) ) ;
#3919 = VERTEX_POINT ( 'NONE', #3475 ) ;
#3920 = CARTESIAN_POINT ( 'NONE',  ( 5.050000000000004263, -2.500000000000023981, 1.035533905932742194 ) ) ;
#3921 = AXIS2_PLACEMENT_3D ( 'NONE', #1901, #5323, #5831 ) ;
#3922 = AXIS2_PLACEMENT_3D ( 'NONE', #4081, #1258, #4116 ) ;
#3923 = ORIENTED_EDGE ( 'NONE', *, *, #5337, .T. ) ;
#3924 = CARTESIAN_POINT ( 'NONE',  ( 13.40000000000000213, -1.980384757729360956, 2.425271854633451269E-16 ) ) ;
#3925 = CARTESIAN_POINT ( 'NONE',  ( 13.85000000000000320, 1.980384757729333201, 0.8203022253684517651 ) ) ;
#3926 = CARTESIAN_POINT ( 'NONE',  ( -9.500000000000000000, 2.615813991587097931, 0.000000000000000000 ) ) ;
#3927 = CARTESIAN_POINT ( 'NONE',  ( 12.70000000000000284, -1.400343491548913688, -1.400343491548899255 ) ) ;
#3928 = CARTESIAN_POINT ( 'NONE',  ( 9.625000000000001776, 1.053469879313085666, 2.543301270189232799 ) ) ;
#3929 = EDGE_LOOP ( 'NONE', ( #4890, #6292, #3714, #678, #6502 ) ) ;
#3930 = CARTESIAN_POINT ( 'NONE',  ( 7.450000000000005507, -2.500000000000023981, 1.035533905932742194 ) ) ;
#3931 = CARTESIAN_POINT ( 'NONE',  ( 5.150000000000003020, 0.8203022253684378873, 1.980384757729346967 ) ) ;
#3932 = ADVANCED_FACE ( 'NONE', ( #3037 ), #1749, .F. ) ;
#3933 = CARTESIAN_POINT ( 'NONE',  ( 16.50000000000000355, -1.433703035749471672E-14, -2.500000000000010214 ) ) ;
#3934 = EDGE_CURVE ( 'NONE', #5923, #3828, #5817, .T. ) ;
#3935 = CARTESIAN_POINT ( 'NONE',  ( 13.60000000000000497, 1.767766952966362215, 1.767766952966375982 ) ) ;
#3936 = CARTESIAN_POINT ( 'NONE',  ( 17.37500000000000355, 1.798385574751151461, -1.798385574751166116 ) ) ;
#3937 = FACE_OUTER_BOUND ( 'NONE', #3816, .T. ) ;
#3938 = ORIENTED_EDGE ( 'NONE', *, *, #6286, .F. ) ;
#3939 = CARTESIAN_POINT ( 'NONE',  ( 5.625000000000005329, -1.372205551982422560E-14, 2.543301270189231911 ) ) ;
#3940 = CARTESIAN_POINT ( 'NONE',  ( 18.22500000000000497, 2.543301270189218144, -6.229291519609281552E-16 ) ) ;
#3941 = CARTESIAN_POINT ( 'NONE',  ( 9.600000000000004974, -1.372470695792103782E-14, 2.500000000000010214 ) ) ;
#3942 = CARTESIAN_POINT ( 'NONE',  ( 17.50000000000000000, -1.194030629168669588E-14, -2.500000000000008438 ) ) ;
#3943 = AXIS2_PLACEMENT_3D ( 'NONE', #1729, #3489, #2866 ) ;
#3944 = CARTESIAN_POINT ( 'NONE',  ( 16.84473346073002276, 2.249104402595670571, -0.04771418793349479354 ) ) ;
#3945 = CARTESIAN_POINT ( 'NONE',  ( 16.66235595948440462, -1.341104399433073802, -1.573677595648659278 ) ) ;
#3946 = CARTESIAN_POINT ( 'NONE',  ( 5.050000000000006040, 1.980384757729332534, -0.8203022253684530973 ) ) ;
#3947 = EDGE_CURVE ( 'NONE', #5016, #314, #4600, .T. ) ;
#3948 = CARTESIAN_POINT ( 'NONE',  ( 9.600000000000006750, -1.400343491548913688, -1.400343491548899255 ) ) ;
#3949 = CARTESIAN_POINT ( 'NONE',  ( 5.500000000000685674, 2.467792535849454350, -0.4000000000071515238 ) ) ;
#3950 = EDGE_LOOP ( 'NONE', ( #2714, #3887, #588, #4335 ) ) ;
#3951 = CARTESIAN_POINT ( 'NONE',  ( 2.100000000000000977, -1.400343491548913244, 1.400343491548899477 ) ) ;
#3952 = CARTESIAN_POINT ( 'NONE',  ( 4.050000000000005151, -0.8203022253684666421, -1.980384757729346745 ) ) ;
#3953 = CARTESIAN_POINT ( 'NONE',  ( 13.85000000000000497, 1.980384757729332534, -0.8203022253684530973 ) ) ;
#3954 = CARTESIAN_POINT ( 'NONE',  ( 3.350000000000002753, 1.980384757729332978, -0.8203022253684528753 ) ) ;
#3955 = VERTEX_POINT ( 'NONE', #3514 ) ;
#3956 = CARTESIAN_POINT ( 'NONE',  ( -3.088840296015075815, -2.695312500000007550, 0.000000000000000000 ) ) ;
#3957 = ADVANCED_FACE ( 'NONE', ( #5725 ), #1869, .F. ) ;
#3958 = ORIENTED_EDGE ( 'NONE', *, *, #6990, .T. ) ;
#3959 = ORIENTED_EDGE ( 'NONE', *, *, #612, .T. ) ;
#3960 = CARTESIAN_POINT ( 'NONE',  ( 14.65000000000000391, 1.980384757729333201, 0.8203022253684517651 ) ) ;
#3961 = CARTESIAN_POINT ( 'NONE',  ( 12.35000000000000142, 0.8203022253684378873, 1.980384757729346967 ) ) ;
#3962 = DIRECTION ( 'NONE',  ( 2.168404344971008868E-16, 1.000000000000000000, -0.000000000000000000 ) ) ;
#3963 = CARTESIAN_POINT ( 'NONE',  ( 14.85000000000000675, -0.8203022253684655318, 1.980384757729347189 ) ) ;
#3964 = CARTESIAN_POINT ( 'NONE',  ( 3.975000000000004530, 1.798385574751152127, 1.798385574751165894 ) ) ;
#3965 = CARTESIAN_POINT ( 'NONE',  ( 3.250000000000003553, 1.035533905932727983, 2.500000000000010214 ) ) ;
#3966 = CARTESIAN_POINT ( 'NONE',  ( 6.350000000000002309, -0.8203022253684666421, -1.980384757729346745 ) ) ;
#3967 = CARTESIAN_POINT ( 'NONE',  ( 4.950000000000001954, -2.500000000000023981, 1.035533905932742194 ) ) ;
#3968 = CARTESIAN_POINT ( 'NONE',  ( 9.450000000000004619, 2.499999999999996003, -1.035533905932743526 ) ) ;
#3969 = CARTESIAN_POINT ( 'NONE',  ( 17.92500000000000071, -2.543301270189246122, -1.053469879313099211 ) ) ;
#3970 = DIRECTION ( 'NONE',  ( -1.000000000000000000, 2.026491816713327778E-16, 0.000000000000000000 ) ) ;
#3971 = AXIS2_PLACEMENT_3D ( 'NONE', #459, #3111, #2046 ) ;
#3972 = ORIENTED_EDGE ( 'NONE', *, *, #2833, .T. ) ;
#3973 = CARTESIAN_POINT ( 'NONE',  ( 5.925000000000005151, -1.798385574751180105, -1.798385574751165450 ) ) ;
#3974 = CARTESIAN_POINT ( 'NONE',  ( 17.32500000000000284, 1.798385574751151461, -1.798385574751166116 ) ) ;
#3975 = DIRECTION ( 'NONE',  ( 2.168404344971008868E-16, 1.000000000000000000, -0.000000000000000000 ) ) ;
#3976 = LINE ( 'NONE', #4519, #3604 ) ;
#3977 = CARTESIAN_POINT ( 'NONE',  ( 1.124977880869098890, -0.1485313123278340919, 2.124977880869102442 ) ) ;
#3978 = CARTESIAN_POINT ( 'NONE',  ( 10.55000000000000426, -2.500000000000023981, 1.035533905932742194 ) ) ;
#3979 = CARTESIAN_POINT ( 'NONE',  ( 3.150000000000005684, -1.980384757729361178, -0.8203022253684513210 ) ) ;
#3980 = EDGE_CURVE ( 'NONE', #6169, #4286, #5184, .T. ) ;
#3981 = ADVANCED_FACE ( 'NONE', ( #4782 ), #3697, .F. ) ;
#3982 = CARTESIAN_POINT ( 'NONE',  ( 8.100000000000006750, -1.424157858600947694E-14, -1.980384757729347189 ) ) ;
#3983 = CARTESIAN_POINT ( 'NONE',  ( -2.027014441497236863, 2.973028707027602024, 4.865726645792364025 ) ) ;
#3984 = ORIENTED_EDGE ( 'NONE', *, *, #970, .T. ) ;
#3985 = CARTESIAN_POINT ( 'NONE',  ( 1.700000000000003508, 1.400343491548885266, -1.400343491548899699 ) ) ;
#3986 = CARTESIAN_POINT ( 'NONE',  ( 4.300000000000005151, 1.980384757729333201, -4.850543709266902538E-16 ) ) ;
#3987 = CARTESIAN_POINT ( 'NONE',  ( 14.50000000000000533, -1.424157858600947694E-14, -1.980384757729347189 ) ) ;
#3988 = CARTESIAN_POINT ( 'NONE',  ( 3.750000000000003553, -1.980384757729360956, 0.8203022253684520981 ) ) ;
#3989 = EDGE_LOOP ( 'NONE', ( #337, #4438, #6170, #4783 ) ) ;
#3990 = DIRECTION ( 'NONE',  ( -2.168404344971008868E-16, -1.000000000000000000, 0.000000000000000000 ) ) ;
#3991 = B_SPLINE_CURVE_WITH_KNOTS ( 'NONE', 3,
 ( #3002, #1430, #4602, #4207 ),
 .UNSPECIFIED., .F., .F.,
 ( 4, 4 ),
 ( 2.619120809992887825E-07, 0.001091379446050257020 ),
 .UNSPECIFIED. ) ;
#3992 = CARTESIAN_POINT ( 'NONE',  ( 14.67500000000000426, -2.543301270189246122, -1.053469879313099211 ) ) ;
#3993 = ORIENTED_EDGE ( 'NONE', *, *, #5827, .F. ) ;
#3994 = CARTESIAN_POINT ( 'NONE',  ( 11.60000000000000320, -1.375652421508278441E-14, 1.980384757729347189 ) ) ;
#3995 = EDGE_CURVE ( 'NONE', #5411, #4096, #1190, .T. ) ;
#3996 = CARTESIAN_POINT ( 'NONE',  ( 12.65000000000000213, -1.980384757729361178, -0.8203022253684513210 ) ) ;
#3997 = CARTESIAN_POINT ( 'NONE',  ( -0.9355555555555922220, -5.102791407854944392E-15, 0.000000000000000000 ) ) ;
#3998 = CARTESIAN_POINT ( 'NONE',  ( 11.85000000000000320, -1.980384757729361400, -0.8203022253684514320 ) ) ;
#3999 = CARTESIAN_POINT ( 'NONE',  ( 3.600000000000004974, -1.433703035749471672E-14, -2.500000000000010214 ) ) ;
#4000 = CARTESIAN_POINT ( 'NONE',  ( 6.225000000000003197, 2.543301270189217700, -1.053469879313101210 ) ) ;
#4001 = CARTESIAN_POINT ( 'NONE',  ( 17.50000000000000000, -1.194030629168669588E-14, 0.000000000000000000 ) ) ;
#4002 = CARTESIAN_POINT ( 'NONE',  ( 7.150000000000003908, -0.8203022253684666421, -1.980384757729346745 ) ) ;
#4003 = LINE ( 'NONE', #6864, #6794 ) ;
#4004 = EDGE_CURVE ( 'NONE', #4836, #5866, #4311, .T. ) ;
#4005 = CARTESIAN_POINT ( 'NONE',  ( 1.479578956313006399, 2.403390728058721226, -0.6304620874295029376 ) ) ;
#4006 = CARTESIAN_POINT ( 'NONE',  ( 14.92500000000000426, 1.053469879313086111, -2.543301270189232355 ) ) ;
#4007 = CARTESIAN_POINT ( 'NONE',  ( 6.500000000000004441, -1.372470695792103782E-14, 2.500000000000010214 ) ) ;
#4008 = AXIS2_PLACEMENT_3D ( 'NONE', #4663, #7101, #2649 ) ;
#4009 = ORIENTED_EDGE ( 'NONE', *, *, #2297, .F. ) ;
#4010 = CARTESIAN_POINT ( 'NONE',  ( 3.275000000000003908, -1.053469879313113200, 2.543301270189232799 ) ) ;
#4011 = CARTESIAN_POINT ( 'NONE',  ( 16.67500000000000426, 2.543301270189218588, 1.053469879313099433 ) ) ;
#4012 = CARTESIAN_POINT ( 'NONE',  ( 14.55000000000000604, -1.035533905932755516, 2.500000000000010214 ) ) ;
#4013 = CARTESIAN_POINT ( 'NONE',  ( 2.800000000000004707, -1.433703035749471672E-14, -2.500000000000010214 ) ) ;
#4014 = DIRECTION ( 'NONE',  ( 1.000000000000000000, -0.000000000000000000, -0.000000000000000000 ) ) ;
#4015 = CARTESIAN_POINT ( 'NONE',  ( -2.965262841816281192, 2.874999999999992450, 0.000000000000000000 ) ) ;
#4016 = CARTESIAN_POINT ( 'NONE',  ( 3.400000000000005240, 1.400343491548885266, -1.400343491548899699 ) ) ;
#4017 = EDGE_LOOP ( 'NONE', ( #6229, #218, #2245, #3072 ) ) ;
#4018 = AXIS2_PLACEMENT_3D ( 'NONE', #3073, #4748, #6372 ) ;
#4019 = CARTESIAN_POINT ( 'NONE',  ( 8.350000000000004974, 1.980384757729333201, 0.8203022253684517651 ) ) ;
#4020 = CARTESIAN_POINT ( 'NONE',  ( 2.600000000000004530, -1.767766952966389749, 1.767766952966375982 ) ) ;
#4021 = VERTEX_POINT ( 'NONE', #992 ) ;
#4022 = CARTESIAN_POINT ( 'NONE',  ( 4.600000000000003197, -1.980384757729360956, 2.425271854633451269E-16 ) ) ;
#4023 = APPROVAL ( #414, 'UNSPECIFIED' ) ;
#4024 = EDGE_CURVE ( 'NONE', #6631, #6169, #836, .T. ) ;
#4025 = AXIS2_PLACEMENT_3D ( 'NONE', #5822, #4803, #2480 ) ;
#4026 = CARTESIAN_POINT ( 'NONE',  ( 5.150000000000006573, 1.980384757729333201, 0.8203022253684517651 ) ) ;
#4027 = CARTESIAN_POINT ( 'NONE',  ( 15.60000000000000675, 1.400343491548885710, 1.400343491548899477 ) ) ;
#4028 = CARTESIAN_POINT ( 'NONE',  ( 3.400000000000002132, 1.980384757729333201, -4.850543709266902538E-16 ) ) ;
#4029 = ORIENTED_EDGE ( 'NONE', *, *, #2154, .F. ) ;
#4030 = CARTESIAN_POINT ( 'NONE',  ( -3.254484727818773404, 2.625674005841375891, 0.000000000000000000 ) ) ;
#4031 =( BOUNDED_CURVE ( )  B_SPLINE_CURVE ( 2, ( #3759, #379, #3247, #2078, #2596, #4813, #7015, #4272, #3213 ),
 .UNSPECIFIED., .F., .F. ) 
 B_SPLINE_CURVE_WITH_KNOTS ( ( 3, 2, 2, 2, 3 ),
 ( 0.3522727272727272929, 0.3579545454545454697, 0.3636363636363636465, 0.3693181818181818232, 0.3750000000000000000 ),
 .UNSPECIFIED. ) 
 CURVE ( )  GEOMETRIC_REPRESENTATION_ITEM ( )  RATIONAL_B_SPLINE_CURVE ( ( 1.000000000000000000, 0.9238795325112867385, 1.000000000000000000, 0.9238795325112867385, 1.000000000000000000, 0.9238795325112867385, 1.000000000000000000, 0.9238795325112867385, 1.000000000000000000 ) ) 
 REPRESENTATION_ITEM ( '' )  );
#4032 = CARTESIAN_POINT ( 'NONE',  ( 12.92500000000000604, -1.798385574751179439, 1.798385574751165894 ) ) ;
#4033 = ORIENTED_EDGE ( 'NONE', *, *, #5780, .F. ) ;
#4034 = CARTESIAN_POINT ( 'NONE',  ( 14.25000000000000355, -1.980384757729361178, -0.8203022253684513210 ) ) ;
#4035 = CARTESIAN_POINT ( 'NONE',  ( 14.25000000000000355, -1.980384757729361178, -0.8203022253684513210 ) ) ;
#4036 = DIRECTION ( 'NONE',  ( -1.000000000000000000, 1.990963944668007338E-16, 0.000000000000000000 ) ) ;
#4037 = CARTESIAN_POINT ( 'NONE',  ( 12.65000000000000391, -1.980384757729361400, -0.8203022253684514320 ) ) ;
#4038 = CIRCLE ( 'NONE', #4853, 6.231472203984925962 ) ;
#4039 = CARTESIAN_POINT ( 'NONE',  ( 2.000000000000005773, -1.433703035749471672E-14, -2.500000000000010214 ) ) ;
#4040 = CARTESIAN_POINT ( 'NONE',  ( 5.925000000000003375, -2.543301270189246122, -1.053469879313099211 ) ) ;
#4041 = EDGE_CURVE ( 'NONE', #2208, #6535, #1064, .T. ) ;
#4042 = DIRECTION ( 'NONE',  ( 2.168404344971008868E-16, 1.000000000000000000, -0.000000000000000000 ) ) ;
#4043 = ORIENTED_EDGE ( 'NONE', *, *, #6736, .F. ) ;
#4044 = CARTESIAN_POINT ( 'NONE',  ( 5.850000000000003197, 1.980384757729333201, 0.8203022253684517651 ) ) ;
#4045 = CIRCLE ( 'NONE', #4626, 6.019421691491643855 ) ;
#4046 = DIRECTION ( 'NONE',  ( -2.168404344971008868E-16, -1.000000000000000000, 0.000000000000000000 ) ) ;
#4047 =( BOUNDED_CURVE ( )  B_SPLINE_CURVE ( 2, ( #6571, #518, #2253, #3897, #4474, #4952, #7155, #2184, #6609 ),
 .UNSPECIFIED., .F., .F. ) 
 B_SPLINE_CURVE_WITH_KNOTS ( ( 3, 2, 2, 2, 3 ),
 ( 0.3068181818181818232, 0.3125000000000000000, 0.3181818181818181768, 0.3238636363636363535, 0.3295454545454545303 ),
 .UNSPECIFIED. ) 
 CURVE ( )  GEOMETRIC_REPRESENTATION_ITEM ( )  RATIONAL_B_SPLINE_CURVE ( ( 1.000000000000000000, 0.9238795325112867385, 1.000000000000000000, 0.9238795325112867385, 1.000000000000000000, 0.9238795325112867385, 1.000000000000000000, 0.9238795325112867385, 1.000000000000000000 ) ) 
 REPRESENTATION_ITEM ( '' )  );
#4048 = CARTESIAN_POINT ( 'NONE',  ( 13.40000000000000568, 1.767766952966361771, -1.767766952966376204 ) ) ;
#4049 = CARTESIAN_POINT ( 'NONE',  ( 16.02500000000000568, 1.053469879313085666, 2.543301270189232799 ) ) ;
#4050 = CARTESIAN_POINT ( 'NONE',  ( 5.561006114435183889, 2.338819185822552438, 1.196714720110185759 ) ) ;
#4051 = EDGE_CURVE ( 'NONE', #5663, #2862, #3852, .T. ) ;
#4052 = VERTEX_POINT ( 'NONE', #7093 ) ;
#4053 = CARTESIAN_POINT ( 'NONE',  ( 2.975000000000003642, 2.543301270189217700, -1.053469879313101210 ) ) ;
#4054 = CARTESIAN_POINT ( 'NONE',  ( 17.37500000000000355, 2.543301270189217700, -1.053469879313101210 ) ) ;
#4055 = B_SPLINE_CURVE_WITH_KNOTS ( 'NONE', 3,
 ( #6595, #439, #1656, #7108, #1620, #3303 ),
 .UNSPECIFIED., .F., .F.,
 ( 4, 2, 4 ),
 ( 0.5000000000000000000, 0.5243488928547450634, 0.5486977857094901267 ),
 .UNSPECIFIED. ) ;
#4056 = CARTESIAN_POINT ( 'NONE',  ( 2.500000000000002665, -1.767766952966389749, 1.767766952966375982 ) ) ;
#4057 = CARTESIAN_POINT ( 'NONE',  ( 16.85498131563221591, 2.246126225943449572, 0.2485491073486118530 ) ) ;
#4058 = DIRECTION ( 'NONE',  ( 1.000000000000000000, -0.000000000000000000, -0.000000000000000000 ) ) ;
#4059 = CARTESIAN_POINT ( 'NONE',  ( 2.750000000000006661, 1.980384757729333201, 0.8203022253684517651 ) ) ;
#4060 = ORIENTED_EDGE ( 'NONE', *, *, #5511, .F. ) ;
#4061 = CARTESIAN_POINT ( 'NONE',  ( 7.050000000000005151, -1.980384757729360956, 0.8203022253684520981 ) ) ;
#4062 = CARTESIAN_POINT ( 'NONE',  ( -1.500000000000004441, 1.734723475976807094E-15, 0.000000000000000000 ) ) ;
#4063 = AXIS2_PLACEMENT_3D ( 'NONE', #6468, #1347, #3689 ) ;
#4064 = ORIENTED_EDGE ( 'NONE', *, *, #3515, .F. ) ;
#4065 = CARTESIAN_POINT ( 'NONE',  ( 17.50000000000000000, -4.500000000000008882, 3.162277660168408389 ) ) ;
#4066 = CARTESIAN_POINT ( 'NONE',  ( 5.519932254125089699, 2.467873030517270472, 0.3995030728861722058 ) ) ;
#4067 = CARTESIAN_POINT ( 'NONE',  ( 13.40000000000000568, -1.400343491548913244, 1.400343491548899477 ) ) ;
#4068 = CARTESIAN_POINT ( 'NONE',  ( -4.602418996775442750, 2.610785383146977612, 5.997806899163834357E-16 ) ) ;
#4069 = VERTEX_POINT ( 'NONE', #4172 ) ;
#4070 = DIRECTION ( 'NONE',  ( 1.000000000000000000, -0.000000000000000000, -0.000000000000000000 ) ) ;
#4071 = CC_DESIGN_SECURITY_CLASSIFICATION ( #4996, ( #6602 ) ) ;
#4072 = CARTESIAN_POINT ( 'NONE',  ( 14.07500000000000284, 1.053469879313086111, -2.543301270189232355 ) ) ;
#4073 = ORIENTED_EDGE ( 'NONE', *, *, #3780, .T. ) ;
#4074 = CARTESIAN_POINT ( 'NONE',  ( 12.10000000000000320, 1.400343491548885266, -1.400343491548899699 ) ) ;
#4075 = CARTESIAN_POINT ( 'NONE',  ( 8.350000000000003197, 0.8203022253684378873, 1.980384757729346967 ) ) ;
#4076 = B_SPLINE_CURVE_WITH_KNOTS ( 'NONE', 3,
 ( #1192, #758, #4696, #3018, #6210, #650 ),
 .UNSPECIFIED., .F., .F.,
 ( 4, 2, 4 ),
 ( 0.9513022142906144563, 0.9756511071453072281, 1.000000000000000000 ),
 .UNSPECIFIED. ) ;
#4077 = CARTESIAN_POINT ( 'NONE',  ( 10.70000000000000462, 1.980384757729333201, -4.850543709266902538E-16 ) ) ;
#4078 = FACE_OUTER_BOUND ( 'NONE', #4983, .T. ) ;
#4079 = CARTESIAN_POINT ( 'NONE',  ( 13.30000000000000249, -1.400343491548913244, 1.400343491548899477 ) ) ;
#4080 =( BOUNDED_CURVE ( )  B_SPLINE_CURVE ( 2, ( #1854, #5243, #873, #1449, #3615, #230, #2988, #2947, #5169 ),
 .UNSPECIFIED., .F., .F. ) 
 B_SPLINE_CURVE_WITH_KNOTS ( ( 3, 2, 2, 2, 3 ),
 ( 0.2045454545454545858, 0.2102272727272727071, 0.2159090909090909394, 0.2215909090909090606, 0.2272727272727272929 ),
 .UNSPECIFIED. ) 
 CURVE ( )  GEOMETRIC_REPRESENTATION_ITEM ( )  RATIONAL_B_SPLINE_CURVE ( ( 1.000000000000000000, 0.9238795325112867385, 1.000000000000000000, 0.9238795325112867385, 1.000000000000000000, 0.9238795325112867385, 1.000000000000000000, 0.9238795325112867385, 1.000000000000000000 ) ) 
 REPRESENTATION_ITEM ( '' )  );
#4081 = CARTESIAN_POINT ( 'NONE',  ( 17.50000000000000000, -1.194030629168669588E-14, 0.000000000000000000 ) ) ;
#4082 = CARTESIAN_POINT ( 'NONE',  ( 3.525000000000003464, -2.543301270189246122, -1.053469879313099211 ) ) ;
#4083 = DIRECTION ( 'NONE',  ( -1.000000000000000000, 2.168404344971008868E-16, 0.000000000000000000 ) ) ;
#4084 = ORIENTED_EDGE ( 'NONE', *, *, #170, .F. ) ;
#4085 = CARTESIAN_POINT ( 'NONE',  ( 5.100000000000002309, 1.400343491548885710, 1.400343491548899477 ) ) ;
#4086 = CARTESIAN_POINT ( 'NONE',  ( 5.150000000000004796, -1.035533905932757293, -2.500000000000010214 ) ) ;
#4087 = CARTESIAN_POINT ( 'NONE',  ( 13.32500000000000284, 1.053469879313086111, -2.543301270189232355 ) ) ;
#4088 = ORIENTED_EDGE ( 'NONE', *, *, #4464, .T. ) ;
#4089 = CARTESIAN_POINT ( 'NONE',  ( 3.675000000000005151, 1.053469879313086111, -2.543301270189232355 ) ) ;
#4090 = CARTESIAN_POINT ( 'NONE',  ( -1.822923733607950236, -3.498967091382552130, 9.401706876447138957E-16 ) ) ;
#4091 = DIRECTION ( 'NONE',  ( 0.000000000000000000, 1.000000000000000000, 0.000000000000000000 ) ) ;
#4092 = EDGE_CURVE ( 'NONE', #350, #2116, #5482, .T. ) ;
#4093 = CARTESIAN_POINT ( 'NONE',  ( 2.100000000000004086, -1.433703035749471672E-14, -2.500000000000010214 ) ) ;
#4094 = CARTESIAN_POINT ( 'NONE',  ( 5.101872669448172637, -2.499701056393031084, -0.03866042767392333795 ) ) ;
#4095 = DIRECTION ( 'NONE',  ( 1.000000000000000000, -0.000000000000000000, -0.000000000000000000 ) ) ;
#4096 = VERTEX_POINT ( 'NONE', #3628 ) ;
#4097 = SPHERICAL_SURFACE ( 'NONE', #3029, 6.775000000000008349 ) ;
#4098 = CARTESIAN_POINT ( 'NONE',  ( 10.05000000000000426, 0.8203022253684378873, 1.980384757729346967 ) ) ;
#4099 = DIRECTION ( 'NONE',  ( -1.000000000000000000, 3.469446951953618626E-16, 0.000000000000000000 ) ) ;
#4100 = EDGE_LOOP ( 'NONE', ( #7172, #1382, #1870, #2970 ) ) ;
#4101 = EDGE_CURVE ( 'NONE', #1008, #4142, #2092, .T. ) ;
#4102 = CARTESIAN_POINT ( 'NONE',  ( 1.500000000000005329, -1.373531271030828826E-14, 2.326794919243122095 ) ) ;
#4103 = CARTESIAN_POINT ( 'NONE',  ( -3.268527796015076259, -2.695312500000006217, 0.000000000000000000 ) ) ;
#4104 = CARTESIAN_POINT ( 'NONE',  ( 9.800000000000006040, 1.400343491548885266, -1.400343491548899699 ) ) ;
#4105 = CARTESIAN_POINT ( 'NONE',  ( 17.50000000000000000, -1.194030629168669588E-14, -2.500000000000008438 ) ) ;
#4106 = CARTESIAN_POINT ( 'NONE',  ( 15.80000000000000071, -1.980384757729360956, 2.425271854633451269E-16 ) ) ;
#4107 = ORIENTED_EDGE ( 'NONE', *, *, #4931, .T. ) ;
#4108 = FACE_OUTER_BOUND ( 'NONE', #345, .T. ) ;
#4109 = AXIS2_PLACEMENT_3D ( 'NONE', #852, #4137, #5293 ) ;
#4110 = CARTESIAN_POINT ( 'NONE',  ( 13.52500000000000568, 1.798385574751152127, 1.798385574751165894 ) ) ;
#4111 = CARTESIAN_POINT ( 'NONE',  ( 9.950000000000001066, 0.8203022253684378873, 1.980384757729346967 ) ) ;
#4112 = CARTESIAN_POINT ( 'NONE',  ( 9.500000000000003553, -1.400343491548913688, -1.400343491548899255 ) ) ;
#4113 = CARTESIAN_POINT ( 'NONE',  ( 10.65000000000001279, 1.980384757729332978, -0.8203022253684528753 ) ) ;
#4114 = CARTESIAN_POINT ( 'NONE',  ( 1.650000000000002576, 0.8203022253684382203, -1.980384757729346745 ) ) ;
#4115 = CARTESIAN_POINT ( 'NONE',  ( 9.050000000000002487, 1.980384757729333201, 0.8203022253684517651 ) ) ;
#4116 = DIRECTION ( 'NONE',  ( 0.000000000000000000, 0.000000000000000000, -1.000000000000000000 ) ) ;
#4117 = CARTESIAN_POINT ( 'NONE',  ( 5.325000000000004619, 1.053469879313086111, -2.543301270189232355 ) ) ;
#4118 = CARTESIAN_POINT ( 'NONE',  ( 12.70000000000000462, 2.499999999999996003, -6.123233995736789948E-16 ) ) ;
#4119 = VERTEX_POINT ( 'NONE', #3075 ) ;
#4120 = CARTESIAN_POINT ( 'NONE',  ( -0.9355555555555922220, -1.194030629168669588E-14, 0.000000000000000000 ) ) ;
#4121 = CYLINDRICAL_SURFACE ( 'NONE', #6449, 2.500000000000008438 ) ;
#4122 = CARTESIAN_POINT ( 'NONE',  ( 16.25000000000000711, 1.980384757729332978, -0.8203022253684528753 ) ) ;
#4123 = EDGE_CURVE ( 'NONE', #3024, #1423, #2146, .T. ) ;
#4124 = CARTESIAN_POINT ( 'NONE',  ( 13.02500000000000568, -2.543301270189245677, 1.053469879313099655 ) ) ;
#4125 = ORIENTED_EDGE ( 'NONE', *, *, #3267, .F. ) ;
#4126 = CARTESIAN_POINT ( 'NONE',  ( 3.125000000000004441, 1.798385574751152127, 1.798385574751165894 ) ) ;
#4127 = CARTESIAN_POINT ( 'NONE',  ( 1.119615242270668221, -1.374799880672092173E-14, 2.119615242270671107 ) ) ;
#4128 = CARTESIAN_POINT ( 'NONE',  ( 8.050000000000002487, -1.035533905932755516, 2.500000000000010214 ) ) ;
#4129 = CARTESIAN_POINT ( 'NONE',  ( 2.000000000000005773, -1.433703035749471672E-14, -2.500000000000010214 ) ) ;
#4130 = CARTESIAN_POINT ( 'NONE',  ( 14.15000000000000391, 1.035533905932728427, -2.500000000000010214 ) ) ;
#4131 = ORIENTED_EDGE ( 'NONE', *, *, #6023, .T. ) ;
#4132 = DIRECTION ( 'NONE',  ( 1.000000000000000000, -0.000000000000000000, -0.000000000000000000 ) ) ;
#4133 = EDGE_CURVE ( 'NONE', #2920, #4404, #2315, .T. ) ;
#4134 = CARTESIAN_POINT ( 'NONE',  ( 5.150000000000006573, 1.980384757729333201, 0.8203022253684517651 ) ) ;
#4135 = CARTESIAN_POINT ( 'NONE',  ( 2.800000000000002931, -1.767766952966390193, -1.767766952966375760 ) ) ;
#4136 = ORIENTED_EDGE ( 'NONE', *, *, #2406, .T. ) ;
#4137 = DIRECTION ( 'NONE',  ( 0.000000000000000000, 0.000000000000000000, 1.000000000000000000 ) ) ;
#4138 = CARTESIAN_POINT ( 'NONE',  ( 1.550000000000006484, -1.980384757729361400, -0.8203022253684514320 ) ) ;
#4139 = CARTESIAN_POINT ( 'NONE',  ( 10.85000000000000497, 0.8203022253684378873, 1.980384757729346967 ) ) ;
#4140 = DIRECTION ( 'NONE',  ( 1.000000000000000000, -1.771000290586994931E-16, 0.000000000000000000 ) ) ;
#4141 = CARTESIAN_POINT ( 'NONE',  ( 15.05000000000000071, -1.980384757729361178, -0.8203022253684513210 ) ) ;
#4142 = VERTEX_POINT ( 'NONE', #5611 ) ;
#4143 = CARTESIAN_POINT ( 'NONE',  ( -9.500000000000001776, -2.615813991587110809, 0.000000000000000000 ) ) ;
#4144 = EDGE_CURVE ( 'NONE', #869, #2422, #3027, .T. ) ;
#4145 = CARTESIAN_POINT ( 'NONE',  ( 12.77500000000000568, 1.053469879313085666, 2.543301270189232799 ) ) ;
#4146 = CARTESIAN_POINT ( 'NONE',  ( 10.20000000000000462, -1.980384757729360956, 2.425271854633451269E-16 ) ) ;
#4147 = CARTESIAN_POINT ( 'NONE',  ( 10.15000000000000213, -1.980384757729360956, 0.8203022253684520981 ) ) ;
#4148 = CARTESIAN_POINT ( 'NONE',  ( 10.40000000000000568, -1.400343491548913688, -1.400343491548899255 ) ) ;
#4149 = CARTESIAN_POINT ( 'NONE',  ( 1.300000000000002487, -1.400343491548913244, 1.400343491548899477 ) ) ;
#4150 = CARTESIAN_POINT ( 'NONE',  ( 10.15000000000000213, -1.980384757729360956, 0.8203022253684520981 ) ) ;
#4151 = FACE_OUTER_BOUND ( 'NONE', #5887, .T. ) ;
#4152 = CARTESIAN_POINT ( 'NONE',  ( 3.225000000000003642, 1.053469879313085666, 2.543301270189232799 ) ) ;
#4153 = DIRECTION ( 'NONE',  ( 1.000000000000000000, -0.000000000000000000, -0.000000000000000000 ) ) ;
#4154 = ORIENTED_EDGE ( 'NONE', *, *, #4249, .F. ) ;
#4155 = DIRECTION ( 'NONE',  ( 0.000000000000000000, 1.000000000000000000, -0.000000000000000000 ) ) ;
#4156 = CIRCLE ( 'NONE', #6000, 7.677076266392028003 ) ;
#4157 = CARTESIAN_POINT ( 'NONE',  ( 15.85000000000000675, -1.980384757729360956, 0.8203022253684520981 ) ) ;
#4158 = CARTESIAN_POINT ( 'NONE',  ( 14.02500000000000391, -1.053469879313114754, -2.543301270189232355 ) ) ;
#4159 = CIRCLE ( 'NONE', #2990, 5.500000000000015099 ) ;
#4160 = VECTOR ( 'NONE', #4095, 1000.000000000000000 ) ;
#4161 = ORIENTED_EDGE ( 'NONE', *, *, #1840, .F. ) ;
#4162 = CARTESIAN_POINT ( 'NONE',  ( 4.925000000000004263, -1.798385574751179439, 1.798385574751165894 ) ) ;
#4163 = EDGE_CURVE ( 'NONE', #2862, #2532, #3066, .T. ) ;
#4164 = DIRECTION ( 'NONE',  ( 2.168404344971008868E-16, 1.000000000000000000, -0.000000000000000000 ) ) ;
#4165 = FACE_OUTER_BOUND ( 'NONE', #5929, .T. ) ;
#4166 = DIRECTION ( 'NONE',  ( 2.168404344971008868E-16, 1.000000000000000000, -0.000000000000000000 ) ) ;
#4167 = CARTESIAN_POINT ( 'NONE',  ( 10.90000000000000391, 1.767766952966361771, -1.767766952966376204 ) ) ;
#4168 = CARTESIAN_POINT ( 'NONE',  ( 1.650000000000005462, -0.8203022253684666421, -1.980384757729346745 ) ) ;
#4169 = ORIENTED_EDGE ( 'NONE', *, *, #5864, .T. ) ;
#4170 = CARTESIAN_POINT ( 'NONE',  ( 7.600000000000004974, -1.433703035749471672E-14, -2.500000000000010214 ) ) ;
#4171 = CARTESIAN_POINT ( 'NONE',  ( 4.300000000000005151, 1.980384757729333201, -4.850543709266902538E-16 ) ) ;
#4172 = CARTESIAN_POINT ( 'NONE',  ( 17.50000000000000000, 4.499999999999990230, 3.162277660168402615 ) ) ;
#4173 = EDGE_LOOP ( 'NONE', ( #102, #6104, #3617, #6161 ) ) ;
#4174 = CARTESIAN_POINT ( 'NONE',  ( 1.600000000000004752, -1.372470695792103782E-14, 2.500000000000010214 ) ) ;
#4175 = CARTESIAN_POINT ( 'NONE',  ( 2.000000000000005329, 1.400343491548885710, 1.400343491548899477 ) ) ;
#4176 = EDGE_CURVE ( 'NONE', #5445, #3681, #6033, .T. ) ;
#4177 = CARTESIAN_POINT ( 'NONE',  ( 10.25000000000000355, -1.980384757729360956, 0.8203022253684520981 ) ) ;
#4178 = CARTESIAN_POINT ( 'NONE',  ( 1.550000000000002709, -0.8203022253684666421, -1.980384757729346745 ) ) ;
#4179 = CARTESIAN_POINT ( 'NONE',  ( 16.00000000000000355, -1.424157858600947694E-14, -1.980384757729347189 ) ) ;
#4180 = DIRECTION ( 'NONE',  ( 0.000000000000000000, 0.000000000000000000, -1.000000000000000000 ) ) ;
#4181 = CIRCLE ( 'NONE', #343, 0.1796875000000001665 ) ;
#4182 = CARTESIAN_POINT ( 'NONE',  ( 14.60000000000000497, 1.400343491548885266, -1.400343491548899699 ) ) ;
#4183 = CARTESIAN_POINT ( 'NONE',  ( 8.650000000000005684, -1.980384757729361178, -0.8203022253684513210 ) ) ;
#4184 = CARTESIAN_POINT ( 'NONE',  ( 9.050000000000002487, 1.980384757729333201, 0.8203022253684517651 ) ) ;
#4185 = CARTESIAN_POINT ( 'NONE',  ( 10.45000000000000639, -0.8203022253684666421, -1.980384757729346745 ) ) ;
#4186 = ADVANCED_FACE ( 'NONE', ( #19 ), #51, .F. ) ;
#4187 = CARTESIAN_POINT ( 'NONE',  ( 2.950000000000003730, -1.980384757729360956, 0.8203022253684520981 ) ) ;
#4188 = CARTESIAN_POINT ( 'NONE',  ( 10.85000000000000142, -0.8203022253684655318, 1.980384757729347189 ) ) ;
#4189 = CARTESIAN_POINT ( 'NONE',  ( 10.50000000000000355, -1.372470695792103782E-14, 2.500000000000010214 ) ) ;
#4190 = CARTESIAN_POINT ( 'NONE',  ( 1.125000000000004441, -2.543301270189246122, -1.053469879313099211 ) ) ;
#4191 = CARTESIAN_POINT ( 'NONE',  ( 15.77500000000000391, 2.543301270189217700, -1.053469879313101210 ) ) ;
#4192 = VERTEX_POINT ( 'NONE', #3285 ) ;
#4193 = DIRECTION ( 'NONE',  ( -1.224646799147353207E-16, 2.655529440325959183E-32, 1.000000000000000000 ) ) ;
#4194 = CARTESIAN_POINT ( 'NONE',  ( 15.60000000000000675, 1.400343491548885710, 1.400343491548899477 ) ) ;
#4195 = CARTESIAN_POINT ( 'NONE',  ( 10.92500000000000426, 1.053469879313086111, -2.543301270189232355 ) ) ;
#4196 = ORIENTED_EDGE ( 'NONE', *, *, #6241, .T. ) ;
#4197 = CARTESIAN_POINT ( 'NONE',  ( -12.35937499999999645, 3.999999999999996447, 0.000000000000000000 ) ) ;
#4198 = AXIS2_PLACEMENT_3D ( 'NONE', #1612, #5510, #1071 ) ;
#4199 = CARTESIAN_POINT ( 'NONE',  ( 8.350000000000003197, -1.035533905932757293, -2.500000000000010214 ) ) ;
#4200 = CARTESIAN_POINT ( 'NONE',  ( 8.650000000000005684, 2.499999999999996003, -1.035533905932743526 ) ) ;
#4201 = CARTESIAN_POINT ( 'NONE',  ( 1.350000000000004086, -0.8203022253684655318, 1.980384757729346967 ) ) ;
#4202 = ORIENTED_EDGE ( 'NONE', *, *, #2392, .T. ) ;
#4203 = CARTESIAN_POINT ( 'NONE',  ( 10.12500000000000533, 1.798385574751151461, -1.798385574751166116 ) ) ;
#4204 = CARTESIAN_POINT ( 'NONE',  ( 6.750000000000005329, 1.980384757729333201, 0.8203022253684517651 ) ) ;
#4205 = CARTESIAN_POINT ( 'NONE',  ( 5.101872669448172637, -2.499701056393031084, -0.03866042767392333795 ) ) ;
#4206 = VERTEX_POINT ( 'NONE', #3941 ) ;
#4207 = CARTESIAN_POINT ( 'NONE',  ( -2.886550239935782969, -2.615813991587112142, -5.435053732286850625 ) ) ;
#4208 = CARTESIAN_POINT ( 'NONE',  ( -9.500000000000000000, 2.695312499999991118, 0.000000000000000000 ) ) ;
#4209 = CARTESIAN_POINT ( 'NONE',  ( 10.20000000000000639, -1.400343491548913244, 1.400343491548899477 ) ) ;
#4210 = DIRECTION ( 'NONE',  ( -2.168404344971008868E-16, -1.000000000000000000, 0.000000000000000000 ) ) ;
#4211 = CARTESIAN_POINT ( 'NONE',  ( 16.35000000000000497, 0.8203022253684378873, 1.980384757729346967 ) ) ;
#4212 = EDGE_CURVE ( 'NONE', #1232, #3463, #3522, .T. ) ;
#4213 = CARTESIAN_POINT ( 'NONE',  ( 14.10000000000000497, -1.433703035749471672E-14, -2.500000000000010214 ) ) ;
#4214 = CIRCLE ( 'NONE', #1047, 0.1796875000000001665 ) ;
#4215 = CARTESIAN_POINT ( 'NONE',  ( 14.00000000000000533, 1.400343491548885710, 1.400343491548899477 ) ) ;
#4216 = CARTESIAN_POINT ( 'NONE',  ( 10.40000000000000213, -1.424157858600947694E-14, -1.980384757729347189 ) ) ;
#4217 = CARTESIAN_POINT ( 'NONE',  ( 8.750000000000001776, -0.8203022253684666421, -1.980384757729346745 ) ) ;
#4218 = CARTESIAN_POINT ( 'NONE',  ( 11.05000000000000604, -1.980384757729360956, 0.8203022253684520981 ) ) ;
#4219 = CARTESIAN_POINT ( 'NONE',  ( 3.650000000000002132, -0.8203022253684655318, 1.980384757729346967 ) ) ;
#4220 = CARTESIAN_POINT ( 'NONE',  ( 11.05000000000000426, -1.980384757729361400, -0.8203022253684514320 ) ) ;
#4221 = CARTESIAN_POINT ( 'NONE',  ( 14.00000000000000533, -1.433703035749471672E-14, -2.500000000000010214 ) ) ;
#4222 = CARTESIAN_POINT ( 'NONE',  ( 18.55000000000000426, 1.980384757729332534, -0.8203022253684530973 ) ) ;
#4223 = EDGE_LOOP ( 'NONE', ( #519, #2671, #4980, #5121 ) ) ;
#4224 = EDGE_CURVE ( 'NONE', #2331, #5166, #1692, .T. ) ;
#4225 = CARTESIAN_POINT ( 'NONE',  ( 17.90000000000000213, 1.400343491548885710, 1.400343491548899477 ) ) ;
#4226 = AXIS2_PLACEMENT_3D ( 'NONE', #150, #5096, #3422 ) ;
#4227 = CARTESIAN_POINT ( 'NONE',  ( 16.05000000000000426, -0.8203022253684666421, -1.980384757729346745 ) ) ;
#4228 = CARTESIAN_POINT ( 'NONE',  ( 11.62500000000000533, -1.053469879313114754, -2.543301270189232355 ) ) ;
#4229 = VERTEX_POINT ( 'NONE', #493 ) ;
#4230 = ADVANCED_FACE ( 'NONE', ( #2705 ), #4925, .F. ) ;
#4231 = FACE_OUTER_BOUND ( 'NONE', #2467, .T. ) ;
#4232 = DIRECTION ( 'NONE',  ( -1.000000000000000000, 2.087857514875232204E-16, 0.000000000000000000 ) ) ;
#4233 = FACE_OUTER_BOUND ( 'NONE', #6167, .T. ) ;
#4234 = CARTESIAN_POINT ( 'NONE',  ( 16.97320508075689105, -1.373247090752099860E-14, 2.373205080756899843 ) ) ;
#4235 = ORIENTED_EDGE ( 'NONE', *, *, #158, .F. ) ;
#4236 = CARTESIAN_POINT ( 'NONE',  ( 9.225000000000003197, -1.434498467178515336E-14, -2.543301270189231911 ) ) ;
#4237 = CARTESIAN_POINT ( 'NONE',  ( 3.750000000000004885, -0.8203022253684655318, 1.980384757729346967 ) ) ;
#4238 = CARTESIAN_POINT ( 'NONE',  ( 17.07952702856971783, -2.402921744512408253, 0.6319565585684164821 ) ) ;
#4239 = ORIENTED_EDGE ( 'NONE', *, *, #656, .T. ) ;
#4240 = DIRECTION ( 'NONE',  ( -1.000000000000000000, 0.000000000000000000, 0.000000000000000000 ) ) ;
#4241 = CARTESIAN_POINT ( 'NONE',  ( 12.95000000000000462, -1.035533905932755516, 2.500000000000010214 ) ) ;
#4242 = CARTESIAN_POINT ( 'NONE',  ( 11.75000000000000711, -0.8203022253684655318, 1.980384757729346967 ) ) ;
#4243 = DIRECTION ( 'NONE',  ( 1.000000000000000000, -2.573190495840610396E-16, 0.000000000000000000 ) ) ;
#4244 = CARTESIAN_POINT ( 'NONE',  ( 14.75000000000000355, 0.8203022253684378873, 1.980384757729346967 ) ) ;
#4245 = DIRECTION ( 'NONE',  ( 0.000000000000000000, -0.000000000000000000, -1.000000000000000000 ) ) ;
#4246 = AXIS2_PLACEMENT_3D ( 'NONE', #4933, #1143, #6058 ) ;
#4247 = CARTESIAN_POINT ( 'NONE',  ( 16.50000000000000711, -1.375652421508278441E-14, 1.980384757729347189 ) ) ;
#4248 = CARTESIAN_POINT ( 'NONE',  ( -2.027014441497236863, -5.102791407854944392E-15, 0.000000000000000000 ) ) ;
#4249 = EDGE_CURVE ( 'NONE', #2458, #4341, #6904, .T. ) ;
#4250 = CARTESIAN_POINT ( 'NONE',  ( 9.450000000000004619, -1.980384757729361178, -0.8203022253684513210 ) ) ;
#4251 = CARTESIAN_POINT ( 'NONE',  ( 6.350000000000002309, -0.8203022253684666421, -1.980384757729346745 ) ) ;
#4252 = CARTESIAN_POINT ( 'NONE',  ( 5.850000000000005862, 1.980384757729332978, -0.8203022253684528753 ) ) ;
#4253 = CARTESIAN_POINT ( 'NONE',  ( 1.750000000000001332, 1.980384757729332534, -0.8203022253684530973 ) ) ;
#4254 = CARTESIAN_POINT ( 'NONE',  ( 9.500000000000003553, -1.400343491548913688, -1.400343491548899255 ) ) ;
#4255 = B_SPLINE_CURVE_WITH_KNOTS ( 'NONE', 3,
 ( #2292, #2839, #1672, #4514, #2151, #4478, #1132, #5063, #592, #2807 ),
 .UNSPECIFIED., .F., .F.,
 ( 4, 2, 2, 2, 4 ),
 ( 0.000000000000000000, 0.0003917340486918379698, 0.0007834680973836759396, 0.001175202146075514289, 0.001566936194767352963 ),
 .UNSPECIFIED. ) ;
#4256 = DIRECTION ( 'NONE',  ( 2.168404344971008868E-16, 1.000000000000000000, -0.000000000000000000 ) ) ;
#4257 = CARTESIAN_POINT ( 'NONE',  ( 1.675000000000002931, -1.372205551982422560E-14, 2.543301270189231911 ) ) ;
#4258 = EDGE_LOOP ( 'NONE', ( #2029, #6760, #6358, #5820 ) ) ;
#4259 = FACE_OUTER_BOUND ( 'NONE', #5563, .T. ) ;
#4260 = CARTESIAN_POINT ( 'NONE',  ( 14.15000000000000568, -0.8203022253684655318, 1.980384757729347189 ) ) ;
#4261 = EDGE_CURVE ( 'NONE', #2250, #1088, #4773, .T. ) ;
#4262 = AXIS2_PLACEMENT_3D ( 'NONE', #514, #5456, #2661 ) ;
#4263 = CARTESIAN_POINT ( 'NONE',  ( 12.07500000000000462, -1.372205551982422560E-14, 2.543301270189231911 ) ) ;
#4264 = AXIS2_PLACEMENT_3D ( 'NONE', #2296, #6258, #6720 ) ;
#4265 = ORIENTED_EDGE ( 'NONE', *, *, #2833, .F. ) ;
#4266 =( BOUNDED_CURVE ( )  B_SPLINE_CURVE ( 2, ( #2971, #6701, #2824, #64, #2931 ),
 .UNSPECIFIED., .F., .F. ) 
 B_SPLINE_CURVE_WITH_KNOTS ( ( 3, 2, 3 ),
 ( 0.9090909090909090606, 0.9147727272727272929, 0.9204545454545454142 ),
 .UNSPECIFIED. ) 
 CURVE ( )  GEOMETRIC_REPRESENTATION_ITEM ( )  RATIONAL_B_SPLINE_CURVE ( ( 1.000000000000000000, 0.9238795325112867385, 1.000000000000000000, 0.9238795325112867385, 1.000000000000000000 ) ) 
 REPRESENTATION_ITEM ( '' )  );
#4267 = CARTESIAN_POINT ( 'NONE',  ( 5.300000000000004263, -1.433703035749471672E-14, -2.500000000000010214 ) ) ;
#4268 = CARTESIAN_POINT ( 'NONE',  ( -16.29392316659661333, 2.615813991587099263, 8.320156259625592586E-16 ) ) ;
#4269 = CARTESIAN_POINT ( 'NONE',  ( 5.900000000000033218, -2.499900352130977499, 0.01290695757383312006 ) ) ;
#4270 = CARTESIAN_POINT ( 'NONE',  ( 8.900000000000005684, -1.767766952966389749, 1.767766952966375982 ) ) ;
#4271 = ADVANCED_FACE ( 'NONE', ( #6837 ), #6678, .T. ) ;
#4272 = CARTESIAN_POINT ( 'NONE',  ( 12.45000000000000284, 1.035533905932728427, -2.500000000000010214 ) ) ;
#4273 = ORIENTED_EDGE ( 'NONE', *, *, #7094, .T. ) ;
#4274 = CIRCLE ( 'NONE', #897, 3.847401720642127820 ) ;
#4275 = CARTESIAN_POINT ( 'NONE',  ( 8.775000000000005684, 1.053469879313085666, 2.543301270189232799 ) ) ;
#4276 = CARTESIAN_POINT ( 'NONE',  ( 6.050000000000005151, 0.8203022253684378873, 1.980384757729346967 ) ) ;
#4277 = DIRECTION ( 'NONE',  ( 1.000000000000000000, -0.000000000000000000, -0.000000000000000000 ) ) ;
#4278 = CARTESIAN_POINT ( 'NONE',  ( 5.619148492441235376, -2.470074775271890566, -0.3865560272823582166 ) ) ;
#4279 = CYLINDRICAL_SURFACE ( 'NONE', #6919, 5.500000000000014211 ) ;
#4280 = CARTESIAN_POINT ( 'NONE',  ( 6.200000000000005507, -1.400343491548913244, 1.400343491548899477 ) ) ;
#4281 = CARTESIAN_POINT ( 'NONE',  ( 8.000000000000005329, 1.767766952966362215, 1.767766952966375982 ) ) ;
#4282 = DIRECTION ( 'NONE',  ( 0.000000000000000000, 0.000000000000000000, -1.000000000000000000 ) ) ;
#4283 = CARTESIAN_POINT ( 'NONE',  ( 3.850000000000003642, 2.499999999999996003, -1.035533905932743526 ) ) ;
#4284 = CARTESIAN_POINT ( 'NONE',  ( 16.05000000000000426, -0.8203022253684666421, -1.980384757729346745 ) ) ;
#4285 = PLANE ( 'NONE',  #6205 ) ;
#4286 = VERTEX_POINT ( 'NONE', #2412 ) ;
#4287 = CARTESIAN_POINT ( 'NONE',  ( 7.700000000000001954, -1.400343491548913244, 1.400343491548899477 ) ) ;
#4288 = CARTESIAN_POINT ( 'NONE',  ( 6.750000000000003553, 0.8203022253684378873, 1.980384757729346967 ) ) ;
#4289 = CARTESIAN_POINT ( 'NONE',  ( 7.000000000000006217, -1.400343491548913244, 1.400343491548899477 ) ) ;
#4290 = CARTESIAN_POINT ( 'NONE',  ( 16.30000000000000426, 1.980384757729333201, -4.850543709266902538E-16 ) ) ;
#4291 = CARTESIAN_POINT ( 'NONE',  ( 8.550000000000002487, -1.980384757729360956, 0.8203022253684520981 ) ) ;
#4292 = LINE ( 'NONE', #5957, #3225 ) ;
#4293 = CARTESIAN_POINT ( 'NONE',  ( 18.30000000000000426, -1.400343491548913688, -1.400343491548899255 ) ) ;
#4294 = ORIENTED_EDGE ( 'NONE', *, *, #3112, .F. ) ;
#4295 = CARTESIAN_POINT ( 'NONE',  ( 15.35000000000000497, 1.980384757729332534, -0.8203022253684530973 ) ) ;
#4296 = CARTESIAN_POINT ( 'NONE',  ( 14.45000000000000462, -1.035533905932755516, 2.500000000000010214 ) ) ;
#4297 = AXIS2_PLACEMENT_3D ( 'NONE', #2559, #3103, #6871 ) ;
#4298 = CARTESIAN_POINT ( 'NONE',  ( 13.05000000000000604, 1.980384757729332978, -0.8203022253684528753 ) ) ;
#4299 = CARTESIAN_POINT ( 'NONE',  ( 7.150000000000004796, 1.035533905932727983, 2.500000000000010214 ) ) ;
#4300 = CARTESIAN_POINT ( 'NONE',  ( 10.42500000000000426, 1.053469879313085666, 2.543301270189232799 ) ) ;
#4301 = ORIENTED_EDGE ( 'NONE', *, *, #1110, .T. ) ;
#4302 = DIRECTION ( 'NONE',  ( 0.000000000000000000, 0.000000000000000000, -1.000000000000000000 ) ) ;
#4303 = DIRECTION ( 'NONE',  ( 1.000000000000000000, -2.573190495840610396E-16, 0.000000000000000000 ) ) ;
#4304 = PERSON_AND_ORGANIZATION ( #6370, #2200 ) ;
#4305 = FACE_OUTER_BOUND ( 'NONE', #535, .T. ) ;
#4306 = CARTESIAN_POINT ( 'NONE',  ( 17.50000000000000000, -4.500000000000008882, 3.162277660168408389 ) ) ;
#4307 = VERTEX_POINT ( 'NONE', #1235 ) ;
#4308 = CARTESIAN_POINT ( 'NONE',  ( 10.97500000000000497, 2.543301270189217700, -1.053469879313101210 ) ) ;
#4309 = CIRCLE ( 'NONE', #6500, 0.4000000000000004663 ) ;
#4310 = CARTESIAN_POINT ( 'NONE',  ( 1.300000000000006040, -1.375652421508278441E-14, 1.980384757729347189 ) ) ;
#4311 = LINE ( 'NONE', #5399, #478 ) ;
#4312 = EDGE_CURVE ( 'NONE', #6337, #1055, #872, .T. ) ;
#4313 = CARTESIAN_POINT ( 'NONE',  ( 9.200000000000004619, -1.433703035749471672E-14, -2.500000000000010214 ) ) ;
#4314 = CARTESIAN_POINT ( 'NONE',  ( 5.898127330551512948, -2.499701056392982679, 0.03866042767392090934 ) ) ;
#4315 = CARTESIAN_POINT ( 'NONE',  ( -4.602418996775448967, -2.610785383146994487, 5.997806899163832385E-16 ) ) ;
#4316 = CARTESIAN_POINT ( 'NONE',  ( 7.800000000000005151, -1.400343491548913244, 1.400343491548899477 ) ) ;
#4317 = LINE ( 'NONE', #2089, #4470 ) ;
#4318 = CARTESIAN_POINT ( 'NONE',  ( 11.15000000000000924, -1.980384757729361178, -0.8203022253684513210 ) ) ;
#4319 = DIRECTION ( 'NONE',  ( 2.168404344971008868E-16, 1.000000000000000000, -0.000000000000000000 ) ) ;
#4320 = EDGE_CURVE ( 'NONE', #1326, #640, #435, .T. ) ;
#4321 =( BOUNDED_CURVE ( )  B_SPLINE_CURVE ( 2, ( #3908, #2847, #122, #6723, #4522, #3978, #5005, #4383, #1204 ),
 .UNSPECIFIED., .F., .F. ) 
 B_SPLINE_CURVE_WITH_KNOTS ( ( 3, 2, 2, 2, 3 ),
 ( 0.4659090909090908839, 0.4715909090909091161, 0.4772727272727272929, 0.4829545454545454697, 0.4886363636363636465 ),
 .UNSPECIFIED. ) 
 CURVE ( )  GEOMETRIC_REPRESENTATION_ITEM ( )  RATIONAL_B_SPLINE_CURVE ( ( 1.000000000000000000, 0.9238795325112867385, 1.000000000000000000, 0.9238795325112867385, 1.000000000000000000, 0.9238795325112867385, 1.000000000000000000, 0.9238795325112867385, 1.000000000000000000 ) ) 
 REPRESENTATION_ITEM ( '' )  );
#4322 = ORIENTED_EDGE ( 'NONE', *, *, #2168, .T. ) ;
#4323 = CARTESIAN_POINT ( 'NONE',  ( 7.050000000000002487, -1.980384757729361178, -0.8203022253684513210 ) ) ;
#4324 = CARTESIAN_POINT ( 'NONE',  ( 7.100000000000005862, -1.980384757729360956, 2.425271854633451269E-16 ) ) ;
#4325 = CARTESIAN_POINT ( 'NONE',  ( 16.25000000000000711, 1.980384757729332534, -0.8203022253684530973 ) ) ;
#4326 = CARTESIAN_POINT ( 'NONE',  ( 5.750000000000003553, 1.980384757729332978, -0.8203022253684528753 ) ) ;
#4327 = LINE ( 'NONE', #3341, #1823 ) ;
#4328 = CARTESIAN_POINT ( 'NONE',  ( 17.90000000000000213, 1.400343491548885710, 1.400343491548899477 ) ) ;
#4329 = ORIENTED_EDGE ( 'NONE', *, *, #3399, .T. ) ;
#4330 = CARTESIAN_POINT ( 'NONE',  ( 16.20000000000000284, 1.980384757729333201, -4.850543709266902538E-16 ) ) ;
#4331 = CARTESIAN_POINT ( 'NONE',  ( 18.10000000000000497, -1.375652421508278441E-14, 1.980384757729347189 ) ) ;
#4332 = CARTESIAN_POINT ( 'NONE',  ( 12.70000000000000639, -1.980384757729360956, 2.425271854633451269E-16 ) ) ;
#4333 = CARTESIAN_POINT ( 'NONE',  ( 15.25000000000000355, 0.8203022253684383314, -1.980384757729346745 ) ) ;
#4334 = CARTESIAN_POINT ( 'NONE',  ( 12.17500000000000604, -1.798385574751179439, 1.798385574751165894 ) ) ;
#4335 = ORIENTED_EDGE ( 'NONE', *, *, #5104, .F. ) ;
#4336 = CARTESIAN_POINT ( 'NONE',  ( 15.95000000000000639, 2.499999999999996447, 1.035533905932741972 ) ) ;
#4337 = CARTESIAN_POINT ( 'NONE',  ( 4.450000000000005507, 1.035533905932728427, -2.500000000000010214 ) ) ;
#4338 = PERSON_AND_ORGANIZATION ( #6370, #2200 ) ;
#4339 = EDGE_CURVE ( 'NONE', #1716, #1094, #4546, .T. ) ;
#4340 = LINE ( 'NONE', #4921, #7154 ) ;
#4341 = VERTEX_POINT ( 'NONE', #4127 ) ;
#4342 = CARTESIAN_POINT ( 'NONE',  ( 9.775000000000005684, -2.543301270189245677, 1.053469879313099655 ) ) ;
#4343 = CARTESIAN_POINT ( 'NONE',  ( 1.950000000000003508, 1.980384757729333201, 0.8203022253684517651 ) ) ;
#4344 = DIRECTION ( 'NONE',  ( 0.000000000000000000, -0.000000000000000000, -1.000000000000000000 ) ) ;
#4345 = CARTESIAN_POINT ( 'NONE',  ( 11.45000000000000462, -2.500000000000024425, -1.035533905932741749 ) ) ;
#4346 = CARTESIAN_POINT ( 'NONE',  ( 1.368465092312452613, -0.1469924426706558096, -2.368465092312462605 ) ) ;
#4347 =( BOUNDED_CURVE ( )  B_SPLINE_CURVE ( 2, ( #3653, #876, #2003, #1418, #4267 ),
 .UNSPECIFIED., .F., .F. ) 
 B_SPLINE_CURVE_WITH_KNOTS ( ( 3, 2, 3 ),
 ( 0.2387509948295820084, 0.2443181818181818787, 0.2500000000000000000 ),
 .UNSPECIFIED. ) 
 CURVE ( )  GEOMETRIC_REPRESENTATION_ITEM ( )  RATIONAL_B_SPLINE_CURVE ( ( 0.9969904927099854097, 0.9254152697942031880, 1.000000000000000000, 0.9238795325112867385, 1.000000000000000000 ) ) 
 REPRESENTATION_ITEM ( '' )  );
#4348 = CARTESIAN_POINT ( 'NONE',  ( -12.35937499999999822, -4.000000000000005329, 3.501724441311959129E-16 ) ) ;
#4349 = PRODUCT ( '59935K71_Ball Joint Rod End', '59935K71_Ball Joint Rod End', '', ( #7087 ) ) ;
#4350 = CARTESIAN_POINT ( 'NONE',  ( 8.850000000000004974, -0.8203022253684666421, -1.980384757729346745 ) ) ;
#4351 = FACE_OUTER_BOUND ( 'NONE', #3849, .T. ) ;
#4352 = EDGE_CURVE ( 'NONE', #3486, #3024, #5645, .T. ) ;
#4353 = CARTESIAN_POINT ( 'NONE',  ( 12.70000000000000639, -1.980384757729360956, 2.425271854633451269E-16 ) ) ;
#4354 = CARTESIAN_POINT ( 'NONE',  ( 5.704493810954250677, -2.475767892624091804, 0.3478652036950377613 ) ) ;
#4355 = ORIENTED_EDGE ( 'NONE', *, *, #5511, .T. ) ;
#4356 = CARTESIAN_POINT ( 'NONE',  ( 5.900000000000002132, 1.400343491548885710, 1.400343491548899477 ) ) ;
#4357 = CARTESIAN_POINT ( 'NONE',  ( 6.950000000000007283, -0.8203022253684655318, 1.980384757729347189 ) ) ;
#4358 = CARTESIAN_POINT ( 'NONE',  ( 18.55000000000001137, 0.8203022253684382203, -1.980384757729346745 ) ) ;
#4359 = CIRCLE ( 'NONE', #7127, 4.897581003224556362 ) ;
#4360 = CARTESIAN_POINT ( 'NONE',  ( 7.550000000000003375, 0.8203022253684378873, 1.980384757729347189 ) ) ;
#4361 = CARTESIAN_POINT ( 'NONE',  ( 5.096129683141898070, 2.500618452390738433, -0.06757300899345400347 ) ) ;
#4362 = EDGE_CURVE ( 'NONE', #6522, #3376, #4609, .T. ) ;
#4363 = ORIENTED_EDGE ( 'NONE', *, *, #4713, .F. ) ;
#4364 = CARTESIAN_POINT ( 'NONE',  ( 14.70000000000000284, 1.400343491548885710, 1.400343491548899477 ) ) ;
#4365 = CARTESIAN_POINT ( 'NONE',  ( 17.00000000000000355, 1.400343491548885266, -1.400343491548899699 ) ) ;
#4366 = CARTESIAN_POINT ( 'NONE',  ( 12.90000000000000568, -1.424157858600947694E-14, -1.980384757729347189 ) ) ;
#4367 = CARTESIAN_POINT ( 'NONE',  ( 15.10000000000000142, -1.400343491548913688, -1.400343491548899255 ) ) ;
#4368 = CARTESIAN_POINT ( 'NONE',  ( 9.675000000000002487, -1.372205551982422560E-14, 2.543301270189231911 ) ) ;
#4369 = ORIENTED_EDGE ( 'NONE', *, *, #5283, .T. ) ;
#4370 = CARTESIAN_POINT ( 'NONE',  ( 6.000000000000004441, -1.433703035749471672E-14, -2.500000000000010214 ) ) ;
#4371 = DIRECTION ( 'NONE',  ( 0.000000000000000000, 0.000000000000000000, -1.000000000000000000 ) ) ;
#4372 = ORIENTED_EDGE ( 'NONE', *, *, #6355, .F. ) ;
#4373 = VECTOR ( 'NONE', #5429, 1000.000000000000000 ) ;
#4374 = CARTESIAN_POINT ( 'NONE',  ( 8.650000000000005684, 2.499999999999996003, 1.035533905932741972 ) ) ;
#4375 = CARTESIAN_POINT ( 'NONE',  ( -15.51942169149164386, 2.695312499999992450, 0.000000000000000000 ) ) ;
#4376 = CYLINDRICAL_SURFACE ( 'NONE', #6072, 2.500000000000008438 ) ;
#4377 = EDGE_CURVE ( 'NONE', #5562, #4457, #6453, .T. ) ;
#4378 = CARTESIAN_POINT ( 'NONE',  ( 5.575000000000004619, 1.053469879313085666, 2.543301270189232799 ) ) ;
#4379 = CARTESIAN_POINT ( 'NONE',  ( 18.97500000000000497, 2.543301270189217700, -1.053469879313101210 ) ) ;
#4380 = CARTESIAN_POINT ( 'NONE',  ( 12.10000000000000497, -1.372470695792103782E-14, 2.500000000000010214 ) ) ;
#4381 = CARTESIAN_POINT ( 'NONE',  ( 16.83413951751122895, -2.228273258850897331, 0.2279231030217832854 ) ) ;
#4382 = AXIS2_PLACEMENT_3D ( 'NONE', #4708, #5865, #4777 ) ;
#4383 = CARTESIAN_POINT ( 'NONE',  ( 10.45000000000000639, -1.035533905932755516, 2.500000000000010214 ) ) ;
#4384 = CARTESIAN_POINT ( 'NONE',  ( 6.650000000000004796, 1.980384757729332534, -0.8203022253684530973 ) ) ;
#4385 = DIRECTION ( 'NONE',  ( 0.000000000000000000, 0.000000000000000000, -1.000000000000000000 ) ) ;
#4386 = CARTESIAN_POINT ( 'NONE',  ( 10.70000000000000462, 1.980384757729333201, -4.850543709266902538E-16 ) ) ;
#4387 = CIRCLE ( 'NONE', #2177, 7.677076266392028003 ) ;
#4388 = SPHERICAL_SURFACE ( 'NONE', #6434, 8.000000000000001776 ) ;
#4389 = ORIENTED_EDGE ( 'NONE', *, *, #1225, .T. ) ;
#4390 = CARTESIAN_POINT ( 'NONE',  ( 6.400000000000003020, -1.424157858600947694E-14, -1.980384757729347189 ) ) ;
#4391 = CARTESIAN_POINT ( 'NONE',  ( 6.600000000000004974, 1.400343491548885266, -1.400343491548899699 ) ) ;
#4392 = CARTESIAN_POINT ( 'NONE',  ( 18.15000000000000568, -0.8203022253684655318, 1.980384757729346967 ) ) ;
#4393 = CARTESIAN_POINT ( 'NONE',  ( 6.350000000000002309, -0.8203022253684666421, -1.980384757729346745 ) ) ;
#4394 = EDGE_LOOP ( 'NONE', ( #2755, #3177, #593, #418, #3064, #6430 ) ) ;
#4395 = DIRECTION ( 'NONE',  ( 1.000000000000000000, -0.000000000000000000, -0.000000000000000000 ) ) ;
#4396 = EDGE_LOOP ( 'NONE', ( #5659, #2430, #5520, #5221 ) ) ;
#4397 = ORIENTED_EDGE ( 'NONE', *, *, #1840, .T. ) ;
#4398 = CARTESIAN_POINT ( 'NONE',  ( 17.35000000000000497, -1.980384757729360956, 0.8203022253684520981 ) ) ;
#4399 = ADVANCED_FACE ( 'NONE', ( #6294 ), #769, .T. ) ;
#4400 = CARTESIAN_POINT ( 'NONE',  ( 17.25000000000000355, 0.8203022253684378873, 1.980384757729346967 ) ) ;
#4401 = CARTESIAN_POINT ( 'NONE',  ( 15.25000000000000888, -0.8203022253684666421, -1.980384757729346745 ) ) ;
#4402 = DIRECTION ( 'NONE',  ( 1.000000000000000000, -1.778671531248330217E-16, 0.000000000000000000 ) ) ;
#4403 = CARTESIAN_POINT ( 'NONE',  ( 8.325000000000004619, -2.543301270189246122, -1.053469879313099211 ) ) ;
#4404 = VERTEX_POINT ( 'NONE', #730 ) ;
#4405 = CARTESIAN_POINT ( 'NONE',  ( 7.650000000000004796, 1.035533905932728427, -2.500000000000010214 ) ) ;
#4406 = DIRECTION ( 'NONE',  ( 1.000000000000000000, 0.000000000000000000, -1.224646799147349016E-16 ) ) ;
#4407 = DIRECTION ( 'NONE',  ( 1.000000000000000000, 0.000000000000000000, 0.000000000000000000 ) ) ;
#4408 = VERTEX_POINT ( 'NONE', #2954 ) ;
#4410 = CARTESIAN_POINT ( 'NONE',  ( 14.00000000000000533, -1.433703035749471672E-14, -2.500000000000010214 ) ) ;
#4409 = CC_DESIGN_APPROVAL ( #2424, ( #4996 ) ) ;
#4411 = CARTESIAN_POINT ( 'NONE',  ( 17.57500000000000284, 1.798385574751152127, 1.798385574751165894 ) ) ;
#4412 = ORIENTED_EDGE ( 'NONE', *, *, #2933, .F. ) ;
#4413 = CARTESIAN_POINT ( 'NONE',  ( 7.125000000000004441, 1.798385574751152127, 1.798385574751165894 ) ) ;
#4414 = CARTESIAN_POINT ( 'NONE',  ( 2.800000000000005596, 1.400343491548885710, 1.400343491548899477 ) ) ;
#4415 = CARTESIAN_POINT ( 'NONE',  ( 15.15000000000000568, 1.035533905932727983, 2.500000000000010214 ) ) ;
#4416 = DIRECTION ( 'NONE',  ( 0.000000000000000000, 0.000000000000000000, -1.000000000000000000 ) ) ;
#4417 = CARTESIAN_POINT ( 'NONE',  ( 15.50000000000000355, -2.500000000000023981, 3.061616997868394974E-16 ) ) ;
#4418 = CARTESIAN_POINT ( 'NONE',  ( 7.350000000000005862, 0.8203022253684382203, -1.980384757729346745 ) ) ;
#4419 = CARTESIAN_POINT ( 'NONE',  ( -9.500000000000000000, -3.857637417314162689E-15, 0.000000000000000000 ) ) ;
#4420 = AXIS2_PLACEMENT_3D ( 'NONE', #4809, #6943, #1969 ) ;
#4421 = CARTESIAN_POINT ( 'NONE',  ( 11.45000000000000462, 1.980384757729332534, -0.8203022253684530973 ) ) ;
#4422 = CARTESIAN_POINT ( 'NONE',  ( -9.500000000000000000, 3.640624999999996003, 0.000000000000000000 ) ) ;
#4423 = ORIENTED_EDGE ( 'NONE', *, *, #1676, .F. ) ;
#4424 = CARTESIAN_POINT ( 'NONE',  ( 3.150000000000001688, -0.8203022253684666421, -1.980384757729346745 ) ) ;
#4425 = EDGE_CURVE ( 'NONE', #2171, #6897, #3428, .T. ) ;
#4426 = CARTESIAN_POINT ( 'NONE',  ( 2.900000000000004796, -1.375652421508278441E-14, 1.980384757729347189 ) ) ;
#4427 = CARTESIAN_POINT ( 'NONE',  ( 17.95000000000000639, 1.980384757729333201, 0.8203022253684517651 ) ) ;
#4428 = CARTESIAN_POINT ( 'NONE',  ( 7.050000000000001599, -1.980384757729361400, -0.8203022253684514320 ) ) ;
#4429 = ORIENTED_EDGE ( 'NONE', *, *, #1540, .F. ) ;
#4430 = CARTESIAN_POINT ( 'NONE',  ( 4.900000000000003908, -1.372470695792103782E-14, 2.500000000000010214 ) ) ;
#4431 = ORIENTED_EDGE ( 'NONE', *, *, #1527, .T. ) ;
#4432 = ORIENTED_EDGE ( 'NONE', *, *, #4339, .F. ) ;
#4433 = CARTESIAN_POINT ( 'NONE',  ( 16.50000000000000355, -1.400343491548913244, 1.400343491548899477 ) ) ;
#4434 = CARTESIAN_POINT ( 'NONE',  ( 18.70000000000000639, 1.980384757729333201, -4.850543709266902538E-16 ) ) ;
#4435 = CARTESIAN_POINT ( 'NONE',  ( 16.40000000000000568, -1.433703035749471672E-14, -2.500000000000010214 ) ) ;
#4436 = CARTESIAN_POINT ( 'NONE',  ( 8.025000000000003908, 1.053469879313085666, 2.543301270189232799 ) ) ;
#4437 = EDGE_CURVE ( 'NONE', #468, #2422, #4843, .T. ) ;
#4438 = ORIENTED_EDGE ( 'NONE', *, *, #5465, .T. ) ;
#4439 = CARTESIAN_POINT ( 'NONE',  ( 5.812317451387637668, -2.487477073349899648, -0.2499156048723925883 ) ) ;
#4440 = CARTESIAN_POINT ( 'NONE',  ( 4.800000000000005151, -1.372470695792103782E-14, 2.500000000000010214 ) ) ;
#4441 = APPROVAL_ROLE ( '' ) ;
#4442 = CARTESIAN_POINT ( 'NONE',  ( 1.383636448640081396, 0.3179314777152069671, -2.367717204953779575 ) ) ;
#4443 = AXIS2_PLACEMENT_3D ( 'NONE', #3187, #4477, #2256 ) ;
#4444 = FACE_OUTER_BOUND ( 'NONE', #3760, .T. ) ;
#4445 = DIRECTION ( 'NONE',  ( 1.000000000000000000, -0.000000000000000000, -0.000000000000000000 ) ) ;
#4446 = EDGE_CURVE ( 'NONE', #5254, #2795, #1119, .T. ) ;
#4447 = EDGE_LOOP ( 'NONE', ( #4676, #1302, #2218, #1690, #3524 ) ) ;
#4448 = CARTESIAN_POINT ( 'NONE',  ( 8.325000000000004619, -1.798385574751180105, -1.798385574751165450 ) ) ;
#4449 = CARTESIAN_POINT ( 'NONE',  ( 3.150000000000005684, -1.980384757729361178, -0.8203022253684513210 ) ) ;
#4450 = CARTESIAN_POINT ( 'NONE',  ( 9.750000000000005329, -1.035533905932755516, 2.500000000000010214 ) ) ;
#4451 = CIRCLE ( 'NONE', #1657, 0.4000000000000004663 ) ;
#4452 = CARTESIAN_POINT ( 'NONE',  ( 17.10000000000000497, -1.767766952966390193, -1.767766952966375760 ) ) ;
#4453 = DIRECTION ( 'NONE',  ( 1.000000000000000000, -0.000000000000000000, -0.000000000000000000 ) ) ;
#4454 = CARTESIAN_POINT ( 'NONE',  ( 4.200000000000005507, 1.400343491548885266, -1.400343491548899699 ) ) ;
#4455 = CARTESIAN_POINT ( 'NONE',  ( 11.30000000000000604, -1.424157858600947694E-14, -1.980384757729347189 ) ) ;
#4456 = CARTESIAN_POINT ( 'NONE',  ( -3.480578308508354812, 2.695312499999989786, 7.371665507203389044E-16 ) ) ;
#4457 = VERTEX_POINT ( 'NONE', #6186 ) ;
#4458 = CARTESIAN_POINT ( 'NONE',  ( 3.500000000000003109, 1.400343491548885710, 1.400343491548899477 ) ) ;
#4459 = CARTESIAN_POINT ( 'NONE',  ( 2.250000000000005773, -1.980384757729360956, 0.8203022253684520981 ) ) ;
#4460 = CARTESIAN_POINT ( 'NONE',  ( 14.70000000000000639, 1.980384757729333201, -4.850543709266902538E-16 ) ) ;
#4461 = CARTESIAN_POINT ( 'NONE',  ( 5.050000000000002487, 1.980384757729333201, 0.8203022253684517651 ) ) ;
#4462 = ORIENTED_EDGE ( 'NONE', *, *, #3047, .F. ) ;
#4463 = DIRECTION ( 'NONE',  ( 1.000000000000000000, -1.734723475976808574E-16, 0.000000000000000000 ) ) ;
#4464 = EDGE_CURVE ( 'NONE', #2258, #1285, #5294, .T. ) ;
#4465 = VERTEX_POINT ( 'NONE', #4268 ) ;
#4466 = CARTESIAN_POINT ( 'NONE',  ( 12.60000000000000320, -1.980384757729360956, 2.425271854633451269E-16 ) ) ;
#4467 = CARTESIAN_POINT ( 'NONE',  ( 11.55000000000000249, 0.8203022253684378873, 1.980384757729346967 ) ) ;
#4468 = CARTESIAN_POINT ( 'NONE',  ( 13.70000000000000462, 1.400343491548885266, -1.400343491548899699 ) ) ;
#4469 = CARTESIAN_POINT ( 'NONE',  ( 8.525000000000005684, 1.053469879313086111, -2.543301270189232355 ) ) ;
#4470 = VECTOR ( 'NONE', #388, 1000.000000000000000 ) ;
#4471 = EDGE_LOOP ( 'NONE', ( #4571, #2226, #138, #4623, #1261, #3171, #7115, #1208, #4372, #3938, #5154, #4867, #6658, #2827, #2964, #2696, #517, #1794, #5025, #4412, #4943, #3198, #5601, #4161, #1494, #1817, #486, #5727, #773, #3652, #5205, #4643, #1908, #4608, #5558, #5752, #6109, #609, #912, #5960, #5586, #2802, #2491, #3646, #4265 ) ) ;
#4472 = CARTESIAN_POINT ( 'NONE',  ( 5.900000000000004796, -1.767766952966390193, -1.767766952966375760 ) ) ;
#4473 = CARTESIAN_POINT ( 'NONE',  ( 6.700000000000002842, 1.400343491548885710, 1.400343491548899477 ) ) ;
#4474 = CARTESIAN_POINT ( 'NONE',  ( 13.40000000000000391, 2.499999999999996003, -6.123233995736789948E-16 ) ) ;
#4475 = ADVANCED_FACE ( 'NONE', ( #2521 ), #3102, .F. ) ;
#4476 = CARTESIAN_POINT ( 'NONE',  ( 13.45000000000000462, 2.499999999999996003, -1.035533905932743526 ) ) ;
#4477 = DIRECTION ( 'NONE',  ( 1.000000000000000000, -0.000000000000000000, -0.000000000000000000 ) ) ;
#4478 = CARTESIAN_POINT ( 'NONE',  ( 16.58038475772934106, -1.755807116818602021, 0.9251659372707293771 ) ) ;
#4479 = ORIENTED_EDGE ( 'NONE', *, *, #3286, .T. ) ;
#4480 = CARTESIAN_POINT ( 'NONE',  ( 6.925000000000004263, 1.798385574751151461, -1.798385574751166116 ) ) ;
#4481 = CARTESIAN_POINT ( 'NONE',  ( 17.12500000000000355, -1.798385574751180105, -1.798385574751165450 ) ) ;
#4482 = TOROIDAL_SURFACE ( 'NONE', #1341, 6.019421691491640303, 0.1796875000000000000 ) ;
#4483 = CARTESIAN_POINT ( 'NONE',  ( 2.900000000000003908, 1.767766952966361771, -1.767766952966376204 ) ) ;
#4484 = CARTESIAN_POINT ( 'NONE',  ( 8.400000000000003908, -1.767766952966390193, -1.767766952966375760 ) ) ;
#4485 = EDGE_CURVE ( 'NONE', #5853, #441, #4847, .T. ) ;
#4486 = CARTESIAN_POINT ( 'NONE',  ( 1.180483863349523599, -1.494398266636722150, 1.594592738980756153 ) ) ;
#4487 = CARTESIAN_POINT ( 'NONE',  ( 13.80000000000000249, -2.500000000000023981, 3.061616997868394974E-16 ) ) ;
#4488 = CARTESIAN_POINT ( 'NONE',  ( 3.650000000000006573, 0.8203022253684378873, 1.980384757729346967 ) ) ;
#4489 = CIRCLE ( 'NONE', #2030, 6.775000000000004796 ) ;
#4490 = AXIS2_PLACEMENT_3D ( 'NONE', #6012, #1027, #3252 ) ;
#4491 = CARTESIAN_POINT ( 'NONE',  ( 9.750000000000005329, 0.8203022253684382203, -1.980384757729346745 ) ) ;
#4492 = CARTESIAN_POINT ( 'NONE',  ( 1.950000000000003286, -2.500000000000024425, -1.035533905932741749 ) ) ;
#4493 = ORIENTED_EDGE ( 'NONE', *, *, #6825, .T. ) ;
#4494 = CARTESIAN_POINT ( 'NONE',  ( 2.500000000000002220, 1.400343491548885266, -1.400343491548899699 ) ) ;
#4495 = CARTESIAN_POINT ( 'NONE',  ( 3.300000000000006040, -1.424157858600947694E-14, -1.980384757729347189 ) ) ;
#4496 = CARTESIAN_POINT ( 'NONE',  ( 14.65000000000000746, 1.980384757729332534, -0.8203022253684530973 ) ) ;
#4497 = CARTESIAN_POINT ( 'NONE',  ( 2.800000000000002043, -1.375652421508278441E-14, 1.980384757729347189 ) ) ;
#4498 = ORIENTED_EDGE ( 'NONE', *, *, #6762, .T. ) ;
#4499 = CARTESIAN_POINT ( 'NONE',  ( -9.500000000000000000, -2.695312500000006217, 0.000000000000000000 ) ) ;
#4500 = VECTOR ( 'NONE', #4014, 1000.000000000000000 ) ;
#4501 = VECTOR ( 'NONE', #3792, 1000.000000000000000 ) ;
#4502 = ORIENTED_EDGE ( 'NONE', *, *, #619, .F. ) ;
#4503 = ORIENTED_EDGE ( 'NONE', *, *, #2819, .F. ) ;
#4504 = CARTESIAN_POINT ( 'NONE',  ( 13.90000000000000213, 1.400343491548885710, 1.400343491548899477 ) ) ;
#4505 = CARTESIAN_POINT ( 'NONE',  ( 13.75000000000000533, 1.980384757729332534, -0.8203022253684530973 ) ) ;
#4506 = CARTESIAN_POINT ( 'NONE',  ( -0.9355555555555927771, 3.582625322360769360, -4.173103856792867994 ) ) ;
#4507 = CARTESIAN_POINT ( 'NONE',  ( 12.05000000000000426, 0.8203022253684383314, -1.980384757729346745 ) ) ;
#4508 = CARTESIAN_POINT ( 'NONE',  ( 4.775000000000003020, 1.798385574751152127, 1.798385574751165894 ) ) ;
#4509 = CARTESIAN_POINT ( 'NONE',  ( 6.200000000000004619, 2.499999999999996003, -6.123233995736789948E-16 ) ) ;
#4510 = CARTESIAN_POINT ( 'NONE',  ( 6.850000000000003197, -0.8203022253684655318, 1.980384757729346967 ) ) ;
#4511 = CARTESIAN_POINT ( 'NONE',  ( 5.100000000000004974, -1.767766952966390193, -1.767766952966375760 ) ) ;
#4512 = DIRECTION ( 'NONE',  ( 1.000000000000000000, -0.000000000000000000, -0.000000000000000000 ) ) ;
#4513 = CARTESIAN_POINT ( 'NONE',  ( 17.67500000000000426, -1.372205551982422560E-14, 2.543301270189231911 ) ) ;
#4514 = CARTESIAN_POINT ( 'NONE',  ( 16.58038475772937659, -1.542049321871998835, 1.249282928965628869 ) ) ;
#4515 = ORIENTED_EDGE ( 'NONE', *, *, #5768, .T. ) ;
#4516 = CARTESIAN_POINT ( 'NONE',  ( 6.675000000000003375, -2.543301270189246122, -1.053469879313099211 ) ) ;
#4517 = CARTESIAN_POINT ( 'NONE',  ( 17.67500000000000426, -1.053469879313113200, 2.543301270189232799 ) ) ;
#4518 = CARTESIAN_POINT ( 'NONE',  ( 2.500000000000003553, -1.372470695792103782E-14, 2.500000000000010214 ) ) ;
#4519 = CARTESIAN_POINT ( 'NONE',  ( 17.50000000000000000, -1.194030629168669588E-14, -2.500000000000008438 ) ) ;
#4520 = CIRCLE ( 'NONE', #2781, 1.248967091382544137 ) ;
#4521 = CARTESIAN_POINT ( 'NONE',  ( 16.90742224809001826, 1.684150272474197241, 1.584078188316121683 ) ) ;
#4522 = CARTESIAN_POINT ( 'NONE',  ( 10.60000000000000675, -2.500000000000023981, 3.061616997868394974E-16 ) ) ;
#4523 = CARTESIAN_POINT ( 'NONE',  ( 4.050000000000005151, -0.8203022253684666421, -1.980384757729346745 ) ) ;
#4524 = ADVANCED_FACE ( 'NONE', ( #2004 ), #7033, .T. ) ;
#4525 = CARTESIAN_POINT ( 'NONE',  ( 8.250000000000005329, 1.980384757729332534, -0.8203022253684530973 ) ) ;
#4526 = DIRECTION ( 'NONE',  ( 1.000000000000000000, 0.000000000000000000, 0.000000000000000000 ) ) ;
#4527 = ORIENTED_EDGE ( 'NONE', *, *, #600, .F. ) ;
#4528 = CARTESIAN_POINT ( 'NONE',  ( 4.550000000000001599, -1.980384757729360956, 0.8203022253684520981 ) ) ;
#4529 = CARTESIAN_POINT ( 'NONE',  ( 5.000000000000006217, 1.400343491548885266, -1.400343491548899699 ) ) ;
#4530 = CARTESIAN_POINT ( 'NONE',  ( 14.60000000000000497, 1.400343491548885266, -1.400343491548899699 ) ) ;
#4531 = CARTESIAN_POINT ( 'NONE',  ( 4.950000000000001954, 1.980384757729332978, -0.8203022253684528753 ) ) ;
#4532 = VERTEX_POINT ( 'NONE', #2037 ) ;
#4533 =( BOUNDED_CURVE ( )  B_SPLINE_CURVE ( 2, ( #4007, #115, #4549, #1230, #4585, #3461, #1269, #5675, #2912 ),
 .UNSPECIFIED., .F., .T. ) 
 B_SPLINE_CURVE_WITH_KNOTS ( ( 3, 2, 2, 2, 3 ),
 ( 0.3181818181818182323, 0.3238636363636363535, 0.3295454545454545858, 0.3352272727272727071, 0.3409090909090909394 ),
 .UNSPECIFIED. ) 
 CURVE ( )  GEOMETRIC_REPRESENTATION_ITEM ( )  RATIONAL_B_SPLINE_CURVE ( ( 1.000000000000000000, 0.9238795325112867385, 1.000000000000000000, 0.9238795325112867385, 1.000000000000000000, 0.9238795325112867385, 1.000000000000000000, 0.9238795325112867385, 1.000000000000000000 ) ) 
 REPRESENTATION_ITEM ( '' )  );
#4534 = AXIS2_PLACEMENT_3D ( 'NONE', #2749, #3881, #534 ) ;
#4535 = CARTESIAN_POINT ( 'NONE',  ( 12.27500000000000568, -2.543301270189246122, -1.053469879313099211 ) ) ;
#4536 = ORIENTED_EDGE ( 'NONE', *, *, #5420, .F. ) ;
#4537 = CARTESIAN_POINT ( 'NONE',  ( 11.65000000000000568, -0.8203022253684655318, 1.980384757729346967 ) ) ;
#4538 = CARTESIAN_POINT ( 'NONE',  ( 11.65000000000000568, -0.8203022253684655318, 1.980384757729346967 ) ) ;
#4539 = CARTESIAN_POINT ( 'NONE',  ( 11.05000000000000249, 2.499999999999996003, -1.035533905932743526 ) ) ;
#4540 = CARTESIAN_POINT ( 'NONE',  ( 12.00000000000000355, -1.424157858600947694E-14, -1.980384757729347189 ) ) ;
#4541 = CARTESIAN_POINT ( 'NONE',  ( 11.50000000000000355, -2.500000000000023981, 3.061616997868394974E-16 ) ) ;
#4542 = CARTESIAN_POINT ( 'NONE',  ( 4.825000000000004619, 1.053469879313085666, 2.543301270189232799 ) ) ;
#4543 = FACE_OUTER_BOUND ( 'NONE', #233, .T. ) ;
#4544 = CARTESIAN_POINT ( 'NONE',  ( 5.800000000000003375, 1.980384757729333201, -4.850543709266902538E-16 ) ) ;
#4545 = CARTESIAN_POINT ( 'NONE',  ( 16.58038475772933751, -1.955718431024642490, 0.3115914106603203670 ) ) ;
#4546 =( BOUNDED_CURVE ( )  B_SPLINE_CURVE ( 2, ( #5680, #2881, #4633, #1346, #159, #1898, #3583, #4555, #4518 ),
 .UNSPECIFIED., .F., .T. ) 
 B_SPLINE_CURVE_WITH_KNOTS ( ( 3, 2, 2, 2, 3 ),
 ( 0.06818181818181823228, 0.07386363636363635354, 0.07954545454545458583, 0.08522727272727270709, 0.09090909090909093937 ),
 .UNSPECIFIED. ) 
 CURVE ( )  GEOMETRIC_REPRESENTATION_ITEM ( )  RATIONAL_B_SPLINE_CURVE ( ( 1.000000000000000000, 0.9238795325112867385, 1.000000000000000000, 0.9238795325112867385, 1.000000000000000000, 0.9238795325112867385, 1.000000000000000000, 0.9238795325112867385, 1.000000000000000000 ) ) 
 REPRESENTATION_ITEM ( '' )  );
#4547 = CARTESIAN_POINT ( 'NONE',  ( 1.495072605228682017, 2.495072605228668028, -0.1609681013743579359 ) ) ;
#4548 = CARTESIAN_POINT ( 'NONE',  ( 14.77500000000000391, -1.798385574751180105, -1.798385574751165450 ) ) ;
#4549 = CARTESIAN_POINT ( 'NONE',  ( 6.600000000000004086, -1.767766952966389749, 1.767766952966375982 ) ) ;
#4550 = CIRCLE ( 'NONE', #5250, 2.859374999999997335 ) ;
#4551 = ORIENTED_EDGE ( 'NONE', *, *, #1864, .F. ) ;
#4552 = CARTESIAN_POINT ( 'NONE',  ( 2.225000000000004974, 2.543301270189218144, -6.229291519609281552E-16 ) ) ;
#4553 = CARTESIAN_POINT ( 'NONE',  ( 15.62500000000000355, -1.434498467178515336E-14, -2.543301270189231911 ) ) ;
#4554 = EDGE_CURVE ( 'NONE', #6765, #4142, #1878, .T. ) ;
#4555 = CARTESIAN_POINT ( 'NONE',  ( 2.450000000000004174, 1.035533905932727983, 2.500000000000010214 ) ) ;
#4556 = CARTESIAN_POINT ( 'NONE',  ( 17.50000000000000000, -1.194030629168669588E-14, 0.000000000000000000 ) ) ;
#4557 = CARTESIAN_POINT ( 'NONE',  ( 1.650000000000002798, -1.035533905932755516, 2.500000000000010214 ) ) ;
#4558 = CARTESIAN_POINT ( 'NONE',  ( 5.100000000000005862, 1.980384757729333201, -4.850543709266902538E-16 ) ) ;
#4559 = EDGE_LOOP ( 'NONE', ( #2878, #4397, #4493, #552 ) ) ;
#4560 = CARTESIAN_POINT ( 'NONE',  ( 7.400000000000005684, 1.400343491548885266, -1.400343491548899699 ) ) ;
#4561 = DIRECTION ( 'NONE',  ( 0.000000000000000000, 0.000000000000000000, -1.000000000000000000 ) ) ;
#4562 = ORIENTED_EDGE ( 'NONE', *, *, #1952, .F. ) ;
#4563 = CARTESIAN_POINT ( 'NONE',  ( 4.150000000000003020, 1.980384757729332534, -0.8203022253684530973 ) ) ;
#4564 = CARTESIAN_POINT ( 'NONE',  ( 2.450000000000005951, -0.8203022253684666421, -1.980384757729346745 ) ) ;
#4565 = EDGE_CURVE ( 'NONE', #603, #2250, #5573, .T. ) ;
#4566 = CARTESIAN_POINT ( 'NONE',  ( 12.65000000000000391, -1.980384757729360956, 0.8203022253684520981 ) ) ;
#4567 = CARTESIAN_POINT ( 'NONE',  ( 4.050000000000003375, 0.8203022253684383314, -1.980384757729346745 ) ) ;
#4568 = VERTEX_POINT ( 'NONE', #1489 ) ;
#4569 = FACE_OUTER_BOUND ( 'NONE', #3950, .T. ) ;
#4570 = CARTESIAN_POINT ( 'NONE',  ( 13.57500000000000462, 1.053469879313085666, 2.543301270189232799 ) ) ;
#4571 = ORIENTED_EDGE ( 'NONE', *, *, #1450, .T. ) ;
#4572 = CARTESIAN_POINT ( 'NONE',  ( 14.20000000000000284, -1.980384757729360956, 2.425271854633451269E-16 ) ) ;
#4573 = CARTESIAN_POINT ( 'NONE',  ( 14.05000000000000426, -0.8203022253684655318, 1.980384757729346967 ) ) ;
#4574 = ADVANCED_FACE ( 'NONE', ( #4703 ), #1525, .F. ) ;
#4575 = DIRECTION ( 'NONE',  ( -1.000000000000000000, 0.000000000000000000, 0.000000000000000000 ) ) ;
#4576 = CARTESIAN_POINT ( 'NONE',  ( 13.75000000000000533, 1.980384757729332978, -0.8203022253684528753 ) ) ;
#4577 = CARTESIAN_POINT ( 'NONE',  ( 14.05000000000000426, 1.035533905932728427, -2.500000000000010214 ) ) ;
#4578 = CARTESIAN_POINT ( 'NONE',  ( 5.375000000000002665, 1.798385574751151461, -1.798385574751166116 ) ) ;
#4579 = DIRECTION ( 'NONE',  ( 2.168404344971008868E-16, 1.000000000000000000, -0.000000000000000000 ) ) ;
#4580 = ORIENTED_EDGE ( 'NONE', *, *, #1266, .T. ) ;
#4581 = CARTESIAN_POINT ( 'NONE',  ( 5.950000000000002842, 0.8203022253684378873, 1.980384757729346967 ) ) ;
#4582 = CARTESIAN_POINT ( 'NONE',  ( -5.351445523957595540, 2.254348296468920321, 6.603028600450355334 ) ) ;
#4583 = CARTESIAN_POINT ( 'NONE',  ( 9.700000000000004619, -1.372470695792103782E-14, 2.500000000000010214 ) ) ;
#4584 = CARTESIAN_POINT ( 'NONE',  ( 13.42500000000000426, 2.543301270189217700, -1.053469879313101210 ) ) ;
#4585 = CARTESIAN_POINT ( 'NONE',  ( 6.700000000000003730, -2.500000000000023981, 3.061616997868394974E-16 ) ) ;
#4586 = AXIS2_PLACEMENT_3D ( 'NONE', #2611, #4827, #7028 ) ;
#4587 = EDGE_LOOP ( 'NONE', ( #7029, #6695, #4431, #1658 ) ) ;
#4588 = CARTESIAN_POINT ( 'NONE',  ( 3.525000000000003908, -1.798385574751180105, -1.798385574751165450 ) ) ;
#4589 = CARTESIAN_POINT ( 'NONE',  ( 16.32500000000000639, -1.798385574751180105, -1.798385574751165450 ) ) ;
#4590 =( BOUNDED_CURVE ( )  B_SPLINE_CURVE ( 2, ( #5598, #1256, #5702, #4539, #2938, #6706, #4617, #222, #6821 ),
 .UNSPECIFIED., .F., .F. ) 
 B_SPLINE_CURVE_WITH_KNOTS ( ( 3, 2, 2, 2, 3 ),
 ( 0.5681818181818181213, 0.5738636363636363535, 0.5795454545454545858, 0.5852272727272727071, 0.5909090909090909394 ),
 .UNSPECIFIED. ) 
 CURVE ( )  GEOMETRIC_REPRESENTATION_ITEM ( )  RATIONAL_B_SPLINE_CURVE ( ( 1.000000000000000000, 0.9238795325112867385, 1.000000000000000000, 0.9238795325112867385, 1.000000000000000000, 0.9238795325112867385, 1.000000000000000000, 0.9238795325112867385, 1.000000000000000000 ) ) 
 REPRESENTATION_ITEM ( '' )  );
#4591 = DIRECTION ( 'NONE',  ( 1.000000000000000000, 0.000000000000000000, 1.224646799147352714E-16 ) ) ;
#4592 = CARTESIAN_POINT ( 'NONE',  ( 2.550000000000004707, -2.500000000000023981, 1.035533905932742194 ) ) ;
#4593 = CARTESIAN_POINT ( 'NONE',  ( 1.196076339672379696, -1.805486634992352846, 1.284032132530625203 ) ) ;
#4594 = CARTESIAN_POINT ( 'NONE',  ( 16.95000000000000284, -2.500000000000023981, 1.035533905932742194 ) ) ;
#4595 = CARTESIAN_POINT ( 'NONE',  ( 3.800000000000004707, -1.400343491548913244, 1.400343491548899477 ) ) ;
#4596 = ORIENTED_EDGE ( 'NONE', *, *, #2977, .F. ) ;
#4597 = AXIS2_PLACEMENT_3D ( 'NONE', #310, #5288, #277 ) ;
#4598 = CARTESIAN_POINT ( 'NONE',  ( 10.55000000000000249, -1.035533905932755516, 2.500000000000010214 ) ) ;
#4599 = CARTESIAN_POINT ( 'NONE',  ( 7.150000000000005684, -1.980384757729361178, -0.8203022253684513210 ) ) ;
#4600 = LINE ( 'NONE', #6804, #6725 ) ;
#4601 = ORIENTED_EDGE ( 'NONE', *, *, #2443, .T. ) ;
#4602 = CARTESIAN_POINT ( 'NONE',  ( -2.591438496434730787, -2.729362059608209989, -5.254796235092079826 ) ) ;
#4603 = AXIS2_PLACEMENT_3D ( 'NONE', #6364, #951, #1384 ) ;
#4604 = CARTESIAN_POINT ( 'NONE',  ( 5.723416775345754104, 2.476914244370470364, 0.3473246305852866200 ) ) ;
#4605 = AXIS2_PLACEMENT_3D ( 'NONE', #2726, #3821, #6533 ) ;
#4606 = CARTESIAN_POINT ( 'NONE',  ( 13.80000000000000604, 1.400343491548885266, -1.400343491548899699 ) ) ;
#4607 = CARTESIAN_POINT ( 'NONE',  ( 2.150000000000002576, -1.980384757729360956, 0.8203022253684520981 ) ) ;
#4608 = ORIENTED_EDGE ( 'NONE', *, *, #5465, .F. ) ;
#4609 = CIRCLE ( 'NONE', #2401, 1.248967091382550132 ) ;
#4610 = CARTESIAN_POINT ( 'NONE',  ( 17.50000000000000000, -1.194030629168669588E-14, -2.500000000000008438 ) ) ;
#4611 = EDGE_CURVE ( 'NONE', #4021, #6817, #6333, .T. ) ;
#4612 = CARTESIAN_POINT ( 'NONE',  ( 14.72500000000000497, -1.798385574751180105, -1.798385574751165450 ) ) ;
#4613 = ORIENTED_EDGE ( 'NONE', *, *, #840, .F. ) ;
#4614 = CARTESIAN_POINT ( 'NONE',  ( 12.20000000000000284, 1.980384757729333201, -4.850543709266902538E-16 ) ) ;
#4615 = CARTESIAN_POINT ( 'NONE',  ( 11.60000000000000320, -1.375652421508278441E-14, 1.980384757729347189 ) ) ;
#4616 = CARTESIAN_POINT ( 'NONE',  ( 10.20000000000000639, -1.400343491548913244, 1.400343491548899477 ) ) ;
#4617 = CARTESIAN_POINT ( 'NONE',  ( 11.20000000000000462, 1.767766952966362215, 1.767766952966375982 ) ) ;
#4618 = CARTESIAN_POINT ( 'NONE',  ( 14.70000000000000284, 1.400343491548885710, 1.400343491548899477 ) ) ;
#4619 = AXIS2_PLACEMENT_3D ( 'NONE', #2736, #4850, #7055 ) ;
#4620 = CARTESIAN_POINT ( 'NONE',  ( 14.30000000000000426, 1.767766952966362215, 1.767766952966375982 ) ) ;
#4621 = CARTESIAN_POINT ( 'NONE',  ( 4.475000000000003197, -1.434498467178515336E-14, -2.543301270189231911 ) ) ;
#4622 = DIRECTION ( 'NONE',  ( 2.168404344971008868E-16, 1.000000000000000000, -0.000000000000000000 ) ) ;
#4623 = ORIENTED_EDGE ( 'NONE', *, *, #2706, .F. ) ;
#4624 = EDGE_CURVE ( 'NONE', #2347, #4229, #3789, .T. ) ;
#4625 = CARTESIAN_POINT ( 'NONE',  ( 5.450000000000004619, -1.980384757729361178, -0.8203022253684513210 ) ) ;
#4626 = AXIS2_PLACEMENT_3D ( 'NONE', #6103, #6559, #3815 ) ;
#4627 = CARTESIAN_POINT ( 'NONE',  ( -2.027014441497251518, 2.973028707036114771, -4.865726645787169957 ) ) ;
#4628 = DIRECTION ( 'NONE',  ( 2.168404344971008868E-16, 1.000000000000000000, -0.000000000000000000 ) ) ;
#4629 = CARTESIAN_POINT ( 'NONE',  ( 13.92500000000000249, -2.543301270189246122, -1.053469879313099211 ) ) ;
#4630 = ORIENTED_EDGE ( 'NONE', *, *, #2487, .F. ) ;
#4631 = CARTESIAN_POINT ( 'NONE',  ( 4.175000000000005151, -2.543301270189245677, 1.053469879313099655 ) ) ;
#4632 = EDGE_CURVE ( 'NONE', #4021, #4408, #3329, .T. ) ;
#4633 = CARTESIAN_POINT ( 'NONE',  ( 2.200000000000003286, 1.767766952966361771, -1.767766952966376204 ) ) ;
#4634 = LINE ( 'NONE', #1779, #2437 ) ;
#4635 = CARTESIAN_POINT ( 'NONE',  ( 16.88688468484277294, 2.012742453529442255, 1.095582539958928958 ) ) ;
#4636 = CARTESIAN_POINT ( 'NONE',  ( 17.50000000000000000, -4.500000000000008882, -3.162277660168408389 ) ) ;
#4637 = CARTESIAN_POINT ( 'NONE',  ( 0.4541856782555881433, 4.499999999999994671, -3.162277660168401283 ) ) ;
#4638 = ORIENTED_EDGE ( 'NONE', *, *, #867, .F. ) ;
#4639 = CARTESIAN_POINT ( 'NONE',  ( -3.316580797368449574, 2.768745557924652267, 7.572504534289006231E-16 ) ) ;
#4640 = CARTESIAN_POINT ( 'NONE',  ( 9.950000000000006395, 1.980384757729333201, 0.8203022253684517651 ) ) ;
#4641 = DIRECTION ( 'NONE',  ( 0.000000000000000000, 0.000000000000000000, -1.000000000000000000 ) ) ;
#4642 = CONICAL_SURFACE ( 'NONE', #2552, 10.44441537460038560, 0.7853981633974482790 ) ;
#4643 = ORIENTED_EDGE ( 'NONE', *, *, #2496, .F. ) ;
#4644 = FACE_OUTER_BOUND ( 'NONE', #2386, .T. ) ;
#4645 = CARTESIAN_POINT ( 'NONE',  ( 11.55000000000000426, 1.980384757729333201, 0.8203022253684517651 ) ) ;
#4646 = DIRECTION ( 'NONE',  ( 2.168404344971008868E-16, 1.000000000000000000, -0.000000000000000000 ) ) ;
#4647 = CARTESIAN_POINT ( 'NONE',  ( 16.90000000000000213, 1.400343491548885266, -1.400343491548899699 ) ) ;
#4648 = ORIENTED_EDGE ( 'NONE', *, *, #1564, .F. ) ;
#4649 = DIRECTION ( 'NONE',  ( 2.168404344971008868E-16, 1.000000000000000000, -0.000000000000000000 ) ) ;
#4650 = CARTESIAN_POINT ( 'NONE',  ( 11.67500000000000426, 1.053469879313086111, -2.543301270189232355 ) ) ;
#4651 = VERTEX_POINT ( 'NONE', #5931 ) ;
#4652 = EDGE_CURVE ( 'NONE', #3889, #3778, #1928, .T. ) ;
#4653 = CARTESIAN_POINT ( 'NONE',  ( 11.10000000000000142, -1.400343491548913688, -1.400343491548899255 ) ) ;
#4654 = CARTESIAN_POINT ( 'NONE',  ( 9.550000000000004263, -0.8203022253684666421, -1.980384757729346745 ) ) ;
#4655 = CARTESIAN_POINT ( 'NONE',  ( 8.950000000000006395, 0.8203022253684383314, -1.980384757729346745 ) ) ;
#4656 = CARTESIAN_POINT ( 'NONE',  ( 17.09999999999999787, -1.194030629168669588E-14, 0.000000000000000000 ) ) ;
#4657 = CARTESIAN_POINT ( 'NONE',  ( 11.15000000000000391, -0.8203022253684666421, -1.980384757729346745 ) ) ;
#4658 = CARTESIAN_POINT ( 'NONE',  ( -6.635277415678134894, -2.250000000000036859, -7.122560249999716042 ) ) ;
#4659 = CARTESIAN_POINT ( 'NONE',  ( 4.975000000000004086, -1.798385574751179439, 1.798385574751165894 ) ) ;
#4660 = B_SPLINE_CURVE_WITH_KNOTS ( 'NONE', 3,
 ( #2958, #6875, #5179, #4637 ),
 .UNSPECIFIED., .F., .F.,
 ( 4, 4 ),
 ( 0.0002446915421314818564, 0.002192473562599294747 ),
 .UNSPECIFIED. ) ;
#4661 = CARTESIAN_POINT ( 'NONE',  ( 12.60000000000000497, 1.767766952966361771, -1.767766952966376204 ) ) ;
#4662 = EDGE_LOOP ( 'NONE', ( #4363, #7090, #1963, #4064 ) ) ;
#4663 = CARTESIAN_POINT ( 'NONE',  ( -14.55614570349787407, 2.695312499999992450, 0.000000000000000000 ) ) ;
#4664 = CARTESIAN_POINT ( 'NONE',  ( -4.395108995250621042, 2.295983829919266306, 6.199113995292163892 ) ) ;
#4665 = CARTESIAN_POINT ( 'NONE',  ( 16.50000000000000711, -1.375652421508278441E-14, 1.980384757729347189 ) ) ;
#4666 = EDGE_CURVE ( 'NONE', #2182, #2065, #843, .T. ) ;
#4667 = CARTESIAN_POINT ( 'NONE',  ( 13.12500000000000711, -2.543301270189246122, -1.053469879313099211 ) ) ;
#4668 = ORIENTED_EDGE ( 'NONE', *, *, #4362, .F. ) ;
#4669 = CARTESIAN_POINT ( 'NONE',  ( 3.075000000000004619, 2.543301270189218588, 1.053469879313099433 ) ) ;
#4670 = DIRECTION ( 'NONE',  ( 2.168404344971008868E-16, 1.000000000000000000, -0.000000000000000000 ) ) ;
#4671 = DIRECTION ( 'NONE',  ( 2.168404344971008868E-16, 1.000000000000000000, -0.000000000000000000 ) ) ;
#4672 = CARTESIAN_POINT ( 'NONE',  ( 4.400000000000004796, -1.767766952966390193, -1.767766952966375760 ) ) ;
#4673 = DIRECTION ( 'NONE',  ( -1.000000000000000000, 0.000000000000000000, 0.000000000000000000 ) ) ;
#4674 = ADVANCED_FACE ( 'NONE', ( #3173, #4231 ), #6432, .T. ) ;
#4675 = CARTESIAN_POINT ( 'NONE',  ( 14.10000000000000497, -1.433703035749471672E-14, -2.500000000000010214 ) ) ;
#4676 = ORIENTED_EDGE ( 'NONE', *, *, #170, .T. ) ;
#4677 = FACE_OUTER_BOUND ( 'NONE', #3989, .T. ) ;
#4678 = CARTESIAN_POINT ( 'NONE',  ( 5.900000000000005684, 1.980384757729333201, -4.850543709266902538E-16 ) ) ;
#4679 = ORIENTED_EDGE ( 'NONE', *, *, #158, .T. ) ;
#4680 = CARTESIAN_POINT ( 'NONE',  ( 15.05000000000000426, 2.499999999999996003, -1.035533905932743526 ) ) ;
#4681 = CARTESIAN_POINT ( 'NONE',  ( 4.800000000000005151, -1.372470695792103782E-14, 2.500000000000010214 ) ) ;
#4682 = CARTESIAN_POINT ( 'NONE',  ( 11.90000000000000568, -1.980384757729360956, 2.425271854633451269E-16 ) ) ;
#4683 = CARTESIAN_POINT ( 'NONE',  ( -9.500000000000000000, 2.610785383146978500, 0.000000000000000000 ) ) ;
#4684 = CARTESIAN_POINT ( 'NONE',  ( 16.20000000000000284, 1.980384757729333201, -4.850543709266902538E-16 ) ) ;
#4685 = ORIENTED_EDGE ( 'NONE', *, *, #456, .F. ) ;
#4686 = DIRECTION ( 'NONE',  ( 0.000000000000000000, 0.000000000000000000, -1.000000000000000000 ) ) ;
#4687 = CARTESIAN_POINT ( 'NONE',  ( 13.17500000000000426, -1.053469879313114754, -2.543301270189232355 ) ) ;
#4688 = CARTESIAN_POINT ( 'NONE',  ( 10.65000000000000391, 1.980384757729333201, 0.8203022253684517651 ) ) ;
#4689 = CARTESIAN_POINT ( 'NONE',  ( 8.450000000000002842, -0.8203022253684655318, 1.980384757729346967 ) ) ;
#4690 = CARTESIAN_POINT ( 'NONE',  ( 11.45000000000000462, 1.980384757729332978, -0.8203022253684528753 ) ) ;
#4691 = CARTESIAN_POINT ( 'NONE',  ( 3.550000000000002931, 0.8203022253684378873, 1.980384757729346967 ) ) ;
#4692 = CARTESIAN_POINT ( 'NONE',  ( 10.60000000000000142, 1.980384757729333201, -4.850543709266902538E-16 ) ) ;
#4693 = DIRECTION ( 'NONE',  ( 1.000000000000000000, -2.029340504766912275E-16, 0.000000000000000000 ) ) ;
#4694 = CARTESIAN_POINT ( 'NONE',  ( 1.925000000000002931, -2.543301270189246122, -1.053469879313099211 ) ) ;
#4695 = EDGE_CURVE ( 'NONE', #2182, #1996, #332, .T. ) ;
#4696 = CARTESIAN_POINT ( 'NONE',  ( -6.635278514588856424, -1.514762078991536143, -7.324203956670475968 ) ) ;
#4697 = ORIENTED_EDGE ( 'NONE', *, *, #4624, .F. ) ;
#4698 = FACE_OUTER_BOUND ( 'NONE', #675, .T. ) ;
#4699 = CARTESIAN_POINT ( 'NONE',  ( 16.15000000000000568, 0.8203022253684383314, -1.980384757729346745 ) ) ;
#4700 = CARTESIAN_POINT ( 'NONE',  ( 14.32500000000000284, 2.543301270189218588, 1.053469879313099433 ) ) ;
#4701 = ORIENTED_EDGE ( 'NONE', *, *, #5502, .F. ) ;
#4702 = CARTESIAN_POINT ( 'NONE',  ( 2.775000000000005684, -1.053469879313114754, -2.543301270189232355 ) ) ;
#4703 = FACE_OUTER_BOUND ( 'NONE', #5241, .T. ) ;
#4704 = EDGE_CURVE ( 'NONE', #4950, #2793, #2769, .T. ) ;
#4705 = DIRECTION ( 'NONE',  ( 1.000000000000000000, 0.000000000000000000, 1.224646799147353207E-16 ) ) ;
#4706 = CARTESIAN_POINT ( 'NONE',  ( 8.700000000000004619, 2.499999999999996003, -6.123233995736789948E-16 ) ) ;
#4707 = CARTESIAN_POINT ( 'NONE',  ( 1.800000000000003597, -2.500000000000023981, 3.061616997868394974E-16 ) ) ;
#4708 = CARTESIAN_POINT ( 'NONE',  ( -9.500000000000000000, -2.695312500000007550, 0.000000000000000000 ) ) ;
#4709 = ORIENTED_EDGE ( 'NONE', *, *, #2126, .T. ) ;
#4710 = CARTESIAN_POINT ( 'NONE',  ( -5.031324174777574321, -2.260117151515429246, -6.471309710218454470 ) ) ;
#4711 = CARTESIAN_POINT ( 'NONE',  ( 5.200000000000004619, 1.400343491548885710, 1.400343491548899477 ) ) ;
#4712 = DIRECTION ( 'NONE',  ( 1.000000000000000000, -0.000000000000000000, -0.000000000000000000 ) ) ;
#4713 = EDGE_CURVE ( 'NONE', #6978, #1760, #3211, .T. ) ;
#4714 = ORIENTED_EDGE ( 'NONE', *, *, #6694, .F. ) ;
#4715 = CARTESIAN_POINT ( 'NONE',  ( 1.300000000000002487, -1.400343491548913244, 1.400343491548899477 ) ) ;
#4716 = EDGE_CURVE ( 'NONE', #2612, #2920, #2027, .T. ) ;
#4717 = CARTESIAN_POINT ( 'NONE',  ( -9.500000000000000000, -3.857637417314162689E-15, 0.000000000000000000 ) ) ;
#4718 = CARTESIAN_POINT ( 'NONE',  ( 11.60000000000000675, 1.400343491548885710, 1.400343491548899477 ) ) ;
#4719 = DIRECTION ( 'NONE',  ( -1.000000000000000000, 2.168404344971008868E-16, 0.000000000000000000 ) ) ;
#4720 = CARTESIAN_POINT ( 'NONE',  ( 15.65000000000000391, -0.8203022253684655318, 1.980384757729346967 ) ) ;
#4721 = DIRECTION ( 'NONE',  ( 1.000000000000000000, -0.000000000000000000, -0.000000000000000000 ) ) ;
#4722 = CARTESIAN_POINT ( 'NONE',  ( 14.80000000000000604, 1.400343491548885710, 1.400343491548899477 ) ) ;
#4723 = AXIS2_PLACEMENT_3D ( 'NONE', #798, #3021, #5924 ) ;
#4724 = CARTESIAN_POINT ( 'NONE',  ( 11.40000000000000391, 1.980384757729333201, -4.850543709266902538E-16 ) ) ;
#4725 = CARTESIAN_POINT ( 'NONE',  ( 10.55000000000000426, 1.980384757729332534, -0.8203022253684530973 ) ) ;
#4726 = CARTESIAN_POINT ( 'NONE',  ( 10.10000000000000497, -1.375652421508278441E-14, 1.980384757729347189 ) ) ;
#4727 = CARTESIAN_POINT ( 'NONE',  ( 1.850000000000000977, 1.980384757729333201, 0.8203022253684517651 ) ) ;
#4728 = CARTESIAN_POINT ( 'NONE',  ( 9.850000000000003197, 1.980384757729333201, 0.8203022253684517651 ) ) ;
#4729 = CARTESIAN_POINT ( 'NONE',  ( 5.480067745874919183, 2.467873030517270472, -0.3995030728861626579 ) ) ;
#4730 = CARTESIAN_POINT ( 'NONE',  ( 1.525000000000002354, 2.543301270189218588, 1.053469879313099433 ) ) ;
#4731 = AXIS2_PLACEMENT_3D ( 'NONE', #1351, #5216, #3623 ) ;
#4732 = CARTESIAN_POINT ( 'NONE',  ( 15.57500000000000462, -1.053469879313114754, -2.543301270189232355 ) ) ;
#4733 = EDGE_LOOP ( 'NONE', ( #611, #187, #3305, #5143 ) ) ;
#4734 = PLANE ( 'NONE',  #3098 ) ;
#4735 = VECTOR ( 'NONE', #1515, 1000.000000000000000 ) ;
#4736 = CARTESIAN_POINT ( 'NONE',  ( -14.24730186527041731, 2.874999999999992006, 0.000000000000000000 ) ) ;
#4737 = CARTESIAN_POINT ( 'NONE',  ( 11.02500000000000568, 2.543301270189217700, -1.053469879313101210 ) ) ;
#4738 = AXIS2_PLACEMENT_3D ( 'NONE', #4499, #1215, #5592 ) ;
#4739 = VERTEX_POINT ( 'NONE', #3862 ) ;
#4740 = CARTESIAN_POINT ( 'NONE',  ( 16.10000000000000497, -1.372470695792103782E-14, 2.500000000000010214 ) ) ;
#4741 = DIRECTION ( 'NONE',  ( 1.000000000000000000, -0.000000000000000000, -0.000000000000000000 ) ) ;
#4742 = DIRECTION ( 'NONE',  ( -1.224646799147353207E-16, 2.655529440325959183E-32, 1.000000000000000000 ) ) ;
#4743 = EDGE_CURVE ( 'NONE', #2410, #2186, #2162, .T. ) ;
#4744 = FACE_OUTER_BOUND ( 'NONE', #2858, .T. ) ;
#4745 = CARTESIAN_POINT ( 'NONE',  ( 1.950000000000003508, 1.980384757729333201, 0.8203022253684517651 ) ) ;
#4746 = ADVANCED_FACE ( 'NONE', ( #2221 ), #6643, .F. ) ;
#4747 = ORIENTED_EDGE ( 'NONE', *, *, #3459, .F. ) ;
#4748 = DIRECTION ( 'NONE',  ( 1.000000000000000000, -0.000000000000000000, -0.000000000000000000 ) ) ;
#4749 = CARTESIAN_POINT ( 'NONE',  ( 5.600000000000005862, -1.400343491548913688, -1.400343491548899255 ) ) ;
#4750 = CARTESIAN_POINT ( 'NONE',  ( 16.97320508075689105, -1.373247090752099860E-14, 2.373205080756899843 ) ) ;
#4751 = ORIENTED_EDGE ( 'NONE', *, *, #5619, .T. ) ;
#4752 = DIRECTION ( 'NONE',  ( -0.7071067811865464625, -0.7071067811865486830, 8.659560562354918067E-17 ) ) ;
#4753 = FACE_OUTER_BOUND ( 'NONE', #2381, .T. ) ;
#4754 = CARTESIAN_POINT ( 'NONE',  ( 11.15000000000000924, -1.980384757729361178, -0.8203022253684513210 ) ) ;
#4755 = CARTESIAN_POINT ( 'NONE',  ( 8.400000000000003908, -1.433703035749471672E-14, -2.500000000000010214 ) ) ;
#4756 = CARTESIAN_POINT ( 'NONE',  ( 14.55000000000000426, 1.980384757729332534, -0.8203022253684530973 ) ) ;
#4757 = CARTESIAN_POINT ( 'NONE',  ( 13.95000000000000462, -2.500000000000024425, -1.035533905932741749 ) ) ;
#4758 = EDGE_CURVE ( 'NONE', #4119, #610, #1060, .T. ) ;
#4759 = CIRCLE ( 'NONE', #6596, 3.847401720642126044 ) ;
#4760 = CARTESIAN_POINT ( 'NONE',  ( 14.15000000000000746, -0.8203022253684655318, 1.980384757729346967 ) ) ;
#4761 = CARTESIAN_POINT ( 'NONE',  ( 9.850000000000001421, 1.980384757729333201, 0.8203022253684517651 ) ) ;
#4762 = CARTESIAN_POINT ( 'NONE',  ( 8.900000000000003908, 1.400343491548885266, -1.400343491548899699 ) ) ;
#4763 = CARTESIAN_POINT ( 'NONE',  ( 10.95000000000000462, -0.8203022253684655318, 1.980384757729347189 ) ) ;
#4764 = CARTESIAN_POINT ( 'NONE',  ( 4.450000000000002842, -0.8203022253684655318, 1.980384757729346967 ) ) ;
#4765 = CARTESIAN_POINT ( 'NONE',  ( 9.550000000000000711, -0.8203022253684666421, -1.980384757729346745 ) ) ;
#4766 = ADVANCED_FACE ( 'NONE', ( #2666 ), #5495, .F. ) ;
#4767 = CARTESIAN_POINT ( 'NONE',  ( 1.175000000000002487, -1.798385574751180105, -1.798385574751165450 ) ) ;
#4768 = ORIENTED_EDGE ( 'NONE', *, *, #2349, .F. ) ;
#4769 = CARTESIAN_POINT ( 'NONE',  ( 18.00000000000000355, -1.375652421508278441E-14, 1.980384757729347189 ) ) ;
#4770 = CARTESIAN_POINT ( 'NONE',  ( 15.95000000000000639, -1.980384757729361400, -0.8203022253684514320 ) ) ;
#4771 = CARTESIAN_POINT ( 'NONE',  ( 11.47500000000000497, -2.543301270189246122, 3.114645759804640776E-16 ) ) ;
#4772 = ORIENTED_EDGE ( 'NONE', *, *, #7120, .F. ) ;
#4773 =( BOUNDED_CURVE ( )  B_SPLINE_CURVE ( 2, ( #2193, #4415, #6089, #1101, #3324, #5756, #3028, #2454, #766 ),
 .UNSPECIFIED., .F., .F. ) 
 B_SPLINE_CURVE_WITH_KNOTS ( ( 3, 2, 2, 2, 3 ),
 ( 0.2159090909090909116, 0.2215909090909090884, 0.2272727272727272652, 0.2329545454545454419, 0.2386363636363636465 ),
 .UNSPECIFIED. ) 
 CURVE ( )  GEOMETRIC_REPRESENTATION_ITEM ( )  RATIONAL_B_SPLINE_CURVE ( ( 1.000000000000000000, 0.9238795325112867385, 1.000000000000000000, 0.9238795325112867385, 1.000000000000000000, 0.9238795325112867385, 1.000000000000000000, 0.9238795325112867385, 1.000000000000000000 ) ) 
 REPRESENTATION_ITEM ( '' )  );
#4774 = DIRECTION ( 'NONE',  ( 2.168404344971008868E-16, 1.000000000000000000, -0.000000000000000000 ) ) ;
#4775 = FACE_OUTER_BOUND ( 'NONE', #2944, .T. ) ;
#4776 = DIRECTION ( 'NONE',  ( -2.168404344971008868E-16, -1.000000000000000000, 0.000000000000000000 ) ) ;
#4777 = DIRECTION ( 'NONE',  ( 1.000000000000000000, -2.168404344971009115E-16, 0.000000000000000000 ) ) ;
#4778 = ORIENTED_EDGE ( 'NONE', *, *, #1018, .T. ) ;
#4779 = EDGE_CURVE ( 'NONE', #6770, #3496, #4047, .T. ) ;
#4780 = CARTESIAN_POINT ( 'NONE',  ( 9.725000000000004974, -1.798385574751179439, 1.798385574751165894 ) ) ;
#4781 = CARTESIAN_POINT ( 'NONE',  ( 4.850000000000005862, -0.8203022253684666421, -1.980384757729346745 ) ) ;
#4782 = FACE_OUTER_BOUND ( 'NONE', #1393, .T. ) ;
#4783 = ORIENTED_EDGE ( 'NONE', *, *, #1036, .T. ) ;
#4784 = FACE_OUTER_BOUND ( 'NONE', #6540, .T. ) ;
#4785 =( BOUNDED_CURVE ( )  B_SPLINE_CURVE ( 2, ( #1863, #5252, #4094 ),
 .UNSPECIFIED., .F., .F. ) 
 B_SPLINE_CURVE_WITH_KNOTS ( ( 3, 3 ),
 ( 0.2386363636363636465, 0.2387509948295817863 ),
 .UNSPECIFIED. ) 
 CURVE ( )  GEOMETRIC_REPRESENTATION_ITEM ( )  RATIONAL_B_SPLINE_CURVE ( ( 1.000000000000000000, 0.9984642627170865481, 0.9969904927099910719 ) ) 
 REPRESENTATION_ITEM ( '' )  );
#4786 = CARTESIAN_POINT ( 'NONE',  ( 17.50000000000000000, -1.163414459189985801E-14, 2.500000000000008438 ) ) ;
#4787 = CARTESIAN_POINT ( 'NONE',  ( 9.650000000000007461, -0.8203022253684666421, -1.980384757729346745 ) ) ;
#4788 = CARTESIAN_POINT ( 'NONE',  ( 7.850000000000004974, 2.499999999999996003, -1.035533905932743526 ) ) ;
#4789 = CARTESIAN_POINT ( 'NONE',  ( 15.15000000000000213, -0.8203022253684666421, -1.980384757729346745 ) ) ;
#4790 = CARTESIAN_POINT ( 'NONE',  ( 12.40000000000000568, -1.433703035749471672E-14, -2.500000000000010214 ) ) ;
#4791 = CARTESIAN_POINT ( 'NONE',  ( 14.75000000000000888, 1.980384757729333201, 0.8203022253684517651 ) ) ;
#4792 = CARTESIAN_POINT ( 'NONE',  ( 6.900000000000004796, -1.433703035749471672E-14, -2.500000000000010214 ) ) ;
#4793 = CARTESIAN_POINT ( 'NONE',  ( 11.25000000000000533, 0.8203022253684382203, -1.980384757729346745 ) ) ;
#4794 = ADVANCED_FACE ( 'NONE', ( #1632 ), #1092, .F. ) ;
#4795 = CARTESIAN_POINT ( 'NONE',  ( 5.450000000000004619, -1.980384757729361178, -0.8203022253684513210 ) ) ;
#4796 = CARTESIAN_POINT ( 'NONE',  ( 8.000000000000005329, -1.400343491548913688, -1.400343491548899255 ) ) ;
#4797 = AXIS2_PLACEMENT_3D ( 'NONE', #6307, #2497, #6917 ) ;
#4798 = CARTESIAN_POINT ( 'NONE',  ( 2.500000000000002220, 1.400343491548885266, -1.400343491548899699 ) ) ;
#4799 = CARTESIAN_POINT ( 'NONE',  ( 11.60000000000000320, -1.375652421508278441E-14, 1.980384757729347189 ) ) ;
#4800 = CARTESIAN_POINT ( 'NONE',  ( 1.266666666666671714, -1.375652421508278915E-14, 1.980384757729347189 ) ) ;
#4801 = CARTESIAN_POINT ( 'NONE',  ( 18.05000000000000426, -0.8203022253684655318, 1.980384757729346967 ) ) ;
#4802 = ORIENTED_EDGE ( 'NONE', *, *, #3494, .T. ) ;
#4803 = DIRECTION ( 'NONE',  ( 2.168404344971008868E-16, 1.000000000000000000, -0.000000000000000000 ) ) ;
#4804 = EDGE_CURVE ( 'NONE', #5562, #6765, #1264, .T. ) ;
#4805 = CIRCLE ( 'NONE', #5650, 5.550000000000000711 ) ;
#4806 = CARTESIAN_POINT ( 'NONE',  ( 13.45000000000000639, -1.980384757729360956, 0.8203022253684520981 ) ) ;
#4807 = CARTESIAN_POINT ( 'NONE',  ( 9.825000000000004619, -2.543301270189245677, 1.053469879313099655 ) ) ;
#4808 = EDGE_LOOP ( 'NONE', ( #3113, #4429 ) ) ;
#4809 = CARTESIAN_POINT ( 'NONE',  ( -9.500000000000001776, -4.000000000000005329, 0.000000000000000000 ) ) ;
#4810 = CARTESIAN_POINT ( 'NONE',  ( -3.480578308508359253, -2.695312500000008882, 0.000000000000000000 ) ) ;
#4811 = DIRECTION ( 'NONE',  ( -1.000000000000000000, 0.000000000000000000, 0.000000000000000000 ) ) ;
#4812 = CARTESIAN_POINT ( 'NONE',  ( 10.05000000000000426, 1.035533905932728427, -2.500000000000010214 ) ) ;
#4813 = CARTESIAN_POINT ( 'NONE',  ( 12.55000000000000604, 2.499999999999996003, -1.035533905932743526 ) ) ;
#4814 = VERTEX_POINT ( 'NONE', #6213 ) ;
#4815 =( BOUNDED_CURVE ( )  B_SPLINE_CURVE ( 2, ( #335, #1415, #6290, #265, #1306, #6865, #3537, #2553, #5276 ),
 .UNSPECIFIED., .F., .T. ) 
 B_SPLINE_CURVE_WITH_KNOTS ( ( 3, 2, 2, 2, 3 ),
 ( 0.6931818181818182323, 0.6988636363636363535, 0.7045454545454545858, 0.7102272727272727071, 0.7159090909090909394 ),
 .UNSPECIFIED. ) 
 CURVE ( )  GEOMETRIC_REPRESENTATION_ITEM ( )  RATIONAL_B_SPLINE_CURVE ( ( 1.000000000000000000, 0.9238795325112867385, 1.000000000000000000, 0.9238795325112867385, 1.000000000000000000, 0.9238795325112867385, 1.000000000000000000, 0.9238795325112867385, 1.000000000000000000 ) ) 
 REPRESENTATION_ITEM ( '' )  );
#4816 = CARTESIAN_POINT ( 'NONE',  ( 8.875000000000003553, -1.053469879313113200, 2.543301270189232799 ) ) ;
#4817 = CARTESIAN_POINT ( 'NONE',  ( 5.100000000000005862, 1.980384757729333201, -4.850543709266902538E-16 ) ) ;
#4818 = CARTESIAN_POINT ( 'NONE',  ( -2.027014441497236863, -5.102791407854944392E-15, 0.000000000000000000 ) ) ;
#4819 = CARTESIAN_POINT ( 'NONE',  ( 11.90000000000000391, 2.499999999999996003, -6.123233995736789948E-16 ) ) ;
#4820 = CARTESIAN_POINT ( 'NONE',  ( -4.443854296502130374, -2.875000000000008882, 0.000000000000000000 ) ) ;
#4821 = CARTESIAN_POINT ( 'NONE',  ( 6.350000000000004974, -1.980384757729361178, -0.8203022253684513210 ) ) ;
#4822 = CARTESIAN_POINT ( 'NONE',  ( 8.900000000000003908, -1.372470695792103782E-14, 2.500000000000010214 ) ) ;
#4823 = DIRECTION ( 'NONE',  ( 1.000000000000000000, -0.000000000000000000, -0.000000000000000000 ) ) ;
#4824 = CARTESIAN_POINT ( 'NONE',  ( 3.600000000000004974, -1.433703035749471672E-14, -2.500000000000010214 ) ) ;
#4825 = CIRCLE ( 'NONE', #415, 5.056145703497868737 ) ;
#4826 = CARTESIAN_POINT ( 'NONE',  ( 14.65000000000000746, 1.980384757729332534, -0.8203022253684530973 ) ) ;
#4827 = DIRECTION ( 'NONE',  ( 2.168404344971008868E-16, 1.000000000000000000, -0.000000000000000000 ) ) ;
#4828 = VERTEX_POINT ( 'NONE', #4545 ) ;
#4829 = CARTESIAN_POINT ( 'NONE',  ( 7.800000000000003375, -1.980384757729360956, 2.425271854633451269E-16 ) ) ;
#4830 = CARTESIAN_POINT ( 'NONE',  ( 7.850000000000002309, -1.980384757729361178, -0.8203022253684513210 ) ) ;
#4831 = CARTESIAN_POINT ( 'NONE',  ( 5.550000000000006040, -1.980384757729361400, -0.8203022253684514320 ) ) ;
#4832 = CARTESIAN_POINT ( 'NONE',  ( 2.650000000000003464, 1.980384757729333201, 0.8203022253684517651 ) ) ;
#4833 = CARTESIAN_POINT ( 'NONE',  ( 7.100000000000002309, -1.400343491548913688, -1.400343491548899255 ) ) ;
#4834 = CARTESIAN_POINT ( 'NONE',  ( 5.400000000000003020, 1.767766952966361771, -1.767766952966376204 ) ) ;
#4835 = CARTESIAN_POINT ( 'NONE',  ( 2.525000000000003020, -1.053469879313113200, 2.543301270189232799 ) ) ;
#4836 = VERTEX_POINT ( 'NONE', #5635 ) ;
#4837 = CARTESIAN_POINT ( 'NONE',  ( -9.500000000000000000, 3.999999999999996447, 0.000000000000000000 ) ) ;
#4838 = CARTESIAN_POINT ( 'NONE',  ( 17.35000000000000853, -0.8203022253684655318, 1.980384757729346967 ) ) ;
#4839 = CARTESIAN_POINT ( 'NONE',  ( 13.80000000000000604, 1.400343491548885266, -1.400343491548899699 ) ) ;
#4840 = CARTESIAN_POINT ( 'NONE',  ( 6.900000000000003908, 1.767766952966361771, -1.767766952966376204 ) ) ;
#4841 = VECTOR ( 'NONE', #733, 1000.000000000000000 ) ;
#4842 = CARTESIAN_POINT ( 'NONE',  ( 11.27500000000000391, -1.372205551982422560E-14, 2.543301270189231911 ) ) ;
#4843 = CIRCLE ( 'NONE', #4264, 4.897581003224551033 ) ;
#4844 = EDGE_CURVE ( 'NONE', #2008, #2258, #4003, .T. ) ;
#4845 = ORIENTED_EDGE ( 'NONE', *, *, #4844, .F. ) ;
#4846 = FACE_OUTER_BOUND ( 'NONE', #5396, .T. ) ;
#4847 = LINE ( 'NONE', #7011, #6114 ) ;
#4848 = DATE_AND_TIME ( #3787, #924 ) ;
#4849 = DIRECTION ( 'NONE',  ( -2.168404344971008868E-16, -1.000000000000000000, 0.000000000000000000 ) ) ;
#4850 = DIRECTION ( 'NONE',  ( -2.168404344971008868E-16, -1.000000000000000000, 0.000000000000000000 ) ) ;
#4851 = ORIENTED_EDGE ( 'NONE', *, *, #1498, .T. ) ;
#4852 = AXIS2_PLACEMENT_3D ( 'NONE', #3104, #342, #6298 ) ;
#4853 = AXIS2_PLACEMENT_3D ( 'NONE', #1530, #5498, #953 ) ;
#4854 = ADVANCED_FACE ( 'NONE', ( #652 ), #4121, .F. ) ;
#4855 = CARTESIAN_POINT ( 'NONE',  ( 11.57500000000000462, -1.053469879313114754, -2.543301270189232355 ) ) ;
#4856 = CARTESIAN_POINT ( 'NONE',  ( 1.850000000000004530, 1.980384757729332534, -0.8203022253684530973 ) ) ;
#4857 = CARTESIAN_POINT ( 'NONE',  ( 17.09507537767052554, -2.495075377670556982, 0.1608775312614245390 ) ) ;
#4858 = CARTESIAN_POINT ( 'NONE',  ( 15.60000000000000497, -1.433703035749471672E-14, -2.500000000000010214 ) ) ;
#4859 = CARTESIAN_POINT ( 'NONE',  ( -2.027014441497236863, 2.973028707027602024, 4.865726645792364025 ) ) ;
#4860 =( BOUNDED_CURVE ( )  B_SPLINE_CURVE ( 2, ( #2603, #993, #925, #4345, #7059, #1568, #1028, #6544, #6477 ),
 .UNSPECIFIED., .F., .F. ) 
 B_SPLINE_CURVE_WITH_KNOTS ( ( 3, 2, 2, 2, 3 ),
 ( 0.4204545454545454697, 0.4261363636363636465, 0.4318181818181818232, 0.4375000000000000000, 0.4431818181818181768 ),
 .UNSPECIFIED. ) 
 CURVE ( )  GEOMETRIC_REPRESENTATION_ITEM ( )  RATIONAL_B_SPLINE_CURVE ( ( 1.000000000000000000, 0.9238795325112867385, 1.000000000000000000, 0.9238795325112867385, 1.000000000000000000, 0.9238795325112867385, 1.000000000000000000, 0.9238795325112867385, 1.000000000000000000 ) ) 
 REPRESENTATION_ITEM ( '' )  );
#4861 = LINE ( 'NONE', #4928, #2044 ) ;
#4862 = CARTESIAN_POINT ( 'NONE',  ( 8.050000000000004263, -0.8203022253684666421, -1.980384757729346745 ) ) ;
#4863 = FACE_BOUND ( 'NONE', #6862, .T. ) ;
#4864 = CARTESIAN_POINT ( 'NONE',  ( 3.900000000000003908, 2.499999999999996003, -6.123233995736789948E-16 ) ) ;
#4865 = CARTESIAN_POINT ( 'NONE',  ( 15.15000000000000568, -1.980384757729361178, -0.8203022253684513210 ) ) ;
#4866 = CARTESIAN_POINT ( 'NONE',  ( 7.300000000000004263, -1.372470695792103782E-14, 2.500000000000010214 ) ) ;
#4867 = ORIENTED_EDGE ( 'NONE', *, *, #4931, .F. ) ;
#4868 = CARTESIAN_POINT ( 'NONE',  ( 5.150000000000003020, 0.8203022253684378873, 1.980384757729346967 ) ) ;
#4869 = CARTESIAN_POINT ( 'NONE',  ( 6.550000000000004263, 0.8203022253684383314, -1.980384757729346745 ) ) ;
#4870 = CARTESIAN_POINT ( 'NONE',  ( 17.20000000000000639, 1.400343491548885710, 1.400343491548899477 ) ) ;
#4871 = CARTESIAN_POINT ( 'NONE',  ( 5.850000000000003197, 1.980384757729333201, 0.8203022253684517651 ) ) ;
#4872 = DIRECTION ( 'NONE',  ( 1.000000000000000000, -0.000000000000000000, -0.000000000000000000 ) ) ;
#4873 = CARTESIAN_POINT ( 'NONE',  ( 17.65000000000000213, 0.8203022253684382203, -1.980384757729346745 ) ) ;
#4874 = ADVANCED_FACE ( 'NONE', ( #2873 ), #4482, .T. ) ;
#4875 = EDGE_CURVE ( 'NONE', #4651, #1232, #2583, .T. ) ;
#4876 = VERTEX_POINT ( 'NONE', #3536 ) ;
#4877 = CARTESIAN_POINT ( 'NONE',  ( 14.95000000000000107, -1.980384757729360956, 0.8203022253684520981 ) ) ;
#4878 = CARTESIAN_POINT ( 'NONE',  ( 17.40000000000000568, -1.400343491548913244, 1.400343491548899477 ) ) ;
#4879 = AXIS2_PLACEMENT_3D ( 'NONE', #182, #4091, #2882 ) ;
#4880 = CARTESIAN_POINT ( 'NONE',  ( 14.55000000000000604, 0.8203022253684383314, -1.980384757729346745 ) ) ;
#4881 = CARTESIAN_POINT ( 'NONE',  ( 16.15000000000000568, 1.980384757729332978, -0.8203022253684528753 ) ) ;
#4882 = CARTESIAN_POINT ( 'NONE',  ( 11.72500000000000320, 1.053469879313086111, -2.543301270189232355 ) ) ;
#4883 = VERTEX_POINT ( 'NONE', #2836 ) ;
#4884 = CARTESIAN_POINT ( 'NONE',  ( 15.70000000000000639, -1.433703035749471672E-14, -2.500000000000010214 ) ) ;
#4885 = CARTESIAN_POINT ( 'NONE',  ( 4.700000000000005507, 1.767766952966362215, 1.767766952966375982 ) ) ;
#4886 = CALENDAR_DATE ( 2026, 26, 6 ) ;
#4887 = ADVANCED_FACE ( 'NONE', ( #5095 ), #1853, .F. ) ;
#4888 = CARTESIAN_POINT ( 'NONE',  ( 9.200000000000004619, -1.433703035749471672E-14, -2.500000000000010214 ) ) ;
#4889 = DIRECTION ( 'NONE',  ( -0.000000000000000000, 0.000000000000000000, -1.000000000000000000 ) ) ;
#4890 = ORIENTED_EDGE ( 'NONE', *, *, #1371, .F. ) ;
#4891 = CIRCLE ( 'NONE', #7079, 5.550000000000000711 ) ;
#4892 = CARTESIAN_POINT ( 'NONE',  ( 8.975000000000003197, -2.543301270189245677, 1.053469879313099655 ) ) ;
#4893 = CARTESIAN_POINT ( 'NONE',  ( 2.400000000000006128, -1.400343491548913688, -1.400343491548899255 ) ) ;
#4894 = DIRECTION ( 'NONE',  ( -1.224646799147353207E-16, 2.655529440325959183E-32, 1.000000000000000000 ) ) ;
#4895 = ADVANCED_FACE ( 'NONE', ( #5059 ), #2946, .F. ) ;
#4896 = DIRECTION ( 'NONE',  ( 0.7071067811865460184, 8.659560562354952580E-17, 0.7071067811865490160 ) ) ;
#4897 = CARTESIAN_POINT ( 'NONE',  ( 16.93826424551888010, -2.286519803340974821, -0.5853994915519107334 ) ) ;
#4898 = DIRECTION ( 'NONE',  ( 2.168404344971008868E-16, 1.000000000000000000, -0.000000000000000000 ) ) ;
#4899 = CARTESIAN_POINT ( 'NONE',  ( 7.950000000000006395, -1.980384757729361178, -0.8203022253684513210 ) ) ;
#4900 = DIRECTION ( 'NONE',  ( 1.000000000000000000, -0.000000000000000000, -0.000000000000000000 ) ) ;
#4901 = CARTESIAN_POINT ( 'NONE',  ( 12.20000000000000639, 1.400343491548885266, -1.400343491548899699 ) ) ;
#4902 = DIRECTION ( 'NONE',  ( 1.000000000000000000, -0.000000000000000000, -0.000000000000000000 ) ) ;
#4903 = ORIENTED_EDGE ( 'NONE', *, *, #5632, .T. ) ;
#4904 = CARTESIAN_POINT ( 'NONE',  ( 6.850000000000003197, -0.8203022253684655318, 1.980384757729346967 ) ) ;
#4905 = CARTESIAN_POINT ( 'NONE',  ( 7.300000000000006040, -1.424157858600947694E-14, -1.980384757729347189 ) ) ;
#4906 = CARTESIAN_POINT ( 'NONE',  ( 17.80000000000000782, 1.400343491548885266, -1.400343491548899699 ) ) ;
#4907 = TOROIDAL_SURFACE ( 'NONE', #124, 2.859374999999997780, 0.3593750000000000000 ) ;
#4908 = CARTESIAN_POINT ( 'NONE',  ( 5.450000000000005507, -1.980384757729361400, -0.8203022253684514320 ) ) ;
#4909 = CARTESIAN_POINT ( 'NONE',  ( -15.91115970398492330, -2.695312500000004885, 7.851406210307628939E-16 ) ) ;
#4910 = ORIENTED_EDGE ( 'NONE', *, *, #5315, .T. ) ;
#4911 = CARTESIAN_POINT ( 'NONE',  ( 15.65000000000000391, -0.8203022253684655318, 1.980384757729346967 ) ) ;
#4912 = CARTESIAN_POINT ( 'NONE',  ( 17.10000000000000853, 1.980384757729333201, -4.850543709266902538E-16 ) ) ;
#4913 = CARTESIAN_POINT ( 'NONE',  ( 13.50000000000000533, -1.980384757729360956, 2.425271854633451269E-16 ) ) ;
#4914 = CARTESIAN_POINT ( 'NONE',  ( 7.000000000000005329, 2.499999999999996003, -6.123233995736789948E-16 ) ) ;
#4915 = EDGE_CURVE ( 'NONE', #6606, #5990, #585, .T. ) ;
#4916 = CARTESIAN_POINT ( 'NONE',  ( 7.375000000000002665, -1.798385574751179439, 1.798385574751165894 ) ) ;
#4917 = VERTEX_POINT ( 'NONE', #6829 ) ;
#4918 = CARTESIAN_POINT ( 'NONE',  ( 16.50000000000000355, 1.767766952966361771, -1.767766952966376204 ) ) ;
#4919 = VERTEX_POINT ( 'NONE', #2289 ) ;
#4920 = CARTESIAN_POINT ( 'NONE',  ( 2.400000000000003908, -1.372470695792103782E-14, 2.500000000000010214 ) ) ;
#4921 = CARTESIAN_POINT ( 'NONE',  ( 17.50000000000000000, -1.163414459189985801E-14, 2.500000000000008438 ) ) ;
#4922 = CYLINDRICAL_SURFACE ( 'NONE', #1528, 2.500000000000008438 ) ;
#4923 = CARTESIAN_POINT ( 'NONE',  ( 11.17500000000000604, 1.053469879313085666, 2.543301270189232799 ) ) ;
#4924 = CARTESIAN_POINT ( 'NONE',  ( 2.100000000000004530, -1.375652421508278441E-14, 1.980384757729347189 ) ) ;
#4925 = CYLINDRICAL_SURFACE ( 'NONE', #5774, 2.500000000000008438 ) ;
#4926 = DIRECTION ( 'NONE',  ( 1.000000000000000000, -1.778671531248330217E-16, 0.000000000000000000 ) ) ;
#4927 = DIRECTION ( 'NONE',  ( 0.000000000000000000, 0.000000000000000000, 1.000000000000000000 ) ) ;
#4928 = CARTESIAN_POINT ( 'NONE',  ( 5.500000000000000888, -4.500000000000009770, -0.4000000000000004663 ) ) ;
#4929 = CARTESIAN_POINT ( 'NONE',  ( 6.850000000000004974, 0.8203022253684378873, 1.980384757729346967 ) ) ;
#4930 = CARTESIAN_POINT ( 'NONE',  ( 15.90000000000000391, 1.767766952966362215, 1.767766952966375982 ) ) ;
#4931 = EDGE_CURVE ( 'NONE', #6217, #2182, #1797, .T. ) ;
#4932 = CARTESIAN_POINT ( 'NONE',  ( 11.00000000000000711, -1.400343491548913244, 1.400343491548899477 ) ) ;
#4933 = CARTESIAN_POINT ( 'NONE',  ( -9.500000000000001776, -4.500000000000005329, 0.000000000000000000 ) ) ;
#4934 = ORIENTED_EDGE ( 'NONE', *, *, #6964, .F. ) ;
#4935 = CARTESIAN_POINT ( 'NONE',  ( 7.550000000000003375, 0.8203022253684378873, 1.980384757729346967 ) ) ;
#4936 = CARTESIAN_POINT ( 'NONE',  ( 6.650000000000004796, 1.980384757729332978, -0.8203022253684528753 ) ) ;
#4937 = CARTESIAN_POINT ( 'NONE',  ( 16.50000000000000711, -1.375652421508278441E-14, 1.980384757729347189 ) ) ;
#4938 = CIRCLE ( 'NONE', #5862, 0.1796874999999992784 ) ;
#4939 = CARTESIAN_POINT ( 'NONE',  ( 6.150000000000003020, -1.980384757729360956, 0.8203022253684520981 ) ) ;
#4940 = ORIENTED_EDGE ( 'NONE', *, *, #3651, .T. ) ;
#4941 = LINE ( 'NONE', #1689, #323 ) ;
#4942 = ORIENTED_EDGE ( 'NONE', *, *, #2734, .F. ) ;
#4943 = ORIENTED_EDGE ( 'NONE', *, *, #1266, .F. ) ;
#4944 = CARTESIAN_POINT ( 'NONE',  ( 15.15000000000000213, -0.8203022253684666421, -1.980384757729346745 ) ) ;
#4945 = CARTESIAN_POINT ( 'NONE',  ( 18.00000000000000711, 1.400343491548885710, 1.400343491548899477 ) ) ;
#4946 = CARTESIAN_POINT ( 'NONE',  ( 12.15000000000000746, 0.8203022253684383314, -1.980384757729346745 ) ) ;
#4947 = DIRECTION ( 'NONE',  ( 2.168404344971008868E-16, 1.000000000000000000, -0.000000000000000000 ) ) ;
#4948 = CARTESIAN_POINT ( 'NONE',  ( 8.575000000000004619, 1.798385574751151461, -1.798385574751166116 ) ) ;
#4949 = AXIS2_PLACEMENT_3D ( 'NONE', #5093, #3454, #6322 ) ;
#4950 = VERTEX_POINT ( 'NONE', #689 ) ;
#4951 = CARTESIAN_POINT ( 'NONE',  ( 7.900000000000003908, 1.767766952966362215, 1.767766952966375982 ) ) ;
#4952 = CARTESIAN_POINT ( 'NONE',  ( 13.35000000000000675, 2.499999999999996003, -1.035533905932743526 ) ) ;
#4953 = DIRECTION ( 'NONE',  ( 2.168404344971008868E-16, 1.000000000000000000, -0.000000000000000000 ) ) ;
#4954 = ORIENTED_EDGE ( 'NONE', *, *, #3613, .F. ) ;
#4955 = AXIS2_PLACEMENT_3D ( 'NONE', #1448, #3648, #7040 ) ;
#4956 = VECTOR ( 'NONE', #1570, 1000.000000000000000 ) ;
#4957 = CARTESIAN_POINT ( 'NONE',  ( 5.100000000000003197, -2.500000000000023981, 3.061616997868394974E-16 ) ) ;
#4958 = LINE ( 'NONE', #2007, #445 ) ;
#4959 = CARTESIAN_POINT ( 'NONE',  ( 16.72500000000000497, 2.543301270189218588, 1.053469879313099433 ) ) ;
#4960 = CARTESIAN_POINT ( 'NONE',  ( 8.100000000000004974, -1.372470695792103782E-14, 2.500000000000010214 ) ) ;
#4961 = CARTESIAN_POINT ( 'NONE',  ( 7.425000000000004263, -2.543301270189246122, 3.114645759804640776E-16 ) ) ;
#4962 = CARTESIAN_POINT ( 'NONE',  ( 3.000000000000006217, -1.400343491548913244, 1.400343491548899477 ) ) ;
#4963 = EDGE_CURVE ( 'NONE', #5765, #556, #195, .T. ) ;
#4964 = CARTESIAN_POINT ( 'NONE',  ( 5.400000000000005684, 2.499999999999997780, -6.123233995736794879E-16 ) ) ;
#4965 = CARTESIAN_POINT ( 'NONE',  ( 16.76708789216374385, -2.061076442729079972, 0.6886347371228160874 ) ) ;
#4966 = CIRCLE ( 'NONE', #1013, 0.1796875000000010270 ) ;
#4967 = CARTESIAN_POINT ( 'NONE',  ( 15.45000000000000462, -2.500000000000023981, 1.035533905932742194 ) ) ;
#4968 = B_SPLINE_CURVE_WITH_KNOTS ( 'NONE', 3,
 ( #6874, #947, #1936, #273, #239, #6758 ),
 .UNSPECIFIED., .F., .F.,
 ( 4, 2, 4 ),
 ( 0.001132314120067400834, 0.001182513109511161477, 0.001232712098954922121 ),
 .UNSPECIFIED. ) ;
#4969 = CARTESIAN_POINT ( 'NONE',  ( 8.150000000000005684, 0.8203022253684382203, -1.980384757729346745 ) ) ;
#4970 = DIRECTION ( 'NONE',  ( -1.224646799147353207E-16, 2.655529440325959183E-32, 1.000000000000000000 ) ) ;
#4971 = CARTESIAN_POINT ( 'NONE',  ( 10.65000000000000924, 1.980384757729332534, -0.8203022253684530973 ) ) ;
#4972 = CIRCLE ( 'NONE', #3806, 5.500000000000014211 ) ;
#4973 = CARTESIAN_POINT ( 'NONE',  ( -9.500000000000001776, -2.615813991587110809, 0.000000000000000000 ) ) ;
#4974 = VERTEX_POINT ( 'NONE', #3715 ) ;
#4975 = CARTESIAN_POINT ( 'NONE',  ( 4.250000000000001776, 1.980384757729333201, 0.8203022253684517651 ) ) ;
#4976 = CARTESIAN_POINT ( 'NONE',  ( 3.350000000000005862, 0.8203022253684383314, -1.980384757729346745 ) ) ;
#4977 = EDGE_CURVE ( 'NONE', #5900, #2410, #5418, .T. ) ;
#4978 = CARTESIAN_POINT ( 'NONE',  ( 16.20000000000000639, 1.400343491548885266, -1.400343491548899699 ) ) ;
#4979 = CARTESIAN_POINT ( 'NONE',  ( 6.450000000000002842, 0.8203022253684383314, -1.980384757729346745 ) ) ;
#4980 = ORIENTED_EDGE ( 'NONE', *, *, #136, .T. ) ;
#4981 = CARTESIAN_POINT ( 'NONE',  ( 4.950000000000004619, -1.035533905932755516, 2.500000000000010214 ) ) ;
#4982 = EDGE_LOOP ( 'NONE', ( #4845, #4903, #3038, #4369 ) ) ;
#4983 = EDGE_LOOP ( 'NONE', ( #4580, #578, #6038, #659 ) ) ;
#4984 = CARTESIAN_POINT ( 'NONE',  ( 17.25000000000000355, -0.8203022253684655318, 1.980384757729346967 ) ) ;
#4985 = CARTESIAN_POINT ( 'NONE',  ( 18.35000000000000497, -1.980384757729361178, -0.8203022253684513210 ) ) ;
#4986 = EDGE_CURVE ( 'NONE', #99, #4052, #2272, .T. ) ;
#4987 = CARTESIAN_POINT ( 'NONE',  ( 15.95000000000000284, -0.8203022253684666421, -1.980384757729346745 ) ) ;
#4988 = CARTESIAN_POINT ( 'NONE',  ( 6.875000000000004441, -1.434498467178515336E-14, -2.543301270189231911 ) ) ;
#4989 = ORIENTED_EDGE ( 'NONE', *, *, #6355, .T. ) ;
#4990 = CARTESIAN_POINT ( 'NONE',  ( 7.600000000000004974, -1.433703035749471672E-14, -2.500000000000010214 ) ) ;
#4991 = CIRCLE ( 'NONE', #5676, 6.775000000000008349 ) ;
#4992 = CARTESIAN_POINT ( 'NONE',  ( 17.50000000000000000, -1.194030629168669588E-14, -2.500000000000008438 ) ) ;
#4993 = APPLICATION_PROTOCOL_DEFINITION ( 'international standard', 'config_control_design', 1994, #3647 ) ;
#4994 = ORIENTED_EDGE ( 'NONE', *, *, #5239, .F. ) ;
#4995 = DIRECTION ( 'NONE',  ( 2.168404344971008868E-16, 1.000000000000000000, -0.000000000000000000 ) ) ;
#4997 = CARTESIAN_POINT ( 'NONE',  ( -15.74551527218122438, -2.625674005841388325, -7.648550287102648550E-16 ) ) ;
#4996 = SECURITY_CLASSIFICATION ( '', '', #7052 ) ;
#4998 = CARTESIAN_POINT ( 'NONE',  ( 16.52500000000000568, 1.053469879313086111, -2.543301270189232355 ) ) ;
#4999 = LINE ( 'NONE', #6680, #607 ) ;
#5000 = EDGE_LOOP ( 'NONE', ( #63, #4536, #5018, #1051, #369 ) ) ;
#5001 = CARTESIAN_POINT ( 'NONE',  ( 5.325000000000005507, 1.798385574751151461, -1.798385574751166116 ) ) ;
#5002 = CARTESIAN_POINT ( 'NONE',  ( 2.900000000000004796, -1.375652421508278441E-14, 1.980384757729347189 ) ) ;
#5003 = CARTESIAN_POINT ( 'NONE',  ( 16.00000000000000355, -1.372470695792103782E-14, 2.500000000000010214 ) ) ;
#5004 = CARTESIAN_POINT ( 'NONE',  ( 16.58038475772933396, -1.162573365231574618, 1.603230164106478117 ) ) ;
#5005 = CARTESIAN_POINT ( 'NONE',  ( 10.50000000000000533, -1.767766952966389749, 1.767766952966375982 ) ) ;
#5006 = CARTESIAN_POINT ( 'NONE',  ( 4.950000000000004619, 0.8203022253684382203, -1.980384757729346745 ) ) ;
#5007 = CIRCLE ( 'NONE', #5353, 7.677076266392057313 ) ;
#5008 = CARTESIAN_POINT ( 'NONE',  ( 13.10000000000000497, 1.980384757729333201, -4.850543709266902538E-16 ) ) ;
#5009 =( BOUNDED_CURVE ( )  B_SPLINE_CURVE ( 2, ( #5775, #786, #3008, #5336, #7025, #822, #6382, #6958, #5876 ),
 .UNSPECIFIED., .F., .F. ) 
 B_SPLINE_CURVE_WITH_KNOTS ( ( 3, 2, 2, 2, 3 ),
 ( 0.7508232484907215731, 0.7556818181818182323, 0.7613636363636363535, 0.7670454545454545858, 0.7715746127244744734 ),
 .UNSPECIFIED. ) 
 CURVE ( )  GEOMETRIC_REPRESENTATION_ITEM ( )  RATIONAL_B_SPLINE_CURVE ( ( 0.9811376344181059750, 0.9349087590665530190, 1.000000000000000000, 0.9238795325112867385, 1.000000000000000000, 0.9238795325112867385, 1.000000000000000000, 0.9393219517265505303, 0.9753807119289813476 ) ) 
 REPRESENTATION_ITEM ( '' )  );
#5010 = FACE_OUTER_BOUND ( 'NONE', #2759, .T. ) ;
#5011 = VERTEX_POINT ( 'NONE', #1926 ) ;
#5012 = CARTESIAN_POINT ( 'NONE',  ( 2.750000000000002220, 0.8203022253684378873, 1.980384757729346967 ) ) ;
#5013 = CARTESIAN_POINT ( 'NONE',  ( 5.200000000000004619, 1.400343491548885710, 1.400343491548899477 ) ) ;
#5014 = CARTESIAN_POINT ( 'NONE',  ( 15.15000000000000568, -1.980384757729361178, -0.8203022253684513210 ) ) ;
#5015 = CARTESIAN_POINT ( 'NONE',  ( 4.350000000000003197, 0.8203022253684378873, 1.980384757729347189 ) ) ;
#5016 = VERTEX_POINT ( 'NONE', #1964 ) ;
#5017 = CARTESIAN_POINT ( 'NONE',  ( -6.635278514588854648, 1.514762078994748240, -7.324203956669853355 ) ) ;
#5018 = ORIENTED_EDGE ( 'NONE', *, *, #3589, .T. ) ;
#5019 = VERTEX_POINT ( 'NONE', #837 ) ;
#5020 = EDGE_CURVE ( 'NONE', #6399, #6141, #1573, .T. ) ;
#5021 = CARTESIAN_POINT ( 'NONE',  ( 16.30000000000000071, 1.400343491548885710, 1.400343491548899477 ) ) ;
#5022 = CARTESIAN_POINT ( 'NONE',  ( 12.30000000000000249, 1.400343491548885710, 1.400343491548899477 ) ) ;
#5023 = CARTESIAN_POINT ( 'NONE',  ( 13.90000000000000213, 1.400343491548885710, 1.400343491548899477 ) ) ;
#5024 = CARTESIAN_POINT ( 'NONE',  ( 9.025000000000005684, -2.543301270189245677, 1.053469879313099655 ) ) ;
#5025 = ORIENTED_EDGE ( 'NONE', *, *, #2168, .F. ) ;
#5026 = CARTESIAN_POINT ( 'NONE',  ( 5.950000000000004619, -1.035533905932757293, -2.500000000000010214 ) ) ;
#5027 = ADVANCED_FACE ( 'NONE', ( #4259, #3059 ), #4734, .T. ) ;
#5028 = CARTESIAN_POINT ( 'NONE',  ( 7.600000000000002309, -1.375652421508278441E-14, 1.980384757729347189 ) ) ;
#5029 = CARTESIAN_POINT ( 'NONE',  ( 13.30000000000000249, -1.433703035749471672E-14, -2.500000000000010214 ) ) ;
#5030 = CARTESIAN_POINT ( 'NONE',  ( 17.12500000000000711, -2.543301270189246122, -1.053469879313099211 ) ) ;
#5031 = CARTESIAN_POINT ( 'NONE',  ( -6.635278514588858201, 2.239485897033077154E-15, -7.469496021220159321 ) ) ;
#5032 = ORIENTED_EDGE ( 'NONE', *, *, #5640, .F. ) ;
#5033 = CARTESIAN_POINT ( 'NONE',  ( 7.775000000000004796, 2.543301270189217700, -1.053469879313101210 ) ) ;
#5034 = CARTESIAN_POINT ( 'NONE',  ( 17.42500000000000782, 2.543301270189218144, -6.229291519609281552E-16 ) ) ;
#5035 = CARTESIAN_POINT ( 'NONE',  ( 2.800000000000004707, -1.433703035749471672E-14, -2.500000000000010214 ) ) ;
#5036 = CARTESIAN_POINT ( 'NONE',  ( 12.95000000000000462, -2.500000000000023981, 1.035533905932742194 ) ) ;
#5037 = CARTESIAN_POINT ( 'NONE',  ( 1.302429381576961198, -1.779407895577882703, -1.468424681920332375 ) ) ;
#5038 = CARTESIAN_POINT ( 'NONE',  ( 13.65000000000000391, -1.035533905932755516, 2.500000000000010214 ) ) ;
#5039 = CARTESIAN_POINT ( 'NONE',  ( 5.450000000000004619, -1.980384757729360956, 0.8203022253684520981 ) ) ;
#5040 = CARTESIAN_POINT ( 'NONE',  ( 11.25000000000000533, -0.8203022253684666421, -1.980384757729346745 ) ) ;
#5041 = LINE ( 'NONE', #2202, #3619 ) ;
#5042 = ORIENTED_EDGE ( 'NONE', *, *, #4779, .T. ) ;
#5043 = CARTESIAN_POINT ( 'NONE',  ( 2.150000000000002576, -1.980384757729360956, 0.8203022253684520981 ) ) ;
#5044 = CARTESIAN_POINT ( 'NONE',  ( 4.700000000000006395, -1.980384757729360956, 2.425271854633451269E-16 ) ) ;
#5045 = CARTESIAN_POINT ( 'NONE',  ( 12.70000000000000639, -1.980384757729360956, 2.425271854633451269E-16 ) ) ;
#5046 = CARTESIAN_POINT ( 'NONE',  ( 2.500000000000002220, 1.400343491548885266, -1.400343491548899699 ) ) ;
#5047 = VERTEX_POINT ( 'NONE', #6426 ) ;
#5048 = DIRECTION ( 'NONE',  ( -1.000000000000000000, 0.000000000000000000, 0.000000000000000000 ) ) ;
#5049 = ORIENTED_EDGE ( 'NONE', *, *, #4212, .T. ) ;
#5050 = ORIENTED_EDGE ( 'NONE', *, *, #5292, .F. ) ;
#5051 = CARTESIAN_POINT ( 'NONE',  ( 12.85000000000000320, 0.8203022253684382203, -1.980384757729346745 ) ) ;
#5052 = CARTESIAN_POINT ( 'NONE',  ( 13.65000000000000213, 0.8203022253684382203, -1.980384757729346745 ) ) ;
#5053 = CARTESIAN_POINT ( 'NONE',  ( 12.20000000000000284, 1.980384757729333201, -4.850543709266902538E-16 ) ) ;
#5054 = B_SPLINE_CURVE_WITH_KNOTS ( 'NONE', 3,
 ( #6690, #5547, #568, #7166, #6621, #5648, #5614, #54, #3945, #6053, #6155, #3431, #2885, #3290, #5108, #1172 ),
 .UNSPECIFIED., .F., .F.,
 ( 4, 2, 2, 2, 2, 2, 2, 4 ),
 ( 3.389241830202466099E-17, 0.0004416845609804435436, 0.0008833691219608533684, 0.001766738243921673127, 0.002208422804902083168, 0.002650107365882493210, 0.003091791926862903252, 0.003533476487843313293 ),
 .UNSPECIFIED. ) ;
#5055 = CARTESIAN_POINT ( 'NONE',  ( 7.475000000000004086, -2.543301270189246122, 3.114645759804640776E-16 ) ) ;
#5056 = VECTOR ( 'NONE', #354, 1000.000000000000000 ) ;
#5057 = FACE_OUTER_BOUND ( 'NONE', #1166, .T. ) ;
#5058 = CARTESIAN_POINT ( 'NONE',  ( 7.650000000000002132, -0.8203022253684655318, 1.980384757729346967 ) ) ;
#5059 = FACE_OUTER_BOUND ( 'NONE', #841, .T. ) ;
#5060 =( BOUNDED_CURVE ( )  B_SPLINE_CURVE ( 2, ( #2091, #2447, #2681, #6020, #6417 ),
 .UNSPECIFIED., .F., .F. ) 
 B_SPLINE_CURVE_WITH_KNOTS ( ( 3, 2, 3 ),
 ( 0.2601884538798053814, 0.2613636363636363535, 0.2625388188474673257 ),
 .UNSPECIFIED. ) 
 CURVE ( )  GEOMETRIC_REPRESENTATION_ITEM ( )  RATIONAL_B_SPLINE_CURVE ( ( 0.9750244799372400628, 0.9842558425505378850, 1.000000000000000000, 0.9842558425505382180, 0.9750244799372405069 ) ) 
 REPRESENTATION_ITEM ( '' )  );
#5061 = DIRECTION ( 'NONE',  ( -1.000000000000000000, 2.168404344971008621E-16, 0.000000000000000000 ) ) ;
#5062 = EDGE_CURVE ( 'NONE', #4408, #3771, #5302, .T. ) ;
#5063 = CARTESIAN_POINT ( 'NONE',  ( 16.58038475772933396, -1.902268572758658127, 0.5655897409259870168 ) ) ;
#5064 = ORIENTED_EDGE ( 'NONE', *, *, #4758, .T. ) ;
#5065 = CARTESIAN_POINT ( 'NONE',  ( 7.325000000000005507, -1.798385574751179439, 1.798385574751165894 ) ) ;
#5066 = CARTESIAN_POINT ( 'NONE',  ( 15.97500000000000497, 1.053469879313085666, 2.543301270189232799 ) ) ;
#5067 = AXIS2_PLACEMENT_3D ( 'NONE', #6359, #6324, #2066 ) ;
#5068 = DIRECTION ( 'NONE',  ( -1.000000000000000000, 0.000000000000000000, 0.000000000000000000 ) ) ;
#5069 = CARTESIAN_POINT ( 'NONE',  ( 16.73039894597878430, 0.2935010957193580072, -2.115219459247054345 ) ) ;
#5070 = DIRECTION ( 'NONE',  ( 0.000000000000000000, 0.000000000000000000, -1.000000000000000000 ) ) ;
#5071 = ADVANCED_FACE ( 'NONE', ( #944 ), #3165, .F. ) ;
#5072 = CARTESIAN_POINT ( 'NONE',  ( 3.050000000000005596, -1.980384757729360956, 0.8203022253684520981 ) ) ;
#5073 = CIRCLE ( 'NONE', #1934, 6.411159703984926850 ) ;
#5074 = CARTESIAN_POINT ( 'NONE',  ( 8.850000000000004974, -0.8203022253684666421, -1.980384757729346745 ) ) ;
#5075 = FACE_OUTER_BOUND ( 'NONE', #4662, .T. ) ;
#5076 = ORIENTED_EDGE ( 'NONE', *, *, #2406, .F. ) ;
#5077 = CIRCLE ( 'NONE', #6806, 6.019421691491640303 ) ;
#5078 = CARTESIAN_POINT ( 'NONE',  ( 1.900000000000002354, 1.400343491548885710, 1.400343491548899477 ) ) ;
#5079 = CARTESIAN_POINT ( 'NONE',  ( 4.800000000000006040, -1.400343491548913688, -1.400343491548899255 ) ) ;
#5080 = CARTESIAN_POINT ( 'NONE',  ( 14.05000000000000604, 0.8203022253684378873, 1.980384757729346967 ) ) ;
#5081 = CARTESIAN_POINT ( 'NONE',  ( 3.200000000000003286, -1.424157858600947694E-14, -1.980384757729347189 ) ) ;
#5082 = EDGE_LOOP ( 'NONE', ( #2664, #1739, #2550, #1665, #6611, #6969, #6436, #919, #5383, #301, #5419, #6805, #7156, #6070, #1697, #4125, #1597, #4060, #2997, #3373, #1417, #6405, #1389, #6102, #4423, #4043, #889, #6573, #5362, #6472, #693, #2143, #4934, #4084, #5533, #2389, #6116, #3882, #722, #5950, #6886, #5686, #66, #5118, #1124, #4432, #6275, #5076, #5699, #227, #4154, #5100 ) ) ;
#5083 = CARTESIAN_POINT ( 'NONE',  ( -3.365262841816285544, -2.875000000000007550, 0.000000000000000000 ) ) ;
#5084 = CARTESIAN_POINT ( 'NONE',  ( 12.52500000000000568, 1.798385574751151461, -1.798385574751166116 ) ) ;
#5085 = ORIENTED_EDGE ( 'NONE', *, *, #982, .F. ) ;
#5086 = CARTESIAN_POINT ( 'NONE',  ( 11.70000000000000284, -1.400343491548913244, 1.400343491548899477 ) ) ;
#5087 = CARTESIAN_POINT ( 'NONE',  ( 11.30000000000000249, 1.400343491548885266, -1.400343491548899699 ) ) ;
#5088 = CARTESIAN_POINT ( 'NONE',  ( 4.000000000000004441, 1.767766952966362215, 1.767766952966375982 ) ) ;
#5089 = CARTESIAN_POINT ( 'NONE',  ( 12.60000000000000320, -1.980384757729360956, 2.425271854633451269E-16 ) ) ;
#5090 =( BOUNDED_CURVE ( )  B_SPLINE_CURVE ( 2, ( #770, #6366, #5758, #2994, #5215, #238, #4672, #5464, #2076 ),
 .UNSPECIFIED., .F., .T. ) 
 B_SPLINE_CURVE_WITH_KNOTS ( ( 3, 2, 2, 2, 3 ),
 ( 0.1818181818181818787, 0.1875000000000000000, 0.1931818181818182323, 0.1988636363636363535, 0.2045454545454545858 ),
 .UNSPECIFIED. ) 
 CURVE ( )  GEOMETRIC_REPRESENTATION_ITEM ( )  RATIONAL_B_SPLINE_CURVE ( ( 1.000000000000000000, 0.9238795325112867385, 1.000000000000000000, 0.9238795325112867385, 1.000000000000000000, 0.9238795325112867385, 1.000000000000000000, 0.9238795325112867385, 1.000000000000000000 ) ) 
 REPRESENTATION_ITEM ( '' )  );
#5091 = CARTESIAN_POINT ( 'NONE',  ( 6.525000000000005684, -1.053469879313113200, 2.543301270189232799 ) ) ;
#5092 = ADVANCED_FACE ( 'NONE', ( #5275 ), #5644, .F. ) ;
#5093 = CARTESIAN_POINT ( 'NONE',  ( -9.500000000000000000, -3.857637417314162689E-15, 0.000000000000000000 ) ) ;
#5094 = CARTESIAN_POINT ( 'NONE',  ( 4.650000000000003908, -1.980384757729361178, -0.8203022253684513210 ) ) ;
#5095 = FACE_OUTER_BOUND ( 'NONE', #176, .T. ) ;
#5096 = DIRECTION ( 'NONE',  ( 1.000000000000000000, -0.000000000000000000, -0.000000000000000000 ) ) ;
#5097 = CARTESIAN_POINT ( 'NONE',  ( 13.82500000000000284, -2.543301270189245677, 1.053469879313099655 ) ) ;
#5098 = CARTESIAN_POINT ( 'NONE',  ( 5.800000000000004263, -1.767766952966389749, 1.767766952966375982 ) ) ;
#5099 = VECTOR ( 'NONE', #2845, 1000.000000000000000 ) ;
#5100 = ORIENTED_EDGE ( 'NONE', *, *, #2953, .F. ) ;
#5101 = CARTESIAN_POINT ( 'NONE',  ( 8.225000000000004974, -2.543301270189246122, 3.114645759804640776E-16 ) ) ;
#5102 = CARTESIAN_POINT ( 'NONE',  ( 16.97500000000000142, -2.543301270189245677, 1.053469879313099655 ) ) ;
#5103 = DIRECTION ( 'NONE',  ( -1.000000000000000000, 1.990963944668006845E-16, 0.000000000000000000 ) ) ;
#5104 = EDGE_CURVE ( 'NONE', #3376, #5966, #309, .T. ) ;
#5105 = CARTESIAN_POINT ( 'NONE',  ( 12.90000000000000568, -1.767766952966389749, 1.767766952966375982 ) ) ;
#5106 = APPROVAL_PERSON_ORGANIZATION ( #3898, #157, #4441 ) ;
#5107 = CARTESIAN_POINT ( 'NONE',  ( 16.97320508075689105, -1.373247090752099860E-14, 2.373205080756899843 ) ) ;
#5108 = CARTESIAN_POINT ( 'NONE',  ( 16.71428177573352869, -0.1477233211741547370, -2.114281775733550806 ) ) ;
#5109 = CARTESIAN_POINT ( 'NONE',  ( 3.300000000000006040, -1.424157858600947694E-14, -1.980384757729347189 ) ) ;
#5110 = CARTESIAN_POINT ( 'NONE',  ( 7.550000000000006040, 1.980384757729333201, 0.8203022253684517651 ) ) ;
#5111 = CARTESIAN_POINT ( 'NONE',  ( 17.50000000000000000, -1.194030629168669588E-14, 0.000000000000000000 ) ) ;
#5112 = ADVANCED_FACE ( 'NONE', ( #3682 ), #871, .F. ) ;
#5113 = EDGE_LOOP ( 'NONE', ( #2445, #4202 ) ) ;
#5114 = CARTESIAN_POINT ( 'NONE',  ( 3.300000000000002487, 1.400343491548885266, -1.400343491548899699 ) ) ;
#5115 = CARTESIAN_POINT ( 'NONE',  ( 2.850000000000005418, 0.8203022253684378873, 1.980384757729347189 ) ) ;
#5116 = CARTESIAN_POINT ( 'NONE',  ( 14.40000000000000568, -1.400343491548913688, -1.400343491548899255 ) ) ;
#5117 = CARTESIAN_POINT ( 'NONE',  ( 4.200000000000001954, 1.980384757729333201, -4.850543709266902538E-16 ) ) ;
#5118 = ORIENTED_EDGE ( 'NONE', *, *, #890, .F. ) ;
#5119 = CARTESIAN_POINT ( 'NONE',  ( 4.250000000000005329, -2.500000000000024425, -1.035533905932741749 ) ) ;
#5120 = CARTESIAN_POINT ( 'NONE',  ( 14.37500000000000711, 1.053469879313085666, 2.543301270189232799 ) ) ;
#5121 = ORIENTED_EDGE ( 'NONE', *, *, #1855, .F. ) ;
#5122 = CARTESIAN_POINT ( 'NONE',  ( 13.30000000000000249, -1.400343491548913244, 1.400343491548899477 ) ) ;
#5123 = CARTESIAN_POINT ( 'NONE',  ( 12.55000000000000071, -1.980384757729360956, 0.8203022253684520981 ) ) ;
#5124 = FACE_OUTER_BOUND ( 'NONE', #5311, .T. ) ;
#5125 = CARTESIAN_POINT ( 'NONE',  ( 13.25000000000000533, -0.8203022253684655318, 1.980384757729347189 ) ) ;
#5126 = CARTESIAN_POINT ( 'NONE',  ( -5.032498397821396630, 2.260090698248775176, -6.471794826591566796 ) ) ;
#5127 = CARTESIAN_POINT ( 'NONE',  ( 5.675000000000004263, -1.372205551982422560E-14, 2.543301270189231911 ) ) ;
#5128 = DIRECTION ( 'NONE',  ( 1.000000000000000000, -0.000000000000000000, -0.000000000000000000 ) ) ;
#5129 = CARTESIAN_POINT ( 'NONE',  ( 6.450000000000002842, 0.8203022253684382203, -1.980384757729346745 ) ) ;
#5130 = CARTESIAN_POINT ( 'NONE',  ( 5.500000000000000888, 2.467792535850611202, 0.4000000000000004663 ) ) ;
#5131 = CARTESIAN_POINT ( 'NONE',  ( 9.500000000000005329, 2.499999999999996003, -6.123233995736789948E-16 ) ) ;
#5132 = CARTESIAN_POINT ( 'NONE',  ( 15.07500000000000462, 2.543301270189218144, -6.229291519609281552E-16 ) ) ;
#5133 = FACE_OUTER_BOUND ( 'NONE', #3268, .T. ) ;
#5134 = ORIENTED_EDGE ( 'NONE', *, *, #532, .T. ) ;
#5135 = CARTESIAN_POINT ( 'NONE',  ( 3.575000000000004174, -1.053469879313114754, -2.543301270189232355 ) ) ;
#5136 = CARTESIAN_POINT ( 'NONE',  ( 15.17500000000000426, 1.053469879313085666, 2.543301270189232799 ) ) ;
#5137 = CARTESIAN_POINT ( 'NONE',  ( 12.15000000000000391, -2.500000000000023981, 1.035533905932742194 ) ) ;
#5138 = CARTESIAN_POINT ( 'NONE',  ( -5.352360201115015315, -2.254336166686990328, 6.603403151956442230 ) ) ;
#5139 = AXIS2_PLACEMENT_3D ( 'NONE', #79, #1504, #389 ) ;
#5140 = FACE_OUTER_BOUND ( 'NONE', #3096, .T. ) ;
#5141 = CARTESIAN_POINT ( 'NONE',  ( 17.05000000000001137, -2.500000000000024425, -1.035533905932741749 ) ) ;
#5142 = CARTESIAN_POINT ( 'NONE',  ( 4.500000000000005329, -1.375652421508278441E-14, 1.980384757729347189 ) ) ;
#5143 = ORIENTED_EDGE ( 'NONE', *, *, #2425, .F. ) ;
#5144 = B_SPLINE_CURVE_WITH_KNOTS ( 'NONE', 3,
 ( #3022, #3061, #800, #2407 ),
 .UNSPECIFIED., .F., .F.,
 ( 4, 4 ),
 ( 0.0004404888677005754549, 0.002388270888168386990 ),
 .UNSPECIFIED. ) ;
#5145 = FACE_OUTER_BOUND ( 'NONE', #2628, .T. ) ;
#5146 = CARTESIAN_POINT ( 'NONE',  ( 8.600000000000004974, -1.400343491548913244, 1.400343491548899477 ) ) ;
#5147 = CARTESIAN_POINT ( 'NONE',  ( 1.500000000000001332, -1.194030629168669588E-14, 0.000000000000000000 ) ) ;
#5148 = CIRCLE ( 'NONE', #2939, 2.499999999999996891 ) ;
#5149 = ORIENTED_EDGE ( 'NONE', *, *, #4446, .T. ) ;
#5150 = CARTESIAN_POINT ( 'NONE',  ( 5.500000000000000888, -4.500000000000009770, 0.4000000000000004663 ) ) ;
#5151 = CARTESIAN_POINT ( 'NONE',  ( 5.897210274005898256, 2.499553782860382434, -0.1141254671852323377 ) ) ;
#5152 = CARTESIAN_POINT ( 'NONE',  ( 13.25000000000000711, 0.8203022253684378873, 1.980384757729346967 ) ) ;
#5153 = CARTESIAN_POINT ( 'NONE',  ( 5.100000000000002309, 1.400343491548885710, 1.400343491548899477 ) ) ;
#5154 = ORIENTED_EDGE ( 'NONE', *, *, #4695, .F. ) ;
#5155 = CARTESIAN_POINT ( 'NONE',  ( -9.500000000000000000, 0.000000000000000000, 0.000000000000000000 ) ) ;
#5156 = EDGE_CURVE ( 'NONE', #2210, #2186, #1359, .T. ) ;
#5157 = CARTESIAN_POINT ( 'NONE',  ( 11.97500000000000320, 1.053469879313085666, 2.543301270189232799 ) ) ;
#5158 = ORIENTED_EDGE ( 'NONE', *, *, #3153, .F. ) ;
#5159 = CARTESIAN_POINT ( 'NONE',  ( 14.30000000000000426, -1.400343491548913688, -1.400343491548899255 ) ) ;
#5160 = CARTESIAN_POINT ( 'NONE',  ( 12.10000000000000320, 1.400343491548885266, -1.400343491548899699 ) ) ;
#5161 = CARTESIAN_POINT ( 'NONE',  ( 9.750000000000007105, -2.500000000000023981, 1.035533905932742194 ) ) ;
#5162 = CARTESIAN_POINT ( 'NONE',  ( 13.65000000000000213, 0.8203022253684383314, -1.980384757729346745 ) ) ;
#5163 = CARTESIAN_POINT ( 'NONE',  ( 14.35000000000000675, 1.035533905932727983, 2.500000000000010214 ) ) ;
#5164 = CARTESIAN_POINT ( 'NONE',  ( 4.275000000000004796, -2.543301270189246122, 3.114645759804640776E-16 ) ) ;
#5165 = CARTESIAN_POINT ( 'NONE',  ( -2.027014441497236863, -2.973028707027602913, -4.865726645792369354 ) ) ;
#5166 = VERTEX_POINT ( 'NONE', #298 ) ;
#5167 = CARTESIAN_POINT ( 'NONE',  ( 5.350000000000002309, -1.980384757729360956, 0.8203022253684520981 ) ) ;
#5168 = CARTESIAN_POINT ( 'NONE',  ( 5.200000000000003730, -1.433703035749471672E-14, -2.500000000000010214 ) ) ;
#5169 = CARTESIAN_POINT ( 'NONE',  ( 4.900000000000003908, -1.372470695792103782E-14, 2.500000000000010214 ) ) ;
#5170 = CARTESIAN_POINT ( 'NONE',  ( 16.12500000000000355, -1.053469879313113200, 2.543301270189232799 ) ) ;
#5171 = CARTESIAN_POINT ( 'NONE',  ( 3.700000000000003286, -1.433703035749471672E-14, -2.500000000000010214 ) ) ;
#5172 = AXIS2_PLACEMENT_3D ( 'NONE', #5321, #3138, #1970 ) ;
#5173 = ORIENTED_EDGE ( 'NONE', *, *, #1057, .T. ) ;
#5174 = CARTESIAN_POINT ( 'NONE',  ( 2.475000000000004974, -1.053469879313113200, 2.543301270189232799 ) ) ;
#5175 = CARTESIAN_POINT ( 'NONE',  ( 12.35000000000000497, -1.035533905932757293, -2.500000000000010214 ) ) ;
#5176 = CARTESIAN_POINT ( 'NONE',  ( -6.635278514588855536, -2.250000000000000888, 7.122560691985976078 ) ) ;
#5177 = CARTESIAN_POINT ( 'NONE',  ( 16.74162649402049041, 0.5841193853935466862, -2.065687577644863548 ) ) ;
#5178 = LINE ( 'NONE', #4636, #3216 ) ;
#5179 = CARTESIAN_POINT ( 'NONE',  ( 0.02748798323624310549, 4.215784928467303239, -3.566722797294336722 ) ) ;
#5180 = VERTEX_POINT ( 'NONE', #3575 ) ;
#5181 = ADVANCED_FACE ( 'NONE', ( #4698 ), #1609, .F. ) ;
#5182 = CARTESIAN_POINT ( 'NONE',  ( 10.60000000000000320, -1.767766952966389749, 1.767766952966375982 ) ) ;
#5183 = CARTESIAN_POINT ( 'NONE',  ( 8.150000000000005684, 0.8203022253684382203, -1.980384757729346745 ) ) ;
#5184 = LINE ( 'NONE', #5975, #3045 ) ;
#5185 = ORIENTED_EDGE ( 'NONE', *, *, #4986, .T. ) ;
#5186 = CARTESIAN_POINT ( 'NONE',  ( 5.500000000000000888, -2.467792535850635627, 0.4000000000000004663 ) ) ;
#5187 = LINE ( 'NONE', #3003, #1348 ) ;
#5188 = TOROIDAL_SURFACE ( 'NONE', #5769, 6.411159703984924185, 0.1796875000000000000 ) ;
#5189 = CARTESIAN_POINT ( 'NONE',  ( 12.05000000000000604, -0.8203022253684666421, -1.980384757729346745 ) ) ;
#5190 = CARTESIAN_POINT ( 'NONE',  ( 2.100000000000000977, -1.400343491548913244, 1.400343491548899477 ) ) ;
#5191 = VERTEX_POINT ( 'NONE', #6841 ) ;
#5192 = AXIS2_PLACEMENT_3D ( 'NONE', #1273, #3975, #5103 ) ;
#5193 = CARTESIAN_POINT ( 'NONE',  ( 4.350000000000003197, -1.035533905932757293, -2.500000000000010214 ) ) ;
#5194 = CARTESIAN_POINT ( 'NONE',  ( 13.77500000000000746, -2.543301270189245677, 1.053469879313099655 ) ) ;
#5195 = ORIENTED_EDGE ( 'NONE', *, *, #6037, .T. ) ;
#5196 = CARTESIAN_POINT ( 'NONE',  ( 13.50000000000000355, -1.400343491548913688, -1.400343491548899255 ) ) ;
#5197 = ADVANCED_FACE ( 'NONE', ( #3510 ), #6121, .T. ) ;
#5198 = CARTESIAN_POINT ( 'NONE',  ( 11.15000000000000391, -0.8203022253684666421, -1.980384757729346745 ) ) ;
#5199 = CARTESIAN_POINT ( 'NONE',  ( 9.150000000000005684, 1.980384757729333201, 0.8203022253684517651 ) ) ;
#5200 = DIRECTION ( 'NONE',  ( 0.000000000000000000, 0.000000000000000000, -1.000000000000000000 ) ) ;
#5201 = CARTESIAN_POINT ( 'NONE',  ( 9.400000000000002132, -1.980384757729360956, 2.425271854633451269E-16 ) ) ;
#5202 = AXIS2_PLACEMENT_3D ( 'NONE', #2509, #293, #5236 ) ;
#5203 = CARTESIAN_POINT ( 'NONE',  ( 3.425000000000005151, -2.543301270189245677, 1.053469879313099655 ) ) ;
#5204 = FACE_BOUND ( 'NONE', #1857, .T. ) ;
#5205 = ORIENTED_EDGE ( 'NONE', *, *, #487, .F. ) ;
#5206 = CARTESIAN_POINT ( 'NONE',  ( -3.365262841816281103, 2.874999999999992006, 0.000000000000000000 ) ) ;
#5207 = DIRECTION ( 'NONE',  ( 0.000000000000000000, 0.000000000000000000, -1.000000000000000000 ) ) ;
#5208 = EDGE_CURVE ( 'NONE', #3611, #1467, #1562, .T. ) ;
#5209 = CARTESIAN_POINT ( 'NONE',  ( -9.500000000000000000, 2.874999999999993783, 0.000000000000000000 ) ) ;
#5210 = CARTESIAN_POINT ( 'NONE',  ( 14.12500000000000533, 1.053469879313086111, -2.543301270189232355 ) ) ;
#5211 = VERTEX_POINT ( 'NONE', #1937 ) ;
#5212 = CARTESIAN_POINT ( 'NONE',  ( 4.575000000000003730, 2.543301270189217700, -1.053469879313101210 ) ) ;
#5213 = CARTESIAN_POINT ( 'NONE',  ( 12.20000000000000639, -2.500000000000023981, 3.061616997868394974E-16 ) ) ;
#5214 = CARTESIAN_POINT ( 'NONE',  ( 8.150000000000003908, -2.500000000000023981, 1.035533905932742194 ) ) ;
#5215 = CARTESIAN_POINT ( 'NONE',  ( 4.300000000000004263, -2.500000000000023981, 3.061616997868394974E-16 ) ) ;
#5216 = DIRECTION ( 'NONE',  ( 1.000000000000000000, -0.000000000000000000, -0.000000000000000000 ) ) ;
#5217 = ORIENTED_EDGE ( 'NONE', *, *, #3947, .F. ) ;
#5218 = CARTESIAN_POINT ( 'NONE',  ( 7.350000000000004974, -2.500000000000023981, 1.035533905932742194 ) ) ;
#5219 = CARTESIAN_POINT ( 'NONE',  ( 9.500000000000005329, -1.980384757729360956, 2.425271854633451269E-16 ) ) ;
#5220 = CARTESIAN_POINT ( 'NONE',  ( -2.304747858657132387, -2.849558053819399195, 5.065995843114526664 ) ) ;
#5221 = ORIENTED_EDGE ( 'NONE', *, *, #1952, .T. ) ;
#5222 = DIRECTION ( 'NONE',  ( 1.000000000000000000, -0.000000000000000000, -0.000000000000000000 ) ) ;
#5223 = EDGE_CURVE ( 'NONE', #4974, #3919, #2648, .T. ) ;
#5224 = DIRECTION ( 'NONE',  ( -0.000000000000000000, 0.000000000000000000, -1.000000000000000000 ) ) ;
#5225 = CARTESIAN_POINT ( 'NONE',  ( 12.40000000000000391, 1.400343491548885710, 1.400343491548899477 ) ) ;
#5226 = CARTESIAN_POINT ( 'NONE',  ( 1.750000000000001554, 1.980384757729332978, -0.8203022253684528753 ) ) ;
#5227 = CARTESIAN_POINT ( 'NONE',  ( 16.70000000000000284, -1.400343491548913688, -1.400343491548899255 ) ) ;
#5228 = ORIENTED_EDGE ( 'NONE', *, *, #1412, .F. ) ;
#5229 = CARTESIAN_POINT ( 'NONE',  ( 13.80000000000000426, -1.767766952966389749, 1.767766952966375982 ) ) ;
#5230 = CARTESIAN_POINT ( 'NONE',  ( 13.87500000000000888, -2.543301270189246122, -1.053469879313099211 ) ) ;
#5231 = CARTESIAN_POINT ( 'NONE',  ( 9.350000000000003197, -1.980384757729360956, 0.8203022253684520981 ) ) ;
#5232 = CARTESIAN_POINT ( 'NONE',  ( 8.650000000000005684, -1.980384757729361178, -0.8203022253684513210 ) ) ;
#5233 = CARTESIAN_POINT ( 'NONE',  ( 9.400000000000005684, -1.400343491548913244, 1.400343491548899477 ) ) ;
#5234 = CARTESIAN_POINT ( 'NONE',  ( 1.450000000000003286, -1.980384757729361178, -0.8203022253684513210 ) ) ;
#5235 = CARTESIAN_POINT ( 'NONE',  ( 11.75000000000000711, -1.980384757729360956, 0.8203022253684520981 ) ) ;
#5236 = DIRECTION ( 'NONE',  ( 0.000000000000000000, 0.000000000000000000, 1.000000000000000000 ) ) ;
#5237 = AXIS2_PLACEMENT_3D ( 'NONE', #3401, #634, #2850 ) ;
#5238 = CARTESIAN_POINT ( 'NONE',  ( 4.175000000000003375, -1.798385574751179439, 1.798385574751165894 ) ) ;
#5239 = EDGE_CURVE ( 'NONE', #6606, #6169, #4660, .T. ) ;
#5240 = AXIS2_PLACEMENT_3D ( 'NONE', #3836, #994, #3220 ) ;
#5241 = EDGE_LOOP ( 'NONE', ( #16, #6880, #6486, #541 ) ) ;
#5242 = CARTESIAN_POINT ( 'NONE',  ( 18.50000000000000355, 1.400343491548885266, -1.400343491548899699 ) ) ;
#5243 = CARTESIAN_POINT ( 'NONE',  ( 4.550000000000003375, 1.035533905932728427, -2.500000000000010214 ) ) ;
#5244 = CARTESIAN_POINT ( 'NONE',  ( 15.42500000000000426, -2.543301270189245677, 1.053469879313099655 ) ) ;
#5245 = EDGE_CURVE ( 'NONE', #1088, #1285, #734, .T. ) ;
#5246 = ORIENTED_EDGE ( 'NONE', *, *, #4915, .T. ) ;
#5247 = CARTESIAN_POINT ( 'NONE',  ( 3.175000000000004707, 1.053469879313085666, 2.543301270189232799 ) ) ;
#5248 = DIRECTION ( 'NONE',  ( -1.000000000000000000, 2.104082812999166925E-16, 0.000000000000000000 ) ) ;
#5249 = DIRECTION ( 'NONE',  ( 1.000000000000000000, -2.168404344971008868E-16, 0.000000000000000000 ) ) ;
#5250 = AXIS2_PLACEMENT_3D ( 'NONE', #279, #1243, #813 ) ;
#5251 = CARTESIAN_POINT ( 'NONE',  ( -9.500000000000000000, -2.625674005841389658, 0.000000000000000000 ) ) ;
#5252 = CARTESIAN_POINT ( 'NONE',  ( 5.100933401095038455, -2.500000000000023981, -0.01933136963488003152 ) ) ;
#5253 = CARTESIAN_POINT ( 'NONE',  ( 14.30000000000000604, 2.499999999999996003, -6.123233995736789948E-16 ) ) ;
#5254 = VERTEX_POINT ( 'NONE', #6300 ) ;
#5255 = CARTESIAN_POINT ( 'NONE',  ( 4.750000000000006217, -1.980384757729361178, -0.8203022253684513210 ) ) ;
#5256 = CARTESIAN_POINT ( 'NONE',  ( 1.500000000000001332, -1.194030629168669588E-14, 0.000000000000000000 ) ) ;
#5257 = ORIENTED_EDGE ( 'NONE', *, *, #5328, .T. ) ;
#5258 = CARTESIAN_POINT ( 'NONE',  ( 15.25000000000000711, 1.035533905932727983, 2.500000000000010214 ) ) ;
#5259 = CARTESIAN_POINT ( 'NONE',  ( 1.700000000000007061, -1.424157858600947694E-14, -1.980384757729347189 ) ) ;
#5260 = CARTESIAN_POINT ( 'NONE',  ( 10.70000000000000462, 1.980384757729333201, -4.850543709266902538E-16 ) ) ;
#5261 = CARTESIAN_POINT ( 'NONE',  ( -9.500000000000000000, 2.874999999999993339, 0.000000000000000000 ) ) ;
#5262 = CARTESIAN_POINT ( 'NONE',  ( 17.10000000000000497, 1.400343491548885710, 1.400343491548899477 ) ) ;
#5263 = FACE_OUTER_BOUND ( 'NONE', #4447, .T. ) ;
#5264 = CARTESIAN_POINT ( 'NONE',  ( 15.10000000000000497, -1.980384757729360956, 2.425271854633451269E-16 ) ) ;
#5265 = CARTESIAN_POINT ( 'NONE',  ( 10.85000000000000142, -0.8203022253684655318, 1.980384757729346967 ) ) ;
#5266 = CARTESIAN_POINT ( 'NONE',  ( 10.10000000000000320, -1.400343491548913244, 1.400343491548899477 ) ) ;
#5267 = CARTESIAN_POINT ( 'NONE',  ( 8.700000000000006395, -1.980384757729360956, 2.425271854633451269E-16 ) ) ;
#5268 = CARTESIAN_POINT ( 'NONE',  ( 2.200000000000002398, -1.980384757729360956, 2.425271854633451269E-16 ) ) ;
#5269 = CARTESIAN_POINT ( 'NONE',  ( 8.650000000000005684, -1.980384757729361400, -0.8203022253684514320 ) ) ;
#5270 = PLANE ( 'NONE',  #1816 ) ;
#5271 = CARTESIAN_POINT ( 'NONE',  ( 2.475000000000003197, -1.372205551982422560E-14, 2.543301270189231911 ) ) ;
#5272 = ADVANCED_FACE ( 'NONE', ( #1314 ), #5760, .F. ) ;
#5273 = CARTESIAN_POINT ( 'NONE',  ( 16.07500000000000639, -1.053469879313113200, 2.543301270189232799 ) ) ;
#5274 = ORIENTED_EDGE ( 'NONE', *, *, #2910, .F. ) ;
#5275 = FACE_OUTER_BOUND ( 'NONE', #6983, .T. ) ;
#5276 = CARTESIAN_POINT ( 'NONE',  ( 6.400000000000005684, -1.372470695792103782E-14, 2.500000000000010214 ) ) ;
#5277 = CARTESIAN_POINT ( 'NONE',  ( 10.32500000000000462, 2.543301270189218588, 1.053469879313099433 ) ) ;
#5278 = ORIENTED_EDGE ( 'NONE', *, *, #4875, .T. ) ;
#5279 =( BOUNDED_CURVE ( )  B_SPLINE_CURVE ( 2, ( #2492, #20, #5545, #1677, #2086 ),
 .UNSPECIFIED., .F., .T. ) 
 B_SPLINE_CURVE_WITH_KNOTS ( ( 3, 2, 3 ),
 ( 0.7492633641456257765, 0.7500000000000000000, 0.7508232484907215731 ),
 .UNSPECIFIED. ) 
 CURVE ( )  GEOMETRIC_REPRESENTATION_ITEM ( )  RATIONAL_B_SPLINE_CURVE ( ( 0.9828212349432425832, 0.9901311404537113114, 1.000000000000000000, 0.9889707734447339416, 0.9811376344181059750 ) ) 
 REPRESENTATION_ITEM ( '' )  );
#5280 = CARTESIAN_POINT ( 'NONE',  ( 1.625000000000004885, -1.372205551982422560E-14, 2.543301270189231911 ) ) ;
#5281 = CARTESIAN_POINT ( 'NONE',  ( 14.85000000000000675, -1.035533905932757293, -2.500000000000010214 ) ) ;
#5282 = CARTESIAN_POINT ( 'NONE',  ( -4.443854296502125933, 2.695312499999989786, 6.191992651811313561E-16 ) ) ;
#5283 = EDGE_CURVE ( 'NONE', #441, #2258, #7002, .T. ) ;
#5284 = AXIS2_PLACEMENT_3D ( 'NONE', #6517, #6444, #3734 ) ;
#5285 = DIRECTION ( 'NONE',  ( -1.000000000000000000, 2.168404344971008868E-16, 0.000000000000000000 ) ) ;
#5286 = CARTESIAN_POINT ( 'NONE',  ( 1.700000000000007061, -1.424157858600947694E-14, -1.980384757729347189 ) ) ;
#5287 = EDGE_LOOP ( 'NONE', ( #3302, #276 ) ) ;
#5288 = DIRECTION ( 'NONE',  ( 0.000000000000000000, 0.000000000000000000, 1.000000000000000000 ) ) ;
#5289 = CARTESIAN_POINT ( 'NONE',  ( 4.900000000000004796, -1.424157858600947694E-14, -1.980384757729347189 ) ) ;
#5290 = CARTESIAN_POINT ( 'NONE',  ( 5.401879391808717124, -2.467792535850648505, -0.3999999999999223621 ) ) ;
#5291 = ORIENTED_EDGE ( 'NONE', *, *, #2967, .F. ) ;
#5292 = EDGE_CURVE ( 'NONE', #4532, #6399, #4038, .T. ) ;
#5293 = DIRECTION ( 'NONE',  ( -1.000000000000000000, 2.168404344971009115E-16, 0.000000000000000000 ) ) ;
#5294 =( BOUNDED_CURVE ( )  B_SPLINE_CURVE ( 2, ( #1778, #4012, #5968, #3620, #2593, #6944, #6504, #5281, #5392 ),
 .UNSPECIFIED., .F., .F. ) 
 B_SPLINE_CURVE_WITH_KNOTS ( ( 3, 2, 2, 2, 3 ),
 ( 0.7727272727272727071, 0.7784090909090909394, 0.7840909090909090606, 0.7897727272727272929, 0.7954545454545454142 ),
 .UNSPECIFIED. ) 
 CURVE ( )  GEOMETRIC_REPRESENTATION_ITEM ( )  RATIONAL_B_SPLINE_CURVE ( ( 1.000000000000000000, 0.9238795325112867385, 1.000000000000000000, 0.9238795325112867385, 1.000000000000000000, 0.9238795325112867385, 1.000000000000000000, 0.9238795325112867385, 1.000000000000000000 ) ) 
 REPRESENTATION_ITEM ( '' )  );
#5295 = CARTESIAN_POINT ( 'NONE',  ( 2.100000000000004530, -1.375652421508278441E-14, 1.980384757729347189 ) ) ;
#5296 = CARTESIAN_POINT ( 'NONE',  ( 10.45000000000000639, -0.8203022253684666421, -1.980384757729346745 ) ) ;
#5297 = CARTESIAN_POINT ( 'NONE',  ( 2.000000000000001776, -1.375652421508278441E-14, 1.980384757729347189 ) ) ;
#5298 = CARTESIAN_POINT ( 'NONE',  ( 16.80000000000000071, -1.424157858600947694E-14, -1.980384757729347189 ) ) ;
#5299 = CARTESIAN_POINT ( 'NONE',  ( -9.500000000000000000, 2.615813991587097931, 0.000000000000000000 ) ) ;
#5300 = AXIS2_PLACEMENT_3D ( 'NONE', #2444, #4042, #4083 ) ;
#5301 = CARTESIAN_POINT ( 'NONE',  ( 15.40000000000000568, 1.400343491548885266, -1.400343491548899699 ) ) ;
#5302 = CIRCLE ( 'NONE', #4723, 6.019421691491640303 ) ;
#5303 = CARTESIAN_POINT ( 'NONE',  ( 11.15000000000000391, -0.8203022253684666421, -1.980384757729346745 ) ) ;
#5304 = CARTESIAN_POINT ( 'NONE',  ( 9.100000000000001421, 1.400343491548885710, 1.400343491548899477 ) ) ;
#5305 = CARTESIAN_POINT ( 'NONE',  ( 11.75000000000000711, -0.8203022253684655318, 1.980384757729347189 ) ) ;
#5306 = CARTESIAN_POINT ( 'NONE',  ( 4.350000000000003197, 0.8203022253684378873, 1.980384757729346967 ) ) ;
#5307 = CARTESIAN_POINT ( 'NONE',  ( 10.30000000000000426, -1.400343491548913688, -1.400343491548899255 ) ) ;
#5308 = CARTESIAN_POINT ( 'NONE',  ( 17.50000000000000000, -1.163414459189985801E-14, 2.500000000000008438 ) ) ;
#5309 = CARTESIAN_POINT ( 'NONE',  ( 0.8750000000000042188, -1.372205551982422560E-14, 2.543301270189231911 ) ) ;
#5310 = CARTESIAN_POINT ( 'NONE',  ( 14.97500000000000675, 2.543301270189217700, -1.053469879313101210 ) ) ;
#5311 = EDGE_LOOP ( 'NONE', ( #5050, #3190, #94, #2403 ) ) ;
#5312 = CARTESIAN_POINT ( 'NONE',  ( 18.25000000000000355, -1.980384757729361178, -0.8203022253684513210 ) ) ;
#5313 = AXIS2_PLACEMENT_3D ( 'NONE', #5704, #6614, #1636 ) ;
#5314 = CARTESIAN_POINT ( 'NONE',  ( 15.40000000000000568, 1.400343491548885266, -1.400343491548899699 ) ) ;
#5315 = EDGE_CURVE ( 'NONE', #5802, #5696, #6462, .T. ) ;
#5316 = UNCERTAINTY_MEASURE_WITH_UNIT (LENGTH_MEASURE( 1.000000000000000082E-05 ), #6610, 'distance_accuracy_value', 'NONE');
#5317 = CARTESIAN_POINT ( 'NONE',  ( 10.22500000000000497, 2.543301270189217700, -1.053469879313101210 ) ) ;
#5318 = CONICAL_SURFACE ( 'NONE', #2763, 6.793923166596611551, 0.7853981633974482790 ) ;
#5319 = VERTEX_POINT ( 'NONE', #3281 ) ;
#5320 = CARTESIAN_POINT ( 'NONE',  ( 10.25000000000000533, 2.499999999999996003, -1.035533905932743526 ) ) ;
#5321 = CARTESIAN_POINT ( 'NONE',  ( -9.500000000000000000, -2.695312500000007550, 0.000000000000000000 ) ) ;
#5322 = CARTESIAN_POINT ( 'NONE',  ( 8.500000000000003553, -1.433703035749471672E-14, -2.500000000000010214 ) ) ;
#5323 = DIRECTION ( 'NONE',  ( 2.168404344971008868E-16, 1.000000000000000000, -0.000000000000000000 ) ) ;
#5324 = CARTESIAN_POINT ( 'NONE',  ( 2.450000000000005951, -0.8203022253684666421, -1.980384757729346745 ) ) ;
#5325 = ORIENTED_EDGE ( 'NONE', *, *, #4704, .T. ) ;
#5326 =( BOUNDED_CURVE ( )  B_SPLINE_CURVE ( 2, ( #622, #2254, #6250, #3968, #5131, #2328, #5636, #6180, #4583 ),
 .UNSPECIFIED., .F., .T. ) 
 B_SPLINE_CURVE_WITH_KNOTS ( ( 3, 2, 2, 2, 3 ),
 ( 0.4772727272727272929, 0.4829545454545454142, 0.4886363636363636465, 0.4943181818181818232, 0.5000000000000000000 ),
 .UNSPECIFIED. ) 
 CURVE ( )  GEOMETRIC_REPRESENTATION_ITEM ( )  RATIONAL_B_SPLINE_CURVE ( ( 1.000000000000000000, 0.9238795325112867385, 1.000000000000000000, 0.9238795325112867385, 1.000000000000000000, 0.9238795325112867385, 1.000000000000000000, 0.9238795325112867385, 1.000000000000000000 ) ) 
 REPRESENTATION_ITEM ( '' )  );
#5327 = CARTESIAN_POINT ( 'NONE',  ( 9.525000000000003908, 1.798385574751152127, 1.798385574751165894 ) ) ;
#5328 = EDGE_CURVE ( 'NONE', #640, #3143, #4966, .T. ) ;
#5329 = CARTESIAN_POINT ( 'NONE',  ( 4.200000000000005507, 1.400343491548885266, -1.400343491548899699 ) ) ;
#5330 = CARTESIAN_POINT ( 'NONE',  ( 17.00002451846975049, -0.7879293067170682896, 2.272611263676670657 ) ) ;
#5331 = ORIENTED_EDGE ( 'NONE', *, *, #5958, .T. ) ;
#5332 = CARTESIAN_POINT ( 'NONE',  ( -9.500000000000000000, -2.695312500000007550, 0.000000000000000000 ) ) ;
#5333 = DIRECTION ( 'NONE',  ( 1.224646799147353207E-16, -1.000000000000000000, 0.000000000000000000 ) ) ;
#5334 = CARTESIAN_POINT ( 'NONE',  ( 11.05000000000000604, -1.980384757729360956, 0.8203022253684520981 ) ) ;
#5335 = CARTESIAN_POINT ( 'NONE',  ( 15.60000000000000320, -1.375652421508278441E-14, 1.980384757729347189 ) ) ;
#5336 = CARTESIAN_POINT ( 'NONE',  ( 5.650000000000003908, -1.035533905932755516, 2.500000000000010214 ) ) ;
#5337 = EDGE_CURVE ( 'NONE', #1111, #814, #1493, .T. ) ;
#5338 = CONICAL_SURFACE ( 'NONE', #4063, 6.534737158183718364, 0.7853981633974466137 ) ;
#5339 = CARTESIAN_POINT ( 'NONE',  ( 13.70000000000000639, -1.424157858600947694E-14, -1.980384757729347189 ) ) ;
#5340 = ADVANCED_BREP_SHAPE_REPRESENTATION ( '59935K71_Ball Joint Rod End', ( #1427, #1642, #1628, #1499 ), #3830 ) ;
#5341 = CARTESIAN_POINT ( 'NONE',  ( 5.606502912621328605, -2.469605598031104243, 0.3892108018330903696 ) ) ;
#5342 =( BOUNDED_CURVE ( )  B_SPLINE_CURVE ( 2, ( #5666, #3528, #2901, #718, #6778, #5161, #2978, #1188, #615 ),
 .UNSPECIFIED., .F., .F. ) 
 B_SPLINE_CURVE_WITH_KNOTS ( ( 3, 2, 2, 2, 3 ),
 ( 0.5113636363636363535, 0.5170454545454545858, 0.5227272727272727071, 0.5284090909090909394, 0.5340909090909090606 ),
 .UNSPECIFIED. ) 
 CURVE ( )  GEOMETRIC_REPRESENTATION_ITEM ( )  RATIONAL_B_SPLINE_CURVE ( ( 1.000000000000000000, 0.9238795325112867385, 1.000000000000000000, 0.9238795325112867385, 1.000000000000000000, 0.9238795325112867385, 1.000000000000000000, 0.9238795325112867385, 1.000000000000000000 ) ) 
 REPRESENTATION_ITEM ( '' )  );
#5343 = CARTESIAN_POINT ( 'NONE',  ( 8.900000000000003908, 1.400343491548885266, -1.400343491548899699 ) ) ;
#5344 = CARTESIAN_POINT ( 'NONE',  ( 10.25000000000000178, -1.980384757729361178, -0.8203022253684513210 ) ) ;
#5345 = CARTESIAN_POINT ( 'NONE',  ( 7.400000000000005684, 1.400343491548885266, -1.400343491548899699 ) ) ;
#5346 = CARTESIAN_POINT ( 'NONE',  ( 1.800000000000002931, 1.980384757729333201, -4.850543709266902538E-16 ) ) ;
#5347 = CARTESIAN_POINT ( 'NONE',  ( 11.25000000000000711, 0.8203022253684383314, -1.980384757729346745 ) ) ;
#5348 = CARTESIAN_POINT ( 'NONE',  ( 5.496682199529629997, 2.467792535850611202, -0.4000000000000031863 ) ) ;
#5349 = CARTESIAN_POINT ( 'NONE',  ( 18.15000000000000213, -1.980384757729360956, 0.8203022253684520981 ) ) ;
#5350 = EDGE_LOOP ( 'NONE', ( #3557, #3244, #40, #6910 ) ) ;
#5351 = CARTESIAN_POINT ( 'NONE',  ( 18.40000000000000213, -1.424157858600947694E-14, -1.980384757729347189 ) ) ;
#5352 = CARTESIAN_POINT ( 'NONE',  ( 13.70000000000000639, -1.424157858600947694E-14, -1.980384757729347189 ) ) ;
#5353 = AXIS2_PLACEMENT_3D ( 'NONE', #2675, #527, #5503 ) ;
#5354 = CARTESIAN_POINT ( 'NONE',  ( 10.67500000000000426, -2.543301270189246122, 3.114645759804640776E-16 ) ) ;
#5355 = ORIENTED_EDGE ( 'NONE', *, *, #5156, .T. ) ;
#5356 = CARTESIAN_POINT ( 'NONE',  ( 10.10000000000000497, -1.433703035749471672E-14, -2.500000000000010214 ) ) ;
#5357 = ADVANCED_FACE ( 'NONE', ( #2115 ), #1007, .T. ) ;
#5358 = CARTESIAN_POINT ( 'NONE',  ( -6.635278514588854648, 0.7618283810268835499, 7.440301423512366341 ) ) ;
#5359 = CARTESIAN_POINT ( 'NONE',  ( -0.9355555555555922220, -1.194030629168669588E-14, -5.500000000000014211 ) ) ;
#5360 = CARTESIAN_POINT ( 'NONE',  ( 8.850000000000004974, 1.035533905932727983, 2.500000000000010214 ) ) ;
#5361 = DIRECTION ( 'NONE',  ( 1.000000000000000000, -0.000000000000000000, -0.000000000000000000 ) ) ;
#5362 = ORIENTED_EDGE ( 'NONE', *, *, #3411, .F. ) ;
#5363 = CARTESIAN_POINT ( 'NONE',  ( 9.025000000000005684, -2.543301270189246122, 3.114645759804640776E-16 ) ) ;
#5364 = CARTESIAN_POINT ( 'NONE',  ( 4.000000000000005329, -1.400343491548913688, -1.400343491548899255 ) ) ;
#5365 = CARTESIAN_POINT ( 'NONE',  ( 3.450000000000004619, -2.500000000000024425, -1.035533905932741749 ) ) ;
#5366 = CARTESIAN_POINT ( 'NONE',  ( 11.75000000000000711, 1.035533905932728427, -2.500000000000010214 ) ) ;
#5367 = CARTESIAN_POINT ( 'NONE',  ( 6.400000000000006573, -1.400343491548913688, -1.400343491548899255 ) ) ;
#5368 = LINE ( 'NONE', #6585, #3894 ) ;
#5369 = CARTESIAN_POINT ( 'NONE',  ( 18.12500000000000355, 1.053469879313086111, -2.543301270189232355 ) ) ;
#5370 = CARTESIAN_POINT ( 'NONE',  ( 13.90000000000000213, -2.500000000000023981, 3.061616997868394974E-16 ) ) ;
#5371 = CLOSED_SHELL ( 'NONE', ( #910, #884, #4524, #2220, #1659, #2199, #2804, #4874, #395, #5904, #3981, #2118, #1307, #5027, #7004, #5197, #4271, #1087 ) ) ;
#5372 = CARTESIAN_POINT ( 'NONE',  ( 13.40000000000000568, -1.400343491548913244, 1.400343491548899477 ) ) ;
#5373 = CARTESIAN_POINT ( 'NONE',  ( -14.55614570349786874, -2.695312500000006217, 6.191992651811307645E-16 ) ) ;
#5374 = CARTESIAN_POINT ( 'NONE',  ( 8.150000000000002132, 1.980384757729332534, -0.8203022253684530973 ) ) ;
#5375 = CARTESIAN_POINT ( 'NONE',  ( 7.700000000000001954, -1.400343491548913244, 1.400343491548899477 ) ) ;
#5376 = CARTESIAN_POINT ( 'NONE',  ( 5.650000000000006573, -0.8203022253684666421, -1.980384757729346745 ) ) ;
#5377 = EDGE_CURVE ( 'NONE', #1775, #4917, #4156, .T. ) ;
#5378 = AXIS2_PLACEMENT_3D ( 'NONE', #316, #5222, #1360 ) ;
#5379 = CARTESIAN_POINT ( 'NONE',  ( 3.300000000000002487, 1.400343491548885266, -1.400343491548899699 ) ) ;
#5380 = CARTESIAN_POINT ( 'NONE',  ( 6.250000000000002665, -1.980384757729361400, -0.8203022253684514320 ) ) ;
#5381 = CARTESIAN_POINT ( 'NONE',  ( -15.74551527218122793, 2.625674005841378111, -7.648550287102653480E-16 ) ) ;
#5382 = CARTESIAN_POINT ( 'NONE',  ( 1.775000000000002354, -1.798385574751179439, 1.798385574751165894 ) ) ;
#5383 = ORIENTED_EDGE ( 'NONE', *, *, #449, .F. ) ;
#5384 = DIRECTION ( 'NONE',  ( 1.000000000000000000, -0.000000000000000000, -0.000000000000000000 ) ) ;
#5385 = FACE_OUTER_BOUND ( 'NONE', #4471, .T. ) ;
#5386 = AXIS2_PLACEMENT_3D ( 'NONE', #4736, #3683, #838 ) ;
#5387 = EDGE_CURVE ( 'NONE', #2375, #5166, #6689, .T. ) ;
#5388 = CARTESIAN_POINT ( 'NONE',  ( 12.55000000000000604, -0.8203022253684655318, 1.980384757729347189 ) ) ;
#5389 = CARTESIAN_POINT ( 'NONE',  ( 12.12500000000000533, -1.053469879313113200, 2.543301270189232799 ) ) ;
#5390 = ORIENTED_EDGE ( 'NONE', *, *, #1960, .T. ) ;
#5391 = CARTESIAN_POINT ( 'NONE',  ( 1.725000000000004308, -1.798385574751179439, 1.798385574751165894 ) ) ;
#5392 = CARTESIAN_POINT ( 'NONE',  ( 14.90000000000000391, -1.433703035749471672E-14, -2.500000000000010214 ) ) ;
#5393 = PERSON_AND_ORGANIZATION ( #6370, #2200 ) ;
#5394 = CARTESIAN_POINT ( 'NONE',  ( 9.000000000000003553, -1.767766952966389749, 1.767766952966375982 ) ) ;
#5395 = CARTESIAN_POINT ( 'NONE',  ( 17.50000000000000000, -1.194030629168669588E-14, -2.500000000000008438 ) ) ;
#5396 = EDGE_LOOP ( 'NONE', ( #1576, #1309, #2719, #1523 ) ) ;
#5397 = CARTESIAN_POINT ( 'NONE',  ( 8.525000000000005684, 1.798385574751151461, -1.798385574751166116 ) ) ;
#5398 = CARTESIAN_POINT ( 'NONE',  ( 1.450000000000006839, -1.980384757729360956, 0.8203022253684520981 ) ) ;
#5399 = CARTESIAN_POINT ( 'NONE',  ( 17.50000000000000000, -1.163414459189985801E-14, 2.500000000000008438 ) ) ;
#5400 = CYLINDRICAL_SURFACE ( 'NONE', #12, 5.500000000000014211 ) ;
#5401 = CARTESIAN_POINT ( 'NONE',  ( -1.500000000000004441, 1.734723475976807094E-15, 5.500000000000001776 ) ) ;
#5402 = CARTESIAN_POINT ( 'NONE',  ( 13.30000000000000249, -1.433703035749471672E-14, -2.500000000000010214 ) ) ;
#5403 = CARTESIAN_POINT ( 'NONE',  ( 8.900000000000005684, -1.424157858600947694E-14, -1.980384757729347189 ) ) ;
#5404 = CARTESIAN_POINT ( 'NONE',  ( 8.050000000000004263, 1.035533905932727983, 2.500000000000010214 ) ) ;
#5405 = CARTESIAN_POINT ( 'NONE',  ( 16.92500000000000426, -1.053469879313113200, 2.543301270189232799 ) ) ;
#5406 = EDGE_CURVE ( 'NONE', #333, #3681, #4958, .T. ) ;
#5407 = DIRECTION ( 'NONE',  ( -1.000000000000000000, 0.000000000000000000, 0.000000000000000000 ) ) ;
#5408 = AXIS2_PLACEMENT_3D ( 'NONE', #6056, #1610, #4385 ) ;
#5409 = CARTESIAN_POINT ( 'NONE',  ( 15.60000000000000675, 1.400343491548885710, 1.400343491548899477 ) ) ;
#5410 = DIRECTION ( 'NONE',  ( 1.000000000000000000, -0.000000000000000000, -0.000000000000000000 ) ) ;
#5411 = VERTEX_POINT ( 'NONE', #4234 ) ;
#5412 = CARTESIAN_POINT ( 'NONE',  ( 6.950000000000002842, -1.980384757729360956, 0.8203022253684520981 ) ) ;
#5413 = CARTESIAN_POINT ( 'NONE',  ( 8.200000000000006395, 1.400343491548885266, -1.400343491548899699 ) ) ;
#5414 = CARTESIAN_POINT ( 'NONE',  ( 17.50000000000000355, -1.980384757729360956, 2.425271854633451269E-16 ) ) ;
#5415 = CARTESIAN_POINT ( 'NONE',  ( 6.050000000000003375, -0.8203022253684655318, 1.980384757729347189 ) ) ;
#5416 = CARTESIAN_POINT ( 'NONE',  ( -2.027014441497251518, 2.973028707036114771, -4.865726645787169957 ) ) ;
#5417 = CARTESIAN_POINT ( 'NONE',  ( 3.125000000000004441, 2.543301270189218588, 1.053469879313099433 ) ) ;
#5418 = CIRCLE ( 'NONE', #4025, 6.411159703984924185 ) ;
#5419 = ORIENTED_EDGE ( 'NONE', *, *, #5283, .F. ) ;
#5420 = EDGE_CURVE ( 'NONE', #5792, #280, #1459, .T. ) ;
#5421 = CARTESIAN_POINT ( 'NONE',  ( 16.75000000000000355, -0.8203022253684666421, -1.980384757729346745 ) ) ;
#5422 = CARTESIAN_POINT ( 'NONE',  ( 17.65000000000000568, -0.8203022253684666421, -1.980384757729346745 ) ) ;
#5423 = CARTESIAN_POINT ( 'NONE',  ( 12.35000000000000675, 1.980384757729333201, 0.8203022253684517651 ) ) ;
#5424 = CARTESIAN_POINT ( 'NONE',  ( 16.20000000000000284, 1.980384757729333201, -4.850543709266902538E-16 ) ) ;
#5425 = CARTESIAN_POINT ( 'NONE',  ( 12.52500000000000568, 1.053469879313086111, -2.543301270189232355 ) ) ;
#5426 = ORIENTED_EDGE ( 'NONE', *, *, #1090, .T. ) ;
#5427 = CARTESIAN_POINT ( 'NONE',  ( 4.000000000000004441, -1.372470695792103782E-14, 2.500000000000010214 ) ) ;
#5428 = EDGE_CURVE ( 'NONE', #4404, #1930, #4340, .T. ) ;
#5429 = DIRECTION ( 'NONE',  ( 1.000000000000000000, -0.000000000000000000, -0.000000000000000000 ) ) ;
#5430 = DIRECTION ( 'NONE',  ( -2.168404344971008868E-16, -1.000000000000000000, 0.000000000000000000 ) ) ;
#5431 = CARTESIAN_POINT ( 'NONE',  ( -9.500000000000000000, -2.625674005841389658, 0.000000000000000000 ) ) ;
#5432 = VERTEX_POINT ( 'NONE', #6435 ) ;
#5433 = CIRCLE ( 'NONE', #1700, 2.900000000000016342 ) ;
#5434 = VECTOR ( 'NONE', #988, 1000.000000000000000 ) ;
#5435 = CARTESIAN_POINT ( 'NONE',  ( 9.375000000000003553, 2.543301270189217700, -1.053469879313101210 ) ) ;
#5436 = CARTESIAN_POINT ( 'NONE',  ( 3.600000000000005862, 1.400343491548885710, 1.400343491548899477 ) ) ;
#5437 = CARTESIAN_POINT ( 'NONE',  ( 3.200000000000004174, -1.372470695792103782E-14, 2.500000000000010214 ) ) ;
#5438 = CARTESIAN_POINT ( 'NONE',  ( 17.50000000000000000, -1.372470695792103940E-14, 2.500000000000008438 ) ) ;
#5439 = LINE ( 'NONE', #5401, #7082 ) ;
#5440 = FACE_OUTER_BOUND ( 'NONE', #989, .T. ) ;
#5441 = CARTESIAN_POINT ( 'NONE',  ( 7.150000000000005684, -1.980384757729361178, -0.8203022253684513210 ) ) ;
#5442 = DIRECTION ( 'NONE',  ( 0.000000000000000000, 0.000000000000000000, 1.000000000000000000 ) ) ;
#5443 = CARTESIAN_POINT ( 'NONE',  ( 12.10000000000000675, -1.424157858600947694E-14, -1.980384757729347189 ) ) ;
#5444 = CARTESIAN_POINT ( 'NONE',  ( -3.480578308508354812, 2.874999999999989786, 7.472085020746198130E-16 ) ) ;
#5445 = VERTEX_POINT ( 'NONE', #3692 ) ;
#5446 = CARTESIAN_POINT ( 'NONE',  ( 4.850000000000002309, 0.8203022253684382203, -1.980384757729346745 ) ) ;
#5447 = CARTESIAN_POINT ( 'NONE',  ( 5.700000000000005507, -1.424157858600947694E-14, -1.980384757729347189 ) ) ;
#5448 = CARTESIAN_POINT ( 'NONE',  ( 17.00000000000000355, 1.400343491548885266, -1.400343491548899699 ) ) ;
#5449 = CARTESIAN_POINT ( 'NONE',  ( 6.000000000000003553, -1.375652421508278441E-14, 1.980384757729347189 ) ) ;
#5450 = CARTESIAN_POINT ( 'NONE',  ( 5.122051343513149391, 2.496073270360203100, -0.1574662998846950157 ) ) ;
#5451 = ORIENTED_EDGE ( 'NONE', *, *, #4176, .T. ) ;
#5452 = CARTESIAN_POINT ( 'NONE',  ( 17.80000000000000426, 1.980384757729333201, -4.850543709266902538E-16 ) ) ;
#5453 = DIRECTION ( 'NONE',  ( 1.000000000000000000, 0.000000000000000000, 0.000000000000000000 ) ) ;
#5454 = CIRCLE ( 'NONE', #465, 6.534737158183714811 ) ;
#5455 = CARTESIAN_POINT ( 'NONE',  ( 14.65000000000000746, 1.980384757729332978, -0.8203022253684528753 ) ) ;
#5456 = DIRECTION ( 'NONE',  ( 1.000000000000000000, -0.000000000000000000, -0.000000000000000000 ) ) ;
#5457 = EDGE_CURVE ( 'NONE', #748, #6225, #6507, .T. ) ;
#5458 = CARTESIAN_POINT ( 'NONE',  ( 9.525000000000005684, 2.543301270189218588, 1.053469879313099433 ) ) ;
#5459 = ORIENTED_EDGE ( 'NONE', *, *, #2953, .T. ) ;
#5460 = B_SPLINE_CURVE_WITH_KNOTS ( 'NONE', 3,
 ( #1029, #2641, #6052, #2158, #2122, #4314 ),
 .UNSPECIFIED., .F., .F.,
 ( 4, 2, 4 ),
 ( 0.0003178419772394852649, 0.0004527891333598344512, 0.0005877362894801836917 ),
 .UNSPECIFIED. ) ;
#5461 = CARTESIAN_POINT ( 'NONE',  ( 3.150000000000004796, 2.499999999999996447, 1.035533905932741972 ) ) ;
#5462 = CARTESIAN_POINT ( 'NONE',  ( 16.65000000000000568, 2.499999999999996003, 1.035533905932741972 ) ) ;
#5463 = ORIENTED_EDGE ( 'NONE', *, *, #6211, .F. ) ;
#5464 = CARTESIAN_POINT ( 'NONE',  ( 4.450000000000002842, -1.035533905932757293, -2.500000000000010214 ) ) ;
#5465 = EDGE_CURVE ( 'NONE', #5011, #6337, #4031, .T. ) ;
#5466 = VERTEX_POINT ( 'NONE', #6471 ) ;
#5467 = AXIS2_PLACEMENT_3D ( 'NONE', #5111, #4712, #4641 ) ;
#5468 = CARTESIAN_POINT ( 'NONE',  ( 10.52500000000000568, -1.798385574751179439, 1.798385574751165894 ) ) ;
#5469 = CARTESIAN_POINT ( 'NONE',  ( 3.300000000000006040, -1.424157858600947694E-14, -1.980384757729347189 ) ) ;
#5470 = CARTESIAN_POINT ( 'NONE',  ( 9.850000000000003197, -2.500000000000023981, 1.035533905932742194 ) ) ;
#5471 = CARTESIAN_POINT ( 'NONE',  ( 11.85000000000000497, 2.499999999999996003, -1.035533905932743526 ) ) ;
#5472 = CARTESIAN_POINT ( 'NONE',  ( 5.509986376172514966, 2.467806033897300910, 0.3999167372472587356 ) ) ;
#5473 = DIRECTION ( 'NONE',  ( -2.168404344971008868E-16, -1.000000000000000000, 0.000000000000000000 ) ) ;
#5474 = CARTESIAN_POINT ( 'NONE',  ( 8.350000000000004974, 1.980384757729333201, 0.8203022253684517651 ) ) ;
#5475 = CARTESIAN_POINT ( 'NONE',  ( 12.20000000000000462, -1.767766952966389749, 1.767766952966375982 ) ) ;
#5476 = CARTESIAN_POINT ( 'NONE',  ( 11.90000000000000568, -1.980384757729360956, 2.425271854633451269E-16 ) ) ;
#5477 = CARTESIAN_POINT ( 'NONE',  ( 13.30000000000000249, -1.433703035749471672E-14, -2.500000000000010214 ) ) ;
#5478 = VERTEX_POINT ( 'NONE', #5970 ) ;
#5479 = CARTESIAN_POINT ( 'NONE',  ( 7.600000000000002309, -1.375652421508278441E-14, 1.980384757729347189 ) ) ;
#5480 = CARTESIAN_POINT ( 'NONE',  ( 7.600000000000005862, 1.400343491548885710, 1.400343491548899477 ) ) ;
#5481 = CARTESIAN_POINT ( 'NONE',  ( 17.40000000000000568, -1.400343491548913244, 1.400343491548899477 ) ) ;
#5482 = CIRCLE ( 'NONE', #816, 5.702122015915132458 ) ;
#5483 = CARTESIAN_POINT ( 'NONE',  ( 7.700000000000001954, -1.400343491548913244, 1.400343491548899477 ) ) ;
#5484 = CARTESIAN_POINT ( 'NONE',  ( -6.635278514588855536, 1.886776456594984275, -7.237302146359353650 ) ) ;
#5485 = ORIENTED_EDGE ( 'NONE', *, *, #3866, .T. ) ;
#5486 = CARTESIAN_POINT ( 'NONE',  ( 16.90000000000000213, 1.400343491548885266, -1.400343491548899699 ) ) ;
#5487 = CARTESIAN_POINT ( 'NONE',  ( 14.40000000000000568, -1.400343491548913688, -1.400343491548899255 ) ) ;
#5488 = CARTESIAN_POINT ( 'NONE',  ( 15.60000000000000320, -1.375652421508278441E-14, 1.980384757729347189 ) ) ;
#5489 = B_SPLINE_CURVE_WITH_KNOTS ( 'NONE', 3,
 ( #6757, #6223, #5069, #5177, #1237, #161, #3468, #2372, #5581, #1710, #2812, #597, #5647, #1745, #3944, #4057, #5613, #630, #3508, #4635, #2846, #2299, #4521, #6188, #3430, #663, #2884, #5107 ),
 .UNSPECIFIED., .F., .F.,
 ( 4, 2, 2, 2, 2, 2, 2, 2, 2, 2, 2, 2, 2, 4 ),
 ( 0.003533476487843313293, 0.003973687598340991389, 0.004413898708838668618, 0.005294320929834024810, 0.005734532040331702905, 0.006174743150829381869, 0.006614954261327059964, 0.007055165371824738060, 0.007495376482322417024, 0.007935587592820095987, 0.008375798703317774083, 0.008816009813815453913, 0.009696432034810810105, 0.01057685425580616803 ),
 .UNSPECIFIED. ) ;
#5490 = CARTESIAN_POINT ( 'NONE',  ( 7.625000000000004441, -1.053469879313114754, -2.543301270189232355 ) ) ;
#5491 = ADVANCED_FACE ( 'NONE', ( #6539 ), #7122, .F. ) ;
#5492 = ORIENTED_EDGE ( 'NONE', *, *, #5895, .T. ) ;
#5493 = CARTESIAN_POINT ( 'NONE',  ( 5.862536662012731270, -2.494236723597543115, -0.1748731290257577453 ) ) ;
#5494 = TOROIDAL_SURFACE ( 'NONE', #2355, 5.056145703497873178, 0.1796875000000000000 ) ;
#5495 = CYLINDRICAL_SURFACE ( 'NONE', #2399, 2.500000000000008438 ) ;
#5496 = ORIENTED_EDGE ( 'NONE', *, *, #978, .T. ) ;
#5497 = CARTESIAN_POINT ( 'NONE',  ( 9.150000000000005684, -2.500000000000024425, -1.035533905932741749 ) ) ;
#5498 = DIRECTION ( 'NONE',  ( 2.168404344971008868E-16, 1.000000000000000000, -0.000000000000000000 ) ) ;
#5499 = FACE_OUTER_BOUND ( 'NONE', #6183, .T. ) ;
#5500 = CARTESIAN_POINT ( 'NONE',  ( 7.525000000000003908, -1.798385574751180105, -1.798385574751165450 ) ) ;
#5501 = CARTESIAN_POINT ( 'NONE',  ( 18.92500000000000426, 1.798385574751151461, -1.798385574751166116 ) ) ;
#5502 = EDGE_CURVE ( 'NONE', #5047, #2237, #4274, .T. ) ;
#5503 = DIRECTION ( 'NONE',  ( 0.000000000000000000, 0.000000000000000000, -1.000000000000000000 ) ) ;
#5504 = CARTESIAN_POINT ( 'NONE',  ( 5.500000000000000888, -4.500000000000009770, 0.000000000000000000 ) ) ;
#5505 = CARTESIAN_POINT ( 'NONE',  ( 13.95000000000000462, -1.035533905932757293, -2.500000000000010214 ) ) ;
#5506 = CARTESIAN_POINT ( 'NONE',  ( 7.600000000000005862, 1.400343491548885710, 1.400343491548899477 ) ) ;
#5507 = CARTESIAN_POINT ( 'NONE',  ( 7.800000000000004263, 1.767766952966361771, -1.767766952966376204 ) ) ;
#5508 = CARTESIAN_POINT ( 'NONE',  ( 10.30000000000000782, -1.980384757729360956, 2.425271854633451269E-16 ) ) ;
#5509 =( BOUNDED_CURVE ( )  B_SPLINE_CURVE ( 2, ( #3016, #5163, #4620, #3491, #2188, #7158, #1767, #4577, #4410 ),
 .UNSPECIFIED., .F., .F. ) 
 B_SPLINE_CURVE_WITH_KNOTS ( ( 3, 2, 2, 2, 3 ),
 ( 0.2613636363636363535, 0.2670454545454545303, 0.2727272727272727071, 0.2784090909090908839, 0.2840909090909091161 ),
 .UNSPECIFIED. ) 
 CURVE ( )  GEOMETRIC_REPRESENTATION_ITEM ( )  RATIONAL_B_SPLINE_CURVE ( ( 1.000000000000000000, 0.9238795325112867385, 1.000000000000000000, 0.9238795325112867385, 1.000000000000000000, 0.9238795325112867385, 1.000000000000000000, 0.9238795325112867385, 1.000000000000000000 ) ) 
 REPRESENTATION_ITEM ( '' )  );
#5510 = DIRECTION ( 'NONE',  ( -0.000000000000000000, 0.000000000000000000, -1.000000000000000000 ) ) ;
#5511 = EDGE_CURVE ( 'NONE', #6752, #4739, #3108, .T. ) ;
#5512 = ORIENTED_EDGE ( 'NONE', *, *, #1362, .T. ) ;
#5513 = CARTESIAN_POINT ( 'NONE',  ( 5.650000000000002132, 0.8203022253684382203, -1.980384757729346745 ) ) ;
#5514 = CARTESIAN_POINT ( 'NONE',  ( 4.100000000000004974, -1.424157858600947694E-14, -1.980384757729347189 ) ) ;
#5515 = CARTESIAN_POINT ( 'NONE',  ( 16.60000000000000853, -1.400343491548913244, 1.400343491548899477 ) ) ;
#5516 = CIRCLE ( 'NONE', #179, 1.248967091382551020 ) ;
#5517 = CARTESIAN_POINT ( 'NONE',  ( 7.900000000000002132, -1.400343491548913688, -1.400343491548899255 ) ) ;
#5518 = ORIENTED_EDGE ( 'NONE', *, *, #3343, .F. ) ;
#5519 = CARTESIAN_POINT ( 'NONE',  ( -6.635278514588858201, 2.239485897033077154E-15, -7.469496021220159321 ) ) ;
#5520 = ORIENTED_EDGE ( 'NONE', *, *, #2840, .T. ) ;
#5521 = EDGE_LOOP ( 'NONE', ( #203, #3551, #1705, #2729 ) ) ;
#5522 = CARTESIAN_POINT ( 'NONE',  ( 16.35000000000000497, 0.8203022253684378873, 1.980384757729346967 ) ) ;
#5523 = CARTESIAN_POINT ( 'NONE',  ( 0.9444153746003842720, -4.500000000000007994, 0.000000000000000000 ) ) ;
#5524 =( BOUNDED_CURVE ( )  B_SPLINE_CURVE ( 2, ( #1122, #4299, #3348, #3857, #4914, #5964, #4840, #1085, #480 ),
 .UNSPECIFIED., .F., .F. ) 
 B_SPLINE_CURVE_WITH_KNOTS ( ( 3, 2, 2, 2, 3 ),
 ( 0.6704545454545454142, 0.6761363636363636465, 0.6818181818181817677, 0.6875000000000000000, 0.6931818181818182323 ),
 .UNSPECIFIED. ) 
 CURVE ( )  GEOMETRIC_REPRESENTATION_ITEM ( )  RATIONAL_B_SPLINE_CURVE ( ( 1.000000000000000000, 0.9238795325112867385, 1.000000000000000000, 0.9238795325112867385, 1.000000000000000000, 0.9238795325112867385, 1.000000000000000000, 0.9238795325112867385, 1.000000000000000000 ) ) 
 REPRESENTATION_ITEM ( '' )  );
#5525 = CARTESIAN_POINT ( 'NONE',  ( 12.00000000000000711, -1.400343491548913688, -1.400343491548899255 ) ) ;
#5526 = DIRECTION ( 'NONE',  ( 1.000000000000000000, -2.168404344971008868E-16, 0.000000000000000000 ) ) ;
#5527 = CARTESIAN_POINT ( 'NONE',  ( 6.925000000000003375, 1.053469879313086111, -2.543301270189232355 ) ) ;
#5528 = AXIS2_PLACEMENT_3D ( 'NONE', #3056, #6334, #2419 ) ;
#5529 = ORIENTED_EDGE ( 'NONE', *, *, #4804, .F. ) ;
#5530 = CARTESIAN_POINT ( 'NONE',  ( 7.650000000000002132, -1.035533905932757293, -2.500000000000010214 ) ) ;
#5531 = CARTESIAN_POINT ( 'NONE',  ( 4.550000000000004263, 2.499999999999996003, -1.035533905932743526 ) ) ;
#5532 = COORDINATED_UNIVERSAL_TIME_OFFSET ( 6, 0, .BEHIND. ) ;
#5533 = ORIENTED_EDGE ( 'NONE', *, *, #3399, .F. ) ;
#5534 = EDGE_CURVE ( 'NONE', #1789, #2555, #3296, .T. ) ;
#5535 = AXIS2_PLACEMENT_3D ( 'NONE', #5942, #5333, #3732 ) ;
#5536 = DIRECTION ( 'NONE',  ( 1.000000000000000000, -2.168404344971008868E-16, 0.000000000000000000 ) ) ;
#5537 = AXIS2_PLACEMENT_3D ( 'NONE', #696, #3541, #236 ) ;
#5538 = CARTESIAN_POINT ( 'NONE',  ( 0.4541856782555916405, -4.500000000000005329, 3.162277660168404836 ) ) ;
#5539 = CARTESIAN_POINT ( 'NONE',  ( 17.87500000000000711, -2.543301270189246122, 3.114645759804640776E-16 ) ) ;
#5540 = CARTESIAN_POINT ( 'NONE',  ( 16.50000000000000355, -1.433703035749471672E-14, -2.500000000000010214 ) ) ;
#5541 = ORIENTED_EDGE ( 'NONE', *, *, #5420, .T. ) ;
#5542 = CARTESIAN_POINT ( 'NONE',  ( 6.075000000000005507, 1.053469879313086111, -2.543301270189232355 ) ) ;
#5543 = CARTESIAN_POINT ( 'NONE',  ( 18.37500000000000711, 1.053469879313085666, 2.543301270189232799 ) ) ;
#5544 = CARTESIAN_POINT ( 'NONE',  ( 16.35000000000000497, -1.035533905932757293, -2.500000000000010214 ) ) ;
#5545 = CARTESIAN_POINT ( 'NONE',  ( 5.800000000000004263, -2.500000000000023981, 3.061616997868394974E-16 ) ) ;
#5546 = AXIS2_PLACEMENT_3D ( 'NONE', #4909, #7142, #6065 ) ;
#5547 = CARTESIAN_POINT ( 'NONE',  ( 16.58644912023772378, -1.985162594597669639, 0.1653270376715083034 ) ) ;
#5548 = CARTESIAN_POINT ( 'NONE',  ( 5.900000000000005684, 1.980384757729333201, -4.850543709266902538E-16 ) ) ;
#5549 = EDGE_CURVE ( 'NONE', #5990, #1760, #3342, .T. ) ;
#5550 = CARTESIAN_POINT ( 'NONE',  ( 13.00000000000000711, 1.400343491548885266, -1.400343491548899699 ) ) ;
#5551 = CIRCLE ( 'NONE', #3347, 0.1796875000000001665 ) ;
#5552 = FACE_OUTER_BOUND ( 'NONE', #1688, .T. ) ;
#5553 = VERTEX_POINT ( 'NONE', #794 ) ;
#5554 = CARTESIAN_POINT ( 'NONE',  ( 4.100000000000003197, 1.400343491548885266, -1.400343491548899699 ) ) ;
#5555 = CARTESIAN_POINT ( 'NONE',  ( 3.450000000000005063, 1.980384757729332978, -0.8203022253684528753 ) ) ;
#5556 = CARTESIAN_POINT ( 'NONE',  ( 16.85000000000000853, -0.8203022253684666421, -1.980384757729346745 ) ) ;
#5557 = CARTESIAN_POINT ( 'NONE',  ( 4.550000000000001599, -1.980384757729360956, 0.8203022253684520981 ) ) ;
#5558 = ORIENTED_EDGE ( 'NONE', *, *, #6809, .F. ) ;
#5559 = CYLINDRICAL_SURFACE ( 'NONE', #5784, 2.500000000000010214 ) ;
#5560 = ADVANCED_FACE ( 'NONE', ( #224 ), #1847, .F. ) ;
#5561 =( BOUNDED_CURVE ( )  B_SPLINE_CURVE ( 2, ( #5356, #375, #3722, #5320, #6400, #3172, #5859, #950, #2665 ),
 .UNSPECIFIED., .F., .T. ) 
 B_SPLINE_CURVE_WITH_KNOTS ( ( 3, 2, 2, 2, 3 ),
 ( 0.5227272727272727071, 0.5284090909090909394, 0.5340909090909091717, 0.5397727272727272929, 0.5454545454545454142 ),
 .UNSPECIFIED. ) 
 CURVE ( )  GEOMETRIC_REPRESENTATION_ITEM ( )  RATIONAL_B_SPLINE_CURVE ( ( 1.000000000000000000, 0.9238795325112867385, 1.000000000000000000, 0.9238795325112867385, 1.000000000000000000, 0.9238795325112867385, 1.000000000000000000, 0.9238795325112867385, 1.000000000000000000 ) ) 
 REPRESENTATION_ITEM ( '' )  );
#5562 = VERTEX_POINT ( 'NONE', #2441 ) ;
#5563 = EDGE_LOOP ( 'NONE', ( #6425, #2562 ) ) ;
#5564 = CARTESIAN_POINT ( 'NONE',  ( 15.25000000000000355, 0.8203022253684382203, -1.980384757729346745 ) ) ;
#5565 = CARTESIAN_POINT ( 'NONE',  ( 12.75000000000000355, -0.8203022253684666421, -1.980384757729346745 ) ) ;
#5566 = CARTESIAN_POINT ( 'NONE',  ( 13.00000000000000355, 1.980384757729333201, -4.850543709266902538E-16 ) ) ;
#5567 = CARTESIAN_POINT ( 'NONE',  ( 6.625000000000003553, -2.543301270189245677, 1.053469879313099655 ) ) ;
#5568 = ORIENTED_EDGE ( 'NONE', *, *, #3913, .F. ) ;
#5569 = CARTESIAN_POINT ( 'NONE',  ( 5.892272146703394498, -2.498731966241789948, -0.09019980864337893978 ) ) ;
#5570 = TOROIDAL_SURFACE ( 'NONE', #1965, 8.548000000000014253, 3.048000000000000043 ) ;
#5571 = DIRECTION ( 'NONE',  ( 1.000000000000000000, -0.000000000000000000, -0.000000000000000000 ) ) ;
#5572 = B_SPLINE_CURVE_WITH_KNOTS ( 'NONE', 3,
 ( #3622, #1386, #3543, #881 ),
 .UNSPECIFIED., .F., .F.,
 ( 4, 4 ),
 ( 6.406421836195168030E-07, 0.001091758176175935133 ),
 .UNSPECIFIED. ) ;
#5573 =( BOUNDED_CURVE ( )  B_SPLINE_CURVE ( 2, ( #6467, #5896, #412, #376, #1454, #1420, #3654, #877, #271 ),
 .UNSPECIFIED., .F., .F. ) 
 B_SPLINE_CURVE_WITH_KNOTS ( ( 3, 2, 2, 2, 3 ),
 ( 0.1931818181818181768, 0.1988636363636363535, 0.2045454545454545581, 0.2102272727272727348, 0.2159090909090909116 ),
 .UNSPECIFIED. ) 
 CURVE ( )  GEOMETRIC_REPRESENTATION_ITEM ( )  RATIONAL_B_SPLINE_CURVE ( ( 1.000000000000000000, 0.9238795325112867385, 1.000000000000000000, 0.9238795325112867385, 1.000000000000000000, 0.9238795325112867385, 1.000000000000000000, 0.9238795325112867385, 1.000000000000000000 ) ) 
 REPRESENTATION_ITEM ( '' )  );
#5574 = CYLINDRICAL_SURFACE ( 'NONE', #1424, 2.500000000000008438 ) ;
#5575 = CARTESIAN_POINT ( 'NONE',  ( 18.22500000000000142, 2.543301270189217700, -1.053469879313101210 ) ) ;
#5576 = CARTESIAN_POINT ( 'NONE',  ( 16.55000000000000782, -0.8203022253684655318, 1.980384757729346967 ) ) ;
#5577 = EDGE_LOOP ( 'NONE', ( #3350, #1181, #3503, #7076 ) ) ;
#5578 = CARTESIAN_POINT ( 'NONE',  ( 6.175000000000005151, 2.543301270189217700, -1.053469879313101210 ) ) ;
#5579 = CARTESIAN_POINT ( 'NONE',  ( 17.17500000000000782, -1.053469879313114754, -2.543301270189232355 ) ) ;
#5580 = CARTESIAN_POINT ( 'NONE',  ( 17.50000000000000000, -1.194030629168669588E-14, 0.000000000000000000 ) ) ;
#5581 = CARTESIAN_POINT ( 'NONE',  ( 16.79630700960571232, 1.796088426121351889, -1.272552295711533832 ) ) ;
#5582 = CARTESIAN_POINT ( 'NONE',  ( 15.70000000000000639, -1.433703035749471672E-14, -2.500000000000010214 ) ) ;
#5583 = CARTESIAN_POINT ( 'NONE',  ( 3.750000000000004885, -0.8203022253684655318, 1.980384757729346967 ) ) ;
#5584 = CARTESIAN_POINT ( 'NONE',  ( 11.65000000000000746, 0.8203022253684378873, 1.980384757729346967 ) ) ;
#5585 = CARTESIAN_POINT ( 'NONE',  ( -9.500000000000000000, -3.857637417314162689E-15, 0.000000000000000000 ) ) ;
#5586 = ORIENTED_EDGE ( 'NONE', *, *, #4565, .F. ) ;
#5587 = CARTESIAN_POINT ( 'NONE',  ( 3.800000000000002931, -1.980384757729360956, 2.425271854633451269E-16 ) ) ;
#5588 = CARTESIAN_POINT ( 'NONE',  ( 3.650000000000006128, 0.8203022253684378873, 1.980384757729347189 ) ) ;
#5589 = CARTESIAN_POINT ( 'NONE',  ( 12.85000000000000497, -0.8203022253684666421, -1.980384757729346745 ) ) ;
#5590 = CARTESIAN_POINT ( 'NONE',  ( 5.000000000000002665, 1.980384757729333201, -4.850543709266902538E-16 ) ) ;
#5591 = VERTEX_POINT ( 'NONE', #4658 ) ;
#5592 = DIRECTION ( 'NONE',  ( 1.000000000000000000, -2.168404344971008868E-16, 0.000000000000000000 ) ) ;
#5593 = ORIENTED_EDGE ( 'NONE', *, *, #5328, .F. ) ;
#5594 = ORIENTED_EDGE ( 'NONE', *, *, #6211, .T. ) ;
#5595 = CARTESIAN_POINT ( 'NONE',  ( 12.30000000000000249, 1.400343491548885710, 1.400343491548899477 ) ) ;
#5596 = ADVANCED_FACE ( 'NONE', ( #6284 ), #6859, .F. ) ;
#5597 = CARTESIAN_POINT ( 'NONE',  ( 13.30000000000000249, -1.400343491548913244, 1.400343491548899477 ) ) ;
#5598 = CARTESIAN_POINT ( 'NONE',  ( 10.90000000000000568, -1.433703035749471672E-14, -2.500000000000010214 ) ) ;
#5599 = CARTESIAN_POINT ( 'NONE',  ( 12.35000000000000142, 0.8203022253684378873, 1.980384757729347189 ) ) ;
#5600 = CARTESIAN_POINT ( 'NONE',  ( 9.375000000000005329, 1.798385574751151461, -1.798385574751166116 ) ) ;
#5601 = ORIENTED_EDGE ( 'NONE', *, *, #7143, .F. ) ;
#5602 = CARTESIAN_POINT ( 'NONE',  ( 5.856942336472690691, -2.398331836221473612, -1.137202069711292118 ) ) ;
#5603 = CARTESIAN_POINT ( 'NONE',  ( 4.950000000000003730, 1.980384757729332534, -0.8203022253684530973 ) ) ;
#5604 = CARTESIAN_POINT ( 'NONE',  ( -4.080004524037908809, 2.326284419483521493, 6.059103406234441103 ) ) ;
#5605 = CARTESIAN_POINT ( 'NONE',  ( 13.65000000000000568, 1.035533905932727983, 2.500000000000010214 ) ) ;
#5606 = CARTESIAN_POINT ( 'NONE',  ( 16.97500000000000497, -1.798385574751179439, 1.798385574751165894 ) ) ;
#5607 = CARTESIAN_POINT ( 'NONE',  ( 9.350000000000004974, 2.499999999999996003, -1.035533905932743526 ) ) ;
#5608 = ORIENTED_EDGE ( 'NONE', *, *, #5723, .F. ) ;
#5609 = CARTESIAN_POINT ( 'NONE',  ( 7.625000000000005329, -1.434498467178515336E-14, -2.543301270189231911 ) ) ;
#5610 = CARTESIAN_POINT ( 'NONE',  ( 16.57500000000000639, 2.543301270189217700, -1.053469879313101210 ) ) ;
#5611 = CARTESIAN_POINT ( 'NONE',  ( -6.635278514588858201, -4.738770137471187632E-17, 7.469496021220159321 ) ) ;
#5612 = CARTESIAN_POINT ( 'NONE',  ( -3.168941996245829618, -2.507160103490521319, 5.607541721470797214 ) ) ;
#5613 = CARTESIAN_POINT ( 'NONE',  ( 16.86019508458605642, 2.230339614469843745, 0.3943965551167842309 ) ) ;
#5614 = CARTESIAN_POINT ( 'NONE',  ( 16.63996785956468116, -1.726707054300772315, -1.125386490515735582 ) ) ;
#5615 = CARTESIAN_POINT ( 'NONE',  ( 4.400000000000006573, 1.400343491548885710, 1.400343491548899477 ) ) ;
#5616 = CARTESIAN_POINT ( 'NONE',  ( 9.100000000000004974, 1.980384757729333201, -4.850543709266902538E-16 ) ) ;
#5617 = ORIENTED_EDGE ( 'NONE', *, *, #2297, .T. ) ;
#5618 = CARTESIAN_POINT ( 'NONE',  ( 2.000000000000001776, -1.375652421508278441E-14, 1.980384757729347189 ) ) ;
#5619 = EDGE_CURVE ( 'NONE', #1055, #5319, #6320, .T. ) ;
#5620 = CARTESIAN_POINT ( 'NONE',  ( 3.850000000000006306, -1.980384757729360956, 0.8203022253684520981 ) ) ;
#5621 = CARTESIAN_POINT ( 'NONE',  ( 15.20000000000000462, -1.400343491548913688, -1.400343491548899255 ) ) ;
#5622 = CARTESIAN_POINT ( 'NONE',  ( 3.550000000000002931, 0.8203022253684378873, 1.980384757729347189 ) ) ;
#5623 = EDGE_LOOP ( 'NONE', ( #6666, #4940, #4701, #2462 ) ) ;
#5624 = FACE_BOUND ( 'NONE', #735, .T. ) ;
#5625 = CARTESIAN_POINT ( 'NONE',  ( 12.72500000000000320, 1.798385574751152127, 1.798385574751165894 ) ) ;
#5626 = ORIENTED_EDGE ( 'NONE', *, *, #2694, .T. ) ;
#5627 = CARTESIAN_POINT ( 'NONE',  ( 11.95000000000000284, -0.8203022253684666421, -1.980384757729346745 ) ) ;
#5628 = CARTESIAN_POINT ( 'NONE',  ( 11.45000000000000107, 1.980384757729333201, 0.8203022253684517651 ) ) ;
#5629 = DIRECTION ( 'NONE',  ( 0.000000000000000000, 0.000000000000000000, -1.000000000000000000 ) ) ;
#5630 = CARTESIAN_POINT ( 'NONE',  ( 13.85000000000000320, 1.980384757729333201, 0.8203022253684517651 ) ) ;
#5631 = CARTESIAN_POINT ( 'NONE',  ( 5.725000000000004086, -1.053469879313113200, 2.543301270189232799 ) ) ;
#5632 = EDGE_CURVE ( 'NONE', #2008, #5853, #5509, .T. ) ;
#5633 = CARTESIAN_POINT ( 'NONE',  ( 17.50000000000000000, -1.163414459189985801E-14, 2.500000000000008438 ) ) ;
#5634 = CARTESIAN_POINT ( 'NONE',  ( 4.500000000000002665, -1.400343491548913244, 1.400343491548899477 ) ) ;
#5635 = CARTESIAN_POINT ( 'NONE',  ( 10.40000000000000213, -1.372470695792103782E-14, 2.500000000000010214 ) ) ;
#5636 = CARTESIAN_POINT ( 'NONE',  ( 9.600000000000004974, 1.767766952966362215, 1.767766952966375982 ) ) ;
#5637 = VECTOR ( 'NONE', #2906, 1000.000000000000000 ) ;
#5638 = CARTESIAN_POINT ( 'NONE',  ( 15.37500000000000355, -1.798385574751179439, 1.798385574751165894 ) ) ;
#5639 = CARTESIAN_POINT ( 'NONE',  ( 3.350000000000003642, -1.035533905932755516, 2.500000000000010214 ) ) ;
#5640 = EDGE_CURVE ( 'NONE', #5019, #5466, #2991, .T. ) ;
#5641 = ORIENTED_EDGE ( 'NONE', *, *, #6023, .F. ) ;
#5642 = CARTESIAN_POINT ( 'NONE',  ( 5.825000000000003730, -2.543301270189246122, 3.114645759804640776E-16 ) ) ;
#5643 = CARTESIAN_POINT ( 'NONE',  ( 15.72500000000000675, 1.798385574751151461, -1.798385574751166116 ) ) ;
#5644 = CONICAL_SURFACE ( 'NONE', #4955, 8.560229366187487088, 0.7853981633974479459 ) ;
#5645 = LINE ( 'NONE', #1859, #1349 ) ;
#5646 = CARTESIAN_POINT ( 'NONE',  ( 13.00000000000000533, -2.500000000000023981, 3.061616997868394974E-16 ) ) ;
#5647 = CARTESIAN_POINT ( 'NONE',  ( 16.82917700613859324, 2.181248031415071065, -0.4824961487485255884 ) ) ;
#5648 = CARTESIAN_POINT ( 'NONE',  ( 16.62770118016700849, -1.862540391599331491, -0.8539139261093756650 ) ) ;
#5649 = CARTESIAN_POINT ( 'NONE',  ( 4.650000000000005684, -1.980384757729360956, 0.8203022253684520981 ) ) ;
#5650 = AXIS2_PLACEMENT_3D ( 'NONE', #4717, #5224, #6308 ) ;
#5651 = CARTESIAN_POINT ( 'NONE',  ( 9.200000000000004619, 1.400343491548885710, 1.400343491548899477 ) ) ;
#5652 = CARTESIAN_POINT ( 'NONE',  ( 2.500000000000003553, -1.372470695792103782E-14, 2.500000000000010214 ) ) ;
#5653 = ORIENTED_EDGE ( 'NONE', *, *, #6499, .T. ) ;
#5654 = CIRCLE ( 'NONE', #2527, 2.859374999999997335 ) ;
#5655 = CARTESIAN_POINT ( 'NONE',  ( 1.650000000000002576, 0.8203022253684382203, -1.980384757729346745 ) ) ;
#5656 = CARTESIAN_POINT ( 'NONE',  ( 3.800000000000004707, -1.400343491548913244, 1.400343491548899477 ) ) ;
#5657 = CARTESIAN_POINT ( 'NONE',  ( 14.55000000000000604, 0.8203022253684382203, -1.980384757729346745 ) ) ;
#5658 = CARTESIAN_POINT ( 'NONE',  ( 2.950000000000003286, -1.980384757729360956, 0.8203022253684520981 ) ) ;
#5659 = ORIENTED_EDGE ( 'NONE', *, *, #3093, .F. ) ;
#5660 = CARTESIAN_POINT ( 'NONE',  ( -1.822923733607950236, 3.498967091382532146, 9.401706876447135012E-16 ) ) ;
#5661 = AXIS2_PLACEMENT_3D ( 'NONE', #6414, #321, #2052 ) ;
#5662 = CARTESIAN_POINT ( 'NONE',  ( 12.37500000000000711, -1.053469879313114754, -2.543301270189232355 ) ) ;
#5663 = VERTEX_POINT ( 'NONE', #3999 ) ;
#5664 = CARTESIAN_POINT ( 'NONE',  ( 13.70000000000000462, 1.400343491548885266, -1.400343491548899699 ) ) ;
#5665 = CARTESIAN_POINT ( 'NONE',  ( 12.40000000000000391, -1.375652421508278441E-14, 1.980384757729347189 ) ) ;
#5666 = CARTESIAN_POINT ( 'NONE',  ( 10.00000000000000533, -1.433703035749471672E-14, -2.500000000000010214 ) ) ;
#5667 = CARTESIAN_POINT ( 'NONE',  ( 12.90000000000000391, 1.400343491548885266, -1.400343491548899699 ) ) ;
#5668 = CARTESIAN_POINT ( 'NONE',  ( 11.60000000000000675, -1.767766952966390193, -1.767766952966375760 ) ) ;
#5669 = CARTESIAN_POINT ( 'NONE',  ( 4.525000000000003020, 1.053469879313086111, -2.543301270189232355 ) ) ;
#5670 = CARTESIAN_POINT ( 'NONE',  ( 13.70000000000000639, -1.372470695792103782E-14, 2.500000000000010214 ) ) ;
#5671 = CARTESIAN_POINT ( 'NONE',  ( 6.550000000000001599, 1.980384757729332534, -0.8203022253684530973 ) ) ;
#5672 = CARTESIAN_POINT ( 'NONE',  ( 4.900000000000003020, -1.767766952966389749, 1.767766952966375982 ) ) ;
#5673 = DIRECTION ( 'NONE',  ( 2.168404344971008868E-16, 1.000000000000000000, -0.000000000000000000 ) ) ;
#5674 = CARTESIAN_POINT ( 'NONE',  ( 13.62500000000000888, 1.053469879313085666, 2.543301270189232799 ) ) ;
#5675 = CARTESIAN_POINT ( 'NONE',  ( 6.850000000000004086, -1.035533905932757293, -2.500000000000010214 ) ) ;
#5676 = AXIS2_PLACEMENT_3D ( 'NONE', #7012, #5795, #4705 ) ;
#5677 = ORIENTED_EDGE ( 'NONE', *, *, #3093, .T. ) ;
#5678 = CARTESIAN_POINT ( 'NONE',  ( 5.175000000000003375, -1.053469879313114754, -2.543301270189232355 ) ) ;
#5679 = CARTESIAN_POINT ( 'NONE',  ( 15.37500000000000711, -2.543301270189245677, 1.053469879313099655 ) ) ;
#5680 = CARTESIAN_POINT ( 'NONE',  ( 2.100000000000004086, -1.433703035749471672E-14, -2.500000000000010214 ) ) ;
#5681 = CARTESIAN_POINT ( 'NONE',  ( 2.700000000000005507, -1.767766952966390193, -1.767766952966375760 ) ) ;
#5682 = EDGE_CURVE ( 'NONE', #2276, #5792, #1439, .T. ) ;
#5683 = CARTESIAN_POINT ( 'NONE',  ( 1.317269702250000174, -1.476527451627657639, -1.792102082898411330 ) ) ;
#5684 = DIRECTION ( 'NONE',  ( 2.168404344971008868E-16, 1.000000000000000000, -0.000000000000000000 ) ) ;
#5685 = CARTESIAN_POINT ( 'NONE',  ( 5.850000000000005862, 1.980384757729332534, -0.8203022253684530973 ) ) ;
#5686 = ORIENTED_EDGE ( 'NONE', *, *, #6545, .F. ) ;
#5687 = CARTESIAN_POINT ( 'NONE',  ( 7.300000000000004263, -1.767766952966389749, 1.767766952966375982 ) ) ;
#5688 = CARTESIAN_POINT ( 'NONE',  ( 7.250000000000006217, -0.8203022253684666421, -1.980384757729346745 ) ) ;
#5689 = CARTESIAN_POINT ( 'NONE',  ( 2.750000000000003109, -2.500000000000024425, -1.035533905932741749 ) ) ;
#5690 = VERTEX_POINT ( 'NONE', #3868 ) ;
#5691 = CARTESIAN_POINT ( 'NONE',  ( 3.400000000000002132, 1.980384757729333201, -4.850543709266902538E-16 ) ) ;
#5692 = CARTESIAN_POINT ( 'NONE',  ( 5.602841259554264930, 2.467792535850624525, -0.3999999999999186429 ) ) ;
#5693 = CARTESIAN_POINT ( 'NONE',  ( 15.30000000000000604, -1.424157858600947694E-14, -1.980384757729347189 ) ) ;
#5694 = AXIS2_PLACEMENT_3D ( 'NONE', #1557, #3785, #5999 ) ;
#5695 = CARTESIAN_POINT ( 'NONE',  ( 2.550000000000001599, 1.980384757729332978, -0.8203022253684528753 ) ) ;
#5696 = VERTEX_POINT ( 'NONE', #4997 ) ;
#5697 = FACE_OUTER_BOUND ( 'NONE', #6269, .T. ) ;
#5698 = CARTESIAN_POINT ( 'NONE',  ( 12.82500000000000462, -1.372205551982422560E-14, 2.543301270189231911 ) ) ;
#5699 = ORIENTED_EDGE ( 'NONE', *, *, #2042, .T. ) ;
#5700 = CARTESIAN_POINT ( 'NONE',  ( 12.35000000000000142, 0.8203022253684378873, 1.980384757729346967 ) ) ;
#5701 = CARTESIAN_POINT ( 'NONE',  ( 11.70000000000000284, -1.400343491548913244, 1.400343491548899477 ) ) ;
#5702 = CARTESIAN_POINT ( 'NONE',  ( 11.00000000000000533, 1.767766952966361771, -1.767766952966376204 ) ) ;
#5703 = CARTESIAN_POINT ( 'NONE',  ( 14.40000000000000391, -1.424157858600947694E-14, -1.980384757729347189 ) ) ;
#5704 = CARTESIAN_POINT ( 'NONE',  ( -14.55614570349787407, 2.695312499999992450, 0.000000000000000000 ) ) ;
#5705 = CARTESIAN_POINT ( 'NONE',  ( 4.225000000000003197, -2.543301270189245677, 1.053469879313099655 ) ) ;
#5706 = CARTESIAN_POINT ( 'NONE',  ( -9.500000000000000000, 2.874999999999991118, 0.000000000000000000 ) ) ;
#5707 = EDGE_LOOP ( 'NONE', ( #810, #3914 ) ) ;
#5708 = CARTESIAN_POINT ( 'NONE',  ( 6.050000000000003375, -0.8203022253684655318, 1.980384757729346967 ) ) ;
#5709 = DIRECTION ( 'NONE',  ( 0.000000000000000000, 0.000000000000000000, -1.000000000000000000 ) ) ;
#5710 = FACE_OUTER_BOUND ( 'NONE', #3261, .T. ) ;
#5711 = EDGE_CURVE ( 'NONE', #556, #6717, #2135, .T. ) ;
#5712 = CARTESIAN_POINT ( 'NONE',  ( 14.42500000000000249, 1.053469879313085666, 2.543301270189232799 ) ) ;
#5713 = CARTESIAN_POINT ( 'NONE',  ( 17.50000000000000000, 4.499999999999990230, 0.000000000000000000 ) ) ;
#5714 = VERTEX_POINT ( 'NONE', #5381 ) ;
#5715 = CARTESIAN_POINT ( 'NONE',  ( 2.725000000000004974, -1.798385574751180105, -1.798385574751165450 ) ) ;
#5716 = DIRECTION ( 'NONE',  ( -1.224646799147353207E-16, 2.655529440325959183E-32, 1.000000000000000000 ) ) ;
#5717 = CARTESIAN_POINT ( 'NONE',  ( 8.250000000000003553, -2.500000000000023981, 1.035533905932742194 ) ) ;
#5718 = LINE ( 'NONE', #2264, #4500 ) ;
#5719 = CARTESIAN_POINT ( 'NONE',  ( -11.99999999999999645, 3.999999999999997335, 0.000000000000000000 ) ) ;
#5720 = DIRECTION ( 'NONE',  ( 0.000000000000000000, 1.000000000000000000, 0.000000000000000000 ) ) ;
#5721 = ORIENTED_EDGE ( 'NONE', *, *, #125, .T. ) ;
#5722 = CARTESIAN_POINT ( 'NONE',  ( 7.550000000000005151, -1.035533905932757293, -2.500000000000010214 ) ) ;
#5723 = EDGE_CURVE ( 'NONE', #1830, #2458, #653, .T. ) ;
#5724 = CARTESIAN_POINT ( 'NONE',  ( 9.250000000000007105, 0.8203022253684378873, 1.980384757729346967 ) ) ;
#5725 = FACE_OUTER_BOUND ( 'NONE', #7084, .T. ) ;
#5726 = AXIS2_PLACEMENT_3D ( 'NONE', #725, #4995, #5061 ) ;
#5727 = ORIENTED_EDGE ( 'NONE', *, *, #1615, .F. ) ;
#5728 = FACE_OUTER_BOUND ( 'NONE', #6362, .T. ) ;
#5729 = CARTESIAN_POINT ( 'NONE',  ( -9.500000000000000000, 2.695312499999993339, 0.000000000000000000 ) ) ;
#5730 = CARTESIAN_POINT ( 'NONE',  ( 13.60000000000000675, -1.400343491548913688, -1.400343491548899255 ) ) ;
#5731 = CARTESIAN_POINT ( 'NONE',  ( 1.600000000000004086, -1.424157858600947694E-14, -1.980384757729347189 ) ) ;
#5732 = ORIENTED_EDGE ( 'NONE', *, *, #3026, .T. ) ;
#5733 = DIRECTION ( 'NONE',  ( 1.000000000000000000, -0.000000000000000000, -0.000000000000000000 ) ) ;
#5734 = ADVANCED_FACE ( 'NONE', ( #5921, #3054 ), #5270, .T. ) ;
#5735 = CARTESIAN_POINT ( 'NONE',  ( 13.32500000000000462, 1.798385574751151461, -1.798385574751166116 ) ) ;
#5736 = ORIENTED_EDGE ( 'NONE', *, *, #2706, .T. ) ;
#5737 = CARTESIAN_POINT ( 'NONE',  ( 14.40000000000000391, -1.424157858600947694E-14, -1.980384757729347189 ) ) ;
#5738 = CARTESIAN_POINT ( 'NONE',  ( 8.500000000000001776, -1.400343491548913244, 1.400343491548899477 ) ) ;
#5739 = CARTESIAN_POINT ( 'NONE',  ( 9.450000000000004619, -1.980384757729360956, 0.8203022253684520981 ) ) ;
#5740 = DIRECTION ( 'NONE',  ( 2.168404344971008868E-16, 1.000000000000000000, -0.000000000000000000 ) ) ;
#5741 = CARTESIAN_POINT ( 'NONE',  ( 9.150000000000005684, 0.8203022253684378873, 1.980384757729347189 ) ) ;
#5742 = CARTESIAN_POINT ( 'NONE',  ( 2.350000000000005418, 1.035533905932727983, 2.500000000000010214 ) ) ;
#5743 = CARTESIAN_POINT ( 'NONE',  ( 4.425000000000003375, -1.053469879313114754, -2.543301270189232355 ) ) ;
#5744 = CARTESIAN_POINT ( 'NONE',  ( 17.50000000000000000, -1.163414459189985801E-14, 2.500000000000008438 ) ) ;
#5745 = ORIENTED_EDGE ( 'NONE', *, *, #6262, .T. ) ;
#5746 = CARTESIAN_POINT ( 'NONE',  ( 5.050000000000001599, 1.980384757729333201, 0.8203022253684517651 ) ) ;
#5747 =( BOUNDED_CURVE ( )  B_SPLINE_CURVE ( 2, ( #6015, #2642, #3255, #892, #5978 ),
 .UNSPECIFIED., .F., .F. ) 
 B_SPLINE_CURVE_WITH_KNOTS ( ( 3, 2, 3 ),
 ( 0.03409090909090906063, 0.03977272727272729291, 0.04545454545454541417 ),
 .UNSPECIFIED. ) 
 CURVE ( )  GEOMETRIC_REPRESENTATION_ITEM ( )  RATIONAL_B_SPLINE_CURVE ( ( 1.000000000000000000, 0.9238795325112867385, 1.000000000000000000, 0.9238795325112867385, 1.000000000000000000 ) ) 
 REPRESENTATION_ITEM ( '' )  );
#5748 = DIRECTION ( 'NONE',  ( 1.000000000000000000, -0.000000000000000000, -0.000000000000000000 ) ) ;
#5749 = CARTESIAN_POINT ( 'NONE',  ( 16.45000000000000639, 0.8203022253684378873, 1.980384757729347189 ) ) ;
#5750 = CARTESIAN_POINT ( 'NONE',  ( 13.27500000000000391, -1.434498467178515336E-14, -2.543301270189231911 ) ) ;
#5751 = AXIS2_PLACEMENT_3D ( 'NONE', #426, #2710, #5442 ) ;
#5752 = ORIENTED_EDGE ( 'NONE', *, *, #4779, .F. ) ;
#5753 = CARTESIAN_POINT ( 'NONE',  ( 4.125000000000003553, -1.798385574751179439, 1.798385574751165894 ) ) ;
#5754 = CC_DESIGN_DATE_AND_TIME_ASSIGNMENT ( #1596, #2222, ( #2952 ) ) ;
#5755 = EDGE_CURVE ( 'NONE', #3463, #6217, #6248, .T. ) ;
#5756 = CARTESIAN_POINT ( 'NONE',  ( 14.95000000000000639, 2.499999999999996003, -1.035533905932743526 ) ) ;
#5757 = CARTESIAN_POINT ( 'NONE',  ( 13.15000000000000391, -1.035533905932757293, -2.500000000000010214 ) ) ;
#5758 = CARTESIAN_POINT ( 'NONE',  ( 4.200000000000002842, -1.767766952966389749, 1.767766952966375982 ) ) ;
#5759 = CARTESIAN_POINT ( 'NONE',  ( -9.500000000000000000, -2.695312500000007550, 0.000000000000000000 ) ) ;
#5760 = CYLINDRICAL_SURFACE ( 'NONE', #3107, 2.500000000000008438 ) ;
#5761 = ORIENTED_EDGE ( 'NONE', *, *, #3699, .T. ) ;
#5762 = CARTESIAN_POINT ( 'NONE',  ( 10.70000000000000284, -2.500000000000023981, 3.061616997868394974E-16 ) ) ;
#5763 = CARTESIAN_POINT ( 'NONE',  ( 7.450000000000006395, 1.980384757729332534, -0.8203022253684530973 ) ) ;
#5764 = DIRECTION ( 'NONE',  ( 1.000000000000000000, -0.000000000000000000, -0.000000000000000000 ) ) ;
#5765 = VERTEX_POINT ( 'NONE', #3746 ) ;
#5766 = CARTESIAN_POINT ( 'NONE',  ( 1.700000000000002842, -1.372470695792103782E-14, 2.500000000000010214 ) ) ;
#5767 = CARTESIAN_POINT ( 'NONE',  ( 1.450000000000006839, -1.980384757729360956, 0.8203022253684520981 ) ) ;
#5768 = EDGE_CURVE ( 'NONE', #2410, #5900, #5889, .T. ) ;
#5769 = AXIS2_PLACEMENT_3D ( 'NONE', #6107, #550, #5526 ) ;
#5770 = CARTESIAN_POINT ( 'NONE',  ( 9.500000000000005329, -1.980384757729360956, 2.425271854633451269E-16 ) ) ;
#5771 = DIRECTION ( 'NONE',  ( -1.000000000000000000, 2.029340504766911289E-16, 0.000000000000000000 ) ) ;
#5772 = CARTESIAN_POINT ( 'NONE',  ( 16.15000000000000568, 1.980384757729332534, -0.8203022253684530973 ) ) ;
#5773 = VERTEX_POINT ( 'NONE', #905 ) ;
#5774 = AXIS2_PLACEMENT_3D ( 'NONE', #7126, #2155, #6050 ) ;
#5775 = CARTESIAN_POINT ( 'NONE',  ( 5.786193522007097911, -2.484332250734376135, 0.2794517274256634320 ) ) ;
#5776 = CARTESIAN_POINT ( 'NONE',  ( 13.47500000000000497, 2.543301270189218588, 1.053469879313099433 ) ) ;
#5777 = CARTESIAN_POINT ( 'NONE',  ( 10.70000000000000284, 1.400343491548885710, 1.400343491548899477 ) ) ;
#5778 = CARTESIAN_POINT ( 'NONE',  ( 10.95000000000000284, -1.980384757729360956, 0.8203022253684520981 ) ) ;
#5779 = CARTESIAN_POINT ( 'NONE',  ( 8.800000000000006040, -1.400343491548913688, -1.400343491548899255 ) ) ;
#5780 = EDGE_CURVE ( 'NONE', #7109, #3658, #5952, .T. ) ;
#5781 = CARTESIAN_POINT ( 'NONE',  ( 3.100000000000001865, -1.400343491548913688, -1.400343491548899255 ) ) ;
#5782 = CARTESIAN_POINT ( 'NONE',  ( 8.850000000000003197, 0.8203022253684383314, -1.980384757729346745 ) ) ;
#5783 = AXIS2_PLACEMENT_3D ( 'NONE', #1862, #5898, #6946 ) ;
#5784 = AXIS2_PLACEMENT_3D ( 'NONE', #3777, #4395, #1042 ) ;
#5785 = CARTESIAN_POINT ( 'NONE',  ( 2.300000000000004263, 1.767766952966362215, 1.767766952966375982 ) ) ;
#5786 = CARTESIAN_POINT ( 'NONE',  ( 4.575000000000004619, 1.798385574751151461, -1.798385574751166116 ) ) ;
#5787 = FACE_OUTER_BOUND ( 'NONE', #6703, .T. ) ;
#5788 = ORIENTED_EDGE ( 'NONE', *, *, #1998, .T. ) ;
#5789 = CARTESIAN_POINT ( 'NONE',  ( 18.60000000000000142, 1.980384757729333201, -4.850543709266902538E-16 ) ) ;
#5790 = PLANE ( 'NONE',  #5386 ) ;
#5791 = CARTESIAN_POINT ( 'NONE',  ( 16.07500000000000639, -1.372205551982422560E-14, 2.543301270189231911 ) ) ;
#5792 = VERTEX_POINT ( 'NONE', #2548 ) ;
#5793 = CARTESIAN_POINT ( 'NONE',  ( 2.925000000000003819, 1.798385574751151461, -1.798385574751166116 ) ) ;
#5794 = CARTESIAN_POINT ( 'NONE',  ( 17.50000000000000000, -1.163414459189985801E-14, 2.500000000000008438 ) ) ;
#5795 = DIRECTION ( 'NONE',  ( -1.224646799147353207E-16, 2.655529440325959183E-32, 1.000000000000000000 ) ) ;
#5796 = CARTESIAN_POINT ( 'NONE',  ( 10.40000000000000213, -1.372470695792103782E-14, 2.500000000000010214 ) ) ;
#5797 = CARTESIAN_POINT ( 'NONE',  ( 11.20000000000000462, -1.372470695792103782E-14, 2.500000000000010214 ) ) ;
#5798 = CARTESIAN_POINT ( 'NONE',  ( 1.900000000000005906, 1.980384757729333201, -4.850543709266902538E-16 ) ) ;
#5799 = ORIENTED_EDGE ( 'NONE', *, *, #2840, .F. ) ;
#5800 = CARTESIAN_POINT ( 'NONE',  ( 5.000000000000006217, 1.400343491548885266, -1.400343491548899699 ) ) ;
#5801 = CARTESIAN_POINT ( 'NONE',  ( 6.200000000000002842, 1.767766952966361771, -1.767766952966376204 ) ) ;
#5802 = VERTEX_POINT ( 'NONE', #6457 ) ;
#5803 = CARTESIAN_POINT ( 'NONE',  ( 15.30000000000000426, -1.372470695792103782E-14, 2.500000000000010214 ) ) ;
#5804 =( BOUNDED_CURVE ( )  B_SPLINE_CURVE ( 2, ( #2515, #2449, #4665, #5749, #762, #1894, #6940, #4122, #6325, #4699, #1340, #4227, #1927, #4770, #6899, #4157, #6360, #6971, #1379, #1966, #4194, #6397, #3649, #5855, #5314, #1999, #1553, #4401, #7080, #372, #1520, #6603, #1626, #3751, #3856, #5926, #2625, #909, #979, #5455, #2139, #4880, #2105, #7149, #5487, #2588, #479, #2032, #3781, #4260, #6497, #6532, #6565, #3134, #1589, #3820, #4839, #6463, #5352, #3236, #2068, #2691, #4913, #4806, #5994, #1014, #2179, #7006, #2725, #1048, #7112, #4298, #1485, #513, #4366, #5963, #3718, #3167, #4332, #6034, #7045, #5388, #946, #407, #3203, #5423, #3271, #446, #2660, #4946, #1084, #2764, #5525, #6074, #549, #3308, #3640, #5305, #1991, #5848, #1296, #6891, #6281, #4690, #2544, #290, #3603, #6317, #6963, #1956, #326, #4218, #2506, #4763, #6420, #862, #2394, #1919, #4077, #4113, #6929, #3673, #3088, #4185, #4148, #6349, #1441, #1370, #4616, #3527, #4726, #3126, #6387, #5882, #1405, #2976, #2436, #901, #5813, #3012, #180, #6820, #1843, #5739, #5233, #752, #257, #826, #3050, #5199, #1333, #3565, #221, #4655, #6856, #1883, #5779, #2473, #5267, #791, #1477, #5917, #2096, #969, #1039, #6554, #6454, #3193, #5413, #2578, #7138, #7105, #4796, #3263, #937, #505, #6024, #2131, #2167, #3743, #5480, #3846, #2684, #1512, #5345, #2716, #4905, #436, #3158, #397, #4324, #1545, #4289, #4357, #1580, #3773, #2652, #3811, #1074, #4936, #4391, #4869, #2615, #6591, #6524, #1616, #7070, #6997, #3709, #363, #6489, #470, #5985, #2024, #1004, #4252, #3229, #6061, #5447, #5376, #5954, #4831, #7034, #2059, #6767, #3916, #1791, #1113, #5013, #4026, #3369, #637, #4529, #6660, #6231, #6731, #5079, #2820, #5044, #1211, #59, #6628, #1685, #1718, #1753, #3299, #3986, #6196, #27, #1652, #5514, #3952, #3438, #1178, #537, #5620, #5656, #1146, #672, #5588, #6697, #2752, #6129, #5555, #2273, #4976, #4495, #2892, #6163, #2855, #7174, #2205, #3884, #96, #4426, #5115, #3404, #131, #2308, #6099, #605, #3337, #2344, #4564, #574, #2790, #2239, #4459, #1947, #3040, #5295, #6847, #4175, #1872, #317, #3595, #2426, #5839, #5259, #282, #1982, #4138, #3631, #5767, #2927, #2383, #853 ),
 .UNSPECIFIED., .F., .T. ) 
 B_SPLINE_CURVE_WITH_KNOTS ( ( 3, 2, 2, 2, 2, 2, 2, 2, 2, 2, 2, 2, 2, 2, 2, 2, 2, 2, 2, 2, 2, 2, 2, 2, 2, 2, 2, 2, 2, 2, 2, 2, 2, 2, 2, 2, 2, 2, 2, 2, 2, 2, 2, 2, 2, 2, 2, 2, 2, 2, 2, 2, 2, 2, 2, 2, 2, 2, 2, 2, 2, 2, 2, 2, 2, 2, 2, 2, 2, 2, 2, 2, 2, 2, 2, 2, 2, 2, 2, 2, 2, 2, 2, 2, 2, 2, 2, 2, 2, 2, 2, 2, 2, 2, 2, 2, 2, 2, 2, 2, 2, 2, 2, 2, 2, 2, 2, 2, 2, 2, 2, 2, 2, 2, 2, 2, 2, 2, 2, 2, 2, 2, 2, 2, 2, 2, 2, 2, 2, 2, 2, 2, 2, 2, 2, 2, 2, 2, 2, 2, 2, 2, 2, 2, 2, 2, 2, 2, 2, 2, 2, 2, 2, 3 ),
 ( 0.1204753097829783515, 0.1250000000000000000, 0.1306818181818181768, 0.1363636363636363535, 0.1420454545454545581, 0.1477272727272727348, 0.1534090909090909116, 0.1590909090909090884, 0.1647727272727272652, 0.1704545454545454419, 0.1761363636363636465, 0.1818181818181818232, 0.1875000000000000000, 0.1931818181818181768, 0.1988636363636363535, 0.2045454545454545581, 0.2102272727272727348, 0.2159090909090909116, 0.2215909090909090884, 0.2272727272727272652, 0.2329545454545454419, 0.2386363636363636465, 0.2443181818181818232, 0.2500000000000000000, 0.2556818181818181768, 0.2613636363636363535, 0.2670454545454545303, 0.2727272727272727071, 0.2784090909090908839, 0.2840909090909091161, 0.2897727272727272929, 0.2954545454545454697, 0.3011363636363636465, 0.3068181818181818232, 0.3125000000000000000, 0.3181818181818181768, 0.3238636363636363535, 0.3295454545454545303, 0.3352272727272727071, 0.3409090909090909394, 0.3465909090909091161, 0.3522727272727272929, 0.3579545454545455252, 0.3636363636363636465, 0.3693181818181818232, 0.3750000000000000000, 0.3806818181818182323, 0.3863636363636363535, 0.3920454545454545858, 0.3977272727272727071, 0.4034090909090909394, 0.4090909090909091717, 0.4147727272727272929, 0.4204545454545455252, 0.4261363636363636465, 0.4318181818181818787, 0.4375000000000000000, 0.4431818181818182323, 0.4488636363636363535, 0.4545454545454545858, 0.4602272727272727071, 0.4659090909090909394, 0.4715909090909091717, 0.4772727272727272929, 0.4829545454545455252, 0.4886363636363636465, 0.4943181818181818787, 0.5000000000000000000, 0.5056818181818182323, 0.5113636363636362425, 0.5170454545454545858, 0.5227272727272727071, 0.5284090909090909394, 0.5340909090909090606, 0.5397727272727272929, 0.5454545454545454142, 0.5511363636363636465, 0.5568181818181817677, 0.5625000000000000000, 0.5681818181818182323, 0.5738636363636363535, 0.5795454545454545858, 0.5852272727272727071, 0.5909090909090909394, 0.5965909090909090606, 0.6022727272727272929, 0.6079545454545453032, 0.6136363636363636465, 0.6193181818181817677, 0.6250000000000000000, 0.6306818181818182323, 0.6363636363636363535, 0.6420454545454545858, 0.6477272727272727071, 0.6534090909090909394, 0.6590909090909090606, 0.6647727272727272929, 0.6704545454545454142, 0.6761363636363636465, 0.6818181818181817677, 0.6875000000000000000, 0.6931818181818182323, 0.6988636363636363535, 0.7045454545454545858, 0.7102272727272727071, 0.7159090909090909394, 0.7215909090909089496, 0.7272727272727272929, 0.7329545454545454142, 0.7386363636363636465, 0.7443181818181818787, 0.7500000000000000000, 0.7556818181818182323, 0.7613636363636363535, 0.7670454545454544748, 0.7727272727272727071, 0.7784090909090909394, 0.7840909090909090606, 0.7897727272727274039, 0.7954545454545454142, 0.8011363636363636465, 0.8068181818181817677, 0.8125000000000000000, 0.8181818181818182323, 0.8238636363636363535, 0.8295454545454545858, 0.8352272727272727071, 0.8409090909090909394, 0.8465909090909090606, 0.8522727272727272929, 0.8579545454545454142, 0.8636363636363636465, 0.8693181818181817677, 0.8750000000000000000, 0.8806818181818182323, 0.8863636363636362425, 0.8920454545454545858, 0.8977272727272727071, 0.9034090909090909394, 0.9090909090909091717, 0.9147727272727272929, 0.9204545454545454142, 0.9261363636363636465, 0.9318181818181817677, 0.9375000000000000000, 0.9431818181818182323, 0.9488636363636363535, 0.9545454545454545858, 0.9602272727272727071, 0.9659090909090909394, 0.9715909090909090606, 0.9772727272727272929, 0.9829545454545453032, 0.9886363636363636465 ),
 .UNSPECIFIED. ) 
 CURVE ( )  GEOMETRIC_REPRESENTATION_ITEM ( )  RATIONAL_B_SPLINE_CURVE ( ( 0.9753096629721087485, 0.9393818099172119851, 1.000000000000000000, 0.9238795325112867385, 1.000000000000000000, 0.9238795325112867385, 1.000000000000000000, 0.9238795325112867385, 1.000000000000000000, 0.9238795325112867385, 1.000000000000000000, 0.9238795325112867385, 1.000000000000000000, 0.9238795325112867385, 1.000000000000000000, 0.9238795325112867385, 1.000000000000000000, 0.9238795325112867385, 1.000000000000000000, 0.9238795325112867385, 1.000000000000000000, 0.9238795325112867385, 1.000000000000000000, 0.9238795325112867385, 1.000000000000000000, 0.9238795325112867385, 1.000000000000000000, 0.9238795325112867385, 1.000000000000000000, 0.9238795325112867385, 1.000000000000000000, 0.9238795325112867385, 1.000000000000000000, 0.9238795325112867385, 1.000000000000000000, 0.9238795325112867385, 1.000000000000000000, 0.9238795325112867385, 1.000000000000000000, 0.9238795325112867385, 1.000000000000000000, 0.9238795325112867385, 1.000000000000000000, 0.9238795325112867385, 1.000000000000000000, 0.9238795325112867385, 1.000000000000000000, 0.9238795325112867385, 1.000000000000000000, 0.9238795325112867385, 1.000000000000000000, 0.9238795325112867385, 1.000000000000000000, 0.9238795325112867385, 1.000000000000000000, 0.9238795325112867385, 1.000000000000000000, 0.9238795325112867385, 1.000000000000000000, 0.9238795325112867385, 1.000000000000000000, 0.9238795325112867385, 1.000000000000000000, 0.9238795325112867385, 1.000000000000000000, 0.9238795325112867385, 1.000000000000000000, 0.9238795325112867385, 1.000000000000000000, 0.9238795325112867385, 1.000000000000000000, 0.9238795325112867385, 1.000000000000000000, 0.9238795325112867385, 1.000000000000000000, 0.9238795325112867385, 1.000000000000000000, 0.9238795325112867385, 1.000000000000000000, 0.9238795325112867385, 1.000000000000000000, 0.9238795325112867385, 1.000000000000000000, 0.9238795325112867385, 1.000000000000000000, 0.9238795325112867385, 1.000000000000000000, 0.9238795325112867385, 1.000000000000000000, 0.9238795325112867385, 1.000000000000000000, 0.9238795325112867385, 1.000000000000000000, 0.9238795325112867385, 1.000000000000000000, 0.9238795325112867385, 1.000000000000000000, 0.9238795325112867385, 1.000000000000000000, 0.9238795325112867385, 1.000000000000000000, 0.9238795325112867385, 1.000000000000000000, 0.9238795325112867385, 1.000000000000000000, 0.9238795325112867385, 1.000000000000000000, 0.9238795325112867385, 1.000000000000000000, 0.9238795325112867385, 1.000000000000000000, 0.9238795325112867385, 1.000000000000000000, 0.9238795325112867385, 1.000000000000000000, 0.9238795325112867385, 1.000000000000000000, 0.9238795325112867385, 1.000000000000000000, 0.9238795325112867385, 1.000000000000000000, 0.9238795325112867385, 1.000000000000000000, 0.9238795325112867385, 1.000000000000000000, 0.9238795325112867385, 1.000000000000000000, 0.9238795325112867385, 1.000000000000000000, 0.9238795325112867385, 1.000000000000000000, 0.9238795325112867385, 1.000000000000000000, 0.9238795325112867385, 1.000000000000000000, 0.9238795325112867385, 1.000000000000000000, 0.9238795325112867385, 1.000000000000000000, 0.9238795325112867385, 1.000000000000000000, 0.9238795325112867385, 1.000000000000000000, 0.9238795325112867385, 1.000000000000000000, 0.9238795325112867385, 1.000000000000000000, 0.9238795325112867385, 1.000000000000000000, 0.9238795325112867385, 1.000000000000000000, 0.9238795325112867385, 1.000000000000000000, 0.9238795325112867385, 1.000000000000000000, 0.9238795325112867385, 1.000000000000000000, 0.9238795325112867385, 1.000000000000000000, 0.9238795325112867385, 1.000000000000000000, 0.9238795325112867385, 1.000000000000000000, 0.9238795325112867385, 1.000000000000000000, 0.9238795325112867385, 1.000000000000000000, 0.9238795325112867385, 1.000000000000000000, 0.9238795325112867385, 1.000000000000000000, 0.9238795325112867385, 1.000000000000000000, 0.9238795325112867385, 1.000000000000000000, 0.9238795325112867385, 1.000000000000000000, 0.9238795325112867385, 1.000000000000000000, 0.9238795325112867385, 1.000000000000000000, 0.9238795325112867385, 1.000000000000000000, 0.9238795325112867385, 1.000000000000000000, 0.9238795325112867385, 1.000000000000000000, 0.9238795325112867385, 1.000000000000000000, 0.9238795325112867385, 1.000000000000000000, 0.9238795325112867385, 1.000000000000000000, 0.9238795325112867385, 1.000000000000000000, 0.9238795325112867385, 1.000000000000000000, 0.9238795325112867385, 1.000000000000000000, 0.9238795325112867385, 1.000000000000000000, 0.9238795325112867385, 1.000000000000000000, 0.9238795325112867385, 1.000000000000000000, 0.9238795325112867385, 1.000000000000000000, 0.9238795325112867385, 1.000000000000000000, 0.9238795325112867385, 1.000000000000000000, 0.9238795325112867385, 1.000000000000000000, 0.9238795325112867385, 1.000000000000000000, 0.9238795325112867385, 1.000000000000000000, 0.9238795325112867385, 1.000000000000000000, 0.9238795325112867385, 1.000000000000000000, 0.9238795325112867385, 1.000000000000000000, 0.9238795325112867385, 1.000000000000000000, 0.9238795325112867385, 1.000000000000000000, 0.9238795325112867385, 1.000000000000000000, 0.9238795325112867385, 1.000000000000000000, 0.9238795325112867385, 1.000000000000000000, 0.9238795325112867385, 1.000000000000000000, 0.9238795325112867385, 1.000000000000000000, 0.9238795325112867385, 1.000000000000000000, 0.9238795325112867385, 1.000000000000000000, 0.9238795325112867385, 1.000000000000000000, 0.9238795325112867385, 1.000000000000000000, 0.9238795325112867385, 1.000000000000000000, 0.9238795325112867385, 1.000000000000000000, 0.9238795325112867385, 1.000000000000000000, 0.9238795325112867385, 1.000000000000000000, 0.9238795325112867385, 1.000000000000000000, 0.9238795325112867385, 1.000000000000000000, 0.9238795325112867385, 1.000000000000000000, 0.9238795325112867385, 1.000000000000000000, 0.9238795325112867385, 1.000000000000000000, 0.9238795325112867385, 1.000000000000000000, 0.9238795325112867385, 1.000000000000000000, 0.9238795325112867385, 1.000000000000000000, 0.9238795325112867385, 1.000000000000000000, 0.9238795325112867385, 1.000000000000000000, 0.9238795325112867385, 1.000000000000000000, 0.9238795325112867385, 1.000000000000000000, 0.9238795325112867385, 1.000000000000000000, 0.9238795325112867385, 1.000000000000000000, 0.9238795325112867385, 1.000000000000000000, 0.9238795325112867385, 1.000000000000000000, 0.9238795325112867385, 1.000000000000000000, 0.9238795325112867385, 1.000000000000000000, 0.9238795325112867385, 1.000000000000000000, 0.9238795325112867385, 1.000000000000000000, 0.9238795325112867385, 1.000000000000000000, 0.9238795325112867385, 1.000000000000000000, 0.9238795325112867385, 1.000000000000000000, 0.9238795325112867385, 1.000000000000000000, 0.9238795325112867385, 1.000000000000000000, 0.9238795325112867385, 1.000000000000000000, 0.9238795325112867385, 1.000000000000000000 ) ) 
 REPRESENTATION_ITEM ( '' )  );
#5805 = DIRECTION ( 'NONE',  ( -2.168404344971008868E-16, -1.000000000000000000, 0.000000000000000000 ) ) ;
#5806 = CARTESIAN_POINT ( 'NONE',  ( 11.85000000000000675, -1.980384757729360956, 0.8203022253684520981 ) ) ;
#5807 = CARTESIAN_POINT ( 'NONE',  ( 1.300000000000002487, -1.400343491548913244, 1.400343491548899477 ) ) ;
#5808 = CARTESIAN_POINT ( 'NONE',  ( 15.70000000000000284, -1.400343491548913244, 1.400343491548899477 ) ) ;
#5809 = CARTESIAN_POINT ( 'NONE',  ( -16.29392316659661333, -2.615813991587109477, 0.000000000000000000 ) ) ;
#5810 = CARTESIAN_POINT ( 'NONE',  ( 15.05000000000000604, -1.980384757729360956, 0.8203022253684520981 ) ) ;
#5811 = CARTESIAN_POINT ( 'NONE',  ( 9.000000000000003553, 1.980384757729333201, -4.850543709266902538E-16 ) ) ;
#5812 = CARTESIAN_POINT ( 'NONE',  ( 10.75000000000000355, 0.8203022253684378873, 1.980384757729346967 ) ) ;
#5813 = CARTESIAN_POINT ( 'NONE',  ( 9.700000000000004619, -1.424157858600947694E-14, -1.980384757729347189 ) ) ;
#5814 = CARTESIAN_POINT ( 'NONE',  ( 2.800000000000002043, -1.375652421508278441E-14, 1.980384757729347189 ) ) ;
#5815 = CARTESIAN_POINT ( 'NONE',  ( 9.250000000000003553, -0.8203022253684655318, 1.980384757729347189 ) ) ;
#5816 = CARTESIAN_POINT ( 'NONE',  ( -9.500000000000000000, -3.857637417314162689E-15, 0.000000000000000000 ) ) ;
#5817 = CIRCLE ( 'NONE', #141, 2.500000000000006217 ) ;
#5818 = CARTESIAN_POINT ( 'NONE',  ( 2.725000000000003197, -2.543301270189246122, -1.053469879313099211 ) ) ;
#5819 = CARTESIAN_POINT ( 'NONE',  ( 17.52500000000000568, 1.798385574751152127, 1.798385574751165894 ) ) ;
#5820 = ORIENTED_EDGE ( 'NONE', *, *, #6459, .T. ) ;
#5821 = EDGE_CURVE ( 'NONE', #2862, #4568, #829, .T. ) ;
#5822 = CARTESIAN_POINT ( 'NONE',  ( -9.500000000000000000, -2.875000000000006661, 0.000000000000000000 ) ) ;
#5823 = CARTESIAN_POINT ( 'NONE',  ( 13.70000000000000639, -1.372470695792103782E-14, 2.500000000000010214 ) ) ;
#5824 = CARTESIAN_POINT ( 'NONE',  ( 12.37500000000000355, -1.798385574751180105, -1.798385574751165450 ) ) ;
#5825 = ORIENTED_EDGE ( 'NONE', *, *, #2107, .T. ) ;
#5826 = CARTESIAN_POINT ( 'NONE',  ( 4.275000000000004796, -2.543301270189246122, -1.053469879313099211 ) ) ;
#5827 = EDGE_CURVE ( 'NONE', #2116, #3611, #1584, .T. ) ;
#5828 = DIRECTION ( 'NONE',  ( 0.000000000000000000, 0.000000000000000000, -1.000000000000000000 ) ) ;
#5829 = CARTESIAN_POINT ( 'NONE',  ( -1.661328500782868645, -3.135600004482830272, 4.602036267546676385 ) ) ;
#5830 = AXIS2_PLACEMENT_3D ( 'NONE', #6693, #602, #2816 ) ;
#5831 = DIRECTION ( 'NONE',  ( -1.000000000000000000, 2.491365117757746875E-16, 0.000000000000000000 ) ) ;
#5832 = CARTESIAN_POINT ( 'NONE',  ( 2.650000000000005240, 1.980384757729332534, -0.8203022253684530973 ) ) ;
#5833 = ORIENTED_EDGE ( 'NONE', *, *, #3, .T. ) ;
#5834 = CARTESIAN_POINT ( 'NONE',  ( -3.169464450766172003, -2.506959082343592105, -5.607860842434727822 ) ) ;
#5835 = CARTESIAN_POINT ( 'NONE',  ( 6.900000000000004796, -1.375652421508278441E-14, 1.980384757729347189 ) ) ;
#5836 = CARTESIAN_POINT ( 'NONE',  ( -9.500000000000000000, 0.000000000000000000, 0.000000000000000000 ) ) ;
#5837 = EDGE_LOOP ( 'NONE', ( #7049, #1630, #6460, #3959 ) ) ;
#5838 = CARTESIAN_POINT ( 'NONE',  ( 1.250000000000001110, -0.8203022253684655318, 1.980384757729346967 ) ) ;
#5839 = CARTESIAN_POINT ( 'NONE',  ( 1.750000000000004885, 0.8203022253684383314, -1.980384757729346745 ) ) ;
#5840 = CARTESIAN_POINT ( 'NONE',  ( 10.15000000000000568, -0.8203022253684655318, 1.980384757729346967 ) ) ;
#5841 = DIRECTION ( 'NONE',  ( 1.000000000000000000, -0.000000000000000000, -0.000000000000000000 ) ) ;
#5842 = CARTESIAN_POINT ( 'NONE',  ( 14.90000000000000391, -1.400343491548913244, 1.400343491548899477 ) ) ;
#5843 = DIRECTION ( 'NONE',  ( 2.168404344971008868E-16, 1.000000000000000000, -0.000000000000000000 ) ) ;
#5844 = CARTESIAN_POINT ( 'NONE',  ( 16.20000000000000639, 1.400343491548885266, -1.400343491548899699 ) ) ;
#5845 = EDGE_CURVE ( 'NONE', #875, #3889, #5654, .T. ) ;
#5846 = CARTESIAN_POINT ( 'NONE',  ( 8.450000000000002842, -0.8203022253684655318, 1.980384757729346967 ) ) ;
#5847 = CARTESIAN_POINT ( 'NONE',  ( 10.35000000000000142, -0.8203022253684666421, -1.980384757729346745 ) ) ;
#5848 = CARTESIAN_POINT ( 'NONE',  ( 11.65000000000000746, 0.8203022253684378873, 1.980384757729347189 ) ) ;
#5849 = CARTESIAN_POINT ( 'NONE',  ( 1.950000000000003508, 0.8203022253684378873, 1.980384757729346967 ) ) ;
#5850 = CARTESIAN_POINT ( 'NONE',  ( 10.55000000000000426, 1.980384757729332978, -0.8203022253684528753 ) ) ;
#5851 = CARTESIAN_POINT ( 'NONE',  ( 2.825000000000003286, -1.053469879313114754, -2.543301270189232355 ) ) ;
#5852 = CARTESIAN_POINT ( 'NONE',  ( 15.07500000000000462, 2.543301270189218588, 1.053469879313099433 ) ) ;
#5853 = VERTEX_POINT ( 'NONE', #4221 ) ;
#5854 = DIRECTION ( 'NONE',  ( 1.000000000000000000, -2.168404344971008868E-16, 0.000000000000000000 ) ) ;
#5855 = CARTESIAN_POINT ( 'NONE',  ( 15.45000000000000462, 1.980384757729332978, -0.8203022253684528753 ) ) ;
#5856 = EDGE_CURVE ( 'NONE', #1517, #7109, #6984, .T. ) ;
#5857 = CARTESIAN_POINT ( 'NONE',  ( 10.57500000000000462, -1.798385574751179439, 1.798385574751165894 ) ) ;
#5858 = ORIENTED_EDGE ( 'NONE', *, *, #5428, .F. ) ;
#5859 = CARTESIAN_POINT ( 'NONE',  ( 10.40000000000000391, 1.767766952966362215, 1.767766952966375982 ) ) ;
#5860 = CARTESIAN_POINT ( 'NONE',  ( -9.500000000000000000, -2.768745557924670475, 0.000000000000000000 ) ) ;
#5861 = CARTESIAN_POINT ( 'NONE',  ( -9.500000000000000000, 2.695312499999993339, 0.000000000000000000 ) ) ;
#5862 = AXIS2_PLACEMENT_3D ( 'NONE', #5373, #359, #2575 ) ;
#5863 = CARTESIAN_POINT ( 'NONE',  ( -9.500000000000000000, 3.999999999999995559, 0.000000000000000000 ) ) ;
#5864 = EDGE_CURVE ( 'NONE', #5696, #5714, #3451, .T. ) ;
#5865 = DIRECTION ( 'NONE',  ( -2.168404344971008868E-16, -1.000000000000000000, 0.000000000000000000 ) ) ;
#5866 = VERTEX_POINT ( 'NONE', #4189 ) ;
#5867 = CARTESIAN_POINT ( 'NONE',  ( 9.875000000000005329, -2.543301270189246122, -1.053469879313099211 ) ) ;
#5868 = CARTESIAN_POINT ( 'NONE',  ( 5.650000000000006573, -0.8203022253684666421, -1.980384757729346745 ) ) ;
#5869 = DIRECTION ( 'NONE',  ( 0.000000000000000000, 0.000000000000000000, 1.000000000000000000 ) ) ;
#5870 = EDGE_LOOP ( 'NONE', ( #2013, #154, #5195, #4498, #5485 ) ) ;
#5871 = CARTESIAN_POINT ( 'NONE',  ( 0.4541856782555881433, 4.499999999999994671, 3.162277660168401283 ) ) ;
#5872 = CARTESIAN_POINT ( 'NONE',  ( 8.000000000000003553, -1.372470695792103782E-14, 2.500000000000010214 ) ) ;
#5873 = CARTESIAN_POINT ( 'NONE',  ( 10.30000000000000782, -1.980384757729360956, 2.425271854633451269E-16 ) ) ;
#5874 = DIRECTION ( 'NONE',  ( -1.000000000000000000, 1.771000290586996903E-16, 0.000000000000000000 ) ) ;
#5875 = CARTESIAN_POINT ( 'NONE',  ( 16.95000000000000284, 1.980384757729332534, -0.8203022253684530973 ) ) ;
#5876 = CARTESIAN_POINT ( 'NONE',  ( 5.419536834604835818, 2.469103951028669641, 0.3918235304503717709 ) ) ;
#5877 = AXIS2_PLACEMENT_3D ( 'NONE', #2251, #3313, #1160 ) ;
#5878 = CARTESIAN_POINT ( 'NONE',  ( 14.70000000000000639, 1.980384757729333201, -4.850543709266902538E-16 ) ) ;
#5879 = CARTESIAN_POINT ( 'NONE',  ( 9.750000000000001776, 1.980384757729332534, -0.8203022253684530973 ) ) ;
#5880 = CARTESIAN_POINT ( 'NONE',  ( 9.200000000000002842, -1.375652421508278441E-14, 1.980384757729347189 ) ) ;
#5881 = AXIS2_PLACEMENT_3D ( 'NONE', #2265, #3326, #5070 ) ;
#5882 = CARTESIAN_POINT ( 'NONE',  ( 9.950000000000006395, 1.980384757729333201, 0.8203022253684517651 ) ) ;
#5883 = CARTESIAN_POINT ( 'NONE',  ( 2.150000000000002576, -1.980384757729360956, 0.8203022253684520981 ) ) ;
#5884 = CARTESIAN_POINT ( 'NONE',  ( 10.50000000000000178, 1.400343491548885266, -1.400343491548899699 ) ) ;
#5885 = CARTESIAN_POINT ( 'NONE',  ( 5.300000000000004263, -1.433703035749471672E-14, -2.500000000000010214 ) ) ;
#5886 = CARTESIAN_POINT ( 'NONE',  ( 18.25000000000000355, -1.980384757729361178, -0.8203022253684513210 ) ) ;
#5887 = EDGE_LOOP ( 'NONE', ( #6132, #1509, #510, #6067 ) ) ;
#5888 = DIRECTION ( 'NONE',  ( 0.000000000000000000, 0.000000000000000000, 1.000000000000000000 ) ) ;
#5889 = CIRCLE ( 'NONE', #1126, 6.411159703984924185 ) ;
#5890 = CARTESIAN_POINT ( 'NONE',  ( 10.37500000000000355, 1.798385574751152127, 1.798385574751165894 ) ) ;
#5891 = VECTOR ( 'NONE', #4070, 1000.000000000000000 ) ;
#5892 = VERTEX_POINT ( 'NONE', #7037 ) ;
#5893 = B_SPLINE_CURVE_WITH_KNOTS ( 'NONE', 3,
 ( #5871, #1500, #3731, #6013 ),
 .UNSPECIFIED., .F., .F.,
 ( 4, 4 ),
 ( 0.0004404888677006073847, 0.002388270888168419516 ),
 .UNSPECIFIED. ) ;
#5894 = CARTESIAN_POINT ( 'NONE',  ( 1.775000000000005684, -2.543301270189245677, 1.053469879313099655 ) ) ;
#5895 = EDGE_CURVE ( 'NONE', #5011, #6773, #4292, .T. ) ;
#5896 = CARTESIAN_POINT ( 'NONE',  ( 15.55000000000000604, -1.035533905932757293, -2.500000000000010214 ) ) ;
#5897 = DIRECTION ( 'NONE',  ( 1.000000000000000000, 0.000000000000000000, 1.224646799147354686E-16 ) ) ;
#5898 = DIRECTION ( 'NONE',  ( 0.000000000000000000, 0.000000000000000000, -1.000000000000000000 ) ) ;
#5899 = DIRECTION ( 'NONE',  ( 1.000000000000000000, -0.000000000000000000, -0.000000000000000000 ) ) ;
#5900 = VERTEX_POINT ( 'NONE', #2476 ) ;
#5901 = CARTESIAN_POINT ( 'NONE',  ( 10.47500000000000497, -1.053469879313113200, 2.543301270189232799 ) ) ;
#5902 = CARTESIAN_POINT ( 'NONE',  ( 5.550000000000006040, -1.980384757729361178, -0.8203022253684513210 ) ) ;
#5903 = CARTESIAN_POINT ( 'NONE',  ( 16.98372470471141327, -0.3205410598424555113, 2.367437029160546214 ) ) ;
#5904 = ADVANCED_FACE ( 'NONE', ( #4151 ), #3607, .F. ) ;
#5905 = DIRECTION ( 'NONE',  ( -0.000000000000000000, 0.000000000000000000, -1.000000000000000000 ) ) ;
#5906 = CARTESIAN_POINT ( 'NONE',  ( 13.10000000000000142, -2.500000000000023981, 3.061616997868394974E-16 ) ) ;
#5907 = CARTESIAN_POINT ( 'NONE',  ( 12.10000000000000675, -1.424157858600947694E-14, -1.980384757729347189 ) ) ;
#5908 = FACE_OUTER_BOUND ( 'NONE', #5000, .T. ) ;
#5909 = CARTESIAN_POINT ( 'NONE',  ( 15.95000000000000284, -0.8203022253684666421, -1.980384757729346745 ) ) ;
#5910 = CARTESIAN_POINT ( 'NONE',  ( 4.000000000000004441, -1.372470695792103782E-14, 2.500000000000010214 ) ) ;
#5911 = AXIS2_PLACEMENT_3D ( 'NONE', #5282, #4742, #5897 ) ;
#5912 = CARTESIAN_POINT ( 'NONE',  ( 13.55000000000000604, -1.980384757729361178, -0.8203022253684513210 ) ) ;
#5913 = DIRECTION ( 'NONE',  ( 0.000000000000000000, 0.000000000000000000, -1.000000000000000000 ) ) ;
#5914 = ADVANCED_FACE ( 'NONE', ( #1374 ), #5559, .T. ) ;
#5915 = CARTESIAN_POINT ( 'NONE',  ( 10.90000000000000391, -1.400343491548913244, 1.400343491548899477 ) ) ;
#5916 = CARTESIAN_POINT ( 'NONE',  ( 7.800000000000003375, -1.980384757729360956, 2.425271854633451269E-16 ) ) ;
#5917 = CARTESIAN_POINT ( 'NONE',  ( 8.550000000000006040, -0.8203022253684655318, 1.980384757729347189 ) ) ;
#5918 = APPROVAL_PERSON_ORGANIZATION ( #2770, #4023, #2185 ) ;
#5919 = CARTESIAN_POINT ( 'NONE',  ( 2.850000000000002309, -0.8203022253684655318, 1.980384757729346967 ) ) ;
#5920 = CARTESIAN_POINT ( 'NONE',  ( 7.150000000000003908, -0.8203022253684666421, -1.980384757729346745 ) ) ;
#5921 = FACE_BOUND ( 'NONE', #4808, .T. ) ;
#5922 = CARTESIAN_POINT ( 'NONE',  ( 2.875000000000004441, -1.434498467178515336E-14, -2.543301270189231911 ) ) ;
#5923 = VERTEX_POINT ( 'NONE', #2655 ) ;
#5924 = DIRECTION ( 'NONE',  ( 1.000000000000000000, -2.161407978480073956E-16, 0.000000000000000000 ) ) ;
#5925 = CARTESIAN_POINT ( 'NONE',  ( 17.60000000000000497, -1.400343491548913688, -1.400343491548899255 ) ) ;
#5926 = CARTESIAN_POINT ( 'NONE',  ( 14.85000000000000675, 0.8203022253684378873, 1.980384757729347189 ) ) ;
#5927 = AXIS2_PLACEMENT_3D ( 'NONE', #2014, #7020, #3147 ) ;
#5928 = CARTESIAN_POINT ( 'NONE',  ( 10.07500000000000462, -1.434498467178515336E-14, -2.543301270189231911 ) ) ;
#5929 = EDGE_LOOP ( 'NONE', ( #6916, #269, #2278, #847, #3958, #6149 ) ) ;
#5930 = CARTESIAN_POINT ( 'NONE',  ( 15.85000000000000675, 2.499999999999996003, -1.035533905932743526 ) ) ;
#5931 = CARTESIAN_POINT ( 'NONE',  ( 5.500000000000000888, 2.467792535850611202, 0.4000000000000004663 ) ) ;
#5932 = DIRECTION ( 'NONE',  ( 0.000000000000000000, 0.000000000000000000, -1.000000000000000000 ) ) ;
#5933 = EDGE_CURVE ( 'NONE', #2532, #3901, #508, .T. ) ;
#5934 = LINE ( 'NONE', #1635, #2871 ) ;
#5935 = CARTESIAN_POINT ( 'NONE',  ( -9.500000000000000000, 3.999999999999995559, 0.000000000000000000 ) ) ;
#5936 = ORIENTED_EDGE ( 'NONE', *, *, #2084, .T. ) ;
#5937 = CARTESIAN_POINT ( 'NONE',  ( 8.625000000000003553, 2.543301270189218144, -6.229291519609281552E-16 ) ) ;
#5938 = CARTESIAN_POINT ( 'NONE',  ( 5.750000000000004441, 0.8203022253684382203, -1.980384757729346745 ) ) ;
#5939 = DIRECTION ( 'NONE',  ( 2.168404344971008868E-16, 1.000000000000000000, -0.000000000000000000 ) ) ;
#5940 = DIRECTION ( 'NONE',  ( 0.7071067811865460184, 0.000000000000000000, -0.7071067811865490160 ) ) ;
#5941 = CARTESIAN_POINT ( 'NONE',  ( 5.519932254125089699, 2.467873030517270472, 0.3995030728861722058 ) ) ;
#5942 = CARTESIAN_POINT ( 'NONE',  ( -9.500000000000000000, 0.000000000000000000, 0.000000000000000000 ) ) ;
#5943 = CARTESIAN_POINT ( 'NONE',  ( 6.100000000000006750, -1.375652421508278441E-14, 1.980384757729347189 ) ) ;
#5944 = CARTESIAN_POINT ( 'NONE',  ( 12.25000000000000355, -2.500000000000023981, 1.035533905932742194 ) ) ;
#5945 = CARTESIAN_POINT ( 'NONE',  ( 6.000000000000005329, -1.767766952966390193, -1.767766952966375760 ) ) ;
#5946 = CARTESIAN_POINT ( 'NONE',  ( -0.9397706338125106917, -2.615813991587112586, 0.000000000000000000 ) ) ;
#5947 = EDGE_CURVE ( 'NONE', #5166, #2375, #2758, .T. ) ;
#5948 = CARTESIAN_POINT ( 'NONE',  ( 15.25000000000000888, -0.8203022253684666421, -1.980384757729346745 ) ) ;
#5949 = DIRECTION ( 'NONE',  ( -1.000000000000000000, 2.168404344971008868E-16, 0.000000000000000000 ) ) ;
#5950 = ORIENTED_EDGE ( 'NONE', *, *, #2107, .F. ) ;
#5951 = CARTESIAN_POINT ( 'NONE',  ( 7.900000000000002132, -1.400343491548913688, -1.400343491548899255 ) ) ;
#5952 = B_SPLINE_CURVE_WITH_KNOTS ( 'NONE', 3,
 ( #2062, #940, #1408, #5348, #6423 ),
 .UNSPECIFIED., .F., .F.,
 ( 4, 1, 4 ),
 ( 0.001232712098954922121, 0.001242653253338017261, 0.001252594407721112401 ),
 .UNSPECIFIED. ) ;
#5953 = CARTESIAN_POINT ( 'NONE',  ( 5.850000000000003197, 1.980384757729333201, 0.8203022253684517651 ) ) ;
#5954 = CARTESIAN_POINT ( 'NONE',  ( 5.600000000000005862, -1.400343491548913688, -1.400343491548899255 ) ) ;
#5955 = CARTESIAN_POINT ( 'NONE',  ( 17.25000000000000355, 0.8203022253684378873, 1.980384757729346967 ) ) ;
#5956 = CARTESIAN_POINT ( 'NONE',  ( 6.850000000000004086, -0.8203022253684655318, 1.980384757729347189 ) ) ;
#5957 = CARTESIAN_POINT ( 'NONE',  ( 17.50000000000000000, -1.163414459189985801E-14, 2.500000000000008438 ) ) ;
#5958 = EDGE_CURVE ( 'NONE', #1232, #3463, #3790, .T. ) ;
#5959 = CARTESIAN_POINT ( 'NONE',  ( 0.9250000000000022649, -1.053469879313113200, 2.543301270189232799 ) ) ;
#5960 = ORIENTED_EDGE ( 'NONE', *, *, #4261, .F. ) ;
#5961 = CARTESIAN_POINT ( 'NONE',  ( 15.10000000000000142, -1.400343491548913688, -1.400343491548899255 ) ) ;
#5962 = DIRECTION ( 'NONE',  ( 1.224646799147353207E-16, -2.655529440325959183E-32, 1.000000000000000000 ) ) ;
#5963 = CARTESIAN_POINT ( 'NONE',  ( 12.85000000000000497, -0.8203022253684666421, -1.980384757729346745 ) ) ;
#5964 = CARTESIAN_POINT ( 'NONE',  ( 6.950000000000004619, 2.499999999999996003, -1.035533905932743526 ) ) ;
#5965 = CARTESIAN_POINT ( 'NONE',  ( 12.92500000000000426, -1.053469879313113200, 2.543301270189232799 ) ) ;
#5966 = VERTEX_POINT ( 'NONE', #3266 ) ;
#5967 = CARTESIAN_POINT ( 'NONE',  ( 1.825000000000003730, -2.543301270189246122, 3.114645759804640776E-16 ) ) ;
#5968 = CARTESIAN_POINT ( 'NONE',  ( 14.60000000000000497, -1.767766952966389749, 1.767766952966375982 ) ) ;
#5969 = DATE_TIME_ROLE ( 'classification_date' ) ;
#5970 = CARTESIAN_POINT ( 'NONE',  ( 5.900000000003434941, -2.500000000000571099, -3.905252452962722196E-13 ) ) ;
#5971 = ORIENTED_EDGE ( 'NONE', *, *, #2255, .T. ) ;
#5972 = EDGE_CURVE ( 'NONE', #2065, #3354, #2776, .T. ) ;
#5973 = CARTESIAN_POINT ( 'NONE',  ( 10.22500000000000497, 2.543301270189218144, -6.229291519609281552E-16 ) ) ;
#5974 = CARTESIAN_POINT ( 'NONE',  ( 2.700000000000006395, 1.980384757729333201, -4.850543709266902538E-16 ) ) ;
#5975 = CARTESIAN_POINT ( 'NONE',  ( 17.50000000000000000, 4.499999999999990230, -3.162277660168401283 ) ) ;
#5976 = CARTESIAN_POINT ( 'NONE',  ( 17.10000000000000142, -1.163414459189985801E-14, 2.500000000000013323 ) ) ;
#5977 = DIRECTION ( 'NONE',  ( 0.000000000000000000, 1.000000000000000000, 0.000000000000000000 ) ) ;
#5978 = CARTESIAN_POINT ( 'NONE',  ( 1.700000000000002842, -1.372470695792103782E-14, 2.500000000000010214 ) ) ;
#5979 = CARTESIAN_POINT ( 'NONE',  ( 9.050000000000006040, 1.980384757729332534, -0.8203022253684530973 ) ) ;
#5980 = CARTESIAN_POINT ( 'NONE',  ( 10.95000000000000462, -0.8203022253684655318, 1.980384757729346967 ) ) ;
#5981 = CARTESIAN_POINT ( 'NONE',  ( 7.250000000000005329, 1.035533905932727983, 2.500000000000010214 ) ) ;
#5982 = ORIENTED_EDGE ( 'NONE', *, *, #5780, .T. ) ;
#5983 = EDGE_CURVE ( 'NONE', #3771, #4408, #5077, .T. ) ;
#5984 = CARTESIAN_POINT ( 'NONE',  ( 7.950000000000001954, -0.8203022253684666421, -1.980384757729346745 ) ) ;
#5985 = CARTESIAN_POINT ( 'NONE',  ( 6.000000000000005329, 1.400343491548885710, 1.400343491548899477 ) ) ;
#5986 = CARTESIAN_POINT ( 'NONE',  ( 17.70000000000000639, -1.424157858600947694E-14, -1.980384757729347189 ) ) ;
#5987 = CARTESIAN_POINT ( 'NONE',  ( 7.450000000000003730, 1.980384757729333201, 0.8203022253684517651 ) ) ;
#5988 = FACE_OUTER_BOUND ( 'NONE', #1585, .T. ) ;
#5989 = AXIS2_PLACEMENT_3D ( 'NONE', #339, #2073, #2558 ) ;
#5990 = VERTEX_POINT ( 'NONE', #5416 ) ;
#5991 = CARTESIAN_POINT ( 'NONE',  ( 16.80000000000000071, -1.424157858600947694E-14, -1.980384757729347189 ) ) ;
#5992 = EDGE_CURVE ( 'NONE', #5892, #3376, #4941, .T. ) ;
#5993 = CARTESIAN_POINT ( 'NONE',  ( 18.50000000000000711, -1.424157858600947694E-14, -1.980384757729347189 ) ) ;
#5994 = CARTESIAN_POINT ( 'NONE',  ( 13.40000000000000568, -1.400343491548913244, 1.400343491548899477 ) ) ;
#5995 = CARTESIAN_POINT ( 'NONE',  ( 16.25000000000000355, 1.980384757729333201, 0.8203022253684517651 ) ) ;
#5996 = AXIS2_PLACEMENT_3D ( 'NONE', #5729, #741, #2966 ) ;
#5997 = CARTESIAN_POINT ( 'NONE',  ( 9.575000000000002842, 1.798385574751152127, 1.798385574751165894 ) ) ;
#5998 = ORIENTED_EDGE ( 'NONE', *, *, #4261, .T. ) ;
#5999 = DIRECTION ( 'NONE',  ( 0.000000000000000000, 0.000000000000000000, -1.000000000000000000 ) ) ;
#6000 = AXIS2_PLACEMENT_3D ( 'NONE', #521, #2701, #417 ) ;
#6001 = CARTESIAN_POINT ( 'NONE',  ( 16.75000000000000355, 2.499999999999996447, 1.035533905932741972 ) ) ;
#6002 = B_SPLINE_CURVE_WITH_KNOTS ( 'NONE', 3,
 ( #2837, #4547, #1772, #4005, #655, #13, #6113, #3899, #2223, #1736, #78, #6644, #2875, #4442, #1670, #6214 ),
 .UNSPECIFIED., .F., .F.,
 ( 4, 2, 2, 2, 2, 2, 2, 4 ),
 ( 0.000000000000000000, 0.0004785124042310073388, 0.0009570248084620146777, 0.001435537212693022016, 0.001914049616924029355, 0.002871074425386043599, 0.003349586829617050288, 0.003828099233848056976 ),
 .UNSPECIFIED. ) ;
#6003 =( NAMED_UNIT ( * ) SI_UNIT ( $, .STERADIAN. ) SOLID_ANGLE_UNIT ( ) );
#6004 = ORIENTED_EDGE ( 'NONE', *, *, #6726, .F. ) ;
#6005 = DIRECTION ( 'NONE',  ( 1.000000000000000000, -0.000000000000000000, -0.000000000000000000 ) ) ;
#6006 = DIRECTION ( 'NONE',  ( 2.168404344971008868E-16, 1.000000000000000000, -0.000000000000000000 ) ) ;
#6007 = ORIENTED_EDGE ( 'NONE', *, *, #76, .F. ) ;
#6008 = AXIS2_PLACEMENT_3D ( 'NONE', #2772, #7014, #7088 ) ;
#6009 = AXIS2_PLACEMENT_3D ( 'NONE', #2099, #6527, #1548 ) ;
#6010 = CARTESIAN_POINT ( 'NONE',  ( 10.62500000000000533, -2.543301270189246122, 3.114645759804640776E-16 ) ) ;
#6011 = CARTESIAN_POINT ( 'NONE',  ( 2.650000000000005240, 1.980384757729332534, -0.8203022253684530973 ) ) ;
#6012 = CARTESIAN_POINT ( 'NONE',  ( -12.35937499999999822, -3.640625000000005329, 3.501724441311960115E-16 ) ) ;
#6013 = CARTESIAN_POINT ( 'NONE',  ( -0.9355555555555928882, 3.582625322360770692, 4.173103856792867994 ) ) ;
#6014 = CARTESIAN_POINT ( 'NONE',  ( 16.69739017925004276, -1.795494946352900856, 1.095972093457725283 ) ) ;
#6015 = CARTESIAN_POINT ( 'NONE',  ( 1.500000000000001554, 2.499999999999993339, -8.273476290443213815E-14 ) ) ;
#6016 = CARTESIAN_POINT ( 'NONE',  ( 8.500000000000005329, -1.375652421508278441E-14, 1.980384757729347189 ) ) ;
#6017 = CARTESIAN_POINT ( 'NONE',  ( 12.15000000000000391, -1.035533905932755516, 2.500000000000010214 ) ) ;
#6018 = CARTESIAN_POINT ( 'NONE',  ( 12.40000000000000391, 1.400343491548885710, 1.400343491548899477 ) ) ;
#6019 =( BOUNDED_CURVE ( )  B_SPLINE_CURVE ( 2, ( #687, #1301, #4661, #146, #4118, #1808, #1850, #3533, #1890 ),
 .UNSPECIFIED., .F., .T. ) 
 B_SPLINE_CURVE_WITH_KNOTS ( ( 3, 2, 2, 2, 3 ),
 ( 0.6590909090909091717, 0.6647727272727272929, 0.6704545454545454142, 0.6761363636363636465, 0.6818181818181818787 ),
 .UNSPECIFIED. ) 
 CURVE ( )  GEOMETRIC_REPRESENTATION_ITEM ( )  RATIONAL_B_SPLINE_CURVE ( ( 1.000000000000000000, 0.9238795325112867385, 1.000000000000000000, 0.9238795325112867385, 1.000000000000000000, 0.9238795325112867385, 1.000000000000000000, 0.9238795325112867385, 1.000000000000000000 ) ) 
 REPRESENTATION_ITEM ( '' )  );
#6020 = CARTESIAN_POINT ( 'NONE',  ( 5.509707230145044043, 2.499999999999997335, 0.2010433189576482094 ) ) ;
#6021 = EDGE_LOOP ( 'NONE', ( #1974, #5049 ) ) ;
#6022 = CARTESIAN_POINT ( 'NONE',  ( 6.100000000000003197, -1.400343491548913244, 1.400343491548899477 ) ) ;
#6023 = EDGE_CURVE ( 'NONE', #2186, #5696, #3694, .T. ) ;
#6024 = CARTESIAN_POINT ( 'NONE',  ( 7.800000000000005151, -1.400343491548913244, 1.400343491548899477 ) ) ;
#6025 = CARTESIAN_POINT ( 'NONE',  ( 15.80000000000000426, -1.400343491548913244, 1.400343491548899477 ) ) ;
#6026 = CARTESIAN_POINT ( 'NONE',  ( 8.300000000000004263, 1.400343491548885710, 1.400343491548899477 ) ) ;
#6027 = CARTESIAN_POINT ( 'NONE',  ( -9.500000000000001776, -3.640625000000005773, 0.000000000000000000 ) ) ;
#6028 = CIRCLE ( 'NONE', #5911, 0.1796875000000001665 ) ;
#6029 = ORIENTED_EDGE ( 'NONE', *, *, #2540, .T. ) ;
#6030 = CARTESIAN_POINT ( 'NONE',  ( 17.60000000000000497, -1.424157858600947694E-14, -1.980384757729347189 ) ) ;
#6031 = CARTESIAN_POINT ( 'NONE',  ( 16.80000000000000426, -1.400343491548913688, -1.400343491548899255 ) ) ;
#6032 = LOCAL_TIME ( 14, 24, 13.00000000000000000, #5532 ) ;
#6033 =( BOUNDED_CURVE ( )  B_SPLINE_CURVE ( 2, ( #3905, #4450, #3393, #5470, #1169, #6119, #3358, #2780, #1643 ),
 .UNSPECIFIED., .F., .T. ) 
 B_SPLINE_CURVE_WITH_KNOTS ( ( 3, 2, 2, 2, 3 ),
 ( 0.5000000000000000000, 0.5056818181818181213, 0.5113636363636363535, 0.5170454545454545858, 0.5227272727272727071 ),
 .UNSPECIFIED. ) 
 CURVE ( )  GEOMETRIC_REPRESENTATION_ITEM ( )  RATIONAL_B_SPLINE_CURVE ( ( 1.000000000000000000, 0.9238795325112867385, 1.000000000000000000, 0.9238795325112867385, 1.000000000000000000, 0.9238795325112867385, 1.000000000000000000, 0.9238795325112867385, 1.000000000000000000 ) ) 
 REPRESENTATION_ITEM ( '' )  );
#6034 = CARTESIAN_POINT ( 'NONE',  ( 12.65000000000000746, -1.980384757729360956, 0.8203022253684520981 ) ) ;
#6035 = CARTESIAN_POINT ( 'NONE',  ( -9.500000000000000000, 2.695312499999991118, 0.000000000000000000 ) ) ;
#6036 = CARTESIAN_POINT ( 'NONE',  ( 7.975000000000004974, 1.798385574751152127, 1.798385574751165894 ) ) ;
#6037 = EDGE_CURVE ( 'NONE', #4142, #4917, #4055, .T. ) ;
#6038 = ORIENTED_EDGE ( 'NONE', *, *, #942, .T. ) ;
#6039 = CARTESIAN_POINT ( 'NONE',  ( 6.300000000000004263, 1.767766952966362215, 1.767766952966375982 ) ) ;
#6040 = CARTESIAN_POINT ( 'NONE',  ( 4.750000000000006217, 1.035533905932727983, 2.500000000000010214 ) ) ;
#6041 = ORIENTED_EDGE ( 'NONE', *, *, #2540, .F. ) ;
#6042 = CIRCLE ( 'NONE', #4420, 2.859374999999997335 ) ;
#6043 = CARTESIAN_POINT ( 'NONE',  ( 1.300000000000006040, -1.375652421508278441E-14, 1.980384757729347189 ) ) ;
#6044 = CARTESIAN_POINT ( 'NONE',  ( -1.500000000000004441, 1.734723475976807094E-15, 0.000000000000000000 ) ) ;
#6045 = DIRECTION ( 'NONE',  ( 0.000000000000000000, 0.000000000000000000, -1.000000000000000000 ) ) ;
#6046 = EDGE_CURVE ( 'NONE', #643, #1117, #4327, .T. ) ;
#6047 = CIRCLE ( 'NONE', #1394, 8.560229366187492417 ) ;
#6048 = CARTESIAN_POINT ( 'NONE',  ( 7.175000000000004263, 1.053469879313085666, 2.543301270189232799 ) ) ;
#6049 = CARTESIAN_POINT ( 'NONE',  ( 18.72500000000000497, -1.798385574751180105, -1.798385574751165450 ) ) ;
#6050 = DIRECTION ( 'NONE',  ( 0.000000000000000000, 0.000000000000000000, -1.000000000000000000 ) ) ;
#6051 = CARTESIAN_POINT ( 'NONE',  ( 14.80000000000000604, -1.433703035749471672E-14, -2.500000000000010214 ) ) ;
#6052 = CARTESIAN_POINT ( 'NONE',  ( 5.843726022402747411, -2.491544925134333344, 0.2094528786057487380 ) ) ;
#6053 = CARTESIAN_POINT ( 'NONE',  ( 16.67381577495211786, -1.110557428759044507, -1.757579058669284322 ) ) ;
#6054 = B_SPLINE_CURVE_WITH_KNOTS ( 'NONE', 3,
 ( #206, #3435, #5220, #2461 ),
 .UNSPECIFIED., .F., .F.,
 ( 4, 4 ),
 ( 6.406422148511340514E-07, 0.001091758176175926676 ),
 .UNSPECIFIED. ) ;
#6055 = CARTESIAN_POINT ( 'NONE',  ( 7.450000000000006395, 1.980384757729332534, -0.8203022253684530973 ) ) ;
#6056 = CARTESIAN_POINT ( 'NONE',  ( 17.50000000000000000, -1.194030629168669588E-14, 0.000000000000000000 ) ) ;
#6057 = CARTESIAN_POINT ( 'NONE',  ( 12.90000000000000568, -1.424157858600947694E-14, -1.980384757729347189 ) ) ;
#6058 = DIRECTION ( 'NONE',  ( -1.000000000000000000, 2.491365117757746875E-16, 0.000000000000000000 ) ) ;
#6059 = EDGE_LOOP ( 'NONE', ( #3721, #6734, #3445, #1757 ) ) ;
#6060 = CARTESIAN_POINT ( 'NONE',  ( 6.200000000000001954, -1.980384757729360956, 2.425271854633451269E-16 ) ) ;
#6061 = CARTESIAN_POINT ( 'NONE',  ( 5.750000000000005329, 0.8203022253684383314, -1.980384757729346745 ) ) ;
#6062 = CARTESIAN_POINT ( 'NONE',  ( 16.65000000000000568, -1.980384757729360956, 0.8203022253684520981 ) ) ;
#6063 = CARTESIAN_POINT ( 'NONE',  ( 7.750000000000004441, -1.980384757729360956, 0.8203022253684520981 ) ) ;
#6064 = ORIENTED_EDGE ( 'NONE', *, *, #26, .T. ) ;
#6065 = DIRECTION ( 'NONE',  ( 1.000000000000000000, 0.000000000000000000, -1.224646799147349016E-16 ) ) ;
#6066 =( BOUNDED_CURVE ( )  B_SPLINE_CURVE ( 2, ( #5029, #1813, #4048, #4476, #6677, #1267, #3935, #5605, #5823 ),
 .UNSPECIFIED., .F., .F. ) 
 B_SPLINE_CURVE_WITH_KNOTS ( ( 3, 2, 2, 2, 3 ),
 ( 0.7045454545454545858, 0.7102272727272727071, 0.7159090909090909394, 0.7215909090909091717, 0.7272727272727272929 ),
 .UNSPECIFIED. ) 
 CURVE ( )  GEOMETRIC_REPRESENTATION_ITEM ( )  RATIONAL_B_SPLINE_CURVE ( ( 1.000000000000000000, 0.9238795325112867385, 1.000000000000000000, 0.9238795325112867385, 1.000000000000000000, 0.9238795325112867385, 1.000000000000000000, 0.9238795325112867385, 1.000000000000000000 ) ) 
 REPRESENTATION_ITEM ( '' )  );
#6067 = ORIENTED_EDGE ( 'NONE', *, *, #6164, .F. ) ;
#6068 = CC_DESIGN_DATE_AND_TIME_ASSIGNMENT ( #6505, #5969, ( #4996 ) ) ;
#6069 = EDGE_CURVE ( 'NONE', #99, #556, #3439, .T. ) ;
#6070 = ORIENTED_EDGE ( 'NONE', *, *, #2443, .F. ) ;
#6071 = CARTESIAN_POINT ( 'NONE',  ( 17.05000000000000426, 1.980384757729333201, 0.8203022253684517651 ) ) ;
#6072 = AXIS2_PLACEMENT_3D ( 'NONE', #1600, #3832, #6045 ) ;
#6073 = CARTESIAN_POINT ( 'NONE',  ( 16.75000000000001066, -1.980384757729361178, -0.8203022253684513210 ) ) ;
#6074 = CARTESIAN_POINT ( 'NONE',  ( 11.95000000000000639, -1.980384757729361400, -0.8203022253684514320 ) ) ;
#6075 = CARTESIAN_POINT ( 'NONE',  ( 7.875000000000003553, 2.543301270189218144, -6.229291519609281552E-16 ) ) ;
#6076 = ORIENTED_EDGE ( 'NONE', *, *, #6726, .T. ) ;
#6077 = CARTESIAN_POINT ( 'NONE',  ( 6.150000000000006573, 2.499999999999996003, -1.035533905932743526 ) ) ;
#6078 = CIRCLE ( 'NONE', #2598, 6.534737158183716588 ) ;
#6079 = CARTESIAN_POINT ( 'NONE',  ( 17.50000000000000000, -1.194030629168669588E-14, 0.000000000000000000 ) ) ;
#6080 = ORIENTED_EDGE ( 'NONE', *, *, #1399, .F. ) ;
#6081 =( BOUNDED_CURVE ( )  B_SPLINE_CURVE ( 2, ( #3507, #767, #197, #5717, #2262, #3542, #4484, #6153, #2916 ),
 .UNSPECIFIED., .F., .F. ) 
 B_SPLINE_CURVE_WITH_KNOTS ( ( 3, 2, 2, 2, 3 ),
 ( 0.4090909090909090606, 0.4147727272727272929, 0.4204545454545454142, 0.4261363636363636465, 0.4318181818181818787 ),
 .UNSPECIFIED. ) 
 CURVE ( )  GEOMETRIC_REPRESENTATION_ITEM ( )  RATIONAL_B_SPLINE_CURVE ( ( 1.000000000000000000, 0.9238795325112867385, 1.000000000000000000, 0.9238795325112867385, 1.000000000000000000, 0.9238795325112867385, 1.000000000000000000, 0.9238795325112867385, 1.000000000000000000 ) ) 
 REPRESENTATION_ITEM ( '' )  );
#6082 = EDGE_CURVE ( 'NONE', #3410, #3143, #4045, .T. ) ;
#6083 = CARTESIAN_POINT ( 'NONE',  ( -9.500000000000000000, 2.874999999999991118, 0.000000000000000000 ) ) ;
#6084 = CARTESIAN_POINT ( 'NONE',  ( -0.9355555555555938874, -3.582625322360782683, 4.173103856792866218 ) ) ;
#6085 = FACE_OUTER_BOUND ( 'NONE', #5082, .T. ) ;
#6086 = CARTESIAN_POINT ( 'NONE',  ( 9.400000000000003908, 2.499999999999996003, -6.123233995736789948E-16 ) ) ;
#6087 = CARTESIAN_POINT ( 'NONE',  ( 6.375000000000002665, 1.053469879313085666, 2.543301270189232799 ) ) ;
#6088 = CARTESIAN_POINT ( 'NONE',  ( 1.800000000000006484, 1.400343491548885266, -1.400343491548899699 ) ) ;
#6089 = CARTESIAN_POINT ( 'NONE',  ( 15.10000000000000320, 1.767766952966362215, 1.767766952966375982 ) ) ;
#6090 = ADVANCED_FACE ( 'NONE', ( #32 ), #2243, .T. ) ;
#6091 = CYLINDRICAL_SURFACE ( 'NONE', #1012, 2.500000000000008438 ) ;
#6092 = CARTESIAN_POINT ( 'NONE',  ( 13.75000000000000711, -2.500000000000023981, 1.035533905932742194 ) ) ;
#6093 = CARTESIAN_POINT ( 'NONE',  ( 3.950000000000005507, -1.980384757729361178, -0.8203022253684513210 ) ) ;
#6094 = DIRECTION ( 'NONE',  ( -1.224646799147353207E-16, 2.655529440325959183E-32, 1.000000000000000000 ) ) ;
#6095 = CARTESIAN_POINT ( 'NONE',  ( 10.85000000000000497, 0.8203022253684378873, 1.980384757729346967 ) ) ;
#6096 = DIRECTION ( 'NONE',  ( 2.168404344971008868E-16, 1.000000000000000000, -0.000000000000000000 ) ) ;
#6097 = ORIENTED_EDGE ( 'NONE', *, *, #706, .F. ) ;
#6098 = CARTESIAN_POINT ( 'NONE',  ( 2.900000000000003464, -1.400343491548913244, 1.400343491548899477 ) ) ;
#6099 = CARTESIAN_POINT ( 'NONE',  ( 2.650000000000005240, 1.980384757729332978, -0.8203022253684528753 ) ) ;
#6100 = CARTESIAN_POINT ( 'NONE',  ( 17.15000000000000568, 1.980384757729333201, 0.8203022253684517651 ) ) ;
#6101 = CARTESIAN_POINT ( 'NONE',  ( 5.350000000000002309, -1.980384757729360956, 0.8203022253684520981 ) ) ;
#6102 = ORIENTED_EDGE ( 'NONE', *, *, #1889, .F. ) ;
#6103 = CARTESIAN_POINT ( 'NONE',  ( -9.500000000000000000, 2.874999999999991118, 0.000000000000000000 ) ) ;
#6104 = ORIENTED_EDGE ( 'NONE', *, *, #4041, .F. ) ;
#6105 = CARTESIAN_POINT ( 'NONE',  ( 15.80000000000000071, -1.980384757729360956, 2.425271854633451269E-16 ) ) ;
#6106 = CARTESIAN_POINT ( 'NONE',  ( 13.10000000000000320, 1.400343491548885710, 1.400343491548899477 ) ) ;
#6107 = CARTESIAN_POINT ( 'NONE',  ( -9.500000000000000000, -2.695312500000006217, 0.000000000000000000 ) ) ;
#6108 = CARTESIAN_POINT ( 'NONE',  ( 6.825000000000005507, -1.053469879313114754, -2.543301270189232355 ) ) ;
#6109 = ORIENTED_EDGE ( 'NONE', *, *, #2579, .F. ) ;
#6110 = CARTESIAN_POINT ( 'NONE',  ( 3.000000000000003553, 1.767766952966361771, -1.767766952966376204 ) ) ;
#6111 = DIRECTION ( 'NONE',  ( -0.000000000000000000, -1.000000000000000000, -0.000000000000000000 ) ) ;
#6112 = TOROIDAL_SURFACE ( 'NONE', #2747, 5.056145703497868737, 0.1796875000000000000 ) ;
#6113 = CARTESIAN_POINT ( 'NONE',  ( 1.458198580993327331, 2.144064021799485520, -1.212984930022878105 ) ) ;
#6114 = VECTOR ( 'NONE', #4741, 1000.000000000000000 ) ;
#6115 = CARTESIAN_POINT ( 'NONE',  ( 16.22500000000000497, -2.543301270189245677, 1.053469879313099655 ) ) ;
#6116 = ORIENTED_EDGE ( 'NONE', *, *, #799, .F. ) ;
#6117 = CARTESIAN_POINT ( 'NONE',  ( 7.575000000000006395, -1.053469879313114754, -2.543301270189232355 ) ) ;
#6118 = CARTESIAN_POINT ( 'NONE',  ( 3.250000000000004441, -0.8203022253684666421, -1.980384757729346745 ) ) ;
#6119 = CARTESIAN_POINT ( 'NONE',  ( 9.950000000000006395, -2.500000000000024425, -1.035533905932741749 ) ) ;
#6120 = CARTESIAN_POINT ( 'NONE',  ( 1.119615242270668221, -1.374799880672092173E-14, 2.119615242270671107 ) ) ;
#6121 = TOROIDAL_SURFACE ( 'NONE', #4382, 5.056145703497868737, 0.1796875000000000000 ) ;
#6122 = DIRECTION ( 'NONE',  ( -1.000000000000000000, 2.104082812999166925E-16, 0.000000000000000000 ) ) ;
#6123 = CARTESIAN_POINT ( 'NONE',  ( 5.300000000000006040, -1.375652421508278441E-14, 1.980384757729347189 ) ) ;
#6124 = ADVANCED_FACE ( 'NONE', ( #5988 ), #561, .T. ) ;
#6125 = CARTESIAN_POINT ( 'NONE',  ( 12.75000000000000533, -1.980384757729361178, -0.8203022253684513210 ) ) ;
#6126 = LINE ( 'NONE', #2888, #494 ) ;
#6127 = ORIENTED_EDGE ( 'NONE', *, *, #7171, .F. ) ;
#6128 = CARTESIAN_POINT ( 'NONE',  ( 2.600000000000003197, 1.980384757729333201, -4.850543709266902538E-16 ) ) ;
#6129 = CARTESIAN_POINT ( 'NONE',  ( 3.500000000000004885, 1.980384757729333201, -4.850543709266902538E-16 ) ) ;
#6130 = CARTESIAN_POINT ( 'NONE',  ( 13.05000000000000604, 1.980384757729332534, -0.8203022253684530973 ) ) ;
#6131 = CARTESIAN_POINT ( 'NONE',  ( 2.900000000000003464, -1.400343491548913244, 1.400343491548899477 ) ) ;
#6132 = ORIENTED_EDGE ( 'NONE', *, *, #4437, .T. ) ;
#6133 = CARTESIAN_POINT ( 'NONE',  ( -9.500000000000000000, -2.875000000000007550, 0.000000000000000000 ) ) ;
#6134 = EDGE_CURVE ( 'NONE', #3539, #2418, #3232, .T. ) ;
#6135 = ORIENTED_EDGE ( 'NONE', *, *, #4352, .F. ) ;
#6136 = CARTESIAN_POINT ( 'NONE',  ( 14.60000000000000320, 1.980384757729333201, -4.850543709266902538E-16 ) ) ;
#6137 = CARTESIAN_POINT ( 'NONE',  ( 13.60000000000000320, -1.424157858600947694E-14, -1.980384757729347189 ) ) ;
#6138 = CARTESIAN_POINT ( 'NONE',  ( -4.443854296502130374, -2.695312500000008882, 0.000000000000000000 ) ) ;
#6139 = CARTESIAN_POINT ( 'NONE',  ( 12.55000000000000249, -1.980384757729360956, 0.8203022253684520981 ) ) ;
#6140 = CARTESIAN_POINT ( 'NONE',  ( 9.225000000000003197, -1.053469879313114754, -2.543301270189232355 ) ) ;
#6141 = VERTEX_POINT ( 'NONE', #4030 ) ;
#6142 = CARTESIAN_POINT ( 'NONE',  ( 5.100000000000003197, -2.500000000000023981, 3.061616997868394974E-16 ) ) ;
#6143 = AXIS2_PLACEMENT_3D ( 'NONE', #3926, #3962, #3449 ) ;
#6144 = CARTESIAN_POINT ( 'NONE',  ( 5.000000000000002665, 1.980384757729333201, -4.850543709266902538E-16 ) ) ;
#6145 = CARTESIAN_POINT ( 'NONE',  ( 16.90000000000000568, -1.372470695792103782E-14, 2.500000000000010214 ) ) ;
#6146 = DIRECTION ( 'NONE',  ( 0.000000000000000000, 1.000000000000000000, 0.000000000000000000 ) ) ;
#6147 = CARTESIAN_POINT ( 'NONE',  ( 18.17500000000000426, 1.798385574751151461, -1.798385574751166116 ) ) ;
#6148 = CARTESIAN_POINT ( 'NONE',  ( 9.600000000000004974, -1.372470695792103782E-14, 2.500000000000010214 ) ) ;
#6149 = ORIENTED_EDGE ( 'NONE', *, *, #3866, .F. ) ;
#6150 = CARTESIAN_POINT ( 'NONE',  ( 7.025000000000004796, 2.543301270189218144, -6.229291519609281552E-16 ) ) ;
#6151 = CARTESIAN_POINT ( 'NONE',  ( 17.47500000000000142, 2.543301270189218588, 1.053469879313099433 ) ) ;
#6152 = EDGE_CURVE ( 'NONE', #5690, #4457, #1945, .T. ) ;
#6153 = CARTESIAN_POINT ( 'NONE',  ( 8.450000000000004619, -1.035533905932757293, -2.500000000000010214 ) ) ;
#6154 = CARTESIAN_POINT ( 'NONE',  ( 1.286848811895978439, -2.013223627045233499, -1.094702718521226137 ) ) ;
#6155 = CARTESIAN_POINT ( 'NONE',  ( 16.67962885974978349, -0.9864879774502163245, -1.836776038519735366 ) ) ;
#6156 = CARTESIAN_POINT ( 'NONE',  ( 4.450000000000005507, 0.8203022253684378873, 1.980384757729346967 ) ) ;
#6157 = AXIS2_PLACEMENT_3D ( 'NONE', #5836, #850, #5869 ) ;
#6158 = AXIS2_PLACEMENT_3D ( 'NONE', #165, #775, #1316 ) ;
#6159 = CARTESIAN_POINT ( 'NONE',  ( 8.950000000000006395, 0.8203022253684382203, -1.980384757729346745 ) ) ;
#6160 = DIRECTION ( 'NONE',  ( 0.000000000000000000, -1.000000000000000000, -0.000000000000000000 ) ) ;
#6161 = ORIENTED_EDGE ( 'NONE', *, *, #5640, .T. ) ;
#6162 = CARTESIAN_POINT ( 'NONE',  ( 2.050000000000002931, -0.8203022253684655318, 1.980384757729346967 ) ) ;
#6163 = CARTESIAN_POINT ( 'NONE',  ( 3.200000000000005063, -1.400343491548913688, -1.400343491548899255 ) ) ;
#6164 = EDGE_CURVE ( 'NONE', #468, #3662, #6933, .T. ) ;
#6165 = CARTESIAN_POINT ( 'NONE',  ( 14.75000000000000888, 1.980384757729333201, 0.8203022253684517651 ) ) ;
#6166 = CARTESIAN_POINT ( 'NONE',  ( 2.350000000000003197, -0.8203022253684666421, -1.980384757729346745 ) ) ;
#6167 = EDGE_LOOP ( 'NONE', ( #2136, #7152, #2992, #5593 ) ) ;
#6168 = DIRECTION ( 'NONE',  ( -1.000000000000000000, 1.915009303283536250E-16, 0.000000000000000000 ) ) ;
#6169 = VERTEX_POINT ( 'NONE', #1291 ) ;
#6170 = ORIENTED_EDGE ( 'NONE', *, *, #3140, .T. ) ;
#6171 = CARTESIAN_POINT ( 'NONE',  ( 12.25000000000000711, 1.980384757729333201, 0.8203022253684517651 ) ) ;
#6172 = CARTESIAN_POINT ( 'NONE',  ( 13.20000000000000284, -1.375652421508278441E-14, 1.980384757729347189 ) ) ;
#6173 = ADVANCED_FACE ( 'NONE', ( #4569 ), #5318, .T. ) ;
#6174 = CARTESIAN_POINT ( 'NONE',  ( -5.652598279357875732, -4.000000000000006217, 4.711708202218399855E-16 ) ) ;
#6175 = CARTESIAN_POINT ( 'NONE',  ( 14.75000000000000355, 0.8203022253684378873, 1.980384757729347189 ) ) ;
#6176 = CARTESIAN_POINT ( 'NONE',  ( 3.925000000000003375, 2.543301270189218588, 1.053469879313099433 ) ) ;
#6177 = CARTESIAN_POINT ( 'NONE',  ( 7.300000000000004263, -1.372470695792103782E-14, 2.500000000000010214 ) ) ;
#6178 = CARTESIAN_POINT ( 'NONE',  ( 6.300000000000003375, -1.400343491548913688, -1.400343491548899255 ) ) ;
#6179 = CARTESIAN_POINT ( 'NONE',  ( 4.850000000000004086, -1.035533905932755516, 2.500000000000010214 ) ) ;
#6180 = CARTESIAN_POINT ( 'NONE',  ( 9.650000000000000355, 1.035533905932727983, 2.500000000000010214 ) ) ;
#6181 = CARTESIAN_POINT ( 'NONE',  ( 16.82500000000000284, 1.053469879313085666, 2.543301270189232799 ) ) ;
#6182 = DIRECTION ( 'NONE',  ( -2.168404344971008868E-16, -1.000000000000000000, 0.000000000000000000 ) ) ;
#6183 = EDGE_LOOP ( 'NONE', ( #4322, #3546, #6323, #2591 ) ) ;
#6184 = CARTESIAN_POINT ( 'NONE',  ( 7.225000000000004086, -1.372205551982422560E-14, 2.543301270189231911 ) ) ;
#6185 = CARTESIAN_POINT ( 'NONE',  ( 15.67500000000000426, 1.053469879313086111, -2.543301270189232355 ) ) ;
#6186 = CARTESIAN_POINT ( 'NONE',  ( -0.9397706338125146885, 2.615813991587096154, 1.048325749326867744E-15 ) ) ;
#6187 = LINE ( 'NONE', #3942, #2313 ) ;
#6188 = CARTESIAN_POINT ( 'NONE',  ( 16.92215955021505636, 1.373378436289108828, 1.895291616444232163 ) ) ;
#6189 = DIRECTION ( 'NONE',  ( 2.168404344971008868E-16, 1.000000000000000000, -0.000000000000000000 ) ) ;
#6190 = CARTESIAN_POINT ( 'NONE',  ( 2.850000000000005418, 0.8203022253684378873, 1.980384757729346967 ) ) ;
#6191 = ADVANCED_FACE ( 'NONE', ( #5624, #6235 ), #6852, .T. ) ;
#6192 = CARTESIAN_POINT ( 'NONE',  ( 7.950000000000006395, -1.980384757729361178, -0.8203022253684513210 ) ) ;
#6193 = CARTESIAN_POINT ( 'NONE',  ( 1.500000000000000888, -1.372470695792103940E-14, 2.500000000000005329 ) ) ;
#6194 = VERTEX_POINT ( 'NONE', #3521 ) ;
#6195 = CARTESIAN_POINT ( 'NONE',  ( 2.350000000000003197, -0.8203022253684666421, -1.980384757729346745 ) ) ;
#6196 = CARTESIAN_POINT ( 'NONE',  ( 4.250000000000005329, 1.980384757729332978, -0.8203022253684528753 ) ) ;
#6197 = CARTESIAN_POINT ( 'NONE',  ( 13.00000000000000711, 1.400343491548885266, -1.400343491548899699 ) ) ;
#6198 = CARTESIAN_POINT ( 'NONE',  ( 3.650000000000002132, -0.8203022253684655318, 1.980384757729347189 ) ) ;
#6199 = ORIENTED_EDGE ( 'NONE', *, *, #341, .T. ) ;
#6200 = DIRECTION ( 'NONE',  ( -0.000000000000000000, 1.000000000000000000, -0.000000000000000000 ) ) ;
#6201 = CARTESIAN_POINT ( 'NONE',  ( 14.17500000000000426, 2.543301270189217700, -1.053469879313101210 ) ) ;
#6202 = ORIENTED_EDGE ( 'NONE', *, *, #341, .F. ) ;
#6203 = CARTESIAN_POINT ( 'NONE',  ( 11.55000000000000249, 0.8203022253684378873, 1.980384757729346967 ) ) ;
#6204 = CARTESIAN_POINT ( 'NONE',  ( 13.70000000000000462, 1.400343491548885266, -1.400343491548899699 ) ) ;
#6205 = AXIS2_PLACEMENT_3D ( 'NONE', #1892, #6994, #1436 ) ;
#6206 = FACE_OUTER_BOUND ( 'NONE', #883, .T. ) ;
#6207 = CARTESIAN_POINT ( 'NONE',  ( 11.80000000000000249, -1.980384757729360956, 2.425271854633451269E-16 ) ) ;
#6208 = CARTESIAN_POINT ( 'NONE',  ( -6.314245482351327432, 2.249999999999988010, -6.993439963536125958 ) ) ;
#6209 = CARTESIAN_POINT ( 'NONE',  ( 6.025000000000004796, -1.053469879313114754, -2.543301270189232355 ) ) ;
#6210 = CARTESIAN_POINT ( 'NONE',  ( -6.635278514588854648, -0.3809159275147976365, -7.469496021220156656 ) ) ;
#6211 = EDGE_CURVE ( 'NONE', #4651, #4974, #1877, .T. ) ;
#6212 = CARTESIAN_POINT ( 'NONE',  ( 5.700000000000001954, 1.400343491548885266, -1.400343491548899699 ) ) ;
#6213 = CARTESIAN_POINT ( 'NONE',  ( -2.027014441497236863, -2.973028707027602913, -4.865726645792369354 ) ) ;
#6214 = CARTESIAN_POINT ( 'NONE',  ( 1.373205080756894958, 5.666982843468531705E-14, -2.373205080756899843 ) ) ;
#6215 = CARTESIAN_POINT ( 'NONE',  ( 14.87500000000000533, -1.434498467178515336E-14, -2.543301270189231911 ) ) ;
#6216 = CARTESIAN_POINT ( 'NONE',  ( 3.500000000000004441, -2.500000000000023981, 3.061616997868394974E-16 ) ) ;
#6217 = VERTEX_POINT ( 'NONE', #3483 ) ;
#6218 = CARTESIAN_POINT ( 'NONE',  ( 2.525000000000003020, -1.798385574751179439, 1.798385574751165894 ) ) ;
#6219 = CARTESIAN_POINT ( 'NONE',  ( 17.22500000000000497, -1.434498467178515336E-14, -2.543301270189231911 ) ) ;
#6220 = AXIS2_PLACEMENT_3D ( 'NONE', #6461, #4155, #5888 ) ;
#6221 = CARTESIAN_POINT ( 'NONE',  ( 12.40000000000000568, -1.433703035749471672E-14, -2.500000000000010214 ) ) ;
#6222 = CARTESIAN_POINT ( 'NONE',  ( -2.886550239926170658, -2.615813991587112142, 5.435053732275155980 ) ) ;
#6223 = CARTESIAN_POINT ( 'NONE',  ( 16.72493091647467978, 0.1472305192560668108, -2.124930916474687681 ) ) ;
#6224 = CARTESIAN_POINT ( 'NONE',  ( 5.250000000000006217, 0.8203022253684378873, 1.980384757729346967 ) ) ;
#6225 = VERTEX_POINT ( 'NONE', #6276 ) ;
#6226 = CARTESIAN_POINT ( 'NONE',  ( 7.400000000000003908, -2.500000000000023981, 3.061616997868394974E-16 ) ) ;
#6227 = CARTESIAN_POINT ( 'NONE',  ( 7.600000000000005862, 1.400343491548885710, 1.400343491548899477 ) ) ;
#6228 = CARTESIAN_POINT ( 'NONE',  ( 6.400000000000004796, 1.767766952966362215, 1.767766952966375982 ) ) ;
#6229 = ORIENTED_EDGE ( 'NONE', *, *, #565, .F. ) ;
#6230 = CARTESIAN_POINT ( 'NONE',  ( 4.200000000000001954, 1.980384757729333201, -4.850543709266902538E-16 ) ) ;
#6231 = CARTESIAN_POINT ( 'NONE',  ( 4.900000000000004796, -1.424157858600947694E-14, -1.980384757729347189 ) ) ;
#6232 = CARTESIAN_POINT ( 'NONE',  ( 13.95000000000000462, 1.980384757729333201, 0.8203022253684517651 ) ) ;
#6233 = CARTESIAN_POINT ( 'NONE',  ( 3.050000000000002487, -1.980384757729361400, -0.8203022253684514320 ) ) ;
#6234 = ORIENTED_EDGE ( 'NONE', *, *, #997, .T. ) ;
#6235 = FACE_OUTER_BOUND ( 'NONE', #5287, .T. ) ;
#6236 = CARTESIAN_POINT ( 'NONE',  ( 14.77500000000000568, -1.053469879313114754, -2.543301270189232355 ) ) ;
#6237 = ORIENTED_EDGE ( 'NONE', *, *, #6251, .F. ) ;
#6238 = ADVANCED_FACE ( 'NONE', ( #4108 ), #1480, .T. ) ;
#6239 = CARTESIAN_POINT ( 'NONE',  ( 13.15000000000000213, 0.8203022253684378873, 1.980384757729346967 ) ) ;
#6240 = CARTESIAN_POINT ( 'NONE',  ( 11.95000000000000284, -0.8203022253684666421, -1.980384757729346745 ) ) ;
#6241 = EDGE_CURVE ( 'NONE', #2973, #6978, #4972, .T. ) ;
#6242 = CARTESIAN_POINT ( 'NONE',  ( 14.80000000000000426, -1.375652421508278441E-14, 1.980384757729347189 ) ) ;
#6243 = CARTESIAN_POINT ( 'NONE',  ( -2.027014441497236863, -5.102791407854944392E-15, 0.000000000000000000 ) ) ;
#6244 = CARTESIAN_POINT ( 'NONE',  ( 4.875000000000004441, -1.372205551982422560E-14, 2.543301270189231911 ) ) ;
#6245 = PLANE ( 'NONE',  #2156 ) ;
#6246 = ORIENTED_EDGE ( 'NONE', *, *, #2425, .T. ) ;
#6247 = CARTESIAN_POINT ( 'NONE',  ( 5.650000000000002132, 0.8203022253684382203, -1.980384757729346745 ) ) ;
#6248 =( BOUNDED_CURVE ( )  B_SPLINE_CURVE ( 2, ( #6967, #1444, #3161, #3091, #3129 ),
 .UNSPECIFIED., .F., .F. ) 
 B_SPLINE_CURVE_WITH_KNOTS ( ( 3, 2, 3 ),
 ( 0.7738507768020346234, 0.7784090909090909394, 0.7840909090909090606 ),
 .UNSPECIFIED. ) 
 CURVE ( )  GEOMETRIC_REPRESENTATION_ITEM ( )  RATIONAL_B_SPLINE_CURVE ( ( 0.9758489688276528184, 0.9389313438610444873, 1.000000000000000000, 0.9238795325112867385, 1.000000000000000000 ) ) 
 REPRESENTATION_ITEM ( '' )  );
#6249 = DIRECTION ( 'NONE',  ( 0.000000000000000000, 0.000000000000000000, -1.000000000000000000 ) ) ;
#6250 = CARTESIAN_POINT ( 'NONE',  ( 9.400000000000005684, 1.767766952966361771, -1.767766952966376204 ) ) ;
#6251 = EDGE_CURVE ( 'NONE', #2210, #5802, #5551, .T. ) ;
#6252 = CARTESIAN_POINT ( 'NONE',  ( 15.52500000000000391, -2.543301270189246122, -1.053469879313099211 ) ) ;
#6253 = CARTESIAN_POINT ( 'NONE',  ( 5.650000000000003020, 1.035533905932727983, 2.500000000000010214 ) ) ;
#6254 = AXIS2_PLACEMENT_3D ( 'NONE', #2395, #69, #3381 ) ;
#6255 = EDGE_LOOP ( 'NONE', ( #5568, #3282, #4562, #4954 ) ) ;
#6256 = CARTESIAN_POINT ( 'NONE',  ( 4.975000000000004086, -2.543301270189245677, 1.053469879313099655 ) ) ;
#6257 = CARTESIAN_POINT ( 'NONE',  ( 16.77500000000000568, 1.053469879313085666, 2.543301270189232799 ) ) ;
#6258 = DIRECTION ( 'NONE',  ( -2.168404344971008868E-16, -1.000000000000000000, 0.000000000000000000 ) ) ;
#6259 = CARTESIAN_POINT ( 'NONE',  ( 2.450000000000005063, -1.035533905932755516, 2.500000000000010214 ) ) ;
#6260 = CARTESIAN_POINT ( 'NONE',  ( 1.223678455000449361, -2.138828551103761466, 0.6257644478602625293 ) ) ;
#6261 = CARTESIAN_POINT ( 'NONE',  ( 6.900000000000004796, -1.433703035749471672E-14, -2.500000000000010214 ) ) ;
#6262 = EDGE_CURVE ( 'NONE', #610, #4096, #4266, .T. ) ;
#6263 = CARTESIAN_POINT ( 'NONE',  ( -1.661328500785990814, 3.135600004480988634, 4.602036267548587745 ) ) ;
#6264 = ORIENTED_EDGE ( 'NONE', *, *, #5208, .T. ) ;
#6265 =( BOUNDED_CURVE ( )  B_SPLINE_CURVE ( 2, ( #3309, #3237, #3204, #1049, #5, #3782, #408, #5995, #5424, #4881, #1663, #2765, #3272, #4987, #7046, #2216, #6638, #2626, #6498, #1521, #5488, #3752, #980, #1015, #447, #7081, #2106, #4333, #7113, #2140, #4367, #6566, #1590, #143, #2396, #3963, #6242, #6175, #4618, #683, #6707, #2800, #1257, #3415, #5703, #1222, #719, #2867, #37, #3490, #2902, #2940, #1846, #2831, #5023, #5630, #2248, #4576, #4468, #5162, #1298, #2356, #6822, #1189, #183, #647, #4079, #5125, #1730, #6283, #6779, #1804, #5566, #3450, #5667, #586, #6669, #1695, #3927, #4037, #5089, #6139, #1157, #3382, #105, #5599, #2320, #616, #5053, #70, #2282, #4507, #4540, #6742, #1766, #3998, #6207, #5235, #6351, #793, #4799, #1407, #259, #3015, #292, #6966, #1443, #5347, #1993, #4657, #1335, #4220, #3642, #2475, #3675, #4188, #6999, #3090, #2979, #6422, #4692, #5850, #5884, #903, #3128, #864, #5307, #3052, #365, #4150, #328, #2581, #6931, #2026, #2439, #4728, #223, #6893, #6858, #2546, #3567, #4765, #4254, #6456, #5201, #3530, #1885, #5815, #1373, #5741, #754, #4115, #6319, #1958, #2508, #5782, #1921, #3606, #828, #5269, #6389, #4291, #3745, #2754, #2718, #2133, #6026, #939, #3265, #3301, #7176, #399, #6593, #6558, #5517, #3813, #2654, #6063, #5483, #507, #2207, #4360, #3848, #5987, #3160, #2617, #1076, #1618, #1582, #5920, #4833, #4428, #3776, #1041, #6526, #5956, #540, #7036, #972, #1514, #1479, #7140, #3711, #4979, #2170, #4393, #2098, #5380, #2061, #4939, #3195, #5415, #5449, #6491, #438, #4871, #7072, #4326, #1006, #1547, #3231, #472, #2686, #4908, #7107, #6101, #2894, #3372, #2929, #62, #5153, #4461, #5590, #4531, #1180, #2857, #577, #133, #3339, #1248, #608, #5557, #639, #2792, #1148, #5015, #6733, #6662, #5117, #172, #2346, #4567, #1213, #1756, #2385, #6769, #1793, #3988, #3886, #6198, #30, #5622, #2241, #1687, #4028, #3954, #3481, #3918, #5081, #6630, #98, #6233, #3441, #5658, #6131, #2310, #4497, #2822, #674, #3406, #2275, #5695, #5046, #6699, #1720, #6166, #711, #1654, #1115, #4607, #5190, #6956, #5297, #6380, #1433, #3005, #319, #5226, #6341, #820, #5731, #4178, #1984, #3042, #3080, #3519, #5807, #1289, #6310 ),
 .UNSPECIFIED., .F., .F. ) 
 B_SPLINE_CURVE_WITH_KNOTS ( ( 3, 2, 2, 2, 2, 2, 2, 2, 2, 2, 2, 2, 2, 2, 2, 2, 2, 2, 2, 2, 2, 2, 2, 2, 2, 2, 2, 2, 2, 2, 2, 2, 2, 2, 2, 2, 2, 2, 2, 2, 2, 2, 2, 2, 2, 2, 2, 2, 2, 2, 2, 2, 2, 2, 2, 2, 2, 2, 2, 2, 2, 2, 2, 2, 2, 2, 2, 2, 2, 2, 2, 2, 2, 2, 2, 2, 2, 2, 2, 2, 2, 2, 2, 2, 2, 2, 2, 2, 2, 2, 2, 2, 2, 2, 2, 2, 2, 2, 2, 2, 2, 2, 2, 2, 2, 2, 2, 2, 2, 2, 2, 2, 2, 2, 2, 2, 2, 2, 2, 2, 2, 2, 2, 2, 2, 2, 2, 2, 2, 2, 2, 2, 2, 2, 2, 2, 2, 2, 2, 2, 2, 2, 2, 2, 2, 2, 2, 2, 2, 2, 2, 2, 2, 2, 3 ),
 ( 0.1147934916011598971, 0.1193181818181818232, 0.1250000000000000000, 0.1306818181818181768, 0.1363636363636363535, 0.1420454545454545581, 0.1477272727272727348, 0.1534090909090909116, 0.1590909090909090884, 0.1647727272727272652, 0.1704545454545454419, 0.1761363636363636465, 0.1818181818181818232, 0.1875000000000000000, 0.1931818181818181768, 0.1988636363636363535, 0.2045454545454545581, 0.2102272727272727348, 0.2159090909090909116, 0.2215909090909090884, 0.2272727272727272652, 0.2329545454545454419, 0.2386363636363636465, 0.2443181818181818232, 0.2500000000000000000, 0.2556818181818181768, 0.2613636363636363535, 0.2670454545454545858, 0.2727272727272727071, 0.2784090909090908839, 0.2840909090909091161, 0.2897727272727272929, 0.2954545454545454697, 0.3011363636363636465, 0.3068181818181818232, 0.3125000000000000000, 0.3181818181818181213, 0.3238636363636363535, 0.3295454545454545303, 0.3352272727272727071, 0.3409090909090908839, 0.3465909090909091161, 0.3522727272727272929, 0.3579545454545454697, 0.3636363636363636465, 0.3693181818181818787, 0.3750000000000000000, 0.3806818181818182323, 0.3863636363636363535, 0.3920454545454545858, 0.3977272727272727071, 0.4034090909090909394, 0.4090909090909091717, 0.4147727272727272929, 0.4204545454545455252, 0.4261363636363636465, 0.4318181818181818787, 0.4375000000000000000, 0.4431818181818182323, 0.4488636363636363535, 0.4545454545454545858, 0.4602272727272727071, 0.4659090909090909394, 0.4715909090909091717, 0.4772727272727272929, 0.4829545454545454142, 0.4886363636363636465, 0.4943181818181818787, 0.5000000000000000000, 0.5056818181818182323, 0.5113636363636363535, 0.5170454545454545858, 0.5227272727272727071, 0.5284090909090909394, 0.5340909090909090606, 0.5397727272727272929, 0.5454545454545454142, 0.5511363636363636465, 0.5568181818181817677, 0.5625000000000000000, 0.5681818181818182323, 0.5738636363636363535, 0.5795454545454545858, 0.5852272727272727071, 0.5909090909090909394, 0.5965909090909090606, 0.6022727272727272929, 0.6079545454545453032, 0.6136363636363636465, 0.6193181818181817677, 0.6250000000000000000, 0.6306818181818182323, 0.6363636363636363535, 0.6420454545454545858, 0.6477272727272727071, 0.6534090909090909394, 0.6590909090909090606, 0.6647727272727272929, 0.6704545454545454142, 0.6761363636363636465, 0.6818181818181817677, 0.6875000000000000000, 0.6931818181818182323, 0.6988636363636363535, 0.7045454545454545858, 0.7102272727272727071, 0.7159090909090909394, 0.7215909090909090606, 0.7272727272727272929, 0.7329545454545454142, 0.7386363636363636465, 0.7443181818181817677, 0.7500000000000000000, 0.7556818181818182323, 0.7613636363636363535, 0.7670454545454545858, 0.7727272727272727071, 0.7784090909090909394, 0.7840909090909090606, 0.7897727272727272929, 0.7954545454545454142, 0.8011363636363636465, 0.8068181818181818787, 0.8125000000000000000, 0.8181818181818182323, 0.8238636363636363535, 0.8295454545454545858, 0.8352272727272727071, 0.8409090909090909394, 0.8465909090909090606, 0.8522727272727272929, 0.8579545454545453032, 0.8636363636363636465, 0.8693181818181817677, 0.8750000000000000000, 0.8806818181818182323, 0.8863636363636364646, 0.8920454545454545858, 0.8977272727272727071, 0.9034090909090909394, 0.9090909090909089496, 0.9147727272727272929, 0.9204545454545454142, 0.9261363636363636465, 0.9318181818181817677, 0.9375000000000001110, 0.9431818181818182323, 0.9488636363636363535, 0.9545454545454545858, 0.9602272727272725961, 0.9659090909090909394, 0.9715909090909090606, 0.9772727272727272929, 0.9829545454545454142, 0.9886363636363637575 ),
 .UNSPECIFIED. ) 
 CURVE ( )  GEOMETRIC_REPRESENTATION_ITEM ( )  RATIONAL_B_SPLINE_CURVE ( ( 0.9753096629721129673, 0.9393818099172084324, 1.000000000000000000, 0.9238795325112867385, 1.000000000000000000, 0.9238795325112867385, 1.000000000000000000, 0.9238795325112867385, 1.000000000000000000, 0.9238795325112867385, 1.000000000000000000, 0.9238795325112867385, 1.000000000000000000, 0.9238795325112867385, 1.000000000000000000, 0.9238795325112867385, 1.000000000000000000, 0.9238795325112867385, 1.000000000000000000, 0.9238795325112867385, 1.000000000000000000, 0.9238795325112867385, 1.000000000000000000, 0.9238795325112867385, 1.000000000000000000, 0.9238795325112867385, 1.000000000000000000, 0.9238795325112867385, 1.000000000000000000, 0.9238795325112867385, 1.000000000000000000, 0.9238795325112867385, 1.000000000000000000, 0.9238795325112867385, 1.000000000000000000, 0.9238795325112867385, 1.000000000000000000, 0.9238795325112867385, 1.000000000000000000, 0.9238795325112867385, 1.000000000000000000, 0.9238795325112867385, 1.000000000000000000, 0.9238795325112867385, 1.000000000000000000, 0.9238795325112867385, 1.000000000000000000, 0.9238795325112867385, 1.000000000000000000, 0.9238795325112867385, 1.000000000000000000, 0.9238795325112867385, 1.000000000000000000, 0.9238795325112867385, 1.000000000000000000, 0.9238795325112867385, 1.000000000000000000, 0.9238795325112867385, 1.000000000000000000, 0.9238795325112867385, 1.000000000000000000, 0.9238795325112867385, 1.000000000000000000, 0.9238795325112867385, 1.000000000000000000, 0.9238795325112867385, 1.000000000000000000, 0.9238795325112867385, 1.000000000000000000, 0.9238795325112867385, 1.000000000000000000, 0.9238795325112867385, 1.000000000000000000, 0.9238795325112867385, 1.000000000000000000, 0.9238795325112867385, 1.000000000000000000, 0.9238795325112867385, 1.000000000000000000, 0.9238795325112867385, 1.000000000000000000, 0.9238795325112867385, 1.000000000000000000, 0.9238795325112867385, 1.000000000000000000, 0.9238795325112867385, 1.000000000000000000, 0.9238795325112867385, 1.000000000000000000, 0.9238795325112867385, 1.000000000000000000, 0.9238795325112867385, 1.000000000000000000, 0.9238795325112867385, 1.000000000000000000, 0.9238795325112867385, 1.000000000000000000, 0.9238795325112867385, 1.000000000000000000, 0.9238795325112867385, 1.000000000000000000, 0.9238795325112867385, 1.000000000000000000, 0.9238795325112867385, 1.000000000000000000, 0.9238795325112867385, 1.000000000000000000, 0.9238795325112867385, 1.000000000000000000, 0.9238795325112867385, 1.000000000000000000, 0.9238795325112867385, 1.000000000000000000, 0.9238795325112867385, 1.000000000000000000, 0.9238795325112867385, 1.000000000000000000, 0.9238795325112867385, 1.000000000000000000, 0.9238795325112867385, 1.000000000000000000, 0.9238795325112867385, 1.000000000000000000, 0.9238795325112867385, 1.000000000000000000, 0.9238795325112867385, 1.000000000000000000, 0.9238795325112867385, 1.000000000000000000, 0.9238795325112867385, 1.000000000000000000, 0.9238795325112867385, 1.000000000000000000, 0.9238795325112867385, 1.000000000000000000, 0.9238795325112867385, 1.000000000000000000, 0.9238795325112867385, 1.000000000000000000, 0.9238795325112867385, 1.000000000000000000, 0.9238795325112867385, 1.000000000000000000, 0.9238795325112867385, 1.000000000000000000, 0.9238795325112867385, 1.000000000000000000, 0.9238795325112867385, 1.000000000000000000, 0.9238795325112867385, 1.000000000000000000, 0.9238795325112867385, 1.000000000000000000, 0.9238795325112867385, 1.000000000000000000, 0.9238795325112867385, 1.000000000000000000, 0.9238795325112867385, 1.000000000000000000, 0.9238795325112867385, 1.000000000000000000, 0.9238795325112867385, 1.000000000000000000, 0.9238795325112867385, 1.000000000000000000, 0.9238795325112867385, 1.000000000000000000, 0.9238795325112867385, 1.000000000000000000, 0.9238795325112867385, 1.000000000000000000, 0.9238795325112867385, 1.000000000000000000, 0.9238795325112867385, 1.000000000000000000, 0.9238795325112867385, 1.000000000000000000, 0.9238795325112867385, 1.000000000000000000, 0.9238795325112867385, 1.000000000000000000, 0.9238795325112867385, 1.000000000000000000, 0.9238795325112867385, 1.000000000000000000, 0.9238795325112867385, 1.000000000000000000, 0.9238795325112867385, 1.000000000000000000, 0.9238795325112867385, 1.000000000000000000, 0.9238795325112867385, 1.000000000000000000, 0.9238795325112867385, 1.000000000000000000, 0.9238795325112867385, 1.000000000000000000, 0.9238795325112867385, 1.000000000000000000, 0.9238795325112867385, 1.000000000000000000, 0.9238795325112867385, 1.000000000000000000, 0.9238795325112867385, 1.000000000000000000, 0.9238795325112867385, 1.000000000000000000, 0.9238795325112867385, 1.000000000000000000, 0.9238795325112867385, 1.000000000000000000, 0.9238795325112867385, 1.000000000000000000, 0.9238795325112867385, 1.000000000000000000, 0.9238795325112867385, 1.000000000000000000, 0.9238795325112867385, 1.000000000000000000, 0.9238795325112867385, 1.000000000000000000, 0.9238795325112867385, 1.000000000000000000, 0.9238795325112867385, 1.000000000000000000, 0.9238795325112867385, 1.000000000000000000, 0.9238795325112867385, 1.000000000000000000, 0.9238795325112867385, 1.000000000000000000, 0.9238795325112867385, 1.000000000000000000, 0.9238795325112867385, 1.000000000000000000, 0.9238795325112867385, 1.000000000000000000, 0.9238795325112867385, 1.000000000000000000, 0.9238795325112867385, 1.000000000000000000, 0.9238795325112867385, 1.000000000000000000, 0.9238795325112867385, 1.000000000000000000, 0.9238795325112867385, 1.000000000000000000, 0.9238795325112867385, 1.000000000000000000, 0.9238795325112867385, 1.000000000000000000, 0.9238795325112867385, 1.000000000000000000, 0.9238795325112867385, 1.000000000000000000, 0.9238795325112867385, 1.000000000000000000, 0.9238795325112867385, 1.000000000000000000, 0.9238795325112867385, 1.000000000000000000, 0.9238795325112867385, 1.000000000000000000, 0.9238795325112867385, 1.000000000000000000, 0.9238795325112867385, 1.000000000000000000, 0.9238795325112867385, 1.000000000000000000, 0.9238795325112867385, 1.000000000000000000, 0.9238795325112867385, 1.000000000000000000, 0.9238795325112867385, 1.000000000000000000, 0.9238795325112867385, 1.000000000000000000, 0.9238795325112867385, 1.000000000000000000, 0.9238795325112867385, 1.000000000000000000, 0.9238795325112867385, 1.000000000000000000, 0.9238795325112867385, 1.000000000000000000, 0.9238795325112867385, 1.000000000000000000, 0.9238795325112867385, 1.000000000000000000, 0.9238795325112867385, 1.000000000000000000, 0.9238795325112867385, 1.000000000000000000, 0.9238795325112867385, 1.000000000000000000, 0.9238795325112867385, 1.000000000000000000, 0.9238795325112867385, 1.000000000000000000, 0.9238795325112867385, 1.000000000000000000, 0.9238795325112867385, 1.000000000000000000, 0.9238795325112867385, 1.000000000000000000, 0.9238795325112867385, 1.000000000000000000, 0.9238795325112867385, 1.000000000000000000 ) ) 
 REPRESENTATION_ITEM ( '' )  );
#6266 = CARTESIAN_POINT ( 'NONE',  ( -15.91115970398492685, 2.874999999999994671, 0.000000000000000000 ) ) ;
#6267 = CARTESIAN_POINT ( 'NONE',  ( 7.000000000000006217, -1.400343491548913244, 1.400343491548899477 ) ) ;
#6268 = DIRECTION ( 'NONE',  ( 1.000000000000000000, -0.000000000000000000, -0.000000000000000000 ) ) ;
#6269 = EDGE_LOOP ( 'NONE', ( #983, #2808, #1798, #1153, #625, #3844, #3240 ) ) ;
#6270 = CARTESIAN_POINT ( 'NONE',  ( 1.300000000000006040, -1.375652421508278441E-14, 1.980384757729347189 ) ) ;
#6271 = CARTESIAN_POINT ( 'NONE',  ( -0.9355555555555938874, -3.582625322360782683, 4.173103856792866218 ) ) ;
#6272 = CARTESIAN_POINT ( 'NONE',  ( 14.35000000000000497, -1.980384757729361178, -0.8203022253684513210 ) ) ;
#6273 = CIRCLE ( 'NONE', #3841, 0.1796874999999992784 ) ;
#6274 = LINE ( 'NONE', #4105, #1447 ) ;
#6275 = ORIENTED_EDGE ( 'NONE', *, *, #3728, .F. ) ;
#6276 = CARTESIAN_POINT ( 'NONE',  ( 4.100000000000004086, -1.372470695792103782E-14, 2.500000000000010214 ) ) ;
#6277 = CARTESIAN_POINT ( 'NONE',  ( 13.67500000000000604, -1.053469879313113200, 2.543301270189232799 ) ) ;
#6278 = ORIENTED_EDGE ( 'NONE', *, *, #4446, .F. ) ;
#6279 = CARTESIAN_POINT ( 'NONE',  ( 11.85000000000000320, -1.980384757729361178, -0.8203022253684513210 ) ) ;
#6280 = CARTESIAN_POINT ( 'NONE',  ( 8.550000000000002487, -1.980384757729360956, 0.8203022253684520981 ) ) ;
#6281 = CARTESIAN_POINT ( 'NONE',  ( 11.50000000000000711, 1.980384757729333201, -4.850543709266902538E-16 ) ) ;
#6282 = CARTESIAN_POINT ( 'NONE',  ( 3.950000000000003730, 2.499999999999996447, 1.035533905932741972 ) ) ;
#6283 = CARTESIAN_POINT ( 'NONE',  ( 13.15000000000000213, 0.8203022253684378873, 1.980384757729347189 ) ) ;
#6284 = FACE_OUTER_BOUND ( 'NONE', #1673, .T. ) ;
#6285 = CARTESIAN_POINT ( 'NONE',  ( 6.425000000000002487, 1.053469879313085666, 2.543301270189232799 ) ) ;
#6286 = EDGE_CURVE ( 'NONE', #1996, #748, #1849, .T. ) ;
#6287 = CARTESIAN_POINT ( 'NONE',  ( -9.500000000000000000, 2.874999999999991118, 0.000000000000000000 ) ) ;
#6288 = ORIENTED_EDGE ( 'NONE', *, *, #4666, .F. ) ;
#6289 = CARTESIAN_POINT ( 'NONE',  ( 7.200000000000002842, -1.424157858600947694E-14, -1.980384757729347189 ) ) ;
#6290 = CARTESIAN_POINT ( 'NONE',  ( 6.700000000000005507, -1.767766952966390193, -1.767766952966375760 ) ) ;
#6291 = CARTESIAN_POINT ( 'NONE',  ( 15.77500000000000391, 1.798385574751151461, -1.798385574751166116 ) ) ;
#6292 = ORIENTED_EDGE ( 'NONE', *, *, #5827, .T. ) ;
#6293 = CARTESIAN_POINT ( 'NONE',  ( 4.775000000000006573, 1.053469879313085666, 2.543301270189232799 ) ) ;
#6294 = FACE_OUTER_BOUND ( 'NONE', #3436, .T. ) ;
#6295 = ADVANCED_FACE ( 'NONE', ( #5697 ), #713, .T. ) ;
#6296 = CARTESIAN_POINT ( 'NONE',  ( -6.635277415678068280, 2.249999999999969802, 7.122560249999720483 ) ) ;
#6297 = CIRCLE ( 'NONE', #3170, 4.876458203497868737 ) ;
#6298 = DIRECTION ( 'NONE',  ( -1.000000000000000000, 1.778671531248328491E-16, 0.000000000000000000 ) ) ;
#6299 = DIRECTION ( 'NONE',  ( -2.168404344971008868E-16, -1.000000000000000000, 0.000000000000000000 ) ) ;
#6300 = CARTESIAN_POINT ( 'NONE',  ( -16.03473715818371659, 2.874999999999995115, 8.161450601832278953E-16 ) ) ;
#6301 = ORIENTED_EDGE ( 'NONE', *, *, #2487, .T. ) ;
#6302 = DIRECTION ( 'NONE',  ( -1.000000000000000000, 2.168404344971009115E-16, 0.000000000000000000 ) ) ;
#6303 = CARTESIAN_POINT ( 'NONE',  ( 9.850000000000006750, 1.980384757729332534, -0.8203022253684530973 ) ) ;
#6304 = CARTESIAN_POINT ( 'NONE',  ( 2.700000000000003730, -2.500000000000023981, 3.061616997868394974E-16 ) ) ;
#6305 = ADVANCED_FACE ( 'NONE', ( #215 ), #2431, .F. ) ;
#6306 = ORIENTED_EDGE ( 'NONE', *, *, #6645, .T. ) ;
#6307 = CARTESIAN_POINT ( 'NONE',  ( 17.50000000000000000, -1.194030629168669588E-14, 0.000000000000000000 ) ) ;
#6308 = DIRECTION ( 'NONE',  ( -1.000000000000000000, 0.000000000000000000, 0.000000000000000000 ) ) ;
#6309 = CARTESIAN_POINT ( 'NONE',  ( 11.50000000000000711, 1.980384757729333201, -4.850543709266902538E-16 ) ) ;
#6310 = CARTESIAN_POINT ( 'NONE',  ( 1.200000000000003064, -1.375652421508278441E-14, 1.980384757729347189 ) ) ;
#6311 = CARTESIAN_POINT ( 'NONE',  ( 17.25000000000000355, -0.8203022253684655318, 1.980384757729346967 ) ) ;
#6312 = ORIENTED_EDGE ( 'NONE', *, *, #619, .T. ) ;
#6313 = CARTESIAN_POINT ( 'NONE',  ( 3.800000000000003819, 2.499999999999996003, -6.123233995736789948E-16 ) ) ;
#6314 = CARTESIAN_POINT ( 'NONE',  ( 12.97500000000000320, -2.543301270189245677, 1.053469879313099655 ) ) ;
#6315 = CARTESIAN_POINT ( 'NONE',  ( 9.650000000000003908, 0.8203022253684382203, -1.980384757729346745 ) ) ;
#6316 = CARTESIAN_POINT ( 'NONE',  ( 9.450000000000004619, -1.980384757729361178, -0.8203022253684513210 ) ) ;
#6317 = CARTESIAN_POINT ( 'NONE',  ( 11.25000000000000711, -0.8203022253684666421, -1.980384757729346745 ) ) ;
#6318 = CARTESIAN_POINT ( 'NONE',  ( 3.200000000000003286, -1.424157858600947694E-14, -1.980384757729347189 ) ) ;
#6319 = CARTESIAN_POINT ( 'NONE',  ( 9.000000000000003553, 1.980384757729333201, -4.850543709266902538E-16 ) ) ;
#6320 = LINE ( 'NONE', #1299, #6926 ) ;
#6321 = CARTESIAN_POINT ( 'NONE',  ( 5.975000000000004974, -1.798385574751180105, -1.798385574751165450 ) ) ;
#6322 = DIRECTION ( 'NONE',  ( -1.000000000000000000, 0.000000000000000000, 0.000000000000000000 ) ) ;
#6323 = ORIENTED_EDGE ( 'NONE', *, *, #181, .T. ) ;
#6324 = DIRECTION ( 'NONE',  ( 2.168404344971008868E-16, 1.000000000000000000, -0.000000000000000000 ) ) ;
#6325 = CARTESIAN_POINT ( 'NONE',  ( 16.20000000000000639, 1.400343491548885266, -1.400343491548899699 ) ) ;
#6326 = CARTESIAN_POINT ( 'NONE',  ( 12.97500000000000320, -1.798385574751179439, 1.798385574751165894 ) ) ;
#6327 = ORIENTED_EDGE ( 'NONE', *, *, #2042, .F. ) ;
#6328 = CARTESIAN_POINT ( 'NONE',  ( 4.375000000000003553, -1.053469879313114754, -2.543301270189232355 ) ) ;
#6329 = CARTESIAN_POINT ( 'NONE',  ( 10.20000000000000462, 2.499999999999996003, -6.123233995736789948E-16 ) ) ;
#6330 = CARTESIAN_POINT ( 'NONE',  ( 17.50000000000000000, -1.194030629168669588E-14, -2.500000000000008438 ) ) ;
#6331 = CARTESIAN_POINT ( 'NONE',  ( 14.20000000000000462, 1.767766952966361771, -1.767766952966376204 ) ) ;
#6332 = EDGE_LOOP ( 'NONE', ( #5736, #2270, #48, #1839 ) ) ;
#6333 = CIRCLE ( 'NONE', #2517, 6.183419202631547762 ) ;
#6334 = DIRECTION ( 'NONE',  ( -2.168404344971008868E-16, -1.000000000000000000, 0.000000000000000000 ) ) ;
#6335 = CARTESIAN_POINT ( 'NONE',  ( 6.000000000000005329, 1.400343491548885710, 1.400343491548899477 ) ) ;
#6336 = CARTESIAN_POINT ( 'NONE',  ( 6.350000000000004974, 2.499999999999996447, 1.035533905932741972 ) ) ;
#6337 = VERTEX_POINT ( 'NONE', #4790 ) ;
#6338 = CARTESIAN_POINT ( 'NONE',  ( -9.500000000000001776, -3.498967091382550354, 0.000000000000000000 ) ) ;
#6339 = CARTESIAN_POINT ( 'NONE',  ( -9.500000000000000000, -2.695312500000006217, 0.000000000000000000 ) ) ;
#6340 = CARTESIAN_POINT ( 'NONE',  ( 10.00000000000000533, 1.400343491548885710, 1.400343491548899477 ) ) ;
#6341 = CARTESIAN_POINT ( 'NONE',  ( 1.700000000000003508, 1.400343491548885266, -1.400343491548899699 ) ) ;
#6342 = CARTESIAN_POINT ( 'NONE',  ( 14.80000000000000426, -1.375652421508278441E-14, 1.980384757729347189 ) ) ;
#6343 = ORIENTED_EDGE ( 'NONE', *, *, #3980, .F. ) ;
#6344 = CARTESIAN_POINT ( 'NONE',  ( 3.850000000000005418, 2.499999999999996003, 1.035533905932741972 ) ) ;
#6345 = ADVANCED_FACE ( 'NONE', ( #6887 ), #2502, .T. ) ;
#6346 = CARTESIAN_POINT ( 'NONE',  ( 14.85000000000000675, 0.8203022253684378873, 1.980384757729346967 ) ) ;
#6347 = CARTESIAN_POINT ( 'NONE',  ( 9.800000000000002487, 1.980384757729333201, -4.850543709266902538E-16 ) ) ;
#6348 = CARTESIAN_POINT ( 'NONE',  ( 9.350000000000003197, -1.980384757729360956, 0.8203022253684520981 ) ) ;
#6349 = CARTESIAN_POINT ( 'NONE',  ( 10.35000000000000497, -1.980384757729361400, -0.8203022253684514320 ) ) ;
#6350 = CARTESIAN_POINT ( 'NONE',  ( 4.400000000000003020, -1.375652421508278441E-14, 1.980384757729347189 ) ) ;
#6351 = CARTESIAN_POINT ( 'NONE',  ( 11.70000000000000284, -1.400343491548913244, 1.400343491548899477 ) ) ;
#6352 = CIRCLE ( 'NONE', #6932, 6.245515272181223487 ) ;
#6353 = AXIS2_PLACEMENT_3D ( 'NONE', #6027, #473, #4463 ) ;
#6354 = CARTESIAN_POINT ( 'NONE',  ( 17.50000000000000000, 2.900000000000004352, 0.000000000000000000 ) ) ;
#6355 = EDGE_CURVE ( 'NONE', #748, #5663, #6574, .T. ) ;
#6356 = CARTESIAN_POINT ( 'NONE',  ( 2.575000000000004174, -1.798385574751179439, 1.798385574751165894 ) ) ;
#6357 = SPHERICAL_SURFACE ( 'NONE', #4597, 5.550000000000000711 ) ;
#6358 = ORIENTED_EDGE ( 'NONE', *, *, #4977, .F. ) ;
#6359 = CARTESIAN_POINT ( 'NONE',  ( -9.500000000000001776, -2.615813991587110809, 0.000000000000000000 ) ) ;
#6360 = CARTESIAN_POINT ( 'NONE',  ( 15.80000000000000426, -1.400343491548913244, 1.400343491548899477 ) ) ;
#6361 = CARTESIAN_POINT ( 'NONE',  ( 15.57500000000000462, -1.798385574751180105, -1.798385574751165450 ) ) ;
#6362 = EDGE_LOOP ( 'NONE', ( #6288, #835, #5833, #5825 ) ) ;
#6363 = CARTESIAN_POINT ( 'NONE',  ( 3.325000000000005063, -1.798385574751179439, 1.798385574751165894 ) ) ;
#6364 = CARTESIAN_POINT ( 'NONE',  ( -6.640625000000002665, 3.640624999999995559, 3.501724441311960115E-16 ) ) ;
#6365 = CARTESIAN_POINT ( 'NONE',  ( -9.500000000000001776, -4.500000000000005329, 0.000000000000000000 ) ) ;
#6366 = CARTESIAN_POINT ( 'NONE',  ( 4.150000000000003908, -1.035533905932755516, 2.500000000000010214 ) ) ;
#6367 = CARTESIAN_POINT ( 'NONE',  ( 1.900000000000003020, -1.767766952966390193, -1.767766952966375760 ) ) ;
#6368 = CARTESIAN_POINT ( 'NONE',  ( 2.500000000000005773, -1.424157858600947694E-14, -1.980384757729347189 ) ) ;
#6369 = ORIENTED_EDGE ( 'NONE', *, *, #1975, .T. ) ;
#6370 = PERSON ( 'UNSPECIFIED', 'UNSPECIFIED', 'UNSPECIFIED', ('UNSPECIFIED'), ('UNSPECIFIED'), ('UNSPECIFIED') ) ;
#6371 = EDGE_CURVE ( 'NONE', #2841, #1232, #5009, .T. ) ;
#6372 = DIRECTION ( 'NONE',  ( 0.000000000000000000, 0.000000000000000000, -1.000000000000000000 ) ) ;
#6373 = CARTESIAN_POINT ( 'NONE',  ( 4.150000000000005684, 0.8203022253684382203, -1.980384757729346745 ) ) ;
#6374 = DIRECTION ( 'NONE',  ( -1.000000000000000000, 0.000000000000000000, 0.000000000000000000 ) ) ;
#6375 = CONICAL_SURFACE ( 'NONE', #4297, 5.500000000000001776, 0.3662216345249681426 ) ;
#6376 = EDGE_LOOP ( 'NONE', ( #2129, #3993, #1072, #2895, #7177 ) ) ;
#6377 = LINE ( 'NONE', #6954, #1647 ) ;
#6378 = CARTESIAN_POINT ( 'NONE',  ( -4.443854296502125933, 2.874999999999989786, 6.191992651811314548E-16 ) ) ;
#6379 = CARTESIAN_POINT ( 'NONE',  ( 10.95000000000000462, -0.8203022253684655318, 1.980384757729346967 ) ) ;
#6380 = CARTESIAN_POINT ( 'NONE',  ( 1.950000000000003730, 0.8203022253684378873, 1.980384757729347189 ) ) ;
#6381 = CARTESIAN_POINT ( 'NONE',  ( 15.55000000000000249, 0.8203022253684378873, 1.980384757729346967 ) ) ;
#6382 = CARTESIAN_POINT ( 'NONE',  ( 5.500000000000004441, 1.767766952966362215, 1.767766952966375982 ) ) ;
#6383 = CARTESIAN_POINT ( 'NONE',  ( 14.40000000000000568, -1.400343491548913688, -1.400343491548899255 ) ) ;
#6384 = CARTESIAN_POINT ( 'NONE',  ( 10.10000000000000320, -1.400343491548913244, 1.400343491548899477 ) ) ;
#6385 = EDGE_CURVE ( 'NONE', #1240, #5966, #930, .T. ) ;
#6386 = CARTESIAN_POINT ( 'NONE',  ( 9.000000000000003553, 1.980384757729333201, -4.850543709266902538E-16 ) ) ;
#6387 = CARTESIAN_POINT ( 'NONE',  ( 10.00000000000000533, 1.400343491548885710, 1.400343491548899477 ) ) ;
#6388 = CARTESIAN_POINT ( 'NONE',  ( 3.700000000000001954, -1.400343491548913244, 1.400343491548899477 ) ) ;
#6389 = CARTESIAN_POINT ( 'NONE',  ( 8.600000000000003197, -1.980384757729360956, 2.425271854633451269E-16 ) ) ;
#6390 = CARTESIAN_POINT ( 'NONE',  ( 5.438993885564824993, 2.338819185822563096, -1.196714720110175101 ) ) ;
#6391 = CIRCLE ( 'NONE', #4198, 0.3593750000000003331 ) ;
#6392 = CARTESIAN_POINT ( 'NONE',  ( 2.125000000000003553, 1.053469879313086111, -2.543301270189232355 ) ) ;
#6393 = CARTESIAN_POINT ( 'NONE',  ( 18.12500000000000711, 1.798385574751151461, -1.798385574751166116 ) ) ;
#6394 = EDGE_LOOP ( 'NONE', ( #1244, #4029, #6673, #2203 ) ) ;
#6395 = DIRECTION ( 'NONE',  ( -1.000000000000000000, 3.469446951953618626E-16, 0.000000000000000000 ) ) ;
#6396 = EDGE_CURVE ( 'NONE', #1024, #441, #2080, .T. ) ;
#6397 = CARTESIAN_POINT ( 'NONE',  ( 15.55000000000000604, 1.980384757729333201, 0.8203022253684517651 ) ) ;
#6398 = CARTESIAN_POINT ( 'NONE',  ( 10.62500000000000355, -2.543301270189245677, 1.053469879313099655 ) ) ;
#6399 = VERTEX_POINT ( 'NONE', #1951 ) ;
#6400 = CARTESIAN_POINT ( 'NONE',  ( 10.30000000000000426, 2.499999999999996003, -6.123233995736789948E-16 ) ) ;
#6401 = CARTESIAN_POINT ( 'NONE',  ( -6.635278514588855536, 1.886776456591035656, 7.237302146360339528 ) ) ;
#6402 = CARTESIAN_POINT ( 'NONE',  ( -2.027014441497251074, -2.973028707036126317, 4.865726645787169069 ) ) ;
#6403 = CARTESIAN_POINT ( 'NONE',  ( 8.900000000000003908, -1.372470695792103782E-14, 2.500000000000010214 ) ) ;
#6404 = CARTESIAN_POINT ( 'NONE',  ( 2.000000000000005329, 1.400343491548885710, 1.400343491548899477 ) ) ;
#6405 = ORIENTED_EDGE ( 'NONE', *, *, #4176, .F. ) ;
#6406 = CARTESIAN_POINT ( 'NONE',  ( 11.27500000000000391, -1.053469879313113200, 2.543301270189232799 ) ) ;
#6407 = CARTESIAN_POINT ( 'NONE',  ( 4.100000000000004974, -1.424157858600947694E-14, -1.980384757729347189 ) ) ;
#6408 = EDGE_LOOP ( 'NONE', ( #4196, #6199, #572, #5626, #4709 ) ) ;
#6409 = CARTESIAN_POINT ( 'NONE',  ( 14.95000000000000462, 1.035533905932728427, -2.500000000000010214 ) ) ;
#6410 = CARTESIAN_POINT ( 'NONE',  ( 12.00000000000000355, -1.372470695792103782E-14, 2.500000000000010214 ) ) ;
#6411 = CARTESIAN_POINT ( 'NONE',  ( 10.10000000000000497, -1.375652421508278441E-14, 1.980384757729347189 ) ) ;
#6412 = CARTESIAN_POINT ( 'NONE',  ( 5.499999999999315214, -2.467792535849478774, -0.4000000000071515238 ) ) ;
#6413 = CARTESIAN_POINT ( 'NONE',  ( 17.45000000000000284, -1.980384757729361178, -0.8203022253684513210 ) ) ;
#6414 = CARTESIAN_POINT ( 'NONE',  ( -9.500000000000000000, -3.857637417314162689E-15, 0.000000000000000000 ) ) ;
#6415 = CARTESIAN_POINT ( 'NONE',  ( 14.45000000000000639, -0.8203022253684666421, -1.980384757729346745 ) ) ;
#6416 = TOROIDAL_SURFACE ( 'NONE', #392, 2.859374999999997780, 0.3593750000000000000 ) ;
#6417 = CARTESIAN_POINT ( 'NONE',  ( 5.519932254125089699, 2.467873030517270472, 0.3995030728861722058 ) ) ;
#6418 = CARTESIAN_POINT ( 'NONE',  ( 9.400000000000002132, -1.980384757729360956, 2.425271854633451269E-16 ) ) ;
#6419 = CARTESIAN_POINT ( 'NONE',  ( 8.600000000000003197, -1.980384757729360956, 2.425271854633451269E-16 ) ) ;
#6420 = CARTESIAN_POINT ( 'NONE',  ( 10.90000000000000746, -1.375652421508278441E-14, 1.980384757729347189 ) ) ;
#6421 = CARTESIAN_POINT ( 'NONE',  ( 3.850000000000003642, -1.980384757729361178, -0.8203022253684513210 ) ) ;
#6422 = CARTESIAN_POINT ( 'NONE',  ( 10.65000000000000391, 1.980384757729333201, 0.8203022253684517651 ) ) ;
#6423 = CARTESIAN_POINT ( 'NONE',  ( 5.500000000000685674, 2.467792535849454350, -0.4000000000071515238 ) ) ;
#6424 = CARTESIAN_POINT ( 'NONE',  ( 18.50000000000000355, 1.400343491548885266, -1.400343491548899699 ) ) ;
#6425 = ORIENTED_EDGE ( 'NONE', *, *, #5062, .T. ) ;
#6426 = CARTESIAN_POINT ( 'NONE',  ( -13.34740172064212693, 3.999999999999996447, 0.000000000000000000 ) ) ;
#6427 = CARTESIAN_POINT ( 'NONE',  ( -2.027014441497236863, 1.734723475976807094E-15, 5.702122015915132458 ) ) ;
#6428 = CARTESIAN_POINT ( 'NONE',  ( 10.02500000000000746, -1.053469879313114754, -2.543301270189232355 ) ) ;
#6429 = ADVANCED_FACE ( 'NONE', ( #2468 ), #3456, .T. ) ;
#6430 = ORIENTED_EDGE ( 'NONE', *, *, #6518, .F. ) ;
#6431 = CARTESIAN_POINT ( 'NONE',  ( 17.50000000000000000, -1.194030629168669588E-14, 0.000000000000000000 ) ) ;
#6432 = PLANE ( 'NONE',  #7145 ) ;
#6433 = CARTESIAN_POINT ( 'NONE',  ( 8.400000000000003908, -1.433703035749471672E-14, -2.500000000000010214 ) ) ;
#6434 = AXIS2_PLACEMENT_3D ( 'NONE', #6588, #6160, #4526 ) ;
#6435 = CARTESIAN_POINT ( 'NONE',  ( 16.58038475772933396, -1.162573365231574618, 1.603230164106478117 ) ) ;
#6436 = ORIENTED_EDGE ( 'NONE', *, *, #774, .F. ) ;
#6437 = CARTESIAN_POINT ( 'NONE',  ( 9.175000000000004263, -1.053469879313114754, -2.543301270189232355 ) ) ;
#6438 = CARTESIAN_POINT ( 'NONE',  ( 6.600000000000004974, 1.400343491548885266, -1.400343491548899699 ) ) ;
#6439 = DIRECTION ( 'NONE',  ( -1.000000000000000000, 2.491365117757747861E-16, 0.000000000000000000 ) ) ;
#6440 = ORIENTED_EDGE ( 'NONE', *, *, #3286, .F. ) ;
#6441 = CARTESIAN_POINT ( 'NONE',  ( 17.50000000000000000, -1.194030629168669588E-14, 0.000000000000000000 ) ) ;
#6442 = CARTESIAN_POINT ( 'NONE',  ( 17.50000000000000000, -1.194030629168669588E-14, -5.500000000000015099 ) ) ;
#6443 = CARTESIAN_POINT ( 'NONE',  ( 10.55000000000000604, 0.8203022253684382203, -1.980384757729346745 ) ) ;
#6444 = DIRECTION ( 'NONE',  ( -2.168404344971008868E-16, -1.000000000000000000, 0.000000000000000000 ) ) ;
#6445 = CARTESIAN_POINT ( 'NONE',  ( 16.55000000000000071, -1.980384757729360956, 0.8203022253684520981 ) ) ;
#6446 = CARTESIAN_POINT ( 'NONE',  ( 13.70000000000000639, -1.372470695792103782E-14, 2.500000000000010214 ) ) ;
#6447 = CARTESIAN_POINT ( 'NONE',  ( 16.40000000000000568, 1.400343491548885710, 1.400343491548899477 ) ) ;
#6448 = DIRECTION ( 'NONE',  ( -1.000000000000000000, 0.000000000000000000, 0.000000000000000000 ) ) ;
#6449 = AXIS2_PLACEMENT_3D ( 'NONE', #724, #3498, #1263 ) ;
#6450 = CARTESIAN_POINT ( 'NONE',  ( 9.250000000000003553, -0.8203022253684655318, 1.980384757729346967 ) ) ;
#6451 = CARTESIAN_POINT ( 'NONE',  ( 5.200000000000002842, -1.375652421508278441E-14, 1.980384757729347189 ) ) ;
#6452 = AXIS2_PLACEMENT_3D ( 'NONE', #6035, #4947, #1554 ) ;
#6453 = CIRCLE ( 'NONE', #3331, 8.560229366187487088 ) ;
#6454 = CARTESIAN_POINT ( 'NONE',  ( 8.300000000000006040, 1.980384757729333201, -4.850543709266902538E-16 ) ) ;
#6455 = CARTESIAN_POINT ( 'NONE',  ( 3.350000000000002753, 1.980384757729332534, -0.8203022253684530973 ) ) ;
#6456 = CARTESIAN_POINT ( 'NONE',  ( 9.450000000000002842, -1.980384757729361400, -0.8203022253684514320 ) ) ;
#6457 = CARTESIAN_POINT ( 'NONE',  ( -3.254484727818776957, -2.625674005841390990, 0.000000000000000000 ) ) ;
#6458 = CARTESIAN_POINT ( 'NONE',  ( 1.225000000000004308, -1.053469879313114754, -2.543301270189232355 ) ) ;
#6459 = EDGE_CURVE ( 'NONE', #5900, #2210, #6578, .T. ) ;
#6460 = ORIENTED_EDGE ( 'NONE', *, *, #2734, .T. ) ;
#6461 = CARTESIAN_POINT ( 'NONE',  ( -9.500000000000000000, 0.000000000000000000, 0.000000000000000000 ) ) ;
#6462 = CIRCLE ( 'NONE', #6570, 6.245515272181223487 ) ;
#6463 = CARTESIAN_POINT ( 'NONE',  ( 13.75000000000000711, 0.8203022253684383314, -1.980384757729346745 ) ) ;
#6464 = CARTESIAN_POINT ( 'NONE',  ( 11.57500000000000462, -1.798385574751180105, -1.798385574751165450 ) ) ;
#6465 = EDGE_LOOP ( 'NONE', ( #5274, #5032, #4551, #2433 ) ) ;
#6466 = CARTESIAN_POINT ( 'NONE',  ( 1.975000000000004752, -1.053469879313114754, -2.543301270189232355 ) ) ;
#6467 = CARTESIAN_POINT ( 'NONE',  ( 15.60000000000000497, -1.433703035749471672E-14, -2.500000000000010214 ) ) ;
#6468 = CARTESIAN_POINT ( 'NONE',  ( -9.500000000000000000, 2.874999999999993783, 0.000000000000000000 ) ) ;
#6469 = EDGE_CURVE ( 'NONE', #5591, #1775, #4387, .T. ) ;
#6470 = CARTESIAN_POINT ( 'NONE',  ( 8.800000000000004263, -1.372470695792103782E-14, 2.500000000000010214 ) ) ;
#6471 = CARTESIAN_POINT ( 'NONE',  ( -14.37645820349787407, 2.695312499999991118, 0.000000000000000000 ) ) ;
#6472 = ORIENTED_EDGE ( 'NONE', *, *, #181, .F. ) ;
#6473 = CARTESIAN_POINT ( 'NONE',  ( 8.725000000000004974, 1.798385574751152127, 1.798385574751165894 ) ) ;
#6474 = CARTESIAN_POINT ( 'NONE',  ( 6.650000000000004796, 1.980384757729332534, -0.8203022253684530973 ) ) ;
#6475 = CARTESIAN_POINT ( 'NONE',  ( 17.01101670306989533, -1.086223035252883440, 2.158378539340542357 ) ) ;
#6476 = ADVANCED_FACE ( 'NONE', ( #5263 ), #2019, .F. ) ;
#6477 = CARTESIAN_POINT ( 'NONE',  ( 11.20000000000000462, -1.372470695792103782E-14, 2.500000000000010214 ) ) ;
#6478 = CARTESIAN_POINT ( 'NONE',  ( 11.60000000000000675, -1.433703035749471672E-14, -2.500000000000010214 ) ) ;
#6479 = CARTESIAN_POINT ( 'NONE',  ( 6.150000000000007461, -0.8203022253684655318, 1.980384757729346967 ) ) ;
#6480 = FACE_OUTER_BOUND ( 'NONE', #6059, .T. ) ;
#6481 = CYLINDRICAL_SURFACE ( 'NONE', #5139, 2.500000000000008438 ) ;
#6482 = CARTESIAN_POINT ( 'NONE',  ( -4.623541796502126822, 2.695312499999991118, 5.971938930089522856E-16 ) ) ;
#6483 = AXIS2_PLACEMENT_3D ( 'NONE', #3584, #6945, #377 ) ;
#6484 = CARTESIAN_POINT ( 'NONE',  ( 15.50000000000000711, 1.980384757729333201, -4.850543709266902538E-16 ) ) ;
#6485 = FACE_OUTER_BOUND ( 'NONE', #5577, .T. ) ;
#6486 = ORIENTED_EDGE ( 'NONE', *, *, #6396, .T. ) ;
#6487 = CARTESIAN_POINT ( 'NONE',  ( 8.200000000000002842, 1.980384757729333201, -4.850543709266902538E-16 ) ) ;
#6488 = CARTESIAN_POINT ( 'NONE',  ( 6.250000000000003553, -1.980384757729361178, -0.8203022253684513210 ) ) ;
#6489 = CARTESIAN_POINT ( 'NONE',  ( 6.100000000000006750, -1.375652421508278441E-14, 1.980384757729347189 ) ) ;
#6490 = CARTESIAN_POINT ( 'NONE',  ( 1.200000000000003064, -1.375652421508278441E-14, 1.980384757729347189 ) ) ;
#6491 = CARTESIAN_POINT ( 'NONE',  ( 5.950000000000001954, 0.8203022253684378873, 1.980384757729347189 ) ) ;
#6492 = CARTESIAN_POINT ( 'NONE',  ( 1.200000000000003064, -1.375652421508278441E-14, 1.980384757729347189 ) ) ;
#6493 = CARTESIAN_POINT ( 'NONE',  ( 18.00000000000000355, -1.375652421508278441E-14, 1.980384757729347189 ) ) ;
#6494 = ORIENTED_EDGE ( 'NONE', *, *, #774, .T. ) ;
#6495 = CARTESIAN_POINT ( 'NONE',  ( 17.70000000000000284, 1.400343491548885266, -1.400343491548899699 ) ) ;
#6496 = CARTESIAN_POINT ( 'NONE',  ( 18.15000000000000568, -0.8203022253684655318, 1.980384757729346967 ) ) ;
#6497 = CARTESIAN_POINT ( 'NONE',  ( 14.10000000000000675, -1.375652421508278441E-14, 1.980384757729347189 ) ) ;
#6498 = CARTESIAN_POINT ( 'NONE',  ( 15.70000000000000284, -1.400343491548913244, 1.400343491548899477 ) ) ;
#6499 = EDGE_CURVE ( 'NONE', #6700, #33, #4759, .T. ) ;
#6500 = AXIS2_PLACEMENT_3D ( 'NONE', #5504, #5977, #4927 ) ;
#6501 = CARTESIAN_POINT ( 'NONE',  ( 10.12500000000000355, 1.053469879313086111, -2.543301270189232355 ) ) ;
#6502 = ORIENTED_EDGE ( 'NONE', *, *, #4554, .T. ) ;
#6503 = DIRECTION ( 'NONE',  ( -2.168404344971008868E-16, -1.000000000000000000, 0.000000000000000000 ) ) ;
#6504 = CARTESIAN_POINT ( 'NONE',  ( 14.80000000000000249, -1.767766952966390193, -1.767766952966375760 ) ) ;
#6505 = DATE_AND_TIME ( #2113, #349 ) ;
#6506 = CARTESIAN_POINT ( 'NONE',  ( 9.150000000000005684, -1.035533905932757293, -2.500000000000010214 ) ) ;
#6507 = LINE ( 'NONE', #918, #5434 ) ;
#6508 = ORIENTED_EDGE ( 'NONE', *, *, #3980, .T. ) ;
#6509 = CARTESIAN_POINT ( 'NONE',  ( 10.77500000000000746, -1.053469879313114754, -2.543301270189232355 ) ) ;
#6510 = EDGE_CURVE ( 'NONE', #5690, #4465, #3246, .T. ) ;
#6511 = CARTESIAN_POINT ( 'NONE',  ( 1.900000000000005906, 1.980384757729333201, -4.850543709266902538E-16 ) ) ;
#6512 = CARTESIAN_POINT ( 'NONE',  ( -9.500000000000000000, 4.499999999999994671, 0.000000000000000000 ) ) ;
#6513 = LINE ( 'NONE', #5438, #6962 ) ;
#6514 = CARTESIAN_POINT ( 'NONE',  ( 17.50000000000000000, -1.194030629168669588E-14, 0.000000000000000000 ) ) ;
#6515 = CARTESIAN_POINT ( 'NONE',  ( 13.05000000000000604, -2.500000000000023981, 1.035533905932742194 ) ) ;
#6516 = CARTESIAN_POINT ( 'NONE',  ( 7.500000000000005329, 1.980384757729333201, -4.850543709266902538E-16 ) ) ;
#6517 = CARTESIAN_POINT ( 'NONE',  ( 0.9444153746003848271, -4.500000000000005329, 0.000000000000000000 ) ) ;
#6518 = EDGE_CURVE ( 'NONE', #4465, #5765, #4520, .T. ) ;
#6519 = CARTESIAN_POINT ( 'NONE',  ( 11.70000000000000639, -1.375652421508278441E-14, 1.980384757729347189 ) ) ;
#6520 =( BOUNDED_CURVE ( )  B_SPLINE_CURVE ( 2, ( #3764, #5366, #3219, #5471, #4819, #7128, #1468, #3700, #4380 ),
 .UNSPECIFIED., .F., .T. ) 
 B_SPLINE_CURVE_WITH_KNOTS ( ( 3, 2, 2, 2, 3 ),
 ( 0.6136363636363636465, 0.6193181818181818787, 0.6250000000000000000, 0.6306818181818181213, 0.6363636363636363535 ),
 .UNSPECIFIED. ) 
 CURVE ( )  GEOMETRIC_REPRESENTATION_ITEM ( )  RATIONAL_B_SPLINE_CURVE ( ( 1.000000000000000000, 0.9238795325112867385, 1.000000000000000000, 0.9238795325112867385, 1.000000000000000000, 0.9238795325112867385, 1.000000000000000000, 0.9238795325112867385, 1.000000000000000000 ) ) 
 REPRESENTATION_ITEM ( '' )  );
#6521 = CARTESIAN_POINT ( 'NONE',  ( 15.30000000000000426, -1.372470695792103782E-14, 2.500000000000010214 ) ) ;
#6522 = VERTEX_POINT ( 'NONE', #5946 ) ;
#6523 = CARTESIAN_POINT ( 'NONE',  ( 4.950000000000003730, 1.980384757729332534, -0.8203022253684530973 ) ) ;
#6524 = CARTESIAN_POINT ( 'NONE',  ( 6.400000000000006573, -1.400343491548913688, -1.400343491548899255 ) ) ;
#6525 = CARTESIAN_POINT ( 'NONE',  ( 16.10000000000000497, -1.424157858600947694E-14, -1.980384757729347189 ) ) ;
#6526 = CARTESIAN_POINT ( 'NONE',  ( 6.900000000000003020, -1.400343491548913244, 1.400343491548899477 ) ) ;
#6527 = DIRECTION ( 'NONE',  ( 1.000000000000000000, -0.000000000000000000, -0.000000000000000000 ) ) ;
#6528 = ORIENTED_EDGE ( 'NONE', *, *, #1412, .T. ) ;
#6529 = CARTESIAN_POINT ( 'NONE',  ( 16.05000000000000071, 0.8203022253684382203, -1.980384757729346745 ) ) ;
#6530 = CARTESIAN_POINT ( 'NONE',  ( 17.20000000000000639, 1.400343491548885710, 1.400343491548899477 ) ) ;
#6531 =( BOUNDED_CURVE ( )  B_SPLINE_CURVE ( 2, ( #6410, #6986, #1537, #2015, #1469, #3701, #1501, #2677, #6478 ),
 .UNSPECIFIED., .F., .T. ) 
 B_SPLINE_CURVE_WITH_KNOTS ( ( 3, 2, 2, 2, 3 ),
 ( 0.3977272727272727071, 0.4034090909090908839, 0.4090909090909091161, 0.4147727272727272929, 0.4204545454545454697 ),
 .UNSPECIFIED. ) 
 CURVE ( )  GEOMETRIC_REPRESENTATION_ITEM ( )  RATIONAL_B_SPLINE_CURVE ( ( 1.000000000000000000, 0.9238795325112867385, 1.000000000000000000, 0.9238795325112867385, 1.000000000000000000, 0.9238795325112867385, 1.000000000000000000, 0.9238795325112867385, 1.000000000000000000 ) ) 
 REPRESENTATION_ITEM ( '' )  );
#6532 = CARTESIAN_POINT ( 'NONE',  ( 14.05000000000000782, 0.8203022253684378873, 1.980384757729347189 ) ) ;
#6533 = DIRECTION ( 'NONE',  ( -1.000000000000000000, 1.915009303283536250E-16, 0.000000000000000000 ) ) ;
#6534 = CARTESIAN_POINT ( 'NONE',  ( 7.075000000000002842, 2.543301270189218144, -6.229291519609281552E-16 ) ) ;
#6535 = VERTEX_POINT ( 'NONE', #6482 ) ;
#6536 = CARTESIAN_POINT ( 'NONE',  ( 16.05000000000000426, 1.035533905932727983, 2.500000000000010214 ) ) ;
#6537 = PERSON_AND_ORGANIZATION ( #6370, #2200 ) ;
#6538 = CARTESIAN_POINT ( 'NONE',  ( 8.700000000000004619, 1.767766952966362215, 1.767766952966375982 ) ) ;
#6539 = FACE_OUTER_BOUND ( 'NONE', #4733, .T. ) ;
#6540 = EDGE_LOOP ( 'NONE', ( #2311, #5617, #7103, #943 ) ) ;
#6541 = CARTESIAN_POINT ( 'NONE',  ( 9.575000000000004619, 1.053469879313085666, 2.543301270189232799 ) ) ;
#6542 = CARTESIAN_POINT ( 'NONE',  ( 1.700000000000007061, -1.424157858600947694E-14, -1.980384757729347189 ) ) ;
#6543 = CARTESIAN_POINT ( 'NONE',  ( 5.419536834604835818, 2.469103951028669641, 0.3918235304503717709 ) ) ;
#6544 = CARTESIAN_POINT ( 'NONE',  ( 11.25000000000000711, -1.035533905932755516, 2.500000000000010214 ) ) ;
#6545 = EDGE_CURVE ( 'NONE', #1021, #6225, #130, .T. ) ;
#6546 = CARTESIAN_POINT ( 'NONE',  ( 16.60504261679068350, -1.308533159445926630, 1.527846776486462055 ) ) ;
#6547 = CARTESIAN_POINT ( 'NONE',  ( 13.15000000000000568, -2.500000000000024425, -1.035533905932741749 ) ) ;
#6548 = CARTESIAN_POINT ( 'NONE',  ( 7.850000000000006750, -1.980384757729360956, 0.8203022253684520981 ) ) ;
#6549 = CARTESIAN_POINT ( 'NONE',  ( 7.900000000000003908, 2.499999999999996003, -6.123233995736789948E-16 ) ) ;
#6550 = CARTESIAN_POINT ( 'NONE',  ( 13.25000000000000711, 0.8203022253684378873, 1.980384757729346967 ) ) ;
#6551 = CARTESIAN_POINT ( 'NONE',  ( -2.706076833403389781, -2.615813991587112142, 9.401706876450361453E-16 ) ) ;
#6552 = ORIENTED_EDGE ( 'NONE', *, *, #10, .T. ) ;
#6553 = CARTESIAN_POINT ( 'NONE',  ( 5.500000000000003553, -1.400343491548913688, -1.400343491548899255 ) ) ;
#6554 = CARTESIAN_POINT ( 'NONE',  ( 8.350000000000004974, 1.980384757729333201, 0.8203022253684517651 ) ) ;
#6555 = CIRCLE ( 'NONE', #4949, 6.775000000000008349 ) ;
#6556 = ADVANCED_FACE ( 'NONE', ( #4078 ), #3414, .F. ) ;
#6557 = CARTESIAN_POINT ( 'NONE',  ( 15.85000000000000675, -1.980384757729360956, 0.8203022253684520981 ) ) ;
#6558 = CARTESIAN_POINT ( 'NONE',  ( 7.950000000000001954, -0.8203022253684666421, -1.980384757729346745 ) ) ;
#6559 = DIRECTION ( 'NONE',  ( 2.168404344971008868E-16, 1.000000000000000000, -0.000000000000000000 ) ) ;
#6560 = VECTOR ( 'NONE', #6975, 1000.000000000000000 ) ;
#6561 = ORIENTED_EDGE ( 'NONE', *, *, #405, .T. ) ;
#6562 = CARTESIAN_POINT ( 'NONE',  ( 17.65000000000000213, 0.8203022253684382203, -1.980384757729346745 ) ) ;
#6563 = FACE_OUTER_BOUND ( 'NONE', #6738, .T. ) ;
#6564 = ADVANCED_FACE ( 'NONE', ( #6206 ), #1844, .F. ) ;
#6565 = CARTESIAN_POINT ( 'NONE',  ( 14.00000000000000533, 1.400343491548885710, 1.400343491548899477 ) ) ;
#6566 = CARTESIAN_POINT ( 'NONE',  ( 15.05000000000000426, -1.980384757729361400, -0.8203022253684514320 ) ) ;
#6567 = CARTESIAN_POINT ( 'NONE',  ( 9.475000000000004974, 2.543301270189218144, -6.229291519609281552E-16 ) ) ;
#6568 = ORIENTED_EDGE ( 'NONE', *, *, #5062, .F. ) ;
#6569 = CARTESIAN_POINT ( 'NONE',  ( 7.750000000000005329, 2.499999999999996003, -1.035533905932743526 ) ) ;
#6570 = AXIS2_PLACEMENT_3D ( 'NONE', #5431, #1599, #3176 ) ;
#6571 = CARTESIAN_POINT ( 'NONE',  ( 13.60000000000000497, -1.372470695792103782E-14, 2.500000000000010214 ) ) ;
#6572 = COORDINATED_UNIVERSAL_TIME_OFFSET ( 6, 0, .BEHIND. ) ;
#6573 = ORIENTED_EDGE ( 'NONE', *, *, #942, .F. ) ;
#6574 =( BOUNDED_CURVE ( )  B_SPLINE_CURVE ( 2, ( #5910, #1915, #3598, #6344, #6313, #1327, #3558, #3120, #4824 ),
 .UNSPECIFIED., .F., .F. ) 
 B_SPLINE_CURVE_WITH_KNOTS ( ( 3, 2, 2, 2, 3 ),
 ( 0.8522727272727272929, 0.8579545454545454142, 0.8636363636363636465, 0.8693181818181817677, 0.8750000000000000000 ),
 .UNSPECIFIED. ) 
 CURVE ( )  GEOMETRIC_REPRESENTATION_ITEM ( )  RATIONAL_B_SPLINE_CURVE ( ( 1.000000000000000000, 0.9238795325112867385, 1.000000000000000000, 0.9238795325112867385, 1.000000000000000000, 0.9238795325112867385, 1.000000000000000000, 0.9238795325112867385, 1.000000000000000000 ) ) 
 REPRESENTATION_ITEM ( '' )  );
#6575 = CARTESIAN_POINT ( 'NONE',  ( 8.550000000000004263, 2.499999999999996003, -1.035533905932743526 ) ) ;
#6576 = CARTESIAN_POINT ( 'NONE',  ( 14.40000000000000568, 1.767766952966362215, 1.767766952966375982 ) ) ;
#6577 = CARTESIAN_POINT ( 'NONE',  ( 9.300000000000004263, 1.767766952966361771, -1.767766952966376204 ) ) ;
#6578 = CIRCLE ( 'NONE', #329, 0.1796875000000001665 ) ;
#6579 = CARTESIAN_POINT ( 'NONE',  ( 5.525000000000003908, 1.798385574751152127, 1.798385574751165894 ) ) ;
#6580 = CARTESIAN_POINT ( 'NONE',  ( 18.77500000000000924, -1.053469879313114754, -2.543301270189232355 ) ) ;
#6581 = CARTESIAN_POINT ( 'NONE',  ( 5.390726166720577694, 2.499999999999997780, -0.1920673759763022737 ) ) ;
#6582 = LINE ( 'NONE', #891, #1303 ) ;
#6583 = CARTESIAN_POINT ( 'NONE',  ( 1.353397162038569190, -0.5812193765600017770, -2.285193124877535897 ) ) ;
#6584 = CARTESIAN_POINT ( 'NONE',  ( 8.300000000000006040, 1.980384757729333201, -4.850543709266902538E-16 ) ) ;
#6585 = CARTESIAN_POINT ( 'NONE',  ( 17.50000000000000000, 4.499999999999990230, 3.162277660168401283 ) ) ;
#6586 = EDGE_CURVE ( 'NONE', #2347, #869, #4181, .T. ) ;
#6587 = CARTESIAN_POINT ( 'NONE',  ( 10.40000000000000568, -1.400343491548913688, -1.400343491548899255 ) ) ;
#6588 = CARTESIAN_POINT ( 'NONE',  ( -9.500000000000000000, 0.000000000000000000, 0.000000000000000000 ) ) ;
#6589 = ORIENTED_EDGE ( 'NONE', *, *, #5845, .T. ) ;
#6590 = CARTESIAN_POINT ( 'NONE',  ( 6.000000000000003553, -1.375652421508278441E-14, 1.980384757729347189 ) ) ;
#6591 = CARTESIAN_POINT ( 'NONE',  ( 6.450000000000005507, -0.8203022253684666421, -1.980384757729346745 ) ) ;
#6592 = CARTESIAN_POINT ( 'NONE',  ( 18.00000000000000711, 1.400343491548885710, 1.400343491548899477 ) ) ;
#6593 = CARTESIAN_POINT ( 'NONE',  ( 8.000000000000003553, -1.424157858600947694E-14, -1.980384757729347189 ) ) ;
#6594 = ORIENTED_EDGE ( 'NONE', *, *, #3380, .T. ) ;
#6595 = CARTESIAN_POINT ( 'NONE',  ( -6.635278514588858201, -4.738770137471187632E-17, 7.469496021220159321 ) ) ;
#6596 = AXIS2_PLACEMENT_3D ( 'NONE', #3635, #5843, #3082 ) ;
#6597 = EDGE_LOOP ( 'NONE', ( #1320, #1460, #5325, #6783 ) ) ;
#6598 = ORIENTED_EDGE ( 'NONE', *, *, #666, .F. ) ;
#6599 = ADVANCED_FACE ( 'NONE', ( #682 ), #2670, .F. ) ;
#6600 = CARTESIAN_POINT ( 'NONE',  ( 17.40000000000000213, -1.980384757729360956, 2.425271854633451269E-16 ) ) ;
#6601 = CARTESIAN_POINT ( 'NONE',  ( 16.60000000000000853, -1.400343491548913244, 1.400343491548899477 ) ) ;
#6602 = PRODUCT_DEFINITION_FORMATION_WITH_SPECIFIED_SOURCE ( 'ANY', '', #4349, .NOT_KNOWN. ) ;
#6603 = CARTESIAN_POINT ( 'NONE',  ( 15.05000000000000604, -1.980384757729360956, 0.8203022253684520981 ) ) ;
#6604 = FACE_OUTER_BOUND ( 'NONE', #2825, .T. ) ;
#6605 = CARTESIAN_POINT ( 'NONE',  ( 7.675000000000005151, -1.434498467178515336E-14, -2.543301270189231911 ) ) ;
#6606 = VERTEX_POINT ( 'NONE', #4506 ) ;
#6607 = CARTESIAN_POINT ( 'NONE',  ( 7.600000000000003197, -1.767766952966390193, -1.767766952966375760 ) ) ;
#6608 = EDGE_CURVE ( 'NONE', #1240, #5892, #6710, .T. ) ;
#6609 = CARTESIAN_POINT ( 'NONE',  ( 13.20000000000000462, -1.433703035749471672E-14, -2.500000000000010214 ) ) ;
#6610 =( LENGTH_UNIT ( ) NAMED_UNIT ( * ) SI_UNIT ( .MILLI., .METRE. ) );
#6611 = ORIENTED_EDGE ( 'NONE', *, *, #4758, .F. ) ;
#6612 = AXIS2_PLACEMENT_3D ( 'NONE', #496, #5905, #4240 ) ;
#6613 = CARTESIAN_POINT ( 'NONE',  ( 5.100000000000000533, -2.500000000000022204, -0.006480986147834125362 ) ) ;
#6614 = DIRECTION ( 'NONE',  ( -0.000000000000000000, 0.000000000000000000, -1.000000000000000000 ) ) ;
#6615 = CARTESIAN_POINT ( 'NONE',  ( 16.62500000000000355, 2.543301270189217700, -1.053469879313101210 ) ) ;
#6616 = FACE_OUTER_BOUND ( 'NONE', #251, .T. ) ;
#6617 = CARTESIAN_POINT ( 'NONE',  ( 6.625000000000004441, -2.543301270189246122, 3.114645759804640776E-16 ) ) ;
#6618 = CARTESIAN_POINT ( 'NONE',  ( 2.550000000000005151, 0.8203022253684382203, -1.980384757729346745 ) ) ;
#6619 = CARTESIAN_POINT ( 'NONE',  ( 3.050000000000005596, 2.499999999999996003, 1.035533905932741972 ) ) ;
#6620 = CARTESIAN_POINT ( 'NONE',  ( 5.503332201393883238, 2.467792535850611646, 0.4000000000000005773 ) ) ;
#6621 = CARTESIAN_POINT ( 'NONE',  ( 16.60965953616840096, -1.969675658276214936, -0.4251736814288625266 ) ) ;
#6622 = CARTESIAN_POINT ( 'NONE',  ( 8.550000000000006040, -0.8203022253684655318, 1.980384757729346967 ) ) ;
#6623 = CARTESIAN_POINT ( 'NONE',  ( 15.60000000000000497, -1.433703035749471672E-14, -2.500000000000010214 ) ) ;
#6624 = CARTESIAN_POINT ( 'NONE',  ( 11.40000000000000568, 1.400343491548885266, -1.400343491548899699 ) ) ;
#6625 = CARTESIAN_POINT ( 'NONE',  ( 1.750000000000004663, -1.035533905932755516, 2.500000000000010214 ) ) ;
#6626 = ORIENTED_EDGE ( 'NONE', *, *, #3494, .F. ) ;
#6627 = CARTESIAN_POINT ( 'NONE',  ( 3.050000000000002487, -1.980384757729361178, -0.8203022253684513210 ) ) ;
#6628 = CARTESIAN_POINT ( 'NONE',  ( 4.550000000000005151, -0.8203022253684655318, 1.980384757729347189 ) ) ;
#6629 = CARTESIAN_POINT ( 'NONE',  ( 17.90000000000000568, 1.980384757729333201, -4.850543709266902538E-16 ) ) ;
#6630 = CARTESIAN_POINT ( 'NONE',  ( 3.150000000000001688, -0.8203022253684666421, -1.980384757729346745 ) ) ;
#6631 = VERTEX_POINT ( 'NONE', #2281 ) ;
#6632 = DIRECTION ( 'NONE',  ( 1.000000000000000000, -2.161407978480073956E-16, 0.000000000000000000 ) ) ;
#6633 = ORIENTED_EDGE ( 'NONE', *, *, #3292, .T. ) ;
#6634 = ORIENTED_EDGE ( 'NONE', *, *, #5377, .F. ) ;
#6635 = CARTESIAN_POINT ( 'NONE',  ( 16.45000000000000284, -0.8203022253684655318, 1.980384757729346967 ) ) ;
#6636 = AXIS2_PLACEMENT_3D ( 'NONE', #2838, #4823, #4282 ) ;
#6637 = CARTESIAN_POINT ( 'NONE',  ( 18.30000000000000782, -1.980384757729360956, 2.425271854633451269E-16 ) ) ;
#6638 = CARTESIAN_POINT ( 'NONE',  ( 15.80000000000000071, -1.980384757729360956, 2.425271854633451269E-16 ) ) ;
#6639 = CARTESIAN_POINT ( 'NONE',  ( 6.725000000000003197, -2.543301270189246122, -1.053469879313099211 ) ) ;
#6640 = EDGE_LOOP ( 'NONE', ( #2519, #5721, #2682, #4778, #1217, #1979 ) ) ;
#6641 = CARTESIAN_POINT ( 'NONE',  ( 5.394168620324713892, -2.467792535850636071, 0.4000000000000004663 ) ) ;
#6642 = TOROIDAL_SURFACE ( 'NONE', #6993, 5.056145703497873178, 0.1796875000000000000 ) ;
#6643 = CYLINDRICAL_SURFACE ( 'NONE', #1461, 2.500000000000008438 ) ;
#6644 = CARTESIAN_POINT ( 'NONE',  ( 1.400067251116864364, 0.7890972534690936513, -2.272191940817432254 ) ) ;
#6645 = EDGE_CURVE ( 'NONE', #4465, #5690, #802, .T. ) ;
#6646 = CARTESIAN_POINT ( 'NONE',  ( 16.37500000000000355, -1.798385574751180105, -1.798385574751165450 ) ) ;
#6647 = CARTESIAN_POINT ( 'NONE',  ( 16.20000000000000639, -1.767766952966389749, 1.767766952966375982 ) ) ;
#6648 = ORIENTED_EDGE ( 'NONE', *, *, #3559, .T. ) ;
#6649 = CARTESIAN_POINT ( 'NONE',  ( 8.075000000000004619, -1.053469879313113200, 2.543301270189232799 ) ) ;
#6650 = CARTESIAN_POINT ( 'NONE',  ( 2.850000000000005418, 0.8203022253684378873, 1.980384757729346967 ) ) ;
#6651 = CARTESIAN_POINT ( 'NONE',  ( 3.200000000000004174, -1.372470695792103782E-14, 2.500000000000010214 ) ) ;
#6652 = DIRECTION ( 'NONE',  ( 0.000000000000000000, 0.000000000000000000, -1.000000000000000000 ) ) ;
#6653 = LINE ( 'NONE', #1607, #2400 ) ;
#6654 = EDGE_CURVE ( 'NONE', #814, #6752, #4590, .T. ) ;
#6655 = CARTESIAN_POINT ( 'NONE',  ( 4.300000000000005151, 1.980384757729333201, -4.850543709266902538E-16 ) ) ;
#6656 = CARTESIAN_POINT ( 'NONE',  ( 10.75000000000000533, 1.980384757729333201, 0.8203022253684517651 ) ) ;
#6657 = DIRECTION ( 'NONE',  ( 1.000000000000000000, 0.000000000000000000, 1.224646799147349263E-16 ) ) ;
#6658 = ORIENTED_EDGE ( 'NONE', *, *, #5755, .F. ) ;
#6659 = CARTESIAN_POINT ( 'NONE',  ( 4.700000000000002842, -1.400343491548913688, -1.400343491548899255 ) ) ;
#6660 = CARTESIAN_POINT ( 'NONE',  ( 4.950000000000004619, 0.8203022253684383314, -1.980384757729346745 ) ) ;
#6661 = CARTESIAN_POINT ( 'NONE',  ( 14.00000000000000533, 1.400343491548885710, 1.400343491548899477 ) ) ;
#6662 = CARTESIAN_POINT ( 'NONE',  ( 4.250000000000001776, 1.980384757729333201, 0.8203022253684517651 ) ) ;
#6663 = ORIENTED_EDGE ( 'NONE', *, *, #474, .T. ) ;
#6664 = CARTESIAN_POINT ( 'NONE',  ( 5.222189287060380991, 2.482884487101742366, -0.3007690647582840215 ) ) ;
#6665 = EDGE_LOOP ( 'NONE', ( #1531, #5173, #3629, #128 ) ) ;
#6666 = ORIENTED_EDGE ( 'NONE', *, *, #6924, .T. ) ;
#6667 = CARTESIAN_POINT ( 'NONE',  ( 12.50000000000000355, -1.400343491548913244, 1.400343491548899477 ) ) ;
#6668 = CARTESIAN_POINT ( 'NONE',  ( 12.50000000000000355, -1.400343491548913244, 1.400343491548899477 ) ) ;
#6669 = CARTESIAN_POINT ( 'NONE',  ( 12.80000000000000249, -1.424157858600947694E-14, -1.980384757729347189 ) ) ;
#6670 = CARTESIAN_POINT ( 'NONE',  ( 7.825000000000003730, 2.543301270189217700, -1.053469879313101210 ) ) ;
#6671 = ADVANCED_FACE ( 'NONE', ( #2438 ), #4642, .F. ) ;
#6672 = AXIS2_PLACEMENT_3D ( 'NONE', #1812, #2448, #5709 ) ;
#6673 = ORIENTED_EDGE ( 'NONE', *, *, #2977, .T. ) ;
#6674 = CARTESIAN_POINT ( 'NONE',  ( 7.550000000000004263, -2.500000000000024425, -1.035533905932741749 ) ) ;
#6675 = CARTESIAN_POINT ( 'NONE',  ( 7.000000000000002665, -1.980384757729360956, 2.425271854633451269E-16 ) ) ;
#6676 = AXIS2_PLACEMENT_3D ( 'NONE', #2337, #5684, #3544 ) ;
#6677 = CARTESIAN_POINT ( 'NONE',  ( 13.50000000000000533, 2.499999999999996003, -6.123233995736789948E-16 ) ) ;
#6678 = TOROIDAL_SURFACE ( 'NONE', #1465, 5.056145703497873178, 0.1796875000000000000 ) ;
#6679 = CARTESIAN_POINT ( 'NONE',  ( 5.900000000003434941, -2.500000000000571099, -3.905252452962722196E-13 ) ) ;
#6680 = CARTESIAN_POINT ( 'NONE',  ( 17.50000000000000000, -1.194030629168669588E-14, -2.500000000000008438 ) ) ;
#6681 = ORIENTED_EDGE ( 'NONE', *, *, #6082, .F. ) ;
#6682 = CARTESIAN_POINT ( 'NONE',  ( 6.825000000000004619, -1.434498467178515336E-14, -2.543301270189231911 ) ) ;
#6683 = CARTESIAN_POINT ( 'NONE',  ( 17.72500000000000497, -1.798385574751179439, 1.798385574751165894 ) ) ;
#6684 = DIRECTION ( 'NONE',  ( 1.000000000000000000, -0.000000000000000000, -0.000000000000000000 ) ) ;
#6685 = EDGE_CURVE ( 'NONE', #333, #4206, #5342, .T. ) ;
#6686 = CARTESIAN_POINT ( 'NONE',  ( -9.500000000000001776, -2.875000000000006217, 0.000000000000000000 ) ) ;
#6687 = DIRECTION ( 'NONE',  ( 1.000000000000000000, -0.000000000000000000, -0.000000000000000000 ) ) ;
#6688 = AXIS2_PLACEMENT_3D ( 'NONE', #1457, #1972, #5285 ) ;
#6689 = CIRCLE ( 'NONE', #4619, 2.499999999999997780 ) ;
#6690 = CARTESIAN_POINT ( 'NONE',  ( 16.58038475772933751, -1.955718431024642490, 0.3115914106603203670 ) ) ;
#6691 = CARTESIAN_POINT ( 'NONE',  ( 3.550000000000006040, 1.980384757729333201, 0.8203022253684517651 ) ) ;
#6692 = CARTESIAN_POINT ( 'NONE',  ( 9.700000000000004619, -1.424157858600947694E-14, -1.980384757729347189 ) ) ;
#6693 = CARTESIAN_POINT ( 'NONE',  ( -9.500000000000000000, 2.625674005841377223, 0.000000000000000000 ) ) ;
#6694 = EDGE_CURVE ( 'NONE', #4096, #1214, #3476, .T. ) ;
#6695 = ORIENTED_EDGE ( 'NONE', *, *, #5534, .T. ) ;
#6696 = CARTESIAN_POINT ( 'NONE',  ( 4.500000000000002665, -1.400343491548913244, 1.400343491548899477 ) ) ;
#6697 = CARTESIAN_POINT ( 'NONE',  ( 3.600000000000005862, 1.400343491548885710, 1.400343491548899477 ) ) ;
#6698 = CARTESIAN_POINT ( 'NONE',  ( 15.00000000000000711, -1.400343491548913244, 1.400343491548899477 ) ) ;
#6699 = CARTESIAN_POINT ( 'NONE',  ( 2.450000000000003286, 0.8203022253684383314, -1.980384757729346745 ) ) ;
#6700 = VERTEX_POINT ( 'NONE', #6174 ) ;
#6701 = CARTESIAN_POINT ( 'NONE',  ( 16.95000000000000639, -1.035533905932755516, 2.500000000000010214 ) ) ;
#6702 = ORIENTED_EDGE ( 'NONE', *, *, #3292, .F. ) ;
#6703 = EDGE_LOOP ( 'NONE', ( #1725, #3390, #5257, #6681 ) ) ;
#6704 = CARTESIAN_POINT ( 'NONE',  ( 13.05000000000000249, 1.980384757729333201, 0.8203022253684517651 ) ) ;
#6705 = CARTESIAN_POINT ( 'NONE',  ( 13.90000000000000213, 1.400343491548885710, 1.400343491548899477 ) ) ;
#6706 = CARTESIAN_POINT ( 'NONE',  ( 11.15000000000000391, 2.499999999999996447, 1.035533905932741972 ) ) ;
#6707 = CARTESIAN_POINT ( 'NONE',  ( 14.60000000000000320, 1.980384757729333201, -4.850543709266902538E-16 ) ) ;
#6708 = CARTESIAN_POINT ( 'NONE',  ( 4.125000000000003553, -1.053469879313113200, 2.543301270189232799 ) ) ;
#6709 = CARTESIAN_POINT ( 'NONE',  ( 8.000000000000003553, -1.372470695792103782E-14, 2.500000000000010214 ) ) ;
#6710 = CIRCLE ( 'NONE', #1381, 6.534737158183714811 ) ;
#6711 = CARTESIAN_POINT ( 'NONE',  ( 7.350000000000002309, 1.980384757729332534, -0.8203022253684530973 ) ) ;
#6712 = CARTESIAN_POINT ( 'NONE',  ( 5.050000000000004263, -2.500000000000024425, -1.035533905932741749 ) ) ;
#6713 = PRODUCT_DEFINITION_SHAPE ( 'NONE', 'NONE',  #2952 ) ;
#6714 = ADVANCED_FACE ( 'NONE', ( #5124 ), #681, .T. ) ;
#6715 = CARTESIAN_POINT ( 'NONE',  ( 4.400000000000003908, -1.433703035749471672E-14, -2.500000000000010214 ) ) ;
#6716 = CARTESIAN_POINT ( 'NONE',  ( 16.30000000000000426, -2.500000000000023981, 3.061616997868394974E-16 ) ) ;
#6717 = VERTEX_POINT ( 'NONE', #646 ) ;
#6718 = CARTESIAN_POINT ( 'NONE',  ( 6.525000000000004796, -1.798385574751179439, 1.798385574751165894 ) ) ;
#6719 = CARTESIAN_POINT ( 'NONE',  ( 17.82500000000000284, -2.543301270189246122, 3.114645759804640776E-16 ) ) ;
#6720 = DIRECTION ( 'NONE',  ( -1.000000000000000000, 1.771000290586996903E-16, 0.000000000000000000 ) ) ;
#6721 = CARTESIAN_POINT ( 'NONE',  ( 12.85000000000000497, -1.035533905932755516, 2.500000000000010214 ) ) ;
#6722 = CARTESIAN_POINT ( 'NONE',  ( 1.260224867186597431, -2.230225758323820084, -0.3952218565141892848 ) ) ;
#6723 = CARTESIAN_POINT ( 'NONE',  ( 10.65000000000000391, -2.500000000000024425, -1.035533905932741749 ) ) ;
#6724 = CARTESIAN_POINT ( 'NONE',  ( 2.900000000000004796, -1.375652421508278441E-14, 1.980384757729347189 ) ) ;
#6725 = VECTOR ( 'NONE', #1829, 1000.000000000000000 ) ;
#6726 = EDGE_CURVE ( 'NONE', #3486, #2959, #3132, .T. ) ;
#6727 = CARTESIAN_POINT ( 'NONE',  ( 9.000000000000007105, 1.400343491548885266, -1.400343491548899699 ) ) ;
#6728 = CYLINDRICAL_SURFACE ( 'NONE', #4534, 2.500000000000008438 ) ;
#6729 = ORIENTED_EDGE ( 'NONE', *, *, #656, .F. ) ;
#6730 = CARTESIAN_POINT ( 'NONE',  ( 4.650000000000003908, -1.980384757729361178, -0.8203022253684513210 ) ) ;
#6731 = CARTESIAN_POINT ( 'NONE',  ( 4.850000000000004974, -0.8203022253684666421, -1.980384757729346745 ) ) ;
#6732 = CARTESIAN_POINT ( 'NONE',  ( 13.65000000000000568, -0.8203022253684666421, -1.980384757729346745 ) ) ;
#6733 = CARTESIAN_POINT ( 'NONE',  ( 4.300000000000003375, 1.400343491548885710, 1.400343491548899477 ) ) ;
#6734 = ORIENTED_EDGE ( 'NONE', *, *, #4004, .T. ) ;
#6735 = DIRECTION ( 'NONE',  ( 0.000000000000000000, -1.000000000000000000, -0.000000000000000000 ) ) ;
#6736 = EDGE_CURVE ( 'NONE', #81, #7008, #6081, .T. ) ;
#6737 = CARTESIAN_POINT ( 'NONE',  ( 14.47500000000000320, -1.053469879313113200, 2.543301270189232799 ) ) ;
#6738 = EDGE_LOOP ( 'NONE', ( #4910, #4169, #1446, #3001 ) ) ;
#6739 = CARTESIAN_POINT ( 'NONE',  ( 13.00000000000000355, 1.980384757729333201, -4.850543709266902538E-16 ) ) ;
#6740 = CARTESIAN_POINT ( 'NONE',  ( 13.95000000000000284, 0.8203022253684378873, 1.980384757729346967 ) ) ;
#6741 = AXIS2_PLACEMENT_3D ( 'NONE', #777, #3000, #4561 ) ;
#6742 = CARTESIAN_POINT ( 'NONE',  ( 11.95000000000000284, -0.8203022253684666421, -1.980384757729346745 ) ) ;
#6743 = CARTESIAN_POINT ( 'NONE',  ( 5.500000000000000888, -4.500000000000009770, 0.000000000000000000 ) ) ;
#6744 = CARTESIAN_POINT ( 'NONE',  ( 4.625000000000004441, 2.543301270189217700, -1.053469879313101210 ) ) ;
#6745 = CYLINDRICAL_SURFACE ( 'NONE', #3433, 2.500000000000008438 ) ;
#6746 = CARTESIAN_POINT ( 'NONE',  ( 7.050000000000002487, -1.980384757729361178, -0.8203022253684513210 ) ) ;
#6747 =( BOUNDED_CURVE ( )  B_SPLINE_CURVE ( 2, ( #658, #5639, #3502, #6832, #6216, #2366, #192, #692, #5171 ),
 .UNSPECIFIED., .F., .T. ) 
 B_SPLINE_CURVE_WITH_KNOTS ( ( 3, 2, 2, 2, 3 ),
 ( 0.1363636363636363535, 0.1420454545454545858, 0.1477272727272727071, 0.1534090909090909394, 0.1590909090909090606 ),
 .UNSPECIFIED. ) 
 CURVE ( )  GEOMETRIC_REPRESENTATION_ITEM ( )  RATIONAL_B_SPLINE_CURVE ( ( 1.000000000000000000, 0.9238795325112867385, 1.000000000000000000, 0.9238795325112867385, 1.000000000000000000, 0.9238795325112867385, 1.000000000000000000, 0.9238795325112867385, 1.000000000000000000 ) ) 
 REPRESENTATION_ITEM ( '' )  );
#6748 = CARTESIAN_POINT ( 'NONE',  ( 5.432714727063157056, 2.468674509838077125, 0.3945296847724810152 ) ) ;
#6749 = DIRECTION ( 'NONE',  ( 1.000000000000000000, -2.168404344971008868E-16, 0.000000000000000000 ) ) ;
#6750 = CARTESIAN_POINT ( 'NONE',  ( 15.62500000000000355, -1.053469879313114754, -2.543301270189232355 ) ) ;
#6751 = CARTESIAN_POINT ( 'NONE',  ( 5.600000000000004086, 1.767766952966362215, 1.767766952966375982 ) ) ;
#6752 = VERTEX_POINT ( 'NONE', #2298 ) ;
#6753 = CARTESIAN_POINT ( 'NONE',  ( 2.575000000000004174, -2.543301270189245677, 1.053469879313099655 ) ) ;
#6754 = CARTESIAN_POINT ( 'NONE',  ( 15.52500000000000391, -1.798385574751180105, -1.798385574751165450 ) ) ;
#6755 = CARTESIAN_POINT ( 'NONE',  ( 12.05000000000000426, -1.035533905932755516, 2.500000000000010214 ) ) ;
#6756 = CARTESIAN_POINT ( 'NONE',  ( 13.20000000000000462, -1.433703035749471672E-14, -2.500000000000010214 ) ) ;
#6757 = CARTESIAN_POINT ( 'NONE',  ( 16.71961524227066676, 7.290590327726029975E-14, -2.119615242270680877 ) ) ;
#6758 = CARTESIAN_POINT ( 'NONE',  ( 5.480067745874919183, 2.467873030517270472, -0.3995030728861626579 ) ) ;
#6759 = CARTESIAN_POINT ( 'NONE',  ( 3.600000000000005862, 1.400343491548885710, 1.400343491548899477 ) ) ;
#6760 = ORIENTED_EDGE ( 'NONE', *, *, #4743, .F. ) ;
#6761 =( BOUNDED_CURVE ( )  B_SPLINE_CURVE ( 2, ( #6988, #2571, #5507, #4788, #6549, #1068, #4281, #5404, #7023 ),
 .UNSPECIFIED., .F., .F. ) 
 B_SPLINE_CURVE_WITH_KNOTS ( ( 3, 2, 2, 2, 3 ),
 ( 0.3863636363636363535, 0.3920454545454545858, 0.3977272727272727071, 0.4034090909090909394, 0.4090909090909090606 ),
 .UNSPECIFIED. ) 
 CURVE ( )  GEOMETRIC_REPRESENTATION_ITEM ( )  RATIONAL_B_SPLINE_CURVE ( ( 1.000000000000000000, 0.9238795325112867385, 1.000000000000000000, 0.9238795325112867385, 1.000000000000000000, 0.9238795325112867385, 1.000000000000000000, 0.9238795325112867385, 1.000000000000000000 ) ) 
 REPRESENTATION_ITEM ( '' )  );
#6762 = EDGE_CURVE ( 'NONE', #4917, #4876, #1679, .T. ) ;
#6763 = CARTESIAN_POINT ( 'NONE',  ( 9.400000000000005684, -1.400343491548913244, 1.400343491548899477 ) ) ;
#6764 = CARTESIAN_POINT ( 'NONE',  ( 6.150000000000003020, 1.035533905932728427, -2.500000000000010214 ) ) ;
#6765 = VERTEX_POINT ( 'NONE', #6296 ) ;
#6766 = CARTESIAN_POINT ( 'NONE',  ( 4.050000000000003375, 0.8203022253684382203, -1.980384757729346745 ) ) ;
#6767 = CARTESIAN_POINT ( 'NONE',  ( 5.400000000000005684, -1.400343491548913244, 1.400343491548899477 ) ) ;
#6768 = CARTESIAN_POINT ( 'NONE',  ( 12.50000000000000533, -1.375652421508278441E-14, 1.980384757729347189 ) ) ;
#6769 = CARTESIAN_POINT ( 'NONE',  ( 3.850000000000003197, -1.980384757729361400, -0.8203022253684514320 ) ) ;
#6770 = VERTEX_POINT ( 'NONE', #6796 ) ;
#6771 = CARTESIAN_POINT ( 'NONE',  ( 4.200000000000004619, -2.500000000000023981, 3.061616997868394974E-16 ) ) ;
#6772 = CARTESIAN_POINT ( 'NONE',  ( 12.32500000000000639, -1.798385574751180105, -1.798385574751165450 ) ) ;
#6773 = VERTEX_POINT ( 'NONE', #1821 ) ;
#6774 = CARTESIAN_POINT ( 'NONE',  ( 13.45000000000000284, -1.980384757729361178, -0.8203022253684513210 ) ) ;
#6775 = EDGE_CURVE ( 'NONE', #6217, #1517, #3976, .T. ) ;
#6776 = CARTESIAN_POINT ( 'NONE',  ( 12.95000000000000284, 1.980384757729332534, -0.8203022253684530973 ) ) ;
#6777 = CIRCLE ( 'NONE', #3668, 5.702122015915132458 ) ;
#6778 = CARTESIAN_POINT ( 'NONE',  ( 9.800000000000004263, -2.500000000000023981, 3.061616997868394974E-16 ) ) ;
#6779 = CARTESIAN_POINT ( 'NONE',  ( 13.10000000000000320, 1.400343491548885710, 1.400343491548899477 ) ) ;
#6780 = CARTESIAN_POINT ( 'NONE',  ( 2.100000000000005418, 1.767766952966361771, -1.767766952966376204 ) ) ;
#6781 = CARTESIAN_POINT ( 'NONE',  ( 4.325000000000003730, -2.543301270189246122, -1.053469879313099211 ) ) ;
#6782 = DIRECTION ( 'NONE',  ( -1.000000000000000000, 2.168404344971008868E-16, 0.000000000000000000 ) ) ;
#6783 = ORIENTED_EDGE ( 'NONE', *, *, #3411, .T. ) ;
#6784 = CARTESIAN_POINT ( 'NONE',  ( 6.600000000000003197, 1.980384757729333201, -4.850543709266902538E-16 ) ) ;
#6785 = CARTESIAN_POINT ( 'NONE',  ( 5.459301473020698126, 2.468018859103883411, 0.3986072871249042304 ) ) ;
#6786 = EDGE_CURVE ( 'NONE', #5892, #1240, #5454, .T. ) ;
#6787 = SHAPE_DEFINITION_REPRESENTATION ( #6713, #5340 ) ;
#6788 = AXIS2_PLACEMENT_3D ( 'NONE', #2697, #1631, #2285 ) ;
#6789 = CARTESIAN_POINT ( 'NONE',  ( 13.22500000000000320, -1.053469879313114754, -2.543301270189232355 ) ) ;
#6790 = CARTESIAN_POINT ( 'NONE',  ( 5.848909943964354596, -2.484036498951599725, 1.051497406981166227 ) ) ;
#6791 = ORIENTED_EDGE ( 'NONE', *, *, #3, .F. ) ;
#6792 = CARTESIAN_POINT ( 'NONE',  ( 3.475000000000003642, -2.543301270189246122, -1.053469879313099211 ) ) ;
#6793 = CARTESIAN_POINT ( 'NONE',  ( 17.87500000000000711, -2.543301270189246122, -1.053469879313099211 ) ) ;
#6794 = VECTOR ( 'NONE', #2908, 1000.000000000000000 ) ;
#6795 = DIRECTION ( 'NONE',  ( 2.168404344971008868E-16, 1.000000000000000000, -0.000000000000000000 ) ) ;
#6796 = CARTESIAN_POINT ( 'NONE',  ( 13.60000000000000497, -1.372470695792103782E-14, 2.500000000000010214 ) ) ;
#6797 = CIRCLE ( 'NONE', #5535, 8.000000000000001776 ) ;
#6798 = CARTESIAN_POINT ( 'NONE',  ( 17.50000000000000000, -1.194030629168669588E-14, 0.000000000000000000 ) ) ;
#6799 = CARTESIAN_POINT ( 'NONE',  ( 16.90000000000000568, -1.767766952966389749, 1.767766952966375982 ) ) ;
#6800 = CARTESIAN_POINT ( 'NONE',  ( 5.550000000000006040, -1.980384757729361178, -0.8203022253684513210 ) ) ;
#6801 = ORIENTED_EDGE ( 'NONE', *, *, #1540, .T. ) ;
#6802 = CARTESIAN_POINT ( 'NONE',  ( 10.65000000000000391, -2.500000000000023981, 1.035533905932742194 ) ) ;
#6803 = CARTESIAN_POINT ( 'NONE',  ( 8.650000000000005684, -1.980384757729360956, 0.8203022253684520981 ) ) ;
#6804 = CARTESIAN_POINT ( 'NONE',  ( 17.50000000000000000, -1.163414459189985801E-14, 2.500000000000008438 ) ) ;
#6805 = ORIENTED_EDGE ( 'NONE', *, *, #6396, .F. ) ;
#6806 = AXIS2_PLACEMENT_3D ( 'NONE', #6133, #3196, #6632 ) ;
#6807 = CARTESIAN_POINT ( 'NONE',  ( 1.550000000000002709, -0.8203022253684666421, -1.980384757729346745 ) ) ;
#6808 =( BOUNDED_CURVE ( )  B_SPLINE_CURVE ( 2, ( #2743, #1139, #3396, #4967, #4417, #1104, #2783, #21, #5582 ),
 .UNSPECIFIED., .F., .T. ) 
 B_SPLINE_CURVE_WITH_KNOTS ( ( 3, 2, 2, 2, 3 ),
 ( 0.8181818181818182323, 0.8238636363636363535, 0.8295454545454545858, 0.8352272727272727071, 0.8409090909090909394 ),
 .UNSPECIFIED. ) 
 CURVE ( )  GEOMETRIC_REPRESENTATION_ITEM ( )  RATIONAL_B_SPLINE_CURVE ( ( 1.000000000000000000, 0.9238795325112867385, 1.000000000000000000, 0.9238795325112867385, 1.000000000000000000, 0.9238795325112867385, 1.000000000000000000, 0.9238795325112867385, 1.000000000000000000 ) ) 
 REPRESENTATION_ITEM ( '' )  );
#6809 = EDGE_CURVE ( 'NONE', #3496, #5011, #371, .T. ) ;
#6810 = CARTESIAN_POINT ( 'NONE',  ( 5.623505458136389024, 2.468709559543431631, 0.3943355346042037302 ) ) ;
#6811 = CARTESIAN_POINT ( 'NONE',  ( 13.15000000000000568, 1.980384757729333201, 0.8203022253684517651 ) ) ;
#6812 = DIRECTION ( 'NONE',  ( 2.168404344971008868E-16, 1.000000000000000000, -0.000000000000000000 ) ) ;
#6813 = VERTEX_POINT ( 'NONE', #1709 ) ;
#6814 = CARTESIAN_POINT ( 'NONE',  ( -9.500000000000001776, -2.615813991587110809, 0.000000000000000000 ) ) ;
#6815 = VECTOR ( 'NONE', #6200, 1000.000000000000000 ) ;
#6816 = CARTESIAN_POINT ( 'NONE',  ( 11.82500000000000639, 2.543301270189218144, -6.229291519609281552E-16 ) ) ;
#6817 = VERTEX_POINT ( 'NONE', #1236 ) ;
#6818 = CARTESIAN_POINT ( 'NONE',  ( 12.65000000000000213, -1.980384757729361178, -0.8203022253684513210 ) ) ;
#6819 = CARTESIAN_POINT ( 'NONE',  ( 10.30000000000000426, -1.400343491548913688, -1.400343491548899255 ) ) ;
#6820 = CARTESIAN_POINT ( 'NONE',  ( 9.550000000000006040, -1.980384757729361400, -0.8203022253684514320 ) ) ;
#6821 = CARTESIAN_POINT ( 'NONE',  ( 11.30000000000000426, -1.372470695792103782E-14, 2.500000000000010214 ) ) ;
#6822 = CARTESIAN_POINT ( 'NONE',  ( 13.50000000000000355, -1.400343491548913688, -1.400343491548899255 ) ) ;
#6823 = CARTESIAN_POINT ( 'NONE',  ( 2.250000000000002665, 2.499999999999996003, 1.035533905932741972 ) ) ;
#6824 = CARTESIAN_POINT ( 'NONE',  ( 3.575000000000003730, -1.798385574751180105, -1.798385574751165450 ) ) ;
#6825 = EDGE_CURVE ( 'NONE', #3007, #7008, #6187, .T. ) ;
#6826 = DIRECTION ( 'NONE',  ( -1.000000000000000000, 2.168404344971008868E-16, 0.000000000000000000 ) ) ;
#6827 = ORIENTED_EDGE ( 'NONE', *, *, #1186, .T. ) ;
#6828 = CARTESIAN_POINT ( 'NONE',  ( 5.250000000000002665, -0.8203022253684655318, 1.980384757729346967 ) ) ;
#6829 = CARTESIAN_POINT ( 'NONE',  ( -6.635278514588855536, -2.250000000000000888, 7.122560691985976078 ) ) ;
#6830 = DIRECTION ( 'NONE',  ( -1.000000000000000000, 1.990963944668006845E-16, 0.000000000000000000 ) ) ;
#6831 = CARTESIAN_POINT ( 'NONE',  ( 13.37500000000000533, 1.798385574751151461, -1.798385574751166116 ) ) ;
#6832 = CARTESIAN_POINT ( 'NONE',  ( 3.450000000000005063, -2.500000000000023981, 1.035533905932742194 ) ) ;
#6833 = EDGE_CURVE ( 'NONE', #2250, #3477, #3394, .T. ) ;
#6834 = CIRCLE ( 'NONE', #232, 8.560229366187487088 ) ;
#6835 = ORIENTED_EDGE ( 'NONE', *, *, #6964, .T. ) ;
#6836 = CARTESIAN_POINT ( 'NONE',  ( 3.375000000000004885, -2.543301270189245677, 1.053469879313099655 ) ) ;
#6837 = FACE_OUTER_BOUND ( 'NONE', #4173, .T. ) ;
#6838 = CARTESIAN_POINT ( 'NONE',  ( -5.993238127012072702, -2.249407605183932901, 6.864222061891339877 ) ) ;
#6839 = CARTESIAN_POINT ( 'NONE',  ( 1.307320194476049746, -1.686267357251739263, -1.581851193278721812 ) ) ;
#6840 = CARTESIAN_POINT ( 'NONE',  ( 1.600000000000004752, -1.372470695792103782E-14, 2.500000000000010214 ) ) ;
#6841 = CARTESIAN_POINT ( 'NONE',  ( 4.500000000000003553, -1.433703035749471672E-14, -2.500000000000010214 ) ) ;
#6842 = EDGE_LOOP ( 'NONE', ( #2935, #3407, #3784, #7119 ) ) ;
#6843 = CARTESIAN_POINT ( 'NONE',  ( 8.900000000000005684, -1.424157858600947694E-14, -1.980384757729347189 ) ) ;
#6844 = CARTESIAN_POINT ( 'NONE',  ( 2.850000000000003642, -1.035533905932757293, -2.500000000000010214 ) ) ;
#6845 = ORIENTED_EDGE ( 'NONE', *, *, #4632, .T. ) ;
#6846 = CARTESIAN_POINT ( 'NONE',  ( 14.10000000000000497, -1.433703035749471672E-14, -2.500000000000010214 ) ) ;
#6847 = CARTESIAN_POINT ( 'NONE',  ( 2.050000000000006484, 0.8203022253684378873, 1.980384757729347189 ) ) ;
#6848 = CARTESIAN_POINT ( 'NONE',  ( 10.75000000000000533, 1.980384757729333201, 0.8203022253684517651 ) ) ;
#6849 = DIRECTION ( 'NONE',  ( 1.000000000000000000, -1.771000290586994931E-16, 0.000000000000000000 ) ) ;
#6850 = CARTESIAN_POINT ( 'NONE',  ( 16.10000000000000142, 1.400343491548885266, -1.400343491548899699 ) ) ;
#6851 = ORIENTED_EDGE ( 'NONE', *, *, #5457, .T. ) ;
#6852 = PLANE ( 'NONE',  #3698 ) ;
#6853 = CARTESIAN_POINT ( 'NONE',  ( 11.62500000000000533, -1.434498467178515336E-14, -2.543301270189231911 ) ) ;
#6854 = CARTESIAN_POINT ( 'NONE',  ( 10.45000000000000284, 0.8203022253684382203, -1.980384757729346745 ) ) ;
#6855 = CARTESIAN_POINT ( 'NONE',  ( 10.05000000000000249, -0.8203022253684655318, 1.980384757729346967 ) ) ;
#6856 = CARTESIAN_POINT ( 'NONE',  ( 8.900000000000005684, -1.424157858600947694E-14, -1.980384757729347189 ) ) ;
#6857 = DIRECTION ( 'NONE',  ( 2.168404344971008868E-16, 1.000000000000000000, -0.000000000000000000 ) ) ;
#6858 = CARTESIAN_POINT ( 'NONE',  ( 9.700000000000004619, 1.400343491548885266, -1.400343491548899699 ) ) ;
#6859 = CYLINDRICAL_SURFACE ( 'NONE', #208, 0.4000000000000004663 ) ;
#6860 = CARTESIAN_POINT ( 'NONE',  ( 4.375000000000003553, -1.798385574751180105, -1.798385574751165450 ) ) ;
#6861 = DIRECTION ( 'NONE',  ( 2.168404344971008868E-16, 1.000000000000000000, -0.000000000000000000 ) ) ;
#6862 = EDGE_LOOP ( 'NONE', ( #6528, #6076 ) ) ;
#6863 = CARTESIAN_POINT ( 'NONE',  ( 6.950000000000002842, 1.035533905932728427, -2.500000000000010214 ) ) ;
#6864 = CARTESIAN_POINT ( 'NONE',  ( 17.50000000000000000, -1.163414459189985801E-14, 2.500000000000008438 ) ) ;
#6865 = CARTESIAN_POINT ( 'NONE',  ( 6.550000000000004263, -2.500000000000023981, 1.035533905932742194 ) ) ;
#6866 = CARTESIAN_POINT ( 'NONE',  ( 13.07500000000000284, -2.543301270189246122, 3.114645759804640776E-16 ) ) ;
#6867 = CLOSED_SHELL ( 'NONE', ( #2212, #6124, #2284, #3239, #6564, #39, #6556, #584, #1458, #113, #3249, #3279, #4746, #266, #4574, #4887, #3678, #5491, #2669, #4794, #235, #4854, #1587, #228, #2874, #832, #4230, #1276, #4895, #3804, #4186, #5071, #1231, #6305, #3893, #2075, #5272, #1129, #4475, #5560, #413, #313, #3418, #3191, #880, #6238, #6714, #697, #1785, #1437, #6429, #2327, #7161, #789, #6900, #575, #5357, #6295, #6090, #5914, #3601, #3569, #6913, #3817, #5734, #2516, #2376, #3774, #6599, #86, #3201, #6671, #381, #6173, #6191, #3470, #7047, #2034, #5092, #4674, #1639, #1151, #2922, #3370, #5596, #1549, #6476, #4766, #3932, #746, #274, #3446, #5181 ) ) ;
#6868 = ORIENTED_EDGE ( 'NONE', *, *, #1960, .F. ) ;
#6869 = CARTESIAN_POINT ( 'NONE',  ( 3.025000000000005240, 2.543301270189218144, -6.229291519609281552E-16 ) ) ;
#6870 = DIRECTION ( 'NONE',  ( -1.000000000000000000, 2.168404344971008621E-16, 0.000000000000000000 ) ) ;
#6871 = DIRECTION ( 'NONE',  ( 0.000000000000000000, 0.000000000000000000, 1.000000000000000000 ) ) ;
#6872 = EDGE_CURVE ( 'NONE', #6522, #739, #4634, .T. ) ;
#6873 = CARTESIAN_POINT ( 'NONE',  ( 10.30000000000000426, 1.767766952966362215, 1.767766952966375982 ) ) ;
#6874 = CARTESIAN_POINT ( 'NONE',  ( 5.380974391785756872, 2.470661266829336622, -0.3818807465547806590 ) ) ;
#6875 = CARTESIAN_POINT ( 'NONE',  ( -0.4398693894411370708, 3.906453299771476484, -3.895096322886892448 ) ) ;
#6876 = ORIENTED_EDGE ( 'NONE', *, *, #6286, .T. ) ;
#6877 = CARTESIAN_POINT ( 'NONE',  ( 7.450000000000003730, -2.500000000000024425, -1.035533905932741749 ) ) ;
#6878 = CARTESIAN_POINT ( 'NONE',  ( 5.850000000000005862, 1.980384757729332534, -0.8203022253684530973 ) ) ;
#6879 = CARTESIAN_POINT ( 'NONE',  ( 2.650000000000003908, -2.500000000000023981, 1.035533905932742194 ) ) ;
#6880 = ORIENTED_EDGE ( 'NONE', *, *, #495, .T. ) ;
#6881 = EDGE_CURVE ( 'NONE', #2532, #1789, #1106, .T. ) ;
#6882 = CARTESIAN_POINT ( 'NONE',  ( 14.90000000000000391, -1.433703035749471672E-14, -2.500000000000010214 ) ) ;
#6883 = CARTESIAN_POINT ( 'NONE',  ( 11.40000000000000568, 1.400343491548885266, -1.400343491548899699 ) ) ;
#6884 = DIRECTION ( 'NONE',  ( 2.168404344971008868E-16, 1.000000000000000000, -0.000000000000000000 ) ) ;
#6885 = CARTESIAN_POINT ( 'NONE',  ( 16.05000000000000071, 0.8203022253684382203, -1.980384757729346745 ) ) ;
#6886 = ORIENTED_EDGE ( 'NONE', *, *, #1754, .F. ) ;
#6887 = FACE_OUTER_BOUND ( 'NONE', #296, .T. ) ;
#6888 = CARTESIAN_POINT ( 'NONE',  ( 13.82500000000000462, -2.543301270189246122, 3.114645759804640776E-16 ) ) ;
#6889 = CARTESIAN_POINT ( 'NONE',  ( 11.00000000000000355, -1.980384757729360956, 2.425271854633451269E-16 ) ) ;
#6890 = CARTESIAN_POINT ( 'NONE',  ( 10.20000000000000462, -1.980384757729360956, 2.425271854633451269E-16 ) ) ;
#6891 = CARTESIAN_POINT ( 'NONE',  ( 11.55000000000000426, 1.980384757729333201, 0.8203022253684517651 ) ) ;
#6892 = CARTESIAN_POINT ( 'NONE',  ( 2.400000000000003020, -1.424157858600947694E-14, -1.980384757729347189 ) ) ;
#6893 = CARTESIAN_POINT ( 'NONE',  ( 9.750000000000001776, 1.980384757729332978, -0.8203022253684528753 ) ) ;
#6894 = CARTESIAN_POINT ( 'NONE',  ( -9.500000000000000000, -2.875000000000006661, 0.000000000000000000 ) ) ;
#6895 = CARTESIAN_POINT ( 'NONE',  ( 3.325000000000004174, -1.053469879313113200, 2.543301270189232799 ) ) ;
#6896 = DIRECTION ( 'NONE',  ( -1.000000000000000000, 2.161407978480072723E-16, 0.000000000000000000 ) ) ;
#6897 = VERTEX_POINT ( 'NONE', #2955 ) ;
#6898 = CARTESIAN_POINT ( 'NONE',  ( -14.24730186527041731, -2.875000000000007105, 0.000000000000000000 ) ) ;
#6899 = CARTESIAN_POINT ( 'NONE',  ( 15.90000000000000391, -1.980384757729360956, 2.425271854633451269E-16 ) ) ;
#6900 = ADVANCED_FACE ( 'NONE', ( #3068 ), #5570, .F. ) ;
#6901 = CARTESIAN_POINT ( 'NONE',  ( 15.22500000000000675, 1.053469879313085666, 2.543301270189232799 ) ) ;
#6902 = ORIENTED_EDGE ( 'NONE', *, *, #5223, .T. ) ;
#6903 = CARTESIAN_POINT ( 'NONE',  ( 2.625000000000003997, -2.543301270189246122, 3.114645759804640776E-16 ) ) ;
#6904 = B_SPLINE_CURVE_WITH_KNOTS ( 'NONE', 3,
 ( #525, #3874, #2740, #7164 ),
 .UNSPECIFIED., .F., .F.,
 ( 4, 4 ),
 ( 0.000000000000000000, 0.2473377160902643090 ),
 .UNSPECIFIED. ) ;
#6905 = CARTESIAN_POINT ( 'NONE',  ( -6.635278514588855536, 0.3809159275148019663, 7.469496021220156656 ) ) ;
#6906 = CARTESIAN_POINT ( 'NONE',  ( 8.100000000000004974, -1.767766952966389749, 1.767766952966375982 ) ) ;
#6907 = CARTESIAN_POINT ( 'NONE',  ( 10.00000000000000533, -1.433703035749471672E-14, -2.500000000000010214 ) ) ;
#6908 = CARTESIAN_POINT ( 'NONE',  ( 1.750000000000005773, -2.500000000000023981, 1.035533905932742194 ) ) ;
#6909 = CARTESIAN_POINT ( 'NONE',  ( 1.400000000000005462, -1.400343491548913244, 1.400343491548899477 ) ) ;
#6910 = ORIENTED_EDGE ( 'NONE', *, *, #6385, .F. ) ;
#6911 = AXIS2_PLACEMENT_3D ( 'NONE', #1667, #2112, #4406 ) ;
#6912 = CARTESIAN_POINT ( 'NONE',  ( -6.635277415678134894, -2.250000000000036859, -7.122560249999716042 ) ) ;
#6913 = ADVANCED_FACE ( 'NONE', ( #2455 ), #6375, .T. ) ;
#6914 = CARTESIAN_POINT ( 'NONE',  ( 4.450000000000005507, 0.8203022253684378873, 1.980384757729346967 ) ) ;
#6915 = CYLINDRICAL_SURFACE ( 'NONE', #5467, 2.500000000000008438 ) ;
#6916 = ORIENTED_EDGE ( 'NONE', *, *, #3690, .T. ) ;
#6917 = DIRECTION ( 'NONE',  ( 0.000000000000000000, 0.000000000000000000, -1.000000000000000000 ) ) ;
#6918 = CARTESIAN_POINT ( 'NONE',  ( -5.652598279357872180, 3.999999999999994671, 4.711708202218401827E-16 ) ) ;
#6919 = AXIS2_PLACEMENT_3D ( 'NONE', #3148, #2087, #3184 ) ;
#6920 = CARTESIAN_POINT ( 'NONE',  ( 10.65000000000000924, 1.980384757729332534, -0.8203022253684530973 ) ) ;
#6921 = LINE ( 'NONE', #1949, #5056 ) ;
#6922 = CARTESIAN_POINT ( 'NONE',  ( 16.65000000000000568, -1.980384757729361178, -0.8203022253684513210 ) ) ;
#6923 = DIRECTION ( 'NONE',  ( -1.000000000000000000, 0.000000000000000000, 0.000000000000000000 ) ) ;
#6924 = EDGE_CURVE ( 'NONE', #33, #6700, #109, .T. ) ;
#6925 = CARTESIAN_POINT ( 'NONE',  ( 15.45000000000000462, 1.980384757729332534, -0.8203022253684530973 ) ) ;
#6926 = VECTOR ( 'NONE', #3531, 1000.000000000000000 ) ;
#6927 = CARTESIAN_POINT ( 'NONE',  ( 9.100000000000001421, 1.400343491548885710, 1.400343491548899477 ) ) ;
#6928 = CARTESIAN_POINT ( 'NONE',  ( 9.950000000000001066, 0.8203022253684378873, 1.980384757729346967 ) ) ;
#6929 = CARTESIAN_POINT ( 'NONE',  ( 10.60000000000000497, 1.400343491548885266, -1.400343491548899699 ) ) ;
#6930 = CARTESIAN_POINT ( 'NONE',  ( 3.400000000000002132, 1.980384757729333201, -4.850543709266902538E-16 ) ) ;
#6931 = CARTESIAN_POINT ( 'NONE',  ( 10.00000000000000178, -1.375652421508278441E-14, 1.980384757729347189 ) ) ;
#6932 = AXIS2_PLACEMENT_3D ( 'NONE', #5251, #4776, #1350 ) ;
#6933 = CIRCLE ( 'NONE', #2415, 5.549999999999998046 ) ;
#6934 = B_SPLINE_CURVE_WITH_KNOTS ( 'NONE', 3,
 ( #618, #7153, #5569, #5493, #1698, #4439 ),
 .UNSPECIFIED., .F., .F.,
 ( 4, 2, 4 ),
 ( 0.0006264473755275600311, 0.0007609454949250219315, 0.0008954436143224838319 ),
 .UNSPECIFIED. ) ;
#6935 = CARTESIAN_POINT ( 'NONE',  ( -9.500000000000000000, -3.857637417314162689E-15, 0.000000000000000000 ) ) ;
#6936 = CARTESIAN_POINT ( 'NONE',  ( 2.625000000000003997, -2.543301270189245677, 1.053469879313099655 ) ) ;
#6937 = CARTESIAN_POINT ( 'NONE',  ( 15.27500000000000568, -1.053469879313113200, 2.543301270189232799 ) ) ;
#6938 = ORIENTED_EDGE ( 'NONE', *, *, #1317, .F. ) ;
#6939 = DIRECTION ( 'NONE',  ( -2.168404344971008868E-16, -1.000000000000000000, 0.000000000000000000 ) ) ;
#6940 = CARTESIAN_POINT ( 'NONE',  ( 16.30000000000000426, 1.980384757729333201, -4.850543709266902538E-16 ) ) ;
#6941 = CARTESIAN_POINT ( 'NONE',  ( 12.02500000000000391, 1.053469879313085666, 2.543301270189232799 ) ) ;
#6942 = ORIENTED_EDGE ( 'NONE', *, *, #7054, .T. ) ;
#6943 = DIRECTION ( 'NONE',  ( 2.168404344971008868E-16, 1.000000000000000000, -0.000000000000000000 ) ) ;
#6944 = CARTESIAN_POINT ( 'NONE',  ( 14.75000000000000533, -2.500000000000024425, -1.035533905932741749 ) ) ;
#6945 = DIRECTION ( 'NONE',  ( 2.168404344971008868E-16, 1.000000000000000000, -0.000000000000000000 ) ) ;
#6946 = DIRECTION ( 'NONE',  ( 1.000000000000000000, 0.000000000000000000, 0.000000000000000000 ) ) ;
#6948 = CARTESIAN_POINT ( 'NONE',  ( 1.850000000000004530, 1.980384757729332534, -0.8203022253684530973 ) ) ;
#6947 = AXIS2_PLACEMENT_3D ( 'NONE', #1490, #4671, #3030 ) ;
#6949 = ORIENTED_EDGE ( 'NONE', *, *, #3062, .T. ) ;
#6950 = CARTESIAN_POINT ( 'NONE',  ( -16.03473715818371659, -2.875000000000004885, 0.000000000000000000 ) ) ;
#6951 = CARTESIAN_POINT ( 'NONE',  ( 4.500000000000005329, -1.375652421508278441E-14, 1.980384757729347189 ) ) ;
#6952 = CARTESIAN_POINT ( 'NONE',  ( 5.158767476888391101, -2.490234070856510495, -0.2304585406391971569 ) ) ;
#6953 = ORIENTED_EDGE ( 'NONE', *, *, #3934, .F. ) ;
#6954 = CARTESIAN_POINT ( 'NONE',  ( -16.03473715818371659, 2.874999999999995115, 8.002744944038961376E-16 ) ) ;
#6955 = CARTESIAN_POINT ( 'NONE',  ( 12.00000000000000711, -1.400343491548913688, -1.400343491548899255 ) ) ;
#6956 = CARTESIAN_POINT ( 'NONE',  ( 2.050000000000003375, -0.8203022253684655318, 1.980384757729347189 ) ) ;
#6957 = CARTESIAN_POINT ( 'NONE',  ( 17.40000000000000213, -1.980384757729360956, 2.425271854633451269E-16 ) ) ;
#6958 = CARTESIAN_POINT ( 'NONE',  ( 5.460798648967997160, 2.341857447246401325, 1.193676458686335984 ) ) ;
#6959 = CARTESIAN_POINT ( 'NONE',  ( 14.10000000000000675, -1.375652421508278441E-14, 1.980384757729347189 ) ) ;
#6960 = CARTESIAN_POINT ( 'NONE',  ( 11.05000000000000426, -1.980384757729361178, -0.8203022253684513210 ) ) ;
#6961 = CARTESIAN_POINT ( 'NONE',  ( 9.750000000000001776, 1.980384757729332534, -0.8203022253684530973 ) ) ;
#6962 = VECTOR ( 'NONE', #460, 1000.000000000000000 ) ;
#6963 = CARTESIAN_POINT ( 'NONE',  ( 11.20000000000000462, -1.400343491548913688, -1.400343491548899255 ) ) ;
#6964 = EDGE_CURVE ( 'NONE', #5773, #5478, #3871, .T. ) ;
#6965 = CARTESIAN_POINT ( 'NONE',  ( 4.000000000000001776, -1.424157858600947694E-14, -1.980384757729347189 ) ) ;
#6966 = CARTESIAN_POINT ( 'NONE',  ( 11.35000000000000320, 1.980384757729332978, -0.8203022253684528753 ) ) ;
#6967 = CARTESIAN_POINT ( 'NONE',  ( 5.380974391785756872, 2.470661266829336622, -0.3818807465547806590 ) ) ;
#6968 = CARTESIAN_POINT ( 'NONE',  ( 3.025000000000003464, 2.543301270189217700, -1.053469879313101210 ) ) ;
#6969 = ORIENTED_EDGE ( 'NONE', *, *, #47, .F. ) ;
#6970 = CARTESIAN_POINT ( 'NONE',  ( 18.05000000000000426, -0.8203022253684655318, 1.980384757729346967 ) ) ;
#6971 = CARTESIAN_POINT ( 'NONE',  ( 15.75000000000000711, -0.8203022253684655318, 1.980384757729347189 ) ) ;
#6972 = CARTESIAN_POINT ( 'NONE',  ( 11.22500000000000320, 1.053469879313085666, 2.543301270189232799 ) ) ;
#6973 = ORIENTED_EDGE ( 'NONE', *, *, #4632, .F. ) ;
#6974 = FACE_OUTER_BOUND ( 'NONE', #1043, .T. ) ;
#6975 = DIRECTION ( 'NONE',  ( 1.000000000000000000, -0.000000000000000000, -0.000000000000000000 ) ) ;
#6976 = FACE_OUTER_BOUND ( 'NONE', #4559, .T. ) ;
#6977 = CARTESIAN_POINT ( 'NONE',  ( 2.050000000000006928, 0.8203022253684378873, 1.980384757729346967 ) ) ;
#6978 = VERTEX_POINT ( 'NONE', #5359 ) ;
#6979 = CARTESIAN_POINT ( 'NONE',  ( 10.57500000000000462, -2.543301270189245677, 1.053469879313099655 ) ) ;
#6980 = CARTESIAN_POINT ( 'NONE',  ( 6.800000000000006040, 1.400343491548885710, 1.400343491548899477 ) ) ;
#6981 = CARTESIAN_POINT ( 'NONE',  ( 16.97832622301370264, -0.1588124566998181386, 2.378326223013680352 ) ) ;
#6982 = CIRCLE ( 'NONE', #3867, 8.560229366187492417 ) ;
#6983 = EDGE_LOOP ( 'NONE', ( #3214, #6080, #6264, #450, #3588, #4994, #5246, #1199, #6127 ) ) ;
#6984 =( BOUNDED_CURVE ( )  B_SPLINE_CURVE ( 2, ( #5885, #1481, #4834, #6390, #4729 ),
 .UNSPECIFIED., .F., .F. ) 
 B_SPLINE_CURVE_WITH_KNOTS ( ( 3, 2, 3 ),
 ( 0.2500000000000000000, 0.2556818181818182323, 0.2601884538798053814 ),
 .UNSPECIFIED. ) 
 CURVE ( )  GEOMETRIC_REPRESENTATION_ITEM ( )  RATIONAL_B_SPLINE_CURVE ( ( 1.000000000000000000, 0.9238795325112867385, 1.000000000000000000, 0.9396236899607488535, 0.9750244799372400628 ) ) 
 REPRESENTATION_ITEM ( '' )  );
#6985 = CARTESIAN_POINT ( 'NONE',  ( 5.727618139203030090, -2.477676946148894999, -0.3343828766325940283 ) ) ;
#6986 = CARTESIAN_POINT ( 'NONE',  ( 11.95000000000000462, 1.035533905932727983, 2.500000000000010214 ) ) ;
#6987 = CARTESIAN_POINT ( 'NONE',  ( 10.05000000000000426, 0.8203022253684378873, 1.980384757729346967 ) ) ;
#6988 = CARTESIAN_POINT ( 'NONE',  ( 7.700000000000005507, -1.433703035749471672E-14, -2.500000000000010214 ) ) ;
#6989 = CARTESIAN_POINT ( 'NONE',  ( 15.50000000000000355, 1.400343491548885710, 1.400343491548899477 ) ) ;
#6990 = EDGE_CURVE ( 'NONE', #2276, #350, #3085, .T. ) ;
#6991 = DIRECTION ( 'NONE',  ( 0.000000000000000000, 0.000000000000000000, 1.000000000000000000 ) ) ;
#6992 = CARTESIAN_POINT ( 'NONE',  ( 15.95000000000000462, -1.980384757729361178, -0.8203022253684513210 ) ) ;
#6993 = AXIS2_PLACEMENT_3D ( 'NONE', #4208, #1322, #817 ) ;
#6994 = DIRECTION ( 'NONE',  ( 0.000000000000000000, -1.000000000000000000, 6.123233995737423009E-17 ) ) ;
#6995 = CARTESIAN_POINT ( 'NONE',  ( 10.75000000000000355, 0.8203022253684378873, 1.980384757729346967 ) ) ;
#6996 = CARTESIAN_POINT ( 'NONE',  ( 7.100000000000002309, -1.400343491548913688, -1.400343491548899255 ) ) ;
#6997 = CARTESIAN_POINT ( 'NONE',  ( 6.250000000000005329, -1.980384757729360956, 0.8203022253684520981 ) ) ;
#6998 = CARTESIAN_POINT ( 'NONE',  ( 2.750000000000002220, 0.8203022253684378873, 1.980384757729346967 ) ) ;
#6999 = CARTESIAN_POINT ( 'NONE',  ( 10.80000000000000426, -1.375652421508278441E-14, 1.980384757729347189 ) ) ;
#7000 = DIRECTION ( 'NONE',  ( -0.000000000000000000, 0.000000000000000000, -1.000000000000000000 ) ) ;
#7001 = CARTESIAN_POINT ( 'NONE',  ( 1.825000000000003730, -2.543301270189245677, 1.053469879313099655 ) ) ;
#7002 =( BOUNDED_CURVE ( )  B_SPLINE_CURVE ( 2, ( #4675, #4130, #6331, #3033, #5253, #3142, #6576, #2150, #7089 ),
 .UNSPECIFIED., .F., .F. ) 
 B_SPLINE_CURVE_WITH_KNOTS ( ( 3, 2, 2, 2, 3 ),
 ( 0.7500000000000000000, 0.7556818181818182323, 0.7613636363636363535, 0.7670454545454545858, 0.7727272727272727071 ),
 .UNSPECIFIED. ) 
 CURVE ( )  GEOMETRIC_REPRESENTATION_ITEM ( )  RATIONAL_B_SPLINE_CURVE ( ( 1.000000000000000000, 0.9238795325112867385, 1.000000000000000000, 0.9238795325112867385, 1.000000000000000000, 0.9238795325112867385, 1.000000000000000000, 0.9238795325112867385, 1.000000000000000000 ) ) 
 REPRESENTATION_ITEM ( '' )  );
#7003 = ORIENTED_EDGE ( 'NONE', *, *, #76, .T. ) ;
#7004 = ADVANCED_FACE ( 'NONE', ( #4775 ), #1255, .T. ) ;
#7005 = DIRECTION ( 'NONE',  ( 0.000000000000000000, 0.000000000000000000, -1.000000000000000000 ) ) ;
#7006 = CARTESIAN_POINT ( 'NONE',  ( 13.25000000000000711, 0.8203022253684378873, 1.980384757729347189 ) ) ;
#7007 = CARTESIAN_POINT ( 'NONE',  ( 11.12500000000000711, 2.543301270189218588, 1.053469879313099433 ) ) ;
#7008 = VERTEX_POINT ( 'NONE', #5322 ) ;
#7009 = CARTESIAN_POINT ( 'NONE',  ( -4.623541796502131263, -2.695312500000007550, 0.000000000000000000 ) ) ;
#7010 = EDGE_CURVE ( 'NONE', #3496, #3754, #2038, .T. ) ;
#7011 = CARTESIAN_POINT ( 'NONE',  ( 17.50000000000000000, -1.194030629168669588E-14, -2.500000000000008438 ) ) ;
#7012 = CARTESIAN_POINT ( 'NONE',  ( -9.500000000000000000, -3.857637417314162689E-15, 0.000000000000000000 ) ) ;
#7013 = AXIS2_PLACEMENT_3D ( 'NONE', #1912, #6812, #4719 ) ;
#7014 = DIRECTION ( 'NONE',  ( 2.168404344971008868E-16, 1.000000000000000000, -0.000000000000000000 ) ) ;
#7015 = CARTESIAN_POINT ( 'NONE',  ( 12.50000000000000533, 1.767766952966361771, -1.767766952966376204 ) ) ;
#7016 = ORIENTED_EDGE ( 'NONE', *, *, #3062, .F. ) ;
#7017 = CARTESIAN_POINT ( 'NONE',  ( 10.27500000000000746, 2.543301270189218588, 1.053469879313099433 ) ) ;
#7018 = CARTESIAN_POINT ( 'NONE',  ( 6.700000000000006395, 1.980384757729333201, -4.850543709266902538E-16 ) ) ;
#7019 = CARTESIAN_POINT ( 'NONE',  ( 3.250000000000003109, -1.035533905932755516, 2.500000000000010214 ) ) ;
#7020 = DIRECTION ( 'NONE',  ( 1.000000000000000000, -0.000000000000000000, -0.000000000000000000 ) ) ;
#7021 = CYLINDRICAL_SURFACE ( 'NONE', #5881, 5.500000000000014211 ) ;
#7022 = CARTESIAN_POINT ( 'NONE',  ( 6.300000000000005151, -1.980384757729360956, 2.425271854633451269E-16 ) ) ;
#7023 = CARTESIAN_POINT ( 'NONE',  ( 8.100000000000004974, -1.372470695792103782E-14, 2.500000000000010214 ) ) ;
#7024 = CARTESIAN_POINT ( 'NONE',  ( 17.62500000000000711, 1.053469879313085666, 2.543301270189232799 ) ) ;
#7025 = CARTESIAN_POINT ( 'NONE',  ( 5.600000000000004974, -1.372470695792103782E-14, 2.500000000000010214 ) ) ;
#7026 = CARTESIAN_POINT ( 'NONE',  ( 14.05000000000000604, 0.8203022253684378873, 1.980384757729346967 ) ) ;
#7027 =( BOUNDED_CURVE ( )  B_SPLINE_CURVE ( 2, ( #6051, #1065, #3287, #4, #547, #1083, #3855, #4296, #2659 ),
 .UNSPECIFIED., .F., .T. ) 
 B_SPLINE_CURVE_WITH_KNOTS ( ( 3, 2, 2, 2, 3 ),
 ( 0.2386363636363636465, 0.2443181818181818232, 0.2500000000000000000, 0.2556818181818181768, 0.2613636363636363535 ),
 .UNSPECIFIED. ) 
 CURVE ( )  GEOMETRIC_REPRESENTATION_ITEM ( )  RATIONAL_B_SPLINE_CURVE ( ( 1.000000000000000000, 0.9238795325112867385, 1.000000000000000000, 0.9238795325112867385, 1.000000000000000000, 0.9238795325112867385, 1.000000000000000000, 0.9238795325112867385, 1.000000000000000000 ) ) 
 REPRESENTATION_ITEM ( '' )  );
#7028 = DIRECTION ( 'NONE',  ( -1.000000000000000000, 1.734723475976809313E-16, 0.000000000000000000 ) ) ;
#7029 = ORIENTED_EDGE ( 'NONE', *, *, #2529, .F. ) ;
#7030 = CARTESIAN_POINT ( 'NONE',  ( 8.050000000000004263, 0.8203022253684382203, -1.980384757729346745 ) ) ;
#7031 = CARTESIAN_POINT ( 'NONE',  ( 6.500000000000002665, 1.400343491548885266, -1.400343491548899699 ) ) ;
#7032 = AXIS2_PLACEMENT_3D ( 'NONE', #2500, #284, #5874 ) ;
#7033 = TOROIDAL_SURFACE ( 'NONE', #5172, 5.056145703497868737, 0.1796875000000000000 ) ;
#7034 = CARTESIAN_POINT ( 'NONE',  ( 5.500000000000005329, -1.980384757729360956, 2.425271854633451269E-16 ) ) ;
#7035 = CARTESIAN_POINT ( 'NONE',  ( 17.30000000000000782, -1.375652421508278441E-14, 1.980384757729347189 ) ) ;
#7036 = CARTESIAN_POINT ( 'NONE',  ( 6.750000000000003553, 0.8203022253684378873, 1.980384757729347189 ) ) ;
#7037 = CARTESIAN_POINT ( 'NONE',  ( -2.965262841816283856, -2.875000000000007105, 8.161450601832275995E-16 ) ) ;
#7038 = CARTESIAN_POINT ( 'NONE',  ( 0.9750000000000036415, -1.798385574751179439, 1.798385574751165894 ) ) ;
#7039 = ORIENTED_EDGE ( 'NONE', *, *, #2154, .T. ) ;
#7040 = DIRECTION ( 'NONE',  ( -1.000000000000000000, 2.026491816713329257E-16, 0.000000000000000000 ) ) ;
#7041 = SPHERICAL_SURFACE ( 'NONE', #2213, 6.775000000000004796 ) ;
#7042 = CIRCLE ( 'NONE', #4852, 4.876458203497873178 ) ;
#7043 = AXIS2_PLACEMENT_3D ( 'NONE', #5816, #3643, #865 ) ;
#7044 =( BOUNDED_CURVE ( )  B_SPLINE_CURVE ( 2, ( #3186, #6017, #5475, #5944, #7099, #3768, #3703, #1572, #1032 ),
 .UNSPECIFIED., .F., .F. ) 
 B_SPLINE_CURVE_WITH_KNOTS ( ( 3, 2, 2, 2, 3 ),
 ( 0.6363636363636363535, 0.6420454545454545858, 0.6477272727272727071, 0.6534090909090909394, 0.6590909090909091717 ),
 .UNSPECIFIED. ) 
 CURVE ( )  GEOMETRIC_REPRESENTATION_ITEM ( )  RATIONAL_B_SPLINE_CURVE ( ( 1.000000000000000000, 0.9238795325112867385, 1.000000000000000000, 0.9238795325112867385, 1.000000000000000000, 0.9238795325112867385, 1.000000000000000000, 0.9238795325112867385, 1.000000000000000000 ) ) 
 REPRESENTATION_ITEM ( '' )  );
#7045 = CARTESIAN_POINT ( 'NONE',  ( 12.60000000000000675, -1.400343491548913244, 1.400343491548899477 ) ) ;
#7046 = CARTESIAN_POINT ( 'NONE',  ( 15.90000000000000391, -1.400343491548913688, -1.400343491548899255 ) ) ;
#7047 = ADVANCED_FACE ( 'NONE', ( #1900 ), #5338, .T. ) ;
#7048 = CARTESIAN_POINT ( 'NONE',  ( 10.72500000000000497, -2.543301270189246122, -1.053469879313099211 ) ) ;
#7049 = ORIENTED_EDGE ( 'NONE', *, *, #5619, .F. ) ;
#7050 = CYLINDRICAL_SURFACE ( 'NONE', #2905, 2.500000000000008438 ) ;
#7051 = CARTESIAN_POINT ( 'NONE',  ( -6.635277415678068280, 2.249999999999969802, 7.122560249999720483 ) ) ;
#7052 = SECURITY_CLASSIFICATION_LEVEL ( 'unclassified' ) ;
#7053 = CARTESIAN_POINT ( 'NONE',  ( 5.100158235261192274, -2.499974668129159472, -0.01296877991409173606 ) ) ;
#7054 = EDGE_CURVE ( 'NONE', #6399, #4532, #7065, .T. ) ;
#7055 = DIRECTION ( 'NONE',  ( 1.000000000000000000, -1.734723475976808574E-16, 0.000000000000000000 ) ) ;
#7056 = ORIENTED_EDGE ( 'NONE', *, *, #686, .T. ) ;
#7057 = CARTESIAN_POINT ( 'NONE',  ( 11.42500000000000426, -2.543301270189246122, 3.114645759804640776E-16 ) ) ;
#7058 = CARTESIAN_POINT ( 'NONE',  ( 3.200000000000005063, -1.400343491548913688, -1.400343491548899255 ) ) ;
#7059 = CARTESIAN_POINT ( 'NONE',  ( 11.40000000000000568, -2.500000000000023981, 3.061616997868394974E-16 ) ) ;
#7060 = CARTESIAN_POINT ( 'NONE',  ( 16.62762777669768255, -1.442930074936698892, 1.433491164431398790 ) ) ;
#7061 = CARTESIAN_POINT ( 'NONE',  ( 13.20000000000000284, -1.767766952966390193, -1.767766952966375760 ) ) ;
#7062 = CARTESIAN_POINT ( 'NONE',  ( 9.150000000000005684, 1.980384757729333201, 0.8203022253684517651 ) ) ;
#7063 = CARTESIAN_POINT ( 'NONE',  ( 15.75000000000000711, 2.499999999999996003, -1.035533905932743526 ) ) ;
#7064 = DIRECTION ( 'NONE',  ( -0.000000000000000000, 0.000000000000000000, -1.000000000000000000 ) ) ;
#7065 = CIRCLE ( 'NONE', #1033, 6.231472203984925962 ) ;
#7066 = CARTESIAN_POINT ( 'NONE',  ( 16.45000000000000639, 0.8203022253684378873, 1.980384757729346967 ) ) ;
#7067 = PLANE ( 'NONE',  #870 ) ;
#7068 = ORIENTED_EDGE ( 'NONE', *, *, #6586, .T. ) ;
#7069 = CARTESIAN_POINT ( 'NONE',  ( 5.000000000000002665, 1.980384757729333201, -4.850543709266902538E-16 ) ) ;
#7070 = CARTESIAN_POINT ( 'NONE',  ( 6.300000000000005151, -1.980384757729360956, 2.425271854633451269E-16 ) ) ;
#7071 = CARTESIAN_POINT ( 'NONE',  ( 18.65000000000000568, 1.980384757729332534, -0.8203022253684530973 ) ) ;
#7072 = CARTESIAN_POINT ( 'NONE',  ( 5.800000000000003375, 1.980384757729333201, -4.850543709266902538E-16 ) ) ;
#7073 = CARTESIAN_POINT ( 'NONE',  ( 5.297410568138323228, 2.474687004824216441, -0.3558353514305721554 ) ) ;
#7074 = CARTESIAN_POINT ( 'NONE',  ( 17.85000000000000497, 1.980384757729333201, 0.8203022253684517651 ) ) ;
#7075 =( BOUNDED_CURVE ( )  B_SPLINE_CURVE ( 2, ( #4884, #913, #7085, #5930, #2111, #4336, #411, #6536, #4740 ),
 .UNSPECIFIED., .F., .T. ) 
 B_SPLINE_CURVE_WITH_KNOTS ( ( 3, 2, 2, 2, 3 ),
 ( 0.8409090909090909394, 0.8465909090909090606, 0.8522727272727272929, 0.8579545454545454142, 0.8636363636363636465 ),
 .UNSPECIFIED. ) 
 CURVE ( )  GEOMETRIC_REPRESENTATION_ITEM ( )  RATIONAL_B_SPLINE_CURVE ( ( 1.000000000000000000, 0.9238795325112867385, 1.000000000000000000, 0.9238795325112867385, 1.000000000000000000, 0.9238795325112867385, 1.000000000000000000, 0.9238795325112867385, 1.000000000000000000 ) ) 
 REPRESENTATION_ITEM ( '' )  );
#7076 = ORIENTED_EDGE ( 'NONE', *, *, #2713, .F. ) ;
#7077 = CARTESIAN_POINT ( 'NONE',  ( 14.90000000000000391, -1.400343491548913244, 1.400343491548899477 ) ) ;
#7078 = CARTESIAN_POINT ( 'NONE',  ( 18.20000000000000639, -1.400343491548913244, 1.400343491548899477 ) ) ;
#7079 = AXIS2_PLACEMENT_3D ( 'NONE', #5585, #2164, #1682 ) ;
#7080 = CARTESIAN_POINT ( 'NONE',  ( 15.20000000000000462, -1.400343491548913688, -1.400343491548899255 ) ) ;
#7081 = CARTESIAN_POINT ( 'NONE',  ( 15.35000000000000497, 1.980384757729332978, -0.8203022253684528753 ) ) ;
#7082 = VECTOR ( 'NONE', #3765, 1000.000000000000114 ) ;
#7083 = CARTESIAN_POINT ( 'NONE',  ( 12.22500000000000320, -2.543301270189245677, 1.053469879313099655 ) ) ;
#7084 = EDGE_LOOP ( 'NONE', ( #635, #5677, #6648, #5799 ) ) ;
#7085 = CARTESIAN_POINT ( 'NONE',  ( 15.80000000000000426, 1.767766952966361771, -1.767766952966376204 ) ) ;
#7086 = CARTESIAN_POINT ( 'NONE',  ( 4.650000000000004796, 2.499999999999996003, 1.035533905932741972 ) ) ;
#7087 = MECHANICAL_CONTEXT ( 'NONE', #1763, 'mechanical' ) ;
#7088 = DIRECTION ( 'NONE',  ( -1.000000000000000000, 2.168404344971008621E-16, 0.000000000000000000 ) ) ;
#7089 = CARTESIAN_POINT ( 'NONE',  ( 14.50000000000000533, -1.372470695792103782E-14, 2.500000000000010214 ) ) ;
#7090 = ORIENTED_EDGE ( 'NONE', *, *, #6241, .F. ) ;
#7091 = CARTESIAN_POINT ( 'NONE',  ( 10.87500000000000533, 1.053469879313086111, -2.543301270189232355 ) ) ;
#7092 = CARTESIAN_POINT ( 'NONE',  ( 2.200000000000004174, -1.400343491548913244, 1.400343491548899477 ) ) ;
#7093 = CARTESIAN_POINT ( 'NONE',  ( -9.500000000000000000, 0.000000000000000000, -8.000000000000001776 ) ) ;
#7094 = EDGE_CURVE ( 'NONE', #4883, #2375, #7179, .T. ) ;
#7095 = AXIS2_PLACEMENT_3D ( 'NONE', #3365, #571, #1750 ) ;
#7096 = CARTESIAN_POINT ( 'NONE',  ( 16.74417246873490228, -1.983388038426346256, 0.8303967923290739295 ) ) ;
#7097 = DIRECTION ( 'NONE',  ( -1.000000000000000000, 0.000000000000000000, 0.000000000000000000 ) ) ;
#7098 = CARTESIAN_POINT ( 'NONE',  ( 6.900000000000004796, -1.375652421508278441E-14, 1.980384757729347189 ) ) ;
#7099 = CARTESIAN_POINT ( 'NONE',  ( 12.30000000000000426, -2.500000000000023981, 3.061616997868394974E-16 ) ) ;
#7100 = CARTESIAN_POINT ( 'NONE',  ( 12.45000000000000639, 0.8203022253684378873, 1.980384757729346967 ) ) ;
#7101 = DIRECTION ( 'NONE',  ( -0.000000000000000000, 0.000000000000000000, -1.000000000000000000 ) ) ;
#7102 = EDGE_CURVE ( 'NONE', #2331, #4883, #917, .T. ) ;
#7103 = ORIENTED_EDGE ( 'NONE', *, *, #6736, .T. ) ;
#7104 = CARTESIAN_POINT ( 'NONE',  ( 6.800000000000002487, -1.375652421508278441E-14, 1.980384757729347189 ) ) ;
#7105 = CARTESIAN_POINT ( 'NONE',  ( 8.050000000000004263, -0.8203022253684666421, -1.980384757729346745 ) ) ;
#7106 = CARTESIAN_POINT ( 'NONE',  ( 17.75000000000000355, 0.8203022253684382203, -1.980384757729346745 ) ) ;
#7107 = CARTESIAN_POINT ( 'NONE',  ( 5.400000000000002132, -1.980384757729360956, 2.425271854633451269E-16 ) ) ;
#7108 = CARTESIAN_POINT ( 'NONE',  ( -6.635278514588854648, -1.514762078994760897, 7.324203956669851578 ) ) ;
#7109 = VERTEX_POINT ( 'NONE', #3621 ) ;
#7110 = CARTESIAN_POINT ( 'NONE',  ( 17.75000000000000355, 1.980384757729332534, -0.8203022253684530973 ) ) ;
#7111 = CARTESIAN_POINT ( 'NONE',  ( 17.75000000000000355, 0.8203022253684382203, -1.980384757729346745 ) ) ;
#7112 = CARTESIAN_POINT ( 'NONE',  ( 13.10000000000000497, 1.980384757729333201, -4.850543709266902538E-16 ) ) ;
#7113 = CARTESIAN_POINT ( 'NONE',  ( 15.20000000000000284, -1.424157858600947694E-14, -1.980384757729347189 ) ) ;
#7114 = CARTESIAN_POINT ( 'NONE',  ( 8.675000000000004263, 2.543301270189218144, -6.229291519609281552E-16 ) ) ;
#7115 = ORIENTED_EDGE ( 'NONE', *, *, #4163, .F. ) ;
#7116 = CARTESIAN_POINT ( 'NONE',  ( 6.400000000000005684, -1.372470695792103782E-14, 2.500000000000010214 ) ) ;
#7117 = CARTESIAN_POINT ( 'NONE',  ( 16.60000000000000497, 1.767766952966361771, -1.767766952966376204 ) ) ;
#7118 = PERSON_AND_ORGANIZATION_ROLE ( 'design_owner' ) ;
#7119 = ORIENTED_EDGE ( 'NONE', *, *, #7094, .F. ) ;
#7120 = EDGE_CURVE ( 'NONE', #4021, #1326, #4991, .T. ) ;
#7121 = DIRECTION ( 'NONE',  ( -1.000000000000000000, 2.573190495840607931E-16, 0.000000000000000000 ) ) ;
#7122 = CYLINDRICAL_SURFACE ( 'NONE', #1473, 2.500000000000008438 ) ;
#7123 = CARTESIAN_POINT ( 'NONE',  ( -9.500000000000000000, 2.768745557924653600, 0.000000000000000000 ) ) ;
#7124 = CARTESIAN_POINT ( 'NONE',  ( 10.72500000000000497, -1.798385574751180105, -1.798385574751165450 ) ) ;
#7125 = CARTESIAN_POINT ( 'NONE',  ( 3.400000000000005240, 1.400343491548885266, -1.400343491548899699 ) ) ;
#7126 = CARTESIAN_POINT ( 'NONE',  ( 17.50000000000000000, -1.194030629168669588E-14, 0.000000000000000000 ) ) ;
#7127 = AXIS2_PLACEMENT_3D ( 'NONE', #783, #4646, #6849 ) ;
#7128 = CARTESIAN_POINT ( 'NONE',  ( 11.95000000000000639, 2.499999999999996447, 1.035533905932741972 ) ) ;
#7129 = CARTESIAN_POINT ( 'NONE',  ( 16.67362318580827463, -1.685241263119559019, 1.218829241782700690 ) ) ;
#7130 = CARTESIAN_POINT ( 'NONE',  ( 1.200000000000003064, -1.375652421508278441E-14, 1.980384757729347189 ) ) ;
#7131 = CARTESIAN_POINT ( 'NONE',  ( 6.750000000000005329, 1.980384757729333201, 0.8203022253684517651 ) ) ;
#7132 = DIRECTION ( 'NONE',  ( -1.000000000000000000, 0.000000000000000000, 0.000000000000000000 ) ) ;
#7133 = EDGE_CURVE ( 'NONE', #6535, #3136, #6028, .T. ) ;
#7134 = CARTESIAN_POINT ( 'NONE',  ( 10.90000000000000746, -1.375652421508278441E-14, 1.980384757729347189 ) ) ;
#7135 = DIRECTION ( 'NONE',  ( 1.000000000000000000, -0.000000000000000000, -0.000000000000000000 ) ) ;
#7136 = ORIENTED_EDGE ( 'NONE', *, *, #4977, .T. ) ;
#7137 = CARTESIAN_POINT ( 'NONE',  ( 6.650000000000003020, 1.980384757729333201, 0.8203022253684517651 ) ) ;
#7138 = CARTESIAN_POINT ( 'NONE',  ( 8.100000000000006750, -1.424157858600947694E-14, -1.980384757729347189 ) ) ;
#7139 = CARTESIAN_POINT ( 'NONE',  ( 15.65000000000000391, 0.8203022253684378873, 1.980384757729346967 ) ) ;
#7140 = CARTESIAN_POINT ( 'NONE',  ( 6.550000000000000711, 1.980384757729332978, -0.8203022253684528753 ) ) ;
#7141 = EDGE_LOOP ( 'NONE', ( #803, #4751, #1784, #432 ) ) ;
#7142 = DIRECTION ( 'NONE',  ( 1.224646799147353207E-16, -2.655529440325959183E-32, 1.000000000000000000 ) ) ;
#7143 = EDGE_CURVE ( 'NONE', #3007, #2361, #2599, .T. ) ;
#7144 = ORIENTED_EDGE ( 'NONE', *, *, #3690, .F. ) ;
#7145 = AXIS2_PLACEMENT_3D ( 'NONE', #3688, #2698, #1127 ) ;
#7146 = ORIENTED_EDGE ( 'NONE', *, *, #7054, .F. ) ;
#7147 = CARTESIAN_POINT ( 'NONE',  ( 17.10000000000000497, 1.400343491548885710, 1.400343491548899477 ) ) ;
#7148 = CARTESIAN_POINT ( 'NONE',  ( 16.85000000000000853, -0.8203022253684666421, -1.980384757729346745 ) ) ;
#7149 = CARTESIAN_POINT ( 'NONE',  ( 14.45000000000000639, -0.8203022253684666421, -1.980384757729346745 ) ) ;
#7150 = FACE_OUTER_BOUND ( 'NONE', #4258, .T. ) ;
#7151 = CARTESIAN_POINT ( 'NONE',  ( 8.775000000000003908, 1.798385574751152127, 1.798385574751165894 ) ) ;
#7152 = ORIENTED_EDGE ( 'NONE', *, *, #3737, .T. ) ;
#7153 = CARTESIAN_POINT ( 'NONE',  ( 5.899999999999887557, -2.500000000000005329, -0.04490387787089889643 ) ) ;
#7154 = VECTOR ( 'NONE', #5899, 1000.000000000000000 ) ;
#7155 = CARTESIAN_POINT ( 'NONE',  ( 13.30000000000000604, 1.767766952966361771, -1.767766952966376204 ) ) ;
#7156 = ORIENTED_EDGE ( 'NONE', *, *, #2084, .F. ) ;
#7157 = FACE_OUTER_BOUND ( 'NONE', #6842, .T. ) ;
#7158 = CARTESIAN_POINT ( 'NONE',  ( 14.15000000000000568, 2.499999999999996003, -1.035533905932743526 ) ) ;
#7159 = CARTESIAN_POINT ( 'NONE',  ( 16.67500000000000426, 2.543301270189218144, -6.229291519609281552E-16 ) ) ;
#7160 = CARTESIAN_POINT ( 'NONE',  ( 17.10000000000000142, -1.194030629168669588E-14, 0.000000000000000000 ) ) ;
#7161 = ADVANCED_FACE ( 'NONE', ( #4165 ), #1723, .F. ) ;
#7162 = CARTESIAN_POINT ( 'NONE',  ( 7.375000000000005329, -2.543301270189245677, 1.053469879313099655 ) ) ;
#7163 = CARTESIAN_POINT ( 'NONE',  ( 2.600000000000004974, 1.400343491548885266, -1.400343491548899699 ) ) ;
#7164 = CARTESIAN_POINT ( 'NONE',  ( 1.119615242270668221, -1.374799880672092173E-14, 2.119615242270671107 ) ) ;
#7165 = CARTESIAN_POINT ( 'NONE',  ( 1.373205080756894958, 5.666982843468531705E-14, -2.373205080756899843 ) ) ;
#7166 = CARTESIAN_POINT ( 'NONE',  ( 16.60359825316706406, -1.989939546337022636, -0.2760874687923229320 ) ) ;
#7167 = CARTESIAN_POINT ( 'NONE',  ( 6.550000000000006040, 0.8203022253684382203, -1.980384757729346745 ) ) ;
#7168 = FACE_OUTER_BOUND ( 'NONE', #1683, .T. ) ;
#7169 = CARTESIAN_POINT ( 'NONE',  ( 11.85000000000000675, -1.980384757729360956, 0.8203022253684520981 ) ) ;
#7170 = DIRECTION ( 'NONE',  ( -1.000000000000000000, 2.026491816713327778E-16, 0.000000000000000000 ) ) ;
#7171 = EDGE_CURVE ( 'NONE', #4457, #6717, #6834, .T. ) ;
#7172 = ORIENTED_EDGE ( 'NONE', *, *, #5821, .F. ) ;
#7173 = CARTESIAN_POINT ( 'NONE',  ( 3.600000000000002309, -1.375652421508278441E-14, 1.980384757729347189 ) ) ;
#7174 = CARTESIAN_POINT ( 'NONE',  ( 3.100000000000005418, -1.980384757729360956, 2.425271854633451269E-16 ) ) ;
#7175 = CARTESIAN_POINT ( 'NONE',  ( 18.60000000000000497, 1.400343491548885266, -1.400343491548899699 ) ) ;
#7176 = CARTESIAN_POINT ( 'NONE',  ( 8.100000000000003197, 1.400343491548885266, -1.400343491548899699 ) ) ;
#7177 = ORIENTED_EDGE ( 'NONE', *, *, #970, .F. ) ;
#7178 = CARTESIAN_POINT ( 'NONE',  ( 5.000000000000003553, -1.767766952966389749, 1.767766952966375982 ) ) ;
#7179 = CIRCLE ( 'NONE', #1152, 0.3593750000000003331 ) ;
ENDSEC;
END-ISO-10303-21;
