/batch
/config,noeldb,1     ! force off writing results to database
*get,_wallstrt,active,,time,wall
! ANSYS input file written by Workbench version 2026 R1
! File used for geometry attach: C:\Users\tasle\Documents\PersonalProjects\FSAE\GOGO_FSAE_CAD\FEA\suspension_analysis_files\dp0\SYS\DM\SYS.scdocx
/title,suspension_analysis--Static Structural (A5)
! ****** Begin Custom Load Command Snippet ******
/COM, ACT Extensions:
/COM,     LSDYNA, 2026.1
/COM,     5f463412-bd3e-484b-87e7-cbc0a665e474, wbex
/COM,     ANSYSMotion, 2026.1
/COM,     20180725-3f81-49eb-9f31-41364844c769, wbex
! ****** End   Custom Load Command Snippet ******
*DIM,_wb_ProjectScratch_dir,string,248
_wb_ProjectScratch_dir(1) = 'C:\Users\tasle\Documents\PersonalProjects\FSAE\GOGO_FSAE_CAD\FEA\_ProjectScratch\ScrE697\'
*DIM,_wb_SolverFiles_dir,string,248
_wb_SolverFiles_dir(1) = 'C:\Users\tasle\Documents\PersonalProjects\FSAE\GOGO_FSAE_CAD\FEA\suspension_analysis_files\dp0\SYS\MECH\'
*DIM,_wb_userfiles_dir,string,248
_wb_userfiles_dir(1) = 'C:\Users\tasle\Documents\PersonalProjects\FSAE\GOGO_FSAE_CAD\FEA\suspension_analysis_files\user_files\'
/com,--- Data in consistent MKS units. See Solving Units in the help system for more information.
/units,MKS
/nopr
/wb,file,start              !  signify a WB generated input file
/prep7
! Turn off shape checking because checks already performed inside WB mesher.
! See help system for more information.
SHPP,OFF,,NOWARN
/nolist
etcon,set             ! allow ANSYS to choose best KEYOP's for 180x elements, resets any applicable keyopt to MAPDL defaults
/com,*********** Send User Defined Coordinate System(s) ***********
local,12,0,0.653457,-0.481212,0.177461,0.,0.,0.
local,13,0,0.668697,-0.330312,0.175661,0.,0.,0.
local,14,0,0.668457,-0.331212,-0.222539,0.,0.,0.
local,15,0,0.656157,-0.481212,-0.222539,0.,0.,0.
local,16,0,0.203457,-0.481212,0.177461,0.,0.,0.
local,17,0,0.188217,-0.330312000000001,0.175661000000001,0.,0.,0.
local,18,0,0.188457,-0.331211999999998,-0.222539,0.,0.,0.
local,19,0,0.200757,-0.481212000000001,-0.222539,0.,0.,0.
local,20,0,0.653457,-0.481212,-2.024939,0.,0.,0.
local,21,0,0.653457,-0.481212,-1.620139,0.,0.,0.
local,22,0,0.678157108228011,-0.330012432912046,-1.62613770126386,0.,0.,0.
local,23,0,0.678457,-0.331212,-2.024939,0.,0.,0.
local,24,0,0.203457,-0.481212,-2.024939,0.,0.,0.
local,25,0,0.178457,-0.331212,-2.0249390001006,0.,0.,0.
local,26,0,0.178756891771988,-0.330012432912046,-1.62613770126386,0.,0.,0.
local,27,0,0.203457,-0.481212,-1.620139,0.,0.,0.
local,28,0,1.04838113896103,-0.4811495,-2.53899999998877e-003,0.,0.,0.
local,29,0,1.04838113896102,-0.481149500000021,-1.81253899999996,0.,0.,0.
local,30,0,-0.191467138961028,-0.4811495,-1.81253899999992,0.,0.,0.
local,31,0,-0.191467155875584,-0.481149500000001,-2.53898497595132e-003,0.,0.,0.
local,32,0,-0.199295093932551,-0.261149499999956,-1.25390000000069e-002,0.,0.,0.
local,33,0,1.05620909393256,-0.261149500000002,-1.25389999999898e-002,0.,0.,0.
local,34,0,-0.20929509393256,-0.2611495,-1.81253899999992,0.,0.,0.
local,35,0,1.06620909393256,-0.261149500000007,-1.81253899999995,0.,0.,0.
csys,0
/com,*********** Nodes for the whole assembly ***********
nblock,3,,2311
(1i9,3e20.9e3)
     1754    -1.992950939E-01    -2.611495000E-01    -1.253900000E-02
     1755    -1.953811249E-01    -3.711495000E-01    -7.538992488E-03
     1756    -1.979904376E-01    -2.978161667E-01    -1.087233083E-02
     1757    -1.966857812E-01    -3.344828333E-01    -9.205661659E-03
     1758    -1.914671559E-01    -4.811495000E-01    -2.538984976E-03
     1759    -1.940764686E-01    -4.078161667E-01    -5.872323317E-03
     1760    -1.927718122E-01    -4.444828333E-01    -4.205654147E-03
     1761     1.056209094E+00    -2.611495000E-01    -1.253900000E-02
     1762     1.052295116E+00    -3.711495000E-01    -7.539000000E-03
     1763     1.054904435E+00    -2.978161667E-01    -1.087233333E-02
     1764     1.053599776E+00    -3.344828333E-01    -9.205666667E-03
     1765     1.048381139E+00    -4.811495000E-01    -2.539000000E-03
     1766     1.050990457E+00    -4.078161667E-01    -5.872333333E-03
     1767     1.049685798E+00    -4.444828333E-01    -4.205666667E-03
     1768    -2.092950939E-01    -2.611495000E-01    -1.812539000E+00
     1769    -2.003811164E-01    -3.711495000E-01    -1.812539000E+00
     1770    -2.063237681E-01    -2.978161667E-01    -1.812539000E+00
     1771    -2.033524423E-01    -3.344828333E-01    -1.812539000E+00
     1772    -1.914671390E-01    -4.811495000E-01    -1.812539000E+00
     1773    -1.974097906E-01    -4.078161667E-01    -1.812539000E+00
     1774    -1.944384648E-01    -4.444828333E-01    -1.812539000E+00
     1775     1.066209094E+00    -2.611495000E-01    -1.812539000E+00
     1776     1.056745024E+00    -3.779377377E-01    -1.812539000E+00
     1777     1.063054404E+00    -3.000789126E-01    -1.812539000E+00
     1778     1.059899714E+00    -3.390083251E-01    -1.812539000E+00
     1779     1.048381139E+00    -4.811495000E-01    -1.812539000E+00
     1780     1.053957062E+00    -4.123416585E-01    -1.812539000E+00
     1781     1.051169101E+00    -4.467455792E-01    -1.812539000E+00
     1782    -1.987020309E-01    -2.778172182E-01     2.498420475E-02
     1783    -1.973973746E-01    -3.144838849E-01     2.665087392E-02
     1784    -1.960927182E-01    -3.511505515E-01     2.831754309E-02
     1785    -1.947880619E-01    -3.878172182E-01     2.998421226E-02
     1786    -1.934834055E-01    -4.244838849E-01     3.165088143E-02
     1787    -1.921787492E-01    -4.611505515E-01     3.331755060E-02
     1788     1.055616030E+00    -2.778172207E-01     2.498420360E-02
     1789     1.054311370E+00    -3.144838874E-01     2.665087026E-02
     1790     1.053006711E+00    -3.511505540E-01     2.831753693E-02
     1791     1.051702052E+00    -3.878172207E-01     2.998420360E-02
     1792     1.050397393E+00    -4.244838874E-01     3.165087026E-02
     1793     1.049092734E+00    -4.611505540E-01     3.331753693E-02
     1794    -2.078094310E-01    -2.794828333E-01    -1.775752138E+00
     1795    -2.048381052E-01    -3.161495000E-01    -1.775752138E+00
     1796    -2.018667794E-01    -3.528161667E-01    -1.775752138E+00
     1797    -1.988954535E-01    -3.894828333E-01    -1.775752138E+00
     1798    -1.959241277E-01    -4.261495000E-01    -1.775752138E+00
     1799    -1.929528019E-01    -4.628161667E-01    -1.775752138E+00
     1800     1.064631749E+00    -2.806142063E-01    -1.773481975E+00
     1801     1.061477059E+00    -3.195436189E-01    -1.773481975E+00
     1802     1.058322369E+00    -3.584730314E-01    -1.773481975E+00
     1803     1.055351043E+00    -3.951396981E-01    -1.778022301E+00
     1804     1.052563081E+00    -4.295436189E-01    -1.778022301E+00
     1805     1.049775120E+00    -4.639475396E-01    -1.778022301E+00
     1954    -1.992950939E-01    -2.611495000E-01    -1.253900000E-02
     1955     1.884570000E-01    -3.312120000E-01    -2.225390000E-01
     1956    -1.562115279E-01    -2.689342222E-01    -3.587233333E-02
     1957    -1.131279619E-01    -2.767189444E-01    -5.920566667E-02
     1958    -7.004439596E-02    -2.845036667E-01    -8.253900000E-02
     1959    -2.696082996E-02    -2.922883889E-01    -1.058723333E-01
     1960     1.612273603E-02    -3.000731111E-01    -1.292056667E-01
     1961     5.920630202E-02    -3.078578333E-01    -1.525390000E-01
     1962     1.022898680E-01    -3.156425556E-01    -1.758723333E-01
     1963     1.453734340E-01    -3.234272778E-01    -1.992056667E-01
     1964     1.882170000E-01    -3.303120000E-01     1.756610000E-01
     1965    -1.562381946E-01    -2.688342222E-01     8.372111111E-03
     1966    -1.131812953E-01    -2.765189444E-01     2.928322222E-02
     1967    -7.012439596E-02    -2.842036667E-01     5.019433333E-02
     1968    -2.706749663E-02    -2.918883889E-01     7.110544444E-02
     1969     1.598940270E-02    -2.995731111E-01     9.201655556E-02
     1970     5.904630202E-02    -3.072578333E-01     1.129276667E-01
     1971     1.021032013E-01    -3.149425556E-01     1.338387778E-01
     1972     1.451601007E-01    -3.226272778E-01     1.547498889E-01
     1973     1.056209094E+00    -2.611495000E-01    -1.253900000E-02
     1974     6.686970000E-01    -3.303120000E-01     1.756610000E-01
     1975     1.013152195E+00    -2.688342222E-01     8.372111111E-03
     1976     9.700952953E-01    -2.765189444E-01     2.928322222E-02
     1977     9.270383960E-01    -2.842036667E-01     5.019433333E-02
     1978     8.839814966E-01    -2.918883889E-01     7.110544444E-02
     1979     8.409245973E-01    -2.995731111E-01     9.201655556E-02
     1980     7.978676980E-01    -3.072578333E-01     1.129276667E-01
     1981     7.548107987E-01    -3.149425556E-01     1.338387778E-01
     1982     7.117538993E-01    -3.226272778E-01     1.547498889E-01
     1983     6.684570000E-01    -3.312120000E-01    -2.225390000E-01
     1984     1.013125528E+00    -2.689342222E-01    -3.587233333E-02
     1985     9.700419619E-01    -2.767189444E-01    -5.920566667E-02
     1986     9.269583960E-01    -2.845036667E-01    -8.253900000E-02
     1987     8.838748300E-01    -2.922883889E-01    -1.058723333E-01
     1988     8.407912640E-01    -3.000731111E-01    -1.292056667E-01
     1989     7.977076980E-01    -3.078578333E-01    -1.525390000E-01
     1990     7.546241320E-01    -3.156425556E-01    -1.758723333E-01
     1991     7.115405660E-01    -3.234272778E-01    -1.992056667E-01
     1992    -2.092950939E-01    -2.611495000E-01    -1.812539000E+00
     1993     1.784570000E-01    -3.312120000E-01    -2.024939000E+00
     1994    -1.662115279E-01    -2.689342222E-01    -1.836139000E+00
     1995    -1.231279619E-01    -2.767189444E-01    -1.859739000E+00
     1996    -8.004439596E-02    -2.845036667E-01    -1.883339000E+00
     1997    -3.696082996E-02    -2.922883889E-01    -1.906939000E+00
     1998     6.122736030E-03    -3.000731111E-01    -1.930539000E+00
     1999     4.920630202E-02    -3.078578333E-01    -1.954139000E+00
     2000     9.228986801E-02    -3.156425556E-01    -1.977739000E+00
     2001     1.353734340E-01    -3.234272778E-01    -2.001339000E+00
     2002     1.787568918E-01    -3.300124329E-01    -1.626137701E+00
     2003    -1.661782066E-01    -2.688009370E-01    -1.791827745E+00
     2004    -1.230613193E-01    -2.764523740E-01    -1.771116489E+00
     2005    -7.994443203E-02    -2.841038110E-01    -1.750405234E+00
     2006    -3.682754473E-02    -2.917552480E-01    -1.729693978E+00
     2007     6.289342570E-03    -2.994066850E-01    -1.708982723E+00
     2008     4.940622987E-02    -3.070581219E-01    -1.688271468E+00
     2009     9.252311717E-02    -3.147095589E-01    -1.667560212E+00
     2010     1.356400045E-01    -3.223609959E-01    -1.646848957E+00
     2011     1.066209094E+00    -2.611495000E-01    -1.812539000E+00
     2012     6.781571082E-01    -3.300124329E-01    -1.626137701E+00
     2013     1.023092207E+00    -2.688009370E-01    -1.791827745E+00
     2014     9.799753193E-01    -2.764523740E-01    -1.771116489E+00
     2015     9.368584320E-01    -2.841038110E-01    -1.750405234E+00
     2016     8.937415447E-01    -2.917552480E-01    -1.729693978E+00
     2017     8.506246574E-01    -2.994066850E-01    -1.708982723E+00
     2018     8.075077701E-01    -3.070581219E-01    -1.688271468E+00
     2019     7.643908828E-01    -3.147095589E-01    -1.667560212E+00
     2020     7.212739955E-01    -3.223609959E-01    -1.646848957E+00
     2021     6.784570000E-01    -3.312120000E-01    -2.024939000E+00
     2022     1.023125528E+00    -2.689342222E-01    -1.836139000E+00
     2023     9.800419619E-01    -2.767189444E-01    -1.859739000E+00
     2024     9.369583960E-01    -2.845036667E-01    -1.883339000E+00
     2025     8.938748300E-01    -2.922883889E-01    -1.906939000E+00
     2026     8.507912640E-01    -3.000731111E-01    -1.930539000E+00
     2027     8.077076980E-01    -3.078578333E-01    -1.954139000E+00
     2028     7.646241320E-01    -3.156425556E-01    -1.977739000E+00
     2029     7.215405660E-01    -3.234272778E-01    -2.001339000E+00
     2030    -1.845985941E-01    -3.140381681E-01    -2.049837668E-02
     2031    -1.415150281E-01    -3.218228904E-01    -4.383171001E-02
     2032    -9.843146207E-02    -3.296076126E-01    -6.716504335E-02
     2033    -5.534789608E-02    -3.373923348E-01    -9.049837668E-02
     2034    -1.226433009E-02    -3.451770570E-01    -1.138317100E-01
     2035     3.081923590E-02    -3.529617793E-01    -1.371650433E-01
     2036     7.390280190E-02    -3.607465015E-01    -1.604983767E-01
     2037     1.169863679E-01    -3.685312237E-01    -1.838317100E-01
     2038     1.600699339E-01    -3.763159459E-01    -2.071650433E-01
     2039    -1.708540326E-01    -2.171256815E-01     1.273750169E-03
     2040    -1.277971333E-01    -2.248104038E-01     2.218486128E-02
     2041    -8.474023396E-02    -2.324951260E-01     4.309597239E-02
     2042    -4.168333463E-02    -2.401798482E-01     6.400708350E-02
     2043     1.373564694E-03    -2.478645704E-01     8.491819461E-02
     2044     4.443046402E-02    -2.555492926E-01     1.058293057E-01
     2045     8.748736335E-02    -2.632340149E-01     1.267404168E-01
     2046     1.305442627E-01    -2.709187371E-01     1.476515279E-01
     2047     1.736011620E-01    -2.786034593E-01     1.685626391E-01
     2048     1.027768033E+00    -2.171256815E-01     1.273750169E-03
     2049     9.847111333E-01    -2.248104038E-01     2.218486128E-02
     2050     9.416542340E-01    -2.324951260E-01     4.309597239E-02
     2051     8.985973346E-01    -2.401798482E-01     6.400708350E-02
     2052     8.555404353E-01    -2.478645704E-01     8.491819461E-02
     2053     8.124835360E-01    -2.555492926E-01     1.058293057E-01
     2054     7.694266367E-01    -2.632340149E-01     1.267404168E-01
     2055     7.263697373E-01    -2.709187371E-01     1.476515279E-01
     2056     6.833128380E-01    -2.786034593E-01     1.685626391E-01
     2057     1.041512594E+00    -3.140381681E-01    -2.049837668E-02
     2058     9.984290281E-01    -3.218228904E-01    -4.383171001E-02
     2059     9.553454621E-01    -3.296076126E-01    -6.716504335E-02
     2060     9.122618961E-01    -3.373923348E-01    -9.049837668E-02
     2061     8.691783301E-01    -3.451770570E-01    -1.138317100E-01
     2062     8.260947641E-01    -3.529617793E-01    -1.371650433E-01
     2063     7.830111981E-01    -3.607465015E-01    -1.604983767E-01
     2064     7.399276321E-01    -3.685312237E-01    -1.838317100E-01
     2065     6.968440661E-01    -3.763159459E-01    -2.071650433E-01
     2066    -1.945808198E-01    -3.141657215E-01    -1.820599077E+00
     2067    -1.514972538E-01    -3.219504437E-01    -1.844199077E+00
     2068    -1.084136878E-01    -3.297351659E-01    -1.867799077E+00
     2069    -6.533012185E-02    -3.375198882E-01    -1.891399077E+00
     2070    -2.224655586E-02    -3.453046104E-01    -1.914999077E+00
     2071     2.083701013E-02    -3.530893326E-01    -1.938599077E+00
     2072     6.392057613E-02    -3.608740548E-01    -1.962199077E+00
     2073     1.070041421E-01    -3.686587771E-01    -1.985799077E+00
     2074     1.500877081E-01    -3.764434993E-01    -2.009399077E+00
     2075    -1.808396491E-01    -2.171419448E-01    -1.798870388E+00
     2076    -1.377227618E-01    -2.247933818E-01    -1.778159133E+00
     2077    -9.460587447E-02    -2.324448188E-01    -1.757447878E+00
     2078    -5.148898717E-02    -2.400962558E-01    -1.736736622E+00
     2079    -8.372099872E-03    -2.477476928E-01    -1.716025367E+00
     2080     3.474478743E-02    -2.553991298E-01    -1.695314111E+00
     2081     7.786167473E-02    -2.630505668E-01    -1.674602856E+00
     2082     1.209785620E-01    -2.707020037E-01    -1.653891600E+00
     2083     1.640954493E-01    -2.783534407E-01    -1.633180345E+00
     2084     1.037753649E+00    -2.171419448E-01    -1.798870388E+00
     2085     9.946367618E-01    -2.247933818E-01    -1.778159133E+00
     2086     9.515198745E-01    -2.324448188E-01    -1.757447878E+00
     2087     9.084029872E-01    -2.400962558E-01    -1.736736622E+00
     2088     8.652860999E-01    -2.477476928E-01    -1.716025367E+00
     2089     8.221692126E-01    -2.553991298E-01    -1.695314111E+00
     2090     7.790523253E-01    -2.630505668E-01    -1.674602856E+00
     2091     7.359354380E-01    -2.707020037E-01    -1.653891600E+00
     2092     6.928185507E-01    -2.783534407E-01    -1.633180345E+00
     2093     1.051494820E+00    -3.141657215E-01    -1.820599077E+00
     2094     1.008411254E+00    -3.219504437E-01    -1.844199077E+00
     2095     9.653276878E-01    -3.297351659E-01    -1.867799077E+00
     2096     9.222441219E-01    -3.375198882E-01    -1.891399077E+00
     2097     8.791605559E-01    -3.453046104E-01    -1.914999077E+00
     2098     8.360769899E-01    -3.530893326E-01    -1.938599077E+00
     2099     7.929934239E-01    -3.608740548E-01    -1.962199077E+00
     2100     7.499098579E-01    -3.686587770E-01    -1.985799077E+00
     2101     7.068262919E-01    -3.764434993E-01    -2.009399077E+00
        1     3.384570000E-01     3.878800000E-02    -2.225390000E-01
        2     3.899382604E-01    -5.072074210E-02    -2.465227952E-01
        3     3.556174201E-01     8.951752632E-03    -2.305335984E-01
        4     3.727778402E-01    -2.088449474E-02    -2.385281968E-01
        5     4.669758376E-01    -5.072057177E-02    -2.465227495E-01
        6     5.184570000E-01     3.878800000E-02    -2.225390000E-01
        7     4.841362251E-01    -2.088438118E-02    -2.385281663E-01
        8     5.012966125E-01     8.951809410E-03    -2.305335832E-01
        9     3.684569575E-01    -4.812120000E-01    -2.225390000E-01
       10     3.684603151E-01    -4.826933134E-01     4.780983731E-01
       11     3.684571814E-01    -4.813107542E-01    -1.758298418E-01
       12     3.684574052E-01    -4.814095085E-01    -1.291206836E-01
       13     3.684576290E-01    -4.815082627E-01    -8.241152538E-02
       14     3.684578529E-01    -4.816070169E-01    -3.570236717E-02
       15     3.684580767E-01    -4.817057711E-01     1.100679103E-02
       16     3.684583005E-01    -4.818045254E-01     5.771594924E-02
       17     3.684585244E-01    -4.819032796E-01     1.044251074E-01
       18     3.684587482E-01    -4.820020338E-01     1.511342657E-01
       19     3.684589720E-01    -4.821007881E-01     1.978434239E-01
       20     3.684591959E-01    -4.821995423E-01     2.445525821E-01
       21     3.684594197E-01    -4.822982965E-01     2.912617403E-01
       22     3.684596435E-01    -4.823970508E-01     3.379708985E-01
       23     3.684598674E-01    -4.824958050E-01     3.846800567E-01
       24     3.684600912E-01    -4.825945592E-01     4.313892149E-01
       25     4.884597141E-01    -4.824247650E-01     4.786354701E-01
       26     4.884569653E-01    -4.812120000E-01    -2.225390000E-01
       27     4.884595308E-01    -4.823439140E-01     4.318905054E-01
       28     4.884593476E-01    -4.822630630E-01     3.851455407E-01
       29     4.884591643E-01    -4.821822120E-01     3.384005761E-01
       30     4.884589810E-01    -4.821013610E-01     2.916556114E-01
       31     4.884587978E-01    -4.820205100E-01     2.449106467E-01
       32     4.884586145E-01    -4.819396590E-01     1.981656820E-01
       33     4.884584313E-01    -4.818588080E-01     1.514207174E-01
       34     4.884582480E-01    -4.817779570E-01     1.046757527E-01
       35     4.884580648E-01    -4.816971060E-01     5.793078803E-02
       36     4.884578815E-01    -4.816162550E-01     1.118582336E-02
       37     4.884576983E-01    -4.815354040E-01    -3.555914131E-02
       38     4.884575150E-01    -4.814545530E-01    -8.230410599E-02
       39     4.884573318E-01    -4.813737020E-01    -1.290490707E-01
       40     4.884571485E-01    -4.812928510E-01    -1.757940353E-01
       41     2.007570000E-01    -4.812120000E-01    -2.225390000E-01
       42     2.034570000E-01    -4.812120000E-01     1.774610000E-01
       43     2.010570000E-01    -4.812120000E-01    -1.780945556E-01
       44     2.013570000E-01    -4.812120000E-01    -1.336501111E-01
       45     2.016570000E-01    -4.812120000E-01    -8.920566667E-02
       46     2.019570000E-01    -4.812120000E-01    -4.476122222E-02
       47     2.022570000E-01    -4.812120000E-01    -3.167777778E-04
       48     2.025570000E-01    -4.812120000E-01     4.412766667E-02
       49     2.028570000E-01    -4.812120000E-01     8.857211111E-02
       50     2.031570000E-01    -4.812120000E-01     1.330165556E-01
       51     9.248051213E-01    -4.812120000E-01    -4.958297281E-01
       52     9.448051213E-01    -3.312120000E-01    -4.993307658E-01
       53     9.298051213E-01    -4.437120000E-01    -4.967049875E-01
       54     9.348051213E-01    -4.062120000E-01    -4.975802469E-01
       55     9.398051213E-01    -3.687120000E-01    -4.984555064E-01
       56     9.248051213E-01    -4.812120000E-01    -1.349248272E+00
       57     9.248051213E-01    -4.812120000E-01    -1.301836131E+00
       58     9.248051213E-01    -4.812120000E-01    -1.254423989E+00
       59     9.248051213E-01    -4.812120000E-01    -1.207011848E+00
       60     9.248051213E-01    -4.812120000E-01    -1.159599707E+00
       61     9.248051213E-01    -4.812120000E-01    -1.112187565E+00
       62     9.248051213E-01    -4.812120000E-01    -1.064775424E+00
       63     9.248051213E-01    -4.812120000E-01    -1.017363283E+00
       64     9.248051213E-01    -4.812120000E-01    -9.699511413E-01
       65     9.248051213E-01    -4.812120000E-01    -9.225390000E-01
       66     9.248051213E-01    -4.812120000E-01    -8.751268587E-01
       67     9.248051213E-01    -4.812120000E-01    -8.277147174E-01
       68     9.248051213E-01    -4.812120000E-01    -7.803025760E-01
       69     9.248051213E-01    -4.812120000E-01    -7.328904347E-01
       70     9.248051213E-01    -4.812120000E-01    -6.854782934E-01
       71     9.248051213E-01    -4.812120000E-01    -6.380661521E-01
       72     9.248051213E-01    -4.812120000E-01    -5.906540107E-01
       73     9.248051213E-01    -4.812120000E-01    -5.432418694E-01
       74     8.565773511E-01    -4.812120000E-01    -3.647654010E-01
       75     9.202198525E-01    -4.812120000E-01    -4.577999853E-01
       76     9.067268546E-01    -4.812120000E-01    -4.219499500E-01
       77     8.850994905E-01    -4.812120000E-01    -3.903343977E-01
       78     6.561570000E-01    -4.812120000E-01    -2.225390000E-01
       79     8.164932809E-01    -4.812120000E-01    -3.363201208E-01
       80     7.764092107E-01    -4.812120000E-01    -3.078748406E-01
       81     7.363251404E-01    -4.812120000E-01    -2.794295604E-01
       82     6.962410702E-01    -4.812120000E-01    -2.509842802E-01
       83     9.448051213E-01    -3.312120000E-01    -1.352749310E+00
       84     9.448051213E-01    -3.312120000E-01    -5.467429071E-01
       85     9.448051213E-01    -3.312120000E-01    -5.941550484E-01
       86     9.448051213E-01    -3.312120000E-01    -6.415671897E-01
       87     9.448051213E-01    -3.312120000E-01    -6.889793311E-01
       88     9.448051213E-01    -3.312120000E-01    -7.363914724E-01
       89     9.448051213E-01    -3.312120000E-01    -7.838036137E-01
       90     9.448051213E-01    -3.312120000E-01    -8.312157550E-01
       91     9.448051213E-01    -3.312120000E-01    -8.786278964E-01
       92     9.448051213E-01    -3.312120000E-01    -9.260400377E-01
       93     9.448051213E-01    -3.312120000E-01    -9.734521790E-01
       94     9.448051213E-01    -3.312120000E-01    -1.020864320E+00
       95     9.448051213E-01    -3.312120000E-01    -1.068276462E+00
       96     9.448051213E-01    -3.312120000E-01    -1.115688603E+00
       97     9.448051213E-01    -3.312120000E-01    -1.163100744E+00
       98     9.448051213E-01    -3.312120000E-01    -1.210512886E+00
       99     9.448051213E-01    -3.312120000E-01    -1.257925027E+00
      100     9.448051213E-01    -3.312120000E-01    -1.305337168E+00
      101     8.765773511E-01    -3.312120000E-01    -3.682664387E-01
      102     9.050994905E-01    -3.312120000E-01    -3.938354354E-01
      103     9.267268546E-01    -3.312120000E-01    -4.254509877E-01
      104     9.402198525E-01    -3.312120000E-01    -4.613010230E-01
      105     6.684570000E-01    -3.312120000E-01    -2.225390000E-01
      106     7.031437252E-01    -3.312120000E-01    -2.468269064E-01
      107     7.378304504E-01    -3.312120000E-01    -2.711148129E-01
      108     7.725171755E-01    -3.312120000E-01    -2.954027193E-01
      109     8.072039007E-01    -3.312120000E-01    -3.196906258E-01
      110     8.418906259E-01    -3.312120000E-01    -3.439785322E-01
      111     9.398051213E-01    -3.687120000E-01    -1.351874050E+00
      112     9.348051213E-01    -4.062120000E-01    -1.350998791E+00
      113     9.298051213E-01    -4.437120000E-01    -1.350123531E+00
      114     8.565773511E-01    -4.812120000E-01    -1.480312599E+00
      115     8.850994905E-01    -4.812120000E-01    -1.454743602E+00
      116     9.067268546E-01    -4.812120000E-01    -1.423128050E+00
      117     9.202198525E-01    -4.812120000E-01    -1.387278015E+00
      118     6.534570000E-01    -4.812120000E-01    -1.620139000E+00
      119     6.940810702E-01    -4.812120000E-01    -1.592173720E+00
      120     7.347051404E-01    -4.812120000E-01    -1.564208440E+00
      121     7.753292107E-01    -4.812120000E-01    -1.536243159E+00
      122     8.159532809E-01    -4.812120000E-01    -1.508277879E+00
      123     8.765773511E-01    -3.312120000E-01    -1.483813637E+00
      124     9.402198525E-01    -3.312120000E-01    -1.390779052E+00
      125     9.267268546E-01    -3.312120000E-01    -1.426629088E+00
      126     9.050994905E-01    -3.312120000E-01    -1.458244640E+00
      127     6.781571082E-01    -3.300124329E-01    -1.626137701E+00
      128     8.368933025E-01    -3.309720866E-01    -1.512278450E+00
      129     7.972092539E-01    -3.307321732E-01    -1.540743263E+00
      130     7.575252054E-01    -3.304922597E-01    -1.569208075E+00
      131     7.178411568E-01    -3.302523463E-01    -1.597672888E+00
      132     6.653820000E-01    -3.687120000E-01    -2.225390000E-01
      133     6.623070000E-01    -4.062120000E-01    -2.225390000E-01
      134     6.592320000E-01    -4.437120000E-01    -2.225390000E-01
      135     6.282170000E-01    -4.821120000E-01     4.792610000E-01
      136     5.350454760E-01    -4.823205100E-01     4.788439800E-01
      137     5.816312380E-01    -4.822162550E-01     4.790524900E-01
      138     4.084601147E-01    -4.826037973E-01     4.782774054E-01
      139     4.484599144E-01    -4.825142811E-01     4.784564378E-01
      140     4.624670000E-01    -4.812120000E-01     1.081061000E+00
      141     6.154670000E-01    -4.820427692E-01     5.255533077E-01
      142     6.027170000E-01    -4.819735385E-01     5.718456154E-01
      143     5.899670000E-01    -4.819043077E-01     6.181379231E-01
      144     5.772170000E-01    -4.818350769E-01     6.644302308E-01
      145     5.644670000E-01    -4.817658462E-01     7.107225385E-01
      146     5.517170000E-01    -4.816966154E-01     7.570148462E-01
      147     5.389670000E-01    -4.816273846E-01     8.033071538E-01
      148     5.262170000E-01    -4.815581538E-01     8.495994615E-01
      149     5.134670000E-01    -4.814889231E-01     8.958917692E-01
      150     5.007170000E-01    -4.814196923E-01     9.421840769E-01
      151     4.879670000E-01    -4.813504615E-01     9.884763846E-01
      152     4.752170000E-01    -4.812812308E-01     1.034768692E+00
      153     4.624670000E-01    -4.125920000E-01     1.081061000E+00
      154     4.624670000E-01    -4.469020000E-01     1.081061000E+00
      155     3.944470000E-01    -4.812120000E-01     1.081061000E+00
      156     4.284570000E-01    -4.812120000E-01     1.081061000E+00
      157     6.686970000E-01    -3.303120000E-01     1.756610000E-01
      158     6.308570000E-01    -1.794120000E-01     4.774610000E-01
      159     6.632912857E-01    -3.087548571E-01     2.187752857E-01
      160     6.578855714E-01    -2.871977143E-01     2.618895714E-01
      161     6.524798571E-01    -2.656405714E-01     3.050038571E-01
      162     6.470741429E-01    -2.440834286E-01     3.481181429E-01
      163     6.416684286E-01    -2.225262857E-01     3.912324286E-01
      164     6.362627143E-01    -2.009691429E-01     4.343467143E-01
      165     6.339998571E-01    -4.604262857E-01     4.358895714E-01
      166     6.397827143E-01    -4.387405714E-01     3.925181429E-01
      167     6.455655714E-01    -4.170548571E-01     3.491467143E-01
      168     6.513484286E-01    -3.953691429E-01     3.057752857E-01
      169     6.571312857E-01    -3.736834286E-01     2.624038571E-01
      170     6.629141429E-01    -3.519977143E-01     2.190324286E-01
      171     6.534570000E-01    -4.812120000E-01     1.774610000E-01
      172     6.318227143E-01    -4.819834286E-01     4.361467143E-01
      173     6.354284286E-01    -4.818548571E-01     3.930324286E-01
      174     6.390341429E-01    -4.817262857E-01     3.499181429E-01
      175     6.426398571E-01    -4.815977143E-01     3.068038571E-01
      176     6.462455714E-01    -4.814691429E-01     2.636895714E-01
      177     6.498512857E-01    -4.813405714E-01     2.205752857E-01
      178     6.572670000E-01    -4.434870000E-01     1.770110000E-01
      179     6.610770000E-01    -4.057620000E-01     1.765610000E-01
      180     6.648870000E-01    -3.680370000E-01     1.761110000E-01
      181     6.537570000E-01    -4.812120000E-01     1.330165556E-01
      182     6.540570000E-01    -4.812120000E-01     8.857211111E-02
      183     6.543570000E-01    -4.812120000E-01     4.412766667E-02
      184     6.546570000E-01    -4.812120000E-01    -3.167777778E-04
      185     6.549570000E-01    -4.812120000E-01    -4.476122222E-02
      186     6.552570000E-01    -4.812120000E-01    -8.920566667E-02
      187     6.555570000E-01    -4.812120000E-01    -1.336501111E-01
      188     6.558570000E-01    -4.812120000E-01    -1.780945556E-01
      189     6.686670000E-01    -3.304245000E-01     1.258860000E-01
      190     6.686370000E-01    -3.305370000E-01     7.611100000E-02
      191     6.686070000E-01    -3.306495000E-01     2.633600000E-02
      192     6.685770000E-01    -3.307620000E-01    -2.343900000E-02
      193     6.685470000E-01    -3.308745000E-01    -7.321400000E-02
      194     6.685170000E-01    -3.309870000E-01    -1.229890000E-01
      195     6.684870000E-01    -3.310995000E-01    -1.727640000E-01
      196     6.304798571E-01    -2.226548571E-01     4.777181429E-01
      197     6.301027143E-01    -2.658977143E-01     4.779752857E-01
      198     6.297255714E-01    -3.091405714E-01     4.782324286E-01
      199     6.293484286E-01    -3.523834286E-01     4.784895714E-01
      200     6.289712857E-01    -3.956262857E-01     4.787467143E-01
      201     6.285941429E-01    -4.388691429E-01     4.790038571E-01
      202     3.944470000E-01    -4.125920000E-01     1.081061000E+00
      203     3.944470000E-01    -4.469020000E-01     1.081061000E+00
      204     4.284570000E-01    -4.125920000E-01     1.081061000E+00
      205     2.286970000E-01    -1.803120000E-01     4.792610000E-01
      206     2.405362857E-01    -1.969034286E-01     5.222467143E-01
      207     2.523755714E-01    -2.134948571E-01     5.652324286E-01
      208     2.642148571E-01    -2.300862857E-01     6.082181429E-01
      209     2.760541429E-01    -2.466777143E-01     6.512038571E-01
      210     2.878934286E-01    -2.632691429E-01     6.941895714E-01
      211     2.997327143E-01    -2.798605714E-01     7.371752857E-01
      212     3.115720000E-01    -2.964520000E-01     7.801610000E-01
      213     3.234112857E-01    -3.130434286E-01     8.231467143E-01
      214     3.352505714E-01    -3.296348571E-01     8.661324286E-01
      215     3.470898571E-01    -3.462262857E-01     9.091181429E-01
      216     3.589291429E-01    -3.628177143E-01     9.521038571E-01
      217     3.707684286E-01    -3.794091429E-01     9.950895714E-01
      218     3.826077143E-01    -3.960005714E-01     1.038075286E+00
      219     6.188291429E-01    -1.960677143E-01     5.205752857E-01
      220     6.068012857E-01    -2.127234286E-01     5.636895714E-01
      221     5.947734286E-01    -2.293791429E-01     6.068038571E-01
      222     5.827455714E-01    -2.460348571E-01     6.499181429E-01
      223     5.707177143E-01    -2.626905714E-01     6.930324286E-01
      224     5.586898571E-01    -2.793462857E-01     7.361467143E-01
      225     5.466620000E-01    -2.960020000E-01     7.792610000E-01
      226     5.346341429E-01    -3.126577143E-01     8.223752857E-01
      227     5.226062857E-01    -3.293134286E-01     8.654895714E-01
      228     5.105784286E-01    -3.459691429E-01     9.086038571E-01
      229     4.985505714E-01    -3.626248571E-01     9.517181429E-01
      230     4.865227143E-01    -3.792805714E-01     9.948324286E-01
      231     4.744948571E-01    -3.959362857E-01     1.037946714E+00
      232     5.390133776E-01     6.074577565E-01    -1.264570728E+00
      233     7.661940072E-01    -1.480772820E-01    -1.103976798E+00
      234     5.523769440E-01     5.630145189E-01    -1.255124027E+00
      235     5.657405105E-01     5.185712814E-01    -1.245677325E+00
      236     5.791040769E-01     4.741280438E-01    -1.236230623E+00
      237     5.924676434E-01     4.296848062E-01    -1.226783921E+00
      238     6.058312098E-01     3.852415687E-01    -1.217337219E+00
      239     6.191947763E-01     3.407983311E-01    -1.207890518E+00
      240     6.325583427E-01     2.963550936E-01    -1.198443816E+00
      241     6.459219092E-01     2.519118560E-01    -1.188997114E+00
      242     6.592854756E-01     2.074686184E-01    -1.179550412E+00
      243     6.726490421E-01     1.630253809E-01    -1.170103711E+00
      244     6.860126085E-01     1.185821433E-01    -1.160657009E+00
      245     6.993761750E-01     7.413890576E-02    -1.151210307E+00
      246     7.127397414E-01     2.969566820E-02    -1.141763605E+00
      247     7.261033079E-01    -1.474756936E-02    -1.132316904E+00
      248     7.394668743E-01    -5.919080692E-02    -1.122870202E+00
      249     7.528304408E-01    -1.036340445E-01    -1.113423500E+00
      250     5.684570000E-01     3.878800000E-02    -2.225390000E-01
      251     7.737770656E-01    -1.888603397E-01    -1.095308092E+00
      252     7.723108056E-01    -2.309435367E-01    -1.086363032E+00
      253     6.860032497E-01    -3.217566916E-01    -1.581156479E+00
      254     6.938493911E-01    -3.135009502E-01    -1.536175256E+00
      255     7.016955326E-01    -3.052452089E-01    -1.491194034E+00
      256     7.095416740E-01    -2.969894675E-01    -1.446212812E+00
      257     7.173878155E-01    -2.887337261E-01    -1.401231589E+00
      258     7.252339569E-01    -2.804779848E-01    -1.356250367E+00
      259     7.330800984E-01    -2.722222434E-01    -1.311269144E+00
      260     7.409262398E-01    -2.639665021E-01    -1.266287922E+00
      261     7.487723813E-01    -2.557107607E-01    -1.221306699E+00
      262     7.566185227E-01    -2.474550194E-01    -1.176325477E+00
      263     7.644646642E-01    -2.391992780E-01    -1.131344255E+00
      264     6.571769996E-01    -9.667200141E-02    -1.253899166E-02
      265     6.684570000E-01    -6.121200000E-02    -2.225390000E-01
      266     6.594329996E-01    -8.958000113E-02    -5.453899332E-02
      267     6.616889997E-01    -8.248800085E-02    -9.653899499E-02
      268     6.639449998E-01    -7.539600056E-02    -1.385389967E-01
      269     6.662009999E-01    -6.830400028E-02    -1.805389983E-01
      270     6.067253432E-01     3.117595325E-02    -2.225390000E-01
      271     6.391676781E-01     9.498678119E-03    -2.225390000E-01
      272     6.608449533E-01    -2.294365676E-02    -2.225390000E-01
      273     6.742266559E-01    -7.064152981E-02    -2.705292240E-01
      274     6.799963117E-01    -8.007105963E-02    -3.185194480E-01
      275     6.857659676E-01    -8.950058944E-02    -3.665096720E-01
      276     6.915356235E-01    -9.893011926E-02    -4.144998960E-01
      277     6.973052793E-01    -1.083596491E-01    -4.624901200E-01
      278     7.030749352E-01    -1.177891789E-01    -5.104803440E-01
      279     7.088445911E-01    -1.272187087E-01    -5.584705681E-01
      280     7.146142469E-01    -1.366482385E-01    -6.064607921E-01
      281     7.203839028E-01    -1.460777683E-01    -6.544510161E-01
      282     7.261535587E-01    -1.555072981E-01    -7.024412401E-01
      283     7.319232146E-01    -1.649368280E-01    -7.504314641E-01
      284     7.376928704E-01    -1.743663578E-01    -7.984216881E-01
      285     7.434625263E-01    -1.837958876E-01    -8.464119121E-01
      286     7.492321822E-01    -1.932254174E-01    -8.944021361E-01
      287     7.550018380E-01    -2.026549472E-01    -9.423923601E-01
      288     7.607714939E-01    -2.120844770E-01    -9.903825841E-01
      289     7.665411498E-01    -2.215140068E-01    -1.038372808E+00
      290     6.684570000E-01    -1.062120000E-01    -2.225390000E-01
      291     6.684570000E-01    -1.512120000E-01    -2.225390000E-01
      292     6.684570000E-01    -1.962120000E-01    -2.225390000E-01
      293     6.684570000E-01    -2.412120000E-01    -2.225390000E-01
      294     6.684570000E-01    -2.862120000E-01    -2.225390000E-01
      295     7.665411498E-01    -2.365140068E-01    -1.038372808E+00
      296     7.607714939E-01    -2.420844770E-01    -9.903825841E-01
      297     7.550018380E-01    -2.476549472E-01    -9.423923601E-01
      298     7.492321822E-01    -2.532254174E-01    -8.944021361E-01
      299     7.434625263E-01    -2.587958876E-01    -8.464119121E-01
      300     7.376928704E-01    -2.643663578E-01    -7.984216881E-01
      301     7.319232146E-01    -2.699368280E-01    -7.504314641E-01
      302     7.261535587E-01    -2.755072981E-01    -7.024412401E-01
      303     7.203839028E-01    -2.810777683E-01    -6.544510161E-01
      304     7.146142469E-01    -2.866482385E-01    -6.064607921E-01
      305     7.088445911E-01    -2.922187087E-01    -5.584705681E-01
      306     7.030749352E-01    -2.977891789E-01    -5.104803440E-01
      307     6.973052793E-01    -3.033596491E-01    -4.624901200E-01
      308     6.915356235E-01    -3.089301193E-01    -4.144998960E-01
      309     6.857659676E-01    -3.145005894E-01    -3.665096720E-01
      310     6.799963117E-01    -3.200710596E-01    -3.185194480E-01
      311     6.742266559E-01    -3.256415298E-01    -2.705292240E-01
      312     6.334890000E-01    -1.711380001E-01     4.284610008E-01
      313     6.361209999E-01    -1.628640003E-01     3.794610017E-01
      314     6.387529999E-01    -1.545900004E-01     3.304610025E-01
      315     6.413849998E-01    -1.463160006E-01     2.814610033E-01
      316     6.440169998E-01    -1.380420007E-01     2.324610042E-01
      317     6.466489997E-01    -1.297680008E-01     1.834610050E-01
      318     6.492809997E-01    -1.214940010E-01     1.344610058E-01
      319     6.519129996E-01    -1.132200011E-01     8.546100668E-02
      320     6.545449996E-01    -1.049460013E-01     3.646100751E-02
      321     4.884719346E-01     3.878800000E-02    -2.225390000E-01
      322     3.684600754E-01     3.878800000E-02    -2.225390000E-01
      323     2.884570000E-01     3.878800000E-02    -2.225390000E-01
      324     4.084640285E-01     3.878800000E-02    -2.225390000E-01
      325     4.484679815E-01     3.878800000E-02    -2.225390000E-01
      326     2.380145384E-01    -1.657053333E-01     4.324743333E-01
      327     2.473320767E-01    -1.510986667E-01     3.856876667E-01
      328     2.566496151E-01    -1.364920000E-01     3.389010000E-01
      329     2.659671534E-01    -1.218853333E-01     2.921143333E-01
      330     2.752846918E-01    -1.072786667E-01     2.453276667E-01
      331     2.846022302E-01    -9.267200000E-02     1.985410000E-01
      332     2.939197685E-01    -7.806533333E-02     1.517543333E-01
      333     3.032373069E-01    -6.345866667E-02     1.049676667E-01
      334     3.125548452E-01    -4.885200000E-02     5.818100000E-02
      335     3.218723836E-01    -3.424533333E-02     1.139433333E-02
      336     3.311899220E-01    -1.963866667E-02    -3.539233333E-02
      337     3.405074603E-01    -5.032000000E-03    -8.217900000E-02
      338     3.498249987E-01     9.574666667E-03    -1.289656667E-01
      339     3.591425370E-01     2.418133333E-02    -1.757523333E-01
      340     4.979642722E-01     2.424133333E-02    -1.758723333E-01
      341     5.074566099E-01     9.694666667E-03    -1.292056667E-01
      342     5.169489476E-01    -4.852000000E-03    -8.253900000E-02
      343     5.264412853E-01    -1.939866667E-02    -3.587233333E-02
      344     5.359336230E-01    -3.394533333E-02     1.079433333E-02
      345     5.454259607E-01    -4.849200000E-02     5.746100000E-02
      346     5.549182984E-01    -6.303866667E-02     1.041276667E-01
      347     5.644106361E-01    -7.758533333E-02     1.507943333E-01
      348     5.739029738E-01    -9.213200000E-02     1.974610000E-01
      349     5.833953115E-01    -1.066786667E-01     2.441276667E-01
      350     5.928876492E-01    -1.212253333E-01     2.907943333E-01
      351     6.023799869E-01    -1.357720000E-01     3.374610000E-01
      352     6.118723246E-01    -1.503186667E-01     3.841276667E-01
      353     6.213646623E-01    -1.648653333E-01     4.307943333E-01
      354     4.910451025E-01     6.425651209E-01    -1.272033029E+00
      355     5.209999368E-01     6.328167400E-01    -1.269960947E+00
      356     6.394127856E-01    -6.838446707E-02    -1.812035883E+00
      357     6.338350407E-01    -3.083767687E-02    -1.781621152E+00
      358     6.282572958E-01     6.709113329E-03    -1.751206421E+00
      359     6.226795509E-01     4.425590353E-02    -1.720791691E+00
      360     6.171018060E-01     8.180269372E-02    -1.690376960E+00
      361     6.115240611E-01     1.193494839E-01    -1.659962229E+00
      362     6.059463162E-01     1.568962741E-01    -1.629547498E+00
      363     6.003685713E-01     1.944430643E-01    -1.599132767E+00
      364     5.947908265E-01     2.319898545E-01    -1.568718036E+00
      365     5.892130816E-01     2.695366447E-01    -1.538303306E+00
      366     5.836353367E-01     3.070834349E-01    -1.507888575E+00
      367     5.780575918E-01     3.446302251E-01    -1.477473844E+00
      368     5.724798469E-01     3.821770153E-01    -1.447059113E+00
      369     5.669021020E-01     4.197238055E-01    -1.416644382E+00
      370     5.613243571E-01     4.572705957E-01    -1.386229652E+00
      371     5.557466123E-01     4.948173859E-01    -1.355814921E+00
      372     5.501688674E-01     5.323641761E-01    -1.325400190E+00
      373     5.445911225E-01     5.699109663E-01    -1.294985459E+00
      374     6.784570000E-01    -3.312120000E-01    -2.024939000E+00
      375     6.781945947E-01    -3.301623788E-01    -1.675987864E+00
      376     6.782320812E-01    -3.303123247E-01    -1.725838026E+00
      377     6.782695676E-01    -3.304622706E-01    -1.775688188E+00
      378     6.783070541E-01    -3.306122165E-01    -1.825538351E+00
      379     6.783445406E-01    -3.307621623E-01    -1.875388513E+00
      380     6.783820271E-01    -3.309121082E-01    -1.925238675E+00
      381     6.784195135E-01    -3.310620541E-01    -1.975088838E+00
      382     6.728792551E-01    -2.936652096E-01    -1.994524269E+00
      383     6.673015102E-01    -2.561184192E-01    -1.964109538E+00
      384     6.617237652E-01    -2.185716287E-01    -1.933694807E+00
      385     6.561460203E-01    -1.810248383E-01    -1.903280076E+00
      386     6.505682754E-01    -1.434780479E-01    -1.872865345E+00
      387     6.449905305E-01    -1.059312575E-01    -1.842450614E+00
      388     6.534570000E-01    -4.812120000E-01    -2.024939000E+00
      389     6.534570000E-01    -4.812120000E-01    -1.979961222E+00
      390     6.534570000E-01    -4.812120000E-01    -1.934983444E+00
      391     6.534570000E-01    -4.812120000E-01    -1.890005667E+00
      392     6.534570000E-01    -4.812120000E-01    -1.845027889E+00
      393     6.534570000E-01    -4.812120000E-01    -1.800050111E+00
      394     6.534570000E-01    -4.812120000E-01    -1.755072333E+00
      395     6.534570000E-01    -4.812120000E-01    -1.710094556E+00
      396     6.534570000E-01    -4.812120000E-01    -1.665116778E+00
      397     6.722070000E-01    -3.687120000E-01    -2.024939000E+00
      398     6.659570000E-01    -4.062120000E-01    -2.024939000E+00
      399     6.597070000E-01    -4.437120000E-01    -2.024939000E+00
      400     2.034570000E-01    -4.812120000E-01    -2.024939000E+00
      401     2.534570000E-01    -4.812120000E-01    -2.024939000E+00
      402     3.034570000E-01    -4.812120000E-01    -2.024939000E+00
      403     3.534570000E-01    -4.812120000E-01    -2.024939000E+00
      404     4.034570000E-01    -4.812120000E-01    -2.024939000E+00
      405     4.534570000E-01    -4.812120000E-01    -2.024939000E+00
      406     5.034570000E-01    -4.812120000E-01    -2.024939000E+00
      407     5.534570000E-01    -4.812120000E-01    -2.024939000E+00
      408     6.034570000E-01    -4.812120000E-01    -2.024939000E+00
      409     1.784570000E-01    -3.312120000E-01    -2.024939000E+00
      410     6.284570000E-01    -3.312120000E-01    -2.024939000E+00
      411     5.784570000E-01    -3.312120000E-01    -2.024939000E+00
      412     5.284570000E-01    -3.312120000E-01    -2.024939000E+00
      413     4.784570000E-01    -3.312120000E-01    -2.024939000E+00
      414     4.284570000E-01    -3.312120000E-01    -2.024939000E+00
      415     3.784570000E-01    -3.312120000E-01    -2.024939000E+00
      416     3.284570000E-01    -3.312120000E-01    -2.024939000E+00
      417     2.784570000E-01    -3.312120000E-01    -2.024939000E+00
      418     2.284570000E-01    -3.312120000E-01    -2.024939000E+00
      419     3.658688975E-01     6.425651209E-01    -1.272033029E+00
      420     4.075942992E-01     6.425651209E-01    -1.272033029E+00
      421     4.493197008E-01     6.425651209E-01    -1.272033029E+00
      422     3.179006224E-01     6.074577565E-01    -1.264570728E+00
      423     2.175012144E-01    -6.838446707E-02    -1.812035883E+00
      424     3.123228775E-01     5.699109663E-01    -1.294985459E+00
      425     3.067451326E-01     5.323641761E-01    -1.325400190E+00
      426     3.011673877E-01     4.948173859E-01    -1.355814921E+00
      427     2.955896429E-01     4.572705957E-01    -1.386229652E+00
      428     2.900118980E-01     4.197238055E-01    -1.416644382E+00
      429     2.844341531E-01     3.821770153E-01    -1.447059113E+00
      430     2.788564082E-01     3.446302251E-01    -1.477473844E+00
      431     2.732786633E-01     3.070834349E-01    -1.507888575E+00
      432     2.677009184E-01     2.695366447E-01    -1.538303306E+00
      433     2.621231735E-01     2.319898545E-01    -1.568718037E+00
      434     2.565454287E-01     1.944430643E-01    -1.599132767E+00
      435     2.509676838E-01     1.568962741E-01    -1.629547498E+00
      436     2.453899389E-01     1.193494839E-01    -1.659962229E+00
      437     2.398121940E-01     8.180269372E-02    -1.690376960E+00
      438     2.342344491E-01     4.425590353E-02    -1.720791691E+00
      439     2.286567042E-01     6.709113329E-03    -1.751206421E+00
      440     2.230789593E-01    -3.083767687E-02    -1.781621152E+00
      441     2.119234695E-01    -1.059312575E-01    -1.842450614E+00
      442     2.063457246E-01    -1.434780479E-01    -1.872865345E+00
      443     2.007679797E-01    -1.810248383E-01    -1.903280076E+00
      444     1.951902348E-01    -2.185716287E-01    -1.933694807E+00
      445     1.896124898E-01    -2.561184192E-01    -1.964109538E+00
      446     1.840347449E-01    -2.936652096E-01    -1.994524269E+00
      447     3.359140632E-01     6.328167400E-01    -1.269960947E+00
      448     9.071999279E-02    -1.480772820E-01    -1.103976798E+00
      449     1.040835592E-01    -1.036340445E-01    -1.113423500E+00
      450     1.174471257E-01    -5.919080692E-02    -1.122870202E+00
      451     1.308106921E-01    -1.474756936E-02    -1.132316904E+00
      452     1.441742586E-01     2.969566820E-02    -1.141763605E+00
      453     1.575378250E-01     7.413890576E-02    -1.151210307E+00
      454     1.709013915E-01     1.185821433E-01    -1.160657009E+00
      455     1.842649579E-01     1.630253809E-01    -1.170103711E+00
      456     1.976285244E-01     2.074686184E-01    -1.179550412E+00
      457     2.109920908E-01     2.519118560E-01    -1.188997114E+00
      458     2.243556573E-01     2.963550936E-01    -1.198443816E+00
      459     2.377192237E-01     3.407983311E-01    -1.207890518E+00
      460     2.510827902E-01     3.852415687E-01    -1.217337219E+00
      461     2.644463566E-01     4.296848062E-01    -1.226783921E+00
      462     2.778099231E-01     4.741280438E-01    -1.236230623E+00
      463     2.911734895E-01     5.185712814E-01    -1.245677325E+00
      464     3.045370560E-01     5.630145189E-01    -1.255124027E+00
      465     1.847070000E-01    -3.687120000E-01    -2.024939000E+00
      466     1.909570000E-01    -4.062120000E-01    -2.024939000E+00
      467     1.972070000E-01    -4.437120000E-01    -2.024939000E+00
      468     3.366489028E-04    -4.812120000E-01    -1.480312599E+00
      469    -6.789112128E-02    -4.812120000E-01    -1.349248272E+00
      470    -2.818549048E-02    -4.812120000E-01    -1.454743602E+00
      471    -4.981285459E-02    -4.812120000E-01    -1.423128050E+00
      472    -6.330585245E-02    -4.812120000E-01    -1.387278015E+00
      473     3.265319681E-01    -4.812120000E-01    -2.225390000E-01
      474     2.846069788E-01    -4.812120000E-01    -2.225390000E-01
      475     2.426819894E-01    -4.812120000E-01    -2.225390000E-01
      476     4.484569627E-01    -4.812120000E-01    -2.225390000E-01
      477     4.084569601E-01    -4.812120000E-01    -2.225390000E-01
      478     6.142319913E-01    -4.812120000E-01    -2.225390000E-01
      479     5.723069826E-01    -4.812120000E-01    -2.225390000E-01
      480     5.303819739E-01    -4.812120000E-01    -2.225390000E-01
      481     3.366489028E-04    -4.812120000E-01    -3.647654010E-01
      482     4.042071912E-02    -4.812120000E-01    -3.363201208E-01
      483     8.050478934E-02    -4.812120000E-01    -3.078748406E-01
      484     1.205888596E-01    -4.812120000E-01    -2.794295604E-01
      485     1.606729298E-01    -4.812120000E-01    -2.509842802E-01
      486    -8.789112128E-02    -3.312120000E-01    -4.993307658E-01
      487    -6.789112128E-02    -4.812120000E-01    -4.958297281E-01
      488    -8.289112128E-02    -3.687120000E-01    -4.984555064E-01
      489    -7.789112128E-02    -4.062120000E-01    -4.975802469E-01
      490    -7.289112128E-02    -4.437120000E-01    -4.967049875E-01
      491    -6.330585245E-02    -4.812120000E-01    -4.577999853E-01
      492    -4.981285459E-02    -4.812120000E-01    -4.219499500E-01
      493    -2.818549048E-02    -4.812120000E-01    -3.903343977E-01
      494    -6.789112128E-02    -4.812120000E-01    -1.301836131E+00
      495    -6.789112128E-02    -4.812120000E-01    -1.254423989E+00
      496    -6.789112128E-02    -4.812120000E-01    -1.207011848E+00
      497    -6.789112128E-02    -4.812120000E-01    -1.159599707E+00
      498    -6.789112128E-02    -4.812120000E-01    -1.112187565E+00
      499    -6.789112128E-02    -4.812120000E-01    -1.064775424E+00
      500    -6.789112128E-02    -4.812120000E-01    -1.017363283E+00
      501    -6.789112128E-02    -4.812120000E-01    -9.699511413E-01
      502    -6.789112128E-02    -4.812120000E-01    -9.225390000E-01
      503    -6.789112128E-02    -4.812120000E-01    -8.751268587E-01
      504    -6.789112128E-02    -4.812120000E-01    -8.277147174E-01
      505    -6.789112128E-02    -4.812120000E-01    -7.803025760E-01
      506    -6.789112128E-02    -4.812120000E-01    -7.328904347E-01
      507    -6.789112128E-02    -4.812120000E-01    -6.854782934E-01
      508    -6.789112128E-02    -4.812120000E-01    -6.380661521E-01
      509    -6.789112128E-02    -4.812120000E-01    -5.906540107E-01
      510    -6.789112128E-02    -4.812120000E-01    -5.432418694E-01
      511     1.884570000E-01    -3.312120000E-01    -2.225390000E-01
      512     1.915320000E-01    -3.687120000E-01    -2.225390000E-01
      513     1.946070000E-01    -4.062120000E-01    -2.225390000E-01
      514     1.976820000E-01    -4.437120000E-01    -2.225390000E-01
      515     2.260570000E-01    -4.830120000E-01     4.774610000E-01
      516     2.066855714E-01    -4.814691429E-01     2.203181429E-01
      517     2.099141429E-01    -4.817262857E-01     2.631752857E-01
      518     2.131427143E-01    -4.819834286E-01     3.060324286E-01
      519     2.163712857E-01    -4.822405714E-01     3.488895714E-01
      520     2.195998571E-01    -4.824977143E-01     3.917467143E-01
      521     2.228284286E-01    -4.827548571E-01     4.346038571E-01
      522     2.735247717E-01    -4.829057711E-01     4.776734577E-01
      523     3.209925434E-01    -4.827995423E-01     4.778859154E-01
      524     2.390100769E-01    -4.828735385E-01     5.238917692E-01
      525     2.519631538E-01    -4.827350769E-01     5.703225385E-01
      526     2.649162308E-01    -4.825966154E-01     6.167533077E-01
      527     2.778693077E-01    -4.824581538E-01     6.631840769E-01
      528     2.908223846E-01    -4.823196923E-01     7.096148462E-01
      529     3.037754615E-01    -4.821812308E-01     7.560456154E-01
      530     3.167285385E-01    -4.820427692E-01     8.024763846E-01
      531     3.296816154E-01    -4.819043077E-01     8.489071538E-01
      532     3.426346923E-01    -4.817658462E-01     8.953379231E-01
      533     3.555877692E-01    -4.816273846E-01     9.417686923E-01
      534     3.685408462E-01    -4.814889231E-01     9.881994615E-01
      535     3.814939231E-01    -4.813504615E-01     1.034630231E+00
      536     5.940570000E-01    -2.070120000E-01     4.774610000E-01
      537     5.572570000E-01    -2.346120000E-01     4.774610000E-01
      538     5.204570000E-01    -2.622120000E-01     4.774610000E-01
      539     4.836570000E-01    -2.898120000E-01     4.774610000E-01
      540     4.468570000E-01    -3.174120000E-01     4.774610000E-01
      541     4.100570000E-01    -3.450120000E-01     4.774610000E-01
      542     3.732570000E-01    -3.726120000E-01     4.774610000E-01
      543     3.364570000E-01    -4.002120000E-01     4.774610000E-01
      544     2.996570000E-01    -4.278120000E-01     4.774610000E-01
      545     2.628570000E-01    -4.554120000E-01     4.774610000E-01
      546     1.882170000E-01    -3.303120000E-01     1.756610000E-01
      547     1.884270000E-01    -3.310995000E-01    -1.727640000E-01
      548     1.883970000E-01    -3.309870000E-01    -1.229890000E-01
      549     1.883670000E-01    -3.308745000E-01    -7.321400000E-02
      550     1.883370000E-01    -3.307620000E-01    -2.343900000E-02
      551     1.883070000E-01    -3.306495000E-01     2.633600000E-02
      552     1.882770000E-01    -3.305370000E-01     7.611100000E-02
      553     1.882470000E-01    -3.304245000E-01     1.258860000E-01
      554     1.996470000E-01    -4.434870000E-01     1.770110000E-01
      555     1.958370000E-01    -4.057620000E-01     1.765610000E-01
      556     1.920270000E-01    -3.680370000E-01     1.761110000E-01
      557     1.936227143E-01    -3.521262857E-01     2.187752857E-01
      558     1.990284286E-01    -3.739405714E-01     2.618895714E-01
      559     2.044341429E-01    -3.957548571E-01     3.050038571E-01
      560     2.098398571E-01    -4.175691429E-01     3.481181429E-01
      561     2.152455714E-01    -4.393834286E-01     3.912324286E-01
      562     2.206512857E-01    -4.611977143E-01     4.343467143E-01
      563     1.939998571E-01    -3.088834286E-01     2.190324286E-01
      564     1.997827143E-01    -2.874548571E-01     2.624038571E-01
      565     2.055655714E-01    -2.660262857E-01     3.057752857E-01
      566     2.113484286E-01    -2.445977143E-01     3.491467143E-01
      567     2.171312857E-01    -2.231691429E-01     3.925181429E-01
      568     2.229141429E-01    -2.017405714E-01     4.358895714E-01
      569     2.264341429E-01    -4.397691429E-01     4.777181429E-01
      570     2.268112857E-01    -3.965262857E-01     4.779752857E-01
      571     2.271884286E-01    -3.532834286E-01     4.782324286E-01
      572     2.275655714E-01    -3.100405714E-01     4.784895714E-01
      573     2.279427143E-01    -2.667977143E-01     4.787467143E-01
      574     2.283198571E-01    -2.235548571E-01     4.790038571E-01
      575     1.281751462E-01    -5.323394151E-01    -1.019156755E+00
      576     1.964874792E-01    -4.842194950E-01    -2.693988679E-01
      577     1.922179584E-01    -4.872269900E-01    -3.162587359E-01
      578     1.879484376E-01    -4.902344850E-01    -3.631186038E-01
      579     1.836789168E-01    -4.932419800E-01    -4.099784717E-01
      580     1.794093959E-01    -4.962494750E-01    -4.568383396E-01
      581     1.751398751E-01    -4.992569700E-01    -5.036982076E-01
      582     1.708703543E-01    -5.022644650E-01    -5.505580755E-01
      583     1.666008335E-01    -5.052719600E-01    -5.974179434E-01
      584     1.623313127E-01    -5.082794550E-01    -6.442778113E-01
      585     1.580617919E-01    -5.112869500E-01    -6.911376793E-01
      586     1.537922711E-01    -5.142944451E-01    -7.379975472E-01
      587     1.495227503E-01    -5.173019401E-01    -7.848574151E-01
      588     1.452532295E-01    -5.203094351E-01    -8.317172831E-01
      589     1.409837087E-01    -5.233169301E-01    -8.785771510E-01
      590     1.367141878E-01    -5.263244251E-01    -9.254370189E-01
      591     1.324446670E-01    -5.293319201E-01    -9.722968868E-01
      592     1.849110086E-01    -3.430430244E-01    -2.693988679E-01
      593     1.813650172E-01    -3.548740488E-01    -3.162587359E-01
      594     1.778190258E-01    -3.667050732E-01    -3.631186038E-01
      595     1.742730344E-01    -3.785360977E-01    -4.099784717E-01
      596     1.707270430E-01    -3.903671221E-01    -4.568383396E-01
      597     1.671810516E-01    -4.021981465E-01    -5.036982076E-01
      598     1.636350602E-01    -4.140291709E-01    -5.505580755E-01
      599     1.600890688E-01    -4.258601953E-01    -5.974179434E-01
      600     1.565430774E-01    -4.376912197E-01    -6.442778113E-01
      601     1.529970860E-01    -4.495222442E-01    -6.911376793E-01
      602     1.494510946E-01    -4.613532686E-01    -7.379975472E-01
      603     1.459051032E-01    -4.731842930E-01    -7.848574151E-01
      604     1.423591118E-01    -4.850153174E-01    -8.317172831E-01
      605     1.388131204E-01    -4.968463418E-01    -8.785771510E-01
      606     1.352671290E-01    -5.086773662E-01    -9.254370189E-01
      607     1.317211376E-01    -5.205083907E-01    -9.722968868E-01
      608     8.460319437E-02    -2.309435367E-01    -1.086363032E+00
      609     9.082775892E-02    -2.740000907E-01    -1.076762135E+00
      610     9.705232347E-02    -3.170566448E-01    -1.067161239E+00
      611     1.032768880E-01    -3.601131988E-01    -1.057560342E+00
      612     1.095014526E-01    -4.031697529E-01    -1.047959445E+00
      613     1.157260171E-01    -4.462263070E-01    -1.038358548E+00
      614     1.219505817E-01    -4.892828610E-01    -1.028757652E+00
      615     7.287388538E-01    -5.323394151E-01    -1.019156755E+00
      616     7.660862411E-01    -2.740000907E-01    -1.076762135E+00
      617     7.598616765E-01    -3.170566448E-01    -1.067161239E+00
      618     7.536371120E-01    -3.601131988E-01    -1.057560342E+00
      619     7.474125474E-01    -4.031697529E-01    -1.047959445E+00
      620     7.411879829E-01    -4.462263070E-01    -1.038358548E+00
      621     7.349634183E-01    -4.892828610E-01    -1.028757652E+00
      622     6.720029914E-01    -3.430430244E-01    -2.693988679E-01
      623     6.755489828E-01    -3.548740488E-01    -3.162587359E-01
      624     6.790949742E-01    -3.667050732E-01    -3.631186038E-01
      625     6.826409656E-01    -3.785360977E-01    -4.099784717E-01
      626     6.861869570E-01    -3.903671221E-01    -4.568383396E-01
      627     6.897329484E-01    -4.021981465E-01    -5.036982076E-01
      628     6.932789398E-01    -4.140291709E-01    -5.505580755E-01
      629     6.968249312E-01    -4.258601953E-01    -5.974179434E-01
      630     7.003709226E-01    -4.376912197E-01    -6.442778113E-01
      631     7.039169140E-01    -4.495222442E-01    -6.911376793E-01
      632     7.074629054E-01    -4.613532686E-01    -7.379975472E-01
      633     7.110088968E-01    -4.731842930E-01    -7.848574151E-01
      634     7.145548882E-01    -4.850153174E-01    -8.317172831E-01
      635     7.181008796E-01    -4.968463418E-01    -8.785771510E-01
      636     7.216468710E-01    -5.086773662E-01    -9.254370189E-01
      637     7.251928624E-01    -5.205083907E-01    -9.722968868E-01
      638     6.592479118E-01    -4.851448781E-01    -1.573909597E+00
      639     6.650388237E-01    -4.890777562E-01    -1.527680193E+00
      640     6.708297355E-01    -4.930106342E-01    -1.481450790E+00
      641     6.766206473E-01    -4.969435123E-01    -1.435221386E+00
      642     6.824115591E-01    -5.008763904E-01    -1.388991983E+00
      643     6.882024710E-01    -5.048092685E-01    -1.342762579E+00
      644     6.939933828E-01    -5.087421466E-01    -1.296533176E+00
      645     6.997842946E-01    -5.126750247E-01    -1.250303772E+00
      646     7.055752065E-01    -5.166079027E-01    -1.204074369E+00
      647     7.113661183E-01    -5.205407808E-01    -1.157844965E+00
      648     7.171570301E-01    -5.244736589E-01    -1.111615562E+00
      649     7.229479419E-01    -5.284065370E-01    -1.065386158E+00
      650     7.248479503E-01    -5.167758011E-01    -1.065847597E+00
      651     7.209570468E-01    -5.012121871E-01    -1.112538439E+00
      652     7.170661433E-01    -4.856485730E-01    -1.159229281E+00
      653     7.131752398E-01    -4.700849590E-01    -1.205920123E+00
      654     7.092843363E-01    -4.545213450E-01    -1.252610965E+00
      655     7.053934328E-01    -4.389577310E-01    -1.299301807E+00
      656     7.015025292E-01    -4.233941170E-01    -1.345992649E+00
      657     6.976116257E-01    -4.078305030E-01    -1.392683491E+00
      658     6.937207222E-01    -3.922668890E-01    -1.439374333E+00
      659     6.898298187E-01    -3.767032750E-01    -1.486065175E+00
      660     6.859389152E-01    -3.611396609E-01    -1.532756017E+00
      661     6.820480117E-01    -3.455760469E-01    -1.579446859E+00
      662     1.743723545E-01    -5.323394151E-01    -1.019156755E+00
      663     2.205695628E-01    -5.323394151E-01    -1.019156755E+00
      664     2.667667710E-01    -5.323394151E-01    -1.019156755E+00
      665     3.129639793E-01    -5.323394151E-01    -1.019156755E+00
      666     3.591611876E-01    -5.323394151E-01    -1.019156755E+00
      667     4.053583959E-01    -5.323394151E-01    -1.019156755E+00
      668     4.515556041E-01    -5.323394151E-01    -1.019156755E+00
      669     4.977528124E-01    -5.323394151E-01    -1.019156755E+00
      670     5.439500207E-01    -5.323394151E-01    -1.019156755E+00
      671     5.901472290E-01    -5.323394151E-01    -1.019156755E+00
      672     6.363444372E-01    -5.323394151E-01    -1.019156755E+00
      673     6.825416455E-01    -5.323394151E-01    -1.019156755E+00
      674     7.244693330E-01    -5.293319201E-01    -9.722968868E-01
      675     7.201998122E-01    -5.263244251E-01    -9.254370189E-01
      676     7.159302913E-01    -5.233169301E-01    -8.785771510E-01
      677     7.116607705E-01    -5.203094351E-01    -8.317172831E-01
      678     7.073912497E-01    -5.173019401E-01    -7.848574151E-01
      679     7.031217289E-01    -5.142944451E-01    -7.379975472E-01
      680     6.988522081E-01    -5.112869500E-01    -6.911376793E-01
      681     6.945826873E-01    -5.082794550E-01    -6.442778113E-01
      682     6.903131665E-01    -5.052719600E-01    -5.974179434E-01
      683     6.860436457E-01    -5.022644650E-01    -5.505580755E-01
      684     6.817741249E-01    -4.992569700E-01    -5.036982076E-01
      685     6.775046041E-01    -4.962494750E-01    -4.568383396E-01
      686     6.732350832E-01    -4.932419800E-01    -4.099784717E-01
      687     6.689655624E-01    -4.902344850E-01    -3.631186038E-01
      688     6.646960416E-01    -4.872269900E-01    -3.162587359E-01
      689     6.604265208E-01    -4.842194950E-01    -2.693988679E-01
      690     1.884570000E-01    -6.121200000E-02    -2.225390000E-01
      691     1.884570000E-01    -2.862120000E-01    -2.225390000E-01
      692     1.884570000E-01    -2.412120000E-01    -2.225390000E-01
      693     1.884570000E-01    -1.962120000E-01    -2.225390000E-01
      694     1.884570000E-01    -1.512120000E-01    -2.225390000E-01
      695     1.884570000E-01    -1.062120000E-01    -2.225390000E-01
      696     1.826873441E-01    -3.256415298E-01    -2.705292240E-01
      697     1.769176883E-01    -3.200710596E-01    -3.185194480E-01
      698     1.711480324E-01    -3.145005894E-01    -3.665096720E-01
      699     1.653783765E-01    -3.089301193E-01    -4.144998960E-01
      700     1.596087207E-01    -3.033596491E-01    -4.624901200E-01
      701     1.538390648E-01    -2.977891789E-01    -5.104803440E-01
      702     1.480694089E-01    -2.922187087E-01    -5.584705681E-01
      703     1.422997531E-01    -2.866482385E-01    -6.064607921E-01
      704     1.365300972E-01    -2.810777683E-01    -6.544510161E-01
      705     1.307604413E-01    -2.755072981E-01    -7.024412401E-01
      706     1.249907854E-01    -2.699368280E-01    -7.504314641E-01
      707     1.192211296E-01    -2.643663578E-01    -7.984216881E-01
      708     1.134514737E-01    -2.587958876E-01    -8.464119121E-01
      709     1.076818178E-01    -2.532254174E-01    -8.944021361E-01
      710     1.019121620E-01    -2.476549472E-01    -9.423923601E-01
      711     9.614250610E-02    -2.420844770E-01    -9.903825841E-01
      712     9.037285024E-02    -2.365140068E-01    -1.038372808E+00
      713     9.037285024E-02    -2.215140068E-01    -1.038372808E+00
      714     9.614250610E-02    -2.120844770E-01    -9.903825841E-01
      715     1.019121620E-01    -2.026549472E-01    -9.423923601E-01
      716     1.076818178E-01    -1.932254174E-01    -8.944021361E-01
      717     1.134514737E-01    -1.837958876E-01    -8.464119121E-01
      718     1.192211296E-01    -1.743663578E-01    -7.984216881E-01
      719     1.249907854E-01    -1.649368280E-01    -7.504314641E-01
      720     1.307604413E-01    -1.555072981E-01    -7.024412401E-01
      721     1.365300972E-01    -1.460777683E-01    -6.544510161E-01
      722     1.422997531E-01    -1.366482385E-01    -6.064607921E-01
      723     1.480694089E-01    -1.272187087E-01    -5.584705681E-01
      724     1.538390648E-01    -1.177891789E-01    -5.104803440E-01
      725     1.596087207E-01    -1.083596491E-01    -4.624901200E-01
      726     1.653783765E-01    -9.893011926E-02    -4.144998960E-01
      727     1.711480324E-01    -8.950058944E-02    -3.665096720E-01
      728     1.769176883E-01    -8.007105963E-02    -3.185194480E-01
      729     1.826873441E-01    -7.064152981E-02    -2.705292240E-01
      730     1.787568918E-01    -3.300124329E-01    -1.626137701E+00
      731     1.784944865E-01    -3.310620541E-01    -1.975088838E+00
      732     1.785319729E-01    -3.309121082E-01    -1.925238675E+00
      733     1.785694594E-01    -3.307621623E-01    -1.875388513E+00
      734     1.786069459E-01    -3.306122165E-01    -1.825538351E+00
      735     1.786444324E-01    -3.304622706E-01    -1.775688188E+00
      736     1.786819188E-01    -3.303123247E-01    -1.725838026E+00
      737     1.787194053E-01    -3.301623788E-01    -1.675987864E+00
      738     2.034570000E-01    -4.812120000E-01    -1.620139000E+00
      739     2.034570000E-01    -4.812120000E-01    -1.979961222E+00
      740     2.034570000E-01    -4.812120000E-01    -1.934983444E+00
      741     2.034570000E-01    -4.812120000E-01    -1.890005667E+00
      742     2.034570000E-01    -4.812120000E-01    -1.845027889E+00
      743     2.034570000E-01    -4.812120000E-01    -1.800050111E+00
      744     2.034570000E-01    -4.812120000E-01    -1.755072333E+00
      745     2.034570000E-01    -4.812120000E-01    -1.710094556E+00
      746     2.034570000E-01    -4.812120000E-01    -1.665116778E+00
      747     1.972819729E-01    -4.434121082E-01    -1.621638675E+00
      748     1.911069459E-01    -4.056122165E-01    -1.623138351E+00
      749     1.849319188E-01    -3.678123247E-01    -1.624638026E+00
      750     1.976660882E-01    -4.851448781E-01    -1.573909597E+00
      751     1.918751763E-01    -4.890777562E-01    -1.527680193E+00
      752     1.860842645E-01    -4.930106342E-01    -1.481450790E+00
      753     1.802933527E-01    -4.969435123E-01    -1.435221386E+00
      754     1.745024409E-01    -5.008763904E-01    -1.388991983E+00
      755     1.687115290E-01    -5.048092685E-01    -1.342762579E+00
      756     1.629206172E-01    -5.087421466E-01    -1.296533176E+00
      757     1.571297054E-01    -5.126750247E-01    -1.250303772E+00
      758     1.513387935E-01    -5.166079027E-01    -1.204074369E+00
      759     1.455478817E-01    -5.205407808E-01    -1.157844965E+00
      760     1.397569699E-01    -5.244736589E-01    -1.111615562E+00
      761     1.339660581E-01    -5.284065370E-01    -1.065386158E+00
      762     1.628329298E-01    -4.812120000E-01    -1.592173720E+00
      763     1.222088596E-01    -4.812120000E-01    -1.564208440E+00
      764     8.158478934E-02    -4.812120000E-01    -1.536243159E+00
      765     4.096071912E-02    -4.812120000E-01    -1.508277879E+00
      766     9.244933582E-02    -2.391992780E-01    -1.131344255E+00
      767     1.002954773E-01    -2.474550194E-01    -1.176325477E+00
      768     1.081416187E-01    -2.557107607E-01    -1.221306699E+00
      769     1.159877602E-01    -2.639665021E-01    -1.266287922E+00
      770     1.238339016E-01    -2.722222434E-01    -1.311269144E+00
      771     1.316800431E-01    -2.804779848E-01    -1.356250367E+00
      772     1.395261845E-01    -2.887337261E-01    -1.401231589E+00
      773     1.473723260E-01    -2.969894675E-01    -1.446212812E+00
      774     1.552184674E-01    -3.052452089E-01    -1.491194034E+00
      775     1.630646089E-01    -3.135009502E-01    -1.536175256E+00
      776     1.709107503E-01    -3.217566916E-01    -1.581156479E+00
      777     1.748659883E-01    -3.455760469E-01    -1.579446859E+00
      778     1.709750848E-01    -3.611396609E-01    -1.532756017E+00
      779     1.670841813E-01    -3.767032750E-01    -1.486065175E+00
      780     1.631932778E-01    -3.922668890E-01    -1.439374333E+00
      781     1.593023743E-01    -4.078305030E-01    -1.392683491E+00
      782     1.554114708E-01    -4.233941170E-01    -1.345992649E+00
      783     1.515205672E-01    -4.389577310E-01    -1.299301807E+00
      784     1.476296637E-01    -4.545213450E-01    -1.252610965E+00
      785     1.437387602E-01    -4.700849590E-01    -1.205920123E+00
      786     1.398478567E-01    -4.856485730E-01    -1.159229281E+00
      787     1.359569532E-01    -5.012121871E-01    -1.112538439E+00
      788     1.320660497E-01    -5.167758011E-01    -1.065847597E+00
      789    -1.966335110E-02    -3.312120000E-01    -1.483813637E+00
      790     2.002069748E-02    -3.309720866E-01    -1.512278450E+00
      791     5.970474605E-02    -3.307321732E-01    -1.540743263E+00
      792     9.938879462E-02    -3.304922597E-01    -1.569208075E+00
      793     1.390728432E-01    -3.302523463E-01    -1.597672888E+00
      794     2.005290005E-01    -9.694200142E-02    -1.199899163E-02
      795     1.908714001E-01    -6.835800028E-02    -1.804309983E-01
      796     1.932858002E-01    -7.550400057E-02    -1.383229967E-01
      797     1.957002003E-01    -8.265000085E-02    -9.621499498E-02
      798     1.981146004E-01    -8.979600114E-02    -5.410699331E-02
      799     1.960690467E-01    -2.294365676E-02    -2.225390000E-01
      800     2.177463219E-01     9.498678119E-03    -2.225390000E-01
      801     2.501886568E-01     3.117595325E-02    -2.225390000E-01
      802     2.033458004E-01    -1.052790013E-01     3.712700753E-02
      803     2.061626004E-01    -1.136160011E-01     8.625300669E-02
      804     2.089794003E-01    -1.219530010E-01     1.353790059E-01
      805     2.117962003E-01    -1.302900009E-01     1.845050050E-01
      806     2.146130002E-01    -1.386270007E-01     2.336310042E-01
      807     2.174298002E-01    -1.469640006E-01     2.827570033E-01
      808     2.202466001E-01    -1.553010004E-01     3.318830025E-01
      809     2.230634001E-01    -1.636380003E-01     3.810090017E-01
      810     2.258802000E-01    -1.719750001E-01     4.301350008E-01
      811    -1.966335110E-02    -3.312120000E-01    -3.682664387E-01
      812     1.502337409E-02    -3.312120000E-01    -3.439785322E-01
      813     4.971009927E-02    -3.312120000E-01    -3.196906258E-01
      814     8.439682445E-02    -3.312120000E-01    -2.954027193E-01
      815     1.190835496E-01    -3.312120000E-01    -2.711148129E-01
      816     1.537702748E-01    -3.312120000E-01    -2.468269064E-01
      817    -8.330585245E-02    -3.312120000E-01    -4.613010230E-01
      818    -6.981285459E-02    -3.312120000E-01    -4.254509877E-01
      819    -4.818549048E-02    -3.312120000E-01    -3.938354354E-01
      820    -8.789112128E-02    -3.312120000E-01    -1.352749310E+00
      821    -8.330585245E-02    -3.312120000E-01    -1.390779052E+00
      822    -6.981285459E-02    -3.312120000E-01    -1.426629088E+00
      823    -4.818549048E-02    -3.312120000E-01    -1.458244640E+00
      824    -8.289112128E-02    -3.687120000E-01    -1.351874050E+00
      825    -7.789112128E-02    -4.062120000E-01    -1.350998791E+00
      826    -7.289112128E-02    -4.437120000E-01    -1.350123531E+00
      827    -8.789112128E-02    -3.312120000E-01    -5.467429071E-01
      828    -8.789112128E-02    -3.312120000E-01    -5.941550484E-01
      829    -8.789112128E-02    -3.312120000E-01    -6.415671897E-01
      830    -8.789112128E-02    -3.312120000E-01    -6.889793311E-01
      831    -8.789112128E-02    -3.312120000E-01    -7.363914724E-01
      832    -8.789112128E-02    -3.312120000E-01    -7.838036137E-01
      833    -8.789112128E-02    -3.312120000E-01    -8.312157550E-01
      834    -8.789112128E-02    -3.312120000E-01    -8.786278964E-01
      835    -8.789112128E-02    -3.312120000E-01    -9.260400377E-01
      836    -8.789112128E-02    -3.312120000E-01    -9.734521790E-01
      837    -8.789112128E-02    -3.312120000E-01    -1.020864320E+00
      838    -8.789112128E-02    -3.312120000E-01    -1.068276462E+00
      839    -8.789112128E-02    -3.312120000E-01    -1.115688603E+00
      840    -8.789112128E-02    -3.312120000E-01    -1.163100744E+00
      841    -8.789112128E-02    -3.312120000E-01    -1.210512886E+00
      842    -8.789112128E-02    -3.312120000E-01    -1.257925027E+00
      843    -8.789112128E-02    -3.312120000E-01    -1.305337168E+00
      844     2.733814444E-01    -1.802120000E-01     4.790610000E-01
      845     3.180658889E-01    -1.801120000E-01     4.788610000E-01
      846     3.627503333E-01    -1.800120000E-01     4.786610000E-01
      847     4.074347778E-01    -1.799120000E-01     4.784610000E-01
      848     4.521192222E-01    -1.798120000E-01     4.782610000E-01
      849     4.968036667E-01    -1.797120000E-01     4.780610000E-01
      850     5.414881111E-01    -1.796120000E-01     4.778610000E-01
      851     5.861725556E-01    -1.795120000E-01     4.776610000E-01
      852     6.596320271E-01    -4.434121082E-01    -1.621638675E+00
      853     6.658070541E-01    -4.056122165E-01    -1.623138351E+00
      854     6.719820812E-01    -3.678123247E-01    -1.624638026E+00
      855     3.778940107E-01     4.084431516E-02    -2.236515881E-01
      856     3.950544308E-01     1.100806779E-02    -2.316461865E-01
      857     4.122148510E-01    -1.882817958E-02    -2.396407849E-01
      858     5.064127733E-01    -5.277688302E-02    -2.454101635E-01
      859     5.235731607E-01    -2.294069243E-02    -2.374155804E-01
      860     5.407335482E-01     6.895498165E-03    -2.294209972E-01
      861     3.684570690E-01    -5.279705353E-01    -1.992831751E-01
      862     3.684572928E-01    -5.280692896E-01    -1.525740169E-01
      863     3.684575166E-01    -5.281680438E-01    -1.058648587E-01
      864     3.684577405E-01    -5.282667980E-01    -5.915570051E-02
      865     3.684579643E-01    -5.283655522E-01    -1.244654230E-02
      866     3.684581881E-01    -5.284643065E-01     3.426261591E-02
      867     3.684584120E-01    -5.285630607E-01     8.097177411E-02
      868     3.684586358E-01    -5.286618149E-01     1.276809323E-01
      869     3.684588597E-01    -5.287605692E-01     1.743900905E-01
      870     3.684590835E-01    -5.288593234E-01     2.210992487E-01
      871     3.684593073E-01    -5.289580776E-01     2.678084069E-01
      872     3.684595312E-01    -5.290568319E-01     3.145175651E-01
      873     3.684597550E-01    -5.291555861E-01     3.612267234E-01
      874     3.684599788E-01    -5.292543403E-01     4.079358816E-01
      875     3.684602027E-01    -5.293530945E-01     4.546450398E-01
      876     4.884596221E-01    -5.291293041E-01     4.551821367E-01
      877     4.884594389E-01    -5.290484531E-01     4.084371721E-01
      878     4.884592556E-01    -5.289676021E-01     3.616922074E-01
      879     4.884590724E-01    -5.288867511E-01     3.149472427E-01
      880     4.884588891E-01    -5.288059001E-01     2.682022781E-01
      881     4.884587059E-01    -5.287250491E-01     2.214573134E-01
      882     4.884585226E-01    -5.286441982E-01     1.747123487E-01
      883     4.884583393E-01    -5.285633472E-01     1.279673840E-01
      884     4.884581561E-01    -5.284824962E-01     8.122241937E-02
      885     4.884579728E-01    -5.284016452E-01     3.447745470E-02
      886     4.884577896E-01    -5.283207942E-01    -1.226750998E-02
      887     4.884576063E-01    -5.282399432E-01    -5.901247465E-02
      888     4.884574231E-01    -5.281590922E-01    -1.057574393E-01
      889     4.884572398E-01    -5.280782412E-01    -1.525024040E-01
      890     4.884570566E-01    -5.279973902E-01    -1.992473687E-01
      891     1.936142239E-01    -4.373689659E-01    -2.002675515E-01
      892     1.939142239E-01    -4.373689659E-01    -1.558231071E-01
      893     1.942142239E-01    -4.373689659E-01    -1.113786627E-01
      894     1.945142239E-01    -4.373689659E-01    -6.693421821E-02
      895     1.948142239E-01    -4.373689659E-01    -2.248977376E-02
      896     1.951142239E-01    -4.373689659E-01     2.195467068E-02
      897     1.954142239E-01    -4.373689659E-01     6.639911513E-02
      898     1.957142239E-01    -4.373689659E-01     1.108435596E-01
      899     1.960142239E-01    -4.373689659E-01     1.552880040E-01
      900     9.486349487E-01    -4.645780841E-01    -4.650811954E-01
      901     9.536349487E-01    -4.270780841E-01    -4.659564548E-01
      902     9.586349487E-01    -3.895780841E-01    -4.668317142E-01
      903     9.636349487E-01    -3.520780841E-01    -4.677069736E-01
      904     9.111506651E-01    -4.358086194E-01    -1.325542201E+00
      905     9.111506651E-01    -4.358086194E-01    -1.278130060E+00
      906     9.111506651E-01    -4.358086194E-01    -1.230717919E+00
      907     9.111506651E-01    -4.358086194E-01    -1.183305777E+00
      908     9.111506651E-01    -4.358086194E-01    -1.135893636E+00
      909     9.111506651E-01    -4.358086194E-01    -1.088481495E+00
      910     9.111506651E-01    -4.358086194E-01    -1.041069353E+00
      911     9.111506651E-01    -4.358086194E-01    -9.936572120E-01
      912     9.111506651E-01    -4.358086194E-01    -9.462450707E-01
      913     9.111506651E-01    -4.358086194E-01    -8.988329293E-01
      914     9.111506651E-01    -4.358086194E-01    -8.514207880E-01
      915     9.111506651E-01    -4.358086194E-01    -8.040086467E-01
      916     9.111506651E-01    -4.358086194E-01    -7.565965054E-01
      917     9.111506651E-01    -4.358086194E-01    -7.091843640E-01
      918     9.111506651E-01    -4.358086194E-01    -6.617722227E-01
      919     9.111506651E-01    -4.358086194E-01    -6.143600814E-01
      920     9.111506651E-01    -4.358086194E-01    -5.669479401E-01
      921     9.111506651E-01    -4.358086194E-01    -5.195357988E-01
      922     9.116323979E-01    -4.445079291E-01    -4.781266755E-01
      923     9.032168662E-01    -4.445079291E-01    -4.437352361E-01
      924     8.868681463E-01    -4.445079291E-01    -4.123296373E-01
      925     8.635232790E-01    -4.445079291E-01    -3.857099181E-01
      926     8.099943304E-01    -4.988935544E-01    -3.879433674E-01
      927     7.699102601E-01    -4.988935544E-01    -3.594980872E-01
      928     7.298261899E-01    -4.988935544E-01    -3.310528070E-01
      929     6.897421197E-01    -4.988935544E-01    -3.026075268E-01
      930     6.496580495E-01    -4.988935544E-01    -2.741622466E-01
      931     9.584595775E-01    -2.858086194E-01    -5.230368364E-01
      932     9.584595775E-01    -2.858086194E-01    -5.704489778E-01
      933     9.584595775E-01    -2.858086194E-01    -6.178611191E-01
      934     9.584595775E-01    -2.858086194E-01    -6.652732604E-01
      935     9.584595775E-01    -2.858086194E-01    -7.126854017E-01
      936     9.584595775E-01    -2.858086194E-01    -7.600975431E-01
      937     9.584595775E-01    -2.858086194E-01    -8.075096844E-01
      938     9.584595775E-01    -2.858086194E-01    -8.549218257E-01
      939     9.584595775E-01    -2.858086194E-01    -9.023339670E-01
      940     9.584595775E-01    -2.858086194E-01    -9.497461084E-01
      941     9.584595775E-01    -2.858086194E-01    -9.971582497E-01
      942     9.584595775E-01    -2.858086194E-01    -1.044570391E+00
      943     9.584595775E-01    -2.858086194E-01    -1.091982532E+00
      944     9.584595775E-01    -2.858086194E-01    -1.139394674E+00
      945     9.584595775E-01    -2.858086194E-01    -1.186806815E+00
      946     9.584595775E-01    -2.858086194E-01    -1.234218956E+00
      947     9.584595775E-01    -2.858086194E-01    -1.281631098E+00
      948     9.584595775E-01    -2.858086194E-01    -1.329043239E+00
      949     8.990624497E-01    -2.949422977E-01    -3.718770574E-01
      950     9.260820196E-01    -2.949422977E-01    -4.026869719E-01
      951     9.450041825E-01    -2.949422977E-01    -4.390361086E-01
      952     9.547443983E-01    -2.949422977E-01    -4.788410855E-01
      953     6.936630082E-01    -2.911475621E-01    -2.234539316E-01
      954     7.283497333E-01    -2.911475621E-01    -2.477418381E-01
      955     7.630364585E-01    -2.911475621E-01    -2.720297445E-01
      956     7.977231837E-01    -2.911475621E-01    -2.963176510E-01
      957     8.324099089E-01    -2.911475621E-01    -3.206055574E-01
      958     8.670966341E-01    -2.911475621E-01    -3.448934639E-01
      959     9.634248330E-01    -3.535061672E-01    -1.383511243E+00
      960     9.584248330E-01    -3.910061672E-01    -1.382635984E+00
      961     9.534248330E-01    -4.285061672E-01    -1.381760724E+00
      962     9.484248330E-01    -4.660061672E-01    -1.380885465E+00
      963     8.626143919E-01    -4.449422977E-01    -1.458354221E+00
      964     8.857443255E-01    -4.449422977E-01    -1.431979587E+00
      965     9.019425246E-01    -4.449422977E-01    -1.400863136E+00
      966     9.102805754E-01    -4.449422977E-01    -1.366788334E+00
      967     6.647159252E-01    -4.345487192E-01    -1.593005261E+00
      968     7.053399954E-01    -4.345487192E-01    -1.565039981E+00
      969     7.459640656E-01    -4.345487192E-01    -1.537074700E+00
      970     7.865881359E-01    -4.345487192E-01    -1.509109420E+00
      971     8.272122061E-01    -4.345487192E-01    -1.481144140E+00
      972     9.746669682E-01    -3.107585133E-01    -1.375641066E+00
      973     9.637848731E-01    -3.107585133E-01    -1.420112518E+00
      974     9.426443995E-01    -3.107585133E-01    -1.460722990E+00
      975     9.124572319E-01    -3.107585133E-01    -1.495144858E+00
      976     8.622611313E-01    -2.831200669E-01    -1.505345482E+00
      977     8.225770827E-01    -2.828801535E-01    -1.533810295E+00
      978     7.828930341E-01    -2.826402401E-01    -1.562275108E+00
      979     7.432089855E-01    -2.824003267E-01    -1.590739921E+00
      980     7.035249370E-01    -2.821604133E-01    -1.619204734E+00
      981     6.528437491E-01    -3.488077884E-01    -1.876642720E-01
      982     6.497687491E-01    -3.863077884E-01    -1.876642720E-01
      983     6.466937491E-01    -4.238077884E-01    -1.876642720E-01
      984     6.436187491E-01    -4.613077884E-01    -1.876642720E-01
      985     5.115864531E-01    -4.382951999E-01     4.938208212E-01
      986     5.581722150E-01    -4.381909449E-01     4.940293312E-01
      987     6.047579770E-01    -4.380866899E-01     4.942378411E-01
      988     3.883175609E-01    -4.448024711E-01     4.911369277E-01
      989     4.283173605E-01    -4.447129550E-01     4.913159601E-01
      990     4.683171602E-01    -4.446234388E-01     4.914949924E-01
      991     6.068733184E-01    -4.366469776E-01     4.982164820E-01
      992     5.941233184E-01    -4.365777468E-01     5.445087897E-01
      993     5.813733184E-01    -4.365085160E-01     5.908010973E-01
      994     5.686233184E-01    -4.364392853E-01     6.370934050E-01
      995     5.558733184E-01    -4.363700545E-01     6.833857127E-01
      996     5.431233184E-01    -4.363008237E-01     7.296780204E-01
      997     5.303733184E-01    -4.362315929E-01     7.759703281E-01
      998     5.176233184E-01    -4.361623622E-01     8.222626358E-01
      999     5.048733184E-01    -4.360931314E-01     8.685549435E-01
     1000     4.921233184E-01    -4.360239006E-01     9.148472512E-01
     1001     4.793733184E-01    -4.359546699E-01     9.611395589E-01
     1002     4.666233184E-01    -4.358854391E-01     1.007431867E+00
     1003     4.538733184E-01    -4.358162083E-01     1.053724174E+00
     1004     4.300045726E-01    -4.297470000E-01     1.069953934E+00
     1005     4.300045726E-01    -4.640570000E-01     1.069953934E+00
     1006     4.454620000E-01    -4.490334178E-01     1.070051052E+00
     1007     4.114520000E-01    -4.490334178E-01     1.070051052E+00
     1008     7.139113515E-01    -3.124110346E-01     1.996648557E-01
     1009     7.085056373E-01    -2.908538917E-01     2.427791414E-01
     1010     7.030999230E-01    -2.692967489E-01     2.858934271E-01
     1011     6.976942087E-01    -2.477396060E-01     3.290077128E-01
     1012     6.922884944E-01    -2.261824632E-01     3.721219985E-01
     1013     6.868827801E-01    -2.046253203E-01     4.152362842E-01
     1014     6.814770658E-01    -1.830681775E-01     4.583505700E-01
     1015     6.792550543E-01    -4.790312976E-01     4.601137585E-01
     1016     6.850379114E-01    -4.573455833E-01     4.167423299E-01
     1017     6.908207686E-01    -4.356598690E-01     3.733709013E-01
     1018     6.966036257E-01    -4.139741547E-01     3.299994727E-01
     1019     7.023864829E-01    -3.922884404E-01     2.866280442E-01
     1020     7.081693400E-01    -3.706027261E-01     2.432566156E-01
     1021     7.139521971E-01    -3.489170118E-01     1.998851870E-01
     1022     6.504509142E-01    -4.439542694E-01     4.595261367E-01
     1023     6.540566285E-01    -4.438256980E-01     4.164118510E-01
     1024     6.576623428E-01    -4.436971266E-01     3.732975653E-01
     1025     6.612680571E-01    -4.435685551E-01     3.301832796E-01
     1026     6.648737714E-01    -4.434399837E-01     2.870689939E-01
     1027     6.684794857E-01    -4.433114123E-01     2.439547082E-01
     1028     6.720851999E-01    -4.431828408E-01     2.008404225E-01
     1029     6.926254487E-01    -4.661830849E-01     1.713509983E-01
     1030     6.964354487E-01    -4.284580849E-01     1.709009983E-01
     1031     7.002454487E-01    -3.907330849E-01     1.704509983E-01
     1032     7.040554487E-01    -3.530080849E-01     1.700009983E-01
     1033     6.746609786E-01    -4.420698433E-01     1.553808921E-01
     1034     6.749609786E-01    -4.420698433E-01     1.109364477E-01
     1035     6.752609786E-01    -4.420698433E-01     6.649200324E-02
     1036     6.755609786E-01    -4.420698433E-01     2.204755880E-02
     1037     6.758609786E-01    -4.420698433E-01    -2.239688564E-02
     1038     6.761609786E-01    -4.420698433E-01    -6.684133009E-02
     1039     6.764609786E-01    -4.420698433E-01    -1.112857745E-01
     1040     6.767609786E-01    -4.420698433E-01    -1.557302190E-01
     1041     6.770609786E-01    -4.420698433E-01    -2.001746634E-01
     1042     7.159266185E-01    -3.460370138E-01     1.507804392E-01
     1043     7.158966185E-01    -3.461495138E-01     1.010054392E-01
     1044     7.158666185E-01    -3.462620138E-01     5.123043917E-02
     1045     7.158366185E-01    -3.463745138E-01     1.455439174E-03
     1046     7.158066185E-01    -3.464870138E-01    -4.831956083E-02
     1047     7.157766185E-01    -3.465995138E-01    -9.809456083E-02
     1048     7.157466185E-01    -3.467120138E-01    -1.478695608E-01
     1049     7.157166185E-01    -3.468245138E-01    -1.976445608E-01
     1050     6.715841335E-01    -2.013070280E-01     4.915889744E-01
     1051     6.712069907E-01    -2.445498851E-01     4.918461173E-01
     1052     6.708298478E-01    -2.877927422E-01     4.921032601E-01
     1053     6.704527050E-01    -3.310355994E-01     4.923604030E-01
     1054     6.700755621E-01    -3.742784565E-01     4.926175458E-01
     1055     6.696984193E-01    -4.175213137E-01     4.928746887E-01
     1056     6.693212764E-01    -4.607641708E-01     4.931318315E-01
     1057     4.269094274E-01    -4.640570000E-01     1.069953934E+00
     1058     4.269094274E-01    -4.297470000E-01     1.069953934E+00
     1059     4.114520000E-01    -4.447705822E-01     1.070051052E+00
     1060     4.454620000E-01    -4.447705822E-01     1.070051052E+00
     1061     2.197286412E-01    -1.479838110E-01     5.205341937E-01
     1062     2.315679270E-01    -1.645752396E-01     5.635199079E-01
     1063     2.434072127E-01    -1.811666682E-01     6.065056222E-01
     1064     2.552464984E-01    -1.977580967E-01     6.494913365E-01
     1065     2.670857841E-01    -2.143495253E-01     6.924770508E-01
     1066     2.789250698E-01    -2.309409539E-01     7.354627651E-01
     1067     2.907643555E-01    -2.475323825E-01     7.784484794E-01
     1068     3.026036412E-01    -2.641238110E-01     8.214341937E-01
     1069     3.144429270E-01    -2.807152396E-01     8.644199079E-01
     1070     3.262822127E-01    -2.973066682E-01     9.074056222E-01
     1071     3.381214984E-01    -3.138980967E-01     9.503913365E-01
     1072     3.499607841E-01    -3.304895253E-01     9.933770508E-01
     1073     3.618000698E-01    -3.470809539E-01     1.036362765E+00
     1074     3.736393555E-01    -3.636723825E-01     1.079348479E+00
     1075     6.057701048E-01    -1.453710752E-01     5.100649549E-01
     1076     5.937422477E-01    -1.620267894E-01     5.531792406E-01
     1077     5.817143905E-01    -1.786825037E-01     5.962935263E-01
     1078     5.696865334E-01    -1.953382180E-01     6.394078120E-01
     1079     5.576586762E-01    -2.119939323E-01     6.825220977E-01
     1080     5.456308191E-01    -2.286496466E-01     7.256363834E-01
     1081     5.336029619E-01    -2.453053609E-01     7.687506692E-01
     1082     5.215751048E-01    -2.619610752E-01     8.118649549E-01
     1083     5.095472477E-01    -2.786167894E-01     8.549792406E-01
     1084     4.975193905E-01    -2.952725037E-01     8.980935263E-01
     1085     4.854915334E-01    -3.119282180E-01     9.412078120E-01
     1086     4.734636762E-01    -3.285839323E-01     9.843220977E-01
     1087     4.614358191E-01    -3.452396466E-01     1.027436383E+00
     1088     4.494079619E-01    -3.618953609E-01     1.070550669E+00
     1089     5.603737538E-01     5.801402080E-01    -1.304586587E+00
     1090     5.737373202E-01     5.356969704E-01    -1.295139885E+00
     1091     5.871008867E-01     4.912537329E-01    -1.285693183E+00
     1092     6.004644531E-01     4.468104953E-01    -1.276246482E+00
     1093     6.138280196E-01     4.023672577E-01    -1.266799780E+00
     1094     6.271915860E-01     3.579240202E-01    -1.257353078E+00
     1095     6.405551525E-01     3.134807826E-01    -1.247906376E+00
     1096     6.539187189E-01     2.690375451E-01    -1.238459674E+00
     1097     6.672822854E-01     2.245943075E-01    -1.229012973E+00
     1098     6.806458518E-01     1.801510699E-01    -1.219566271E+00
     1099     6.940094183E-01     1.357078324E-01    -1.210119569E+00
     1100     7.073729847E-01     9.126459481E-02    -1.200672867E+00
     1101     7.207365512E-01     4.682135725E-02    -1.191226166E+00
     1102     7.341001176E-01     2.378119691E-03    -1.181779464E+00
     1103     7.474636841E-01    -4.206511787E-02    -1.172332762E+00
     1104     7.608272505E-01    -8.650835543E-02    -1.162886060E+00
     1105     7.741908170E-01    -1.309515930E-01    -1.153439359E+00
     1106     5.434570000E-01     2.671207152E-02    -1.740191901E-01
     1107     7.862994197E-01    -2.188586801E-01    -1.130800902E+00
     1108     7.960531931E-01    -2.043256148E-01    -1.174395565E+00
     1109     7.262564731E-01    -3.163307411E-01    -1.614145143E+00
     1110     7.341026145E-01    -3.080749998E-01    -1.569163920E+00
     1111     7.419487560E-01    -2.998192584E-01    -1.524182698E+00
     1112     7.497948974E-01    -2.915635171E-01    -1.479201475E+00
     1113     7.576410389E-01    -2.833077757E-01    -1.434220253E+00
     1114     7.654871803E-01    -2.750520344E-01    -1.389239031E+00
     1115     7.733333218E-01    -2.667962930E-01    -1.344257808E+00
     1116     7.811794632E-01    -2.585405517E-01    -1.299276586E+00
     1117     7.890256047E-01    -2.502848103E-01    -1.254295363E+00
     1118     7.968717461E-01    -2.420290690E-01    -1.209314141E+00
     1119     8.047178876E-01    -2.337733276E-01    -1.164332918E+00
     1120     8.125640291E-01    -2.255175862E-01    -1.119351696E+00
     1121     7.007030565E-01    -8.946455777E-02    -3.064335026E-02
     1122     7.029590566E-01    -8.237255749E-02    -7.264335193E-02
     1123     7.052150567E-01    -7.528055721E-02    -1.146433536E-01
     1124     7.074710568E-01    -6.818855692E-02    -1.566433553E-01
     1125     7.097270569E-01    -6.109655664E-02    -1.986433569E-01
     1126     5.799984777E-01    -3.189073166E-03    -2.197584772E-01
     1127     6.013243479E-01    -1.202253780E-02    -2.197584772E-01
     1128     6.176464622E-01    -2.834465215E-02    -2.197584772E-01
     1129     6.264799268E-01    -4.967052226E-02    -2.197584772E-01
     1130     7.201774365E-01    -6.757587866E-02    -2.403997562E-01
     1131     7.259470924E-01    -7.700540848E-02    -2.883899802E-01
     1132     7.317167482E-01    -8.643493829E-02    -3.363802042E-01
     1133     7.374864041E-01    -9.586446811E-02    -3.843704282E-01
     1134     7.432560600E-01    -1.052939979E-01    -4.323606522E-01
     1135     7.490257158E-01    -1.147235277E-01    -4.803508763E-01
     1136     7.547953717E-01    -1.241530575E-01    -5.283411003E-01
     1137     7.605650276E-01    -1.335825874E-01    -5.763313243E-01
     1138     7.663346835E-01    -1.430121172E-01    -6.243215483E-01
     1139     7.721043393E-01    -1.524416470E-01    -6.723117723E-01
     1140     7.778739952E-01    -1.618711768E-01    -7.203019963E-01
     1141     7.836436511E-01    -1.713007066E-01    -7.682922203E-01
     1142     7.894133069E-01    -1.807302364E-01    -8.162824443E-01
     1143     7.951829628E-01    -1.901597663E-01    -8.642726683E-01
     1144     8.009526187E-01    -1.995892961E-01    -9.122628923E-01
     1145     8.067222745E-01    -2.090188259E-01    -9.602531163E-01
     1146     8.124919304E-01    -2.184483557E-01    -1.008243340E+00
     1147     8.182615863E-01    -2.278778855E-01    -1.056233564E+00
     1148     6.532689847E-01    -8.371200000E-02    -1.801795360E-01
     1149     6.532689847E-01    -1.287120000E-01    -1.801795360E-01
     1150     6.532689847E-01    -1.737120000E-01    -1.801795360E-01
     1151     6.532689847E-01    -2.187120000E-01    -1.801795360E-01
     1152     6.532689847E-01    -2.637120000E-01    -1.801795360E-01
     1153     6.532689847E-01    -3.087120000E-01    -1.801795360E-01
     1154     8.176729777E-01    -2.321203798E-01    -1.056283453E+00
     1155     8.119033218E-01    -2.376908500E-01    -1.008293229E+00
     1156     8.061336659E-01    -2.432613202E-01    -9.603030054E-01
     1157     8.003640101E-01    -2.488317904E-01    -9.123127814E-01
     1158     7.945943542E-01    -2.544022606E-01    -8.643225574E-01
     1159     7.888246983E-01    -2.599727307E-01    -8.163323334E-01
     1160     7.830550425E-01    -2.655432009E-01    -7.683421094E-01
     1161     7.772853866E-01    -2.711136711E-01    -7.203518854E-01
     1162     7.715157307E-01    -2.766841413E-01    -6.723616614E-01
     1163     7.657460749E-01    -2.822546115E-01    -6.243714374E-01
     1164     7.599764190E-01    -2.878250817E-01    -5.763812134E-01
     1165     7.542067631E-01    -2.933955518E-01    -5.283909894E-01
     1166     7.484371073E-01    -2.989660220E-01    -4.804007654E-01
     1167     7.426674514E-01    -3.045364922E-01    -4.324105413E-01
     1168     7.368977955E-01    -3.101069624E-01    -3.844203173E-01
     1169     7.311281397E-01    -3.156774326E-01    -3.364300933E-01
     1170     7.253584838E-01    -3.212479028E-01    -2.884398693E-01
     1171     7.195888279E-01    -3.268183730E-01    -2.404496453E-01
     1172     6.816373969E-01    -1.710033162E-01     4.563392495E-01
     1173     6.842693969E-01    -1.627293164E-01     4.073392503E-01
     1174     6.869013968E-01    -1.544553165E-01     3.583392512E-01
     1175     6.895333968E-01    -1.461813167E-01     3.093392520E-01
     1176     6.921653968E-01    -1.379073168E-01     2.603392528E-01
     1177     6.947973967E-01    -1.296333169E-01     2.113392537E-01
     1178     6.974293967E-01    -1.213593171E-01     1.623392545E-01
     1179     7.000613966E-01    -1.130853172E-01     1.133392553E-01
     1180     7.026933966E-01    -1.048113174E-01     6.433925617E-02
     1181     7.053253965E-01    -9.653731750E-02     1.533925701E-02
     1182     5.034644673E-01     3.154604988E-02    -1.934416065E-01
     1183     3.534585377E-01     3.154170015E-02    -1.934241297E-01
     1184     3.134570000E-01     2.671207152E-02    -1.740191901E-01
     1185     3.884620519E-01     2.912630248E-02    -1.837193161E-01
     1186     4.284660050E-01     2.912630248E-02    -1.837193161E-01
     1187     4.684699580E-01     2.912630248E-02    -1.837193161E-01
     1188     2.084880176E-01    -1.305602247E-01     4.641675530E-01
     1189     2.178055559E-01    -1.159535580E-01     4.173808863E-01
     1190     2.271230943E-01    -1.013468913E-01     3.705942196E-01
     1191     2.364406326E-01    -8.674022468E-02     3.238075530E-01
     1192     2.457581710E-01    -7.213355801E-02     2.770208863E-01
     1193     2.550757094E-01    -5.752689135E-02     2.302342196E-01
     1194     2.643932477E-01    -4.292022468E-02     1.834475530E-01
     1195     2.737107861E-01    -2.831355801E-02     1.366608863E-01
     1196     2.830283244E-01    -1.370689135E-02     8.987421962E-02
     1197     2.923458628E-01     8.997753196E-04     4.308755295E-02
     1198     3.016634012E-01     1.550644199E-02    -3.699113715E-03
     1199     3.109809395E-01     3.011310865E-02    -5.048578038E-02
     1200     3.202984779E-01     4.471977532E-02    -9.727244705E-02
     1201     3.296160162E-01     5.932644199E-02    -1.440591137E-01
     1202     3.389335546E-01     7.393310865E-02    -1.908457804E-01
     1203     4.972601131E-01     7.912388049E-02    -1.851873686E-01
     1204     5.067524508E-01     6.457721382E-02    -1.385207019E-01
     1205     5.162447885E-01     5.003054716E-02    -9.185403527E-02
     1206     5.257371262E-01     3.548388049E-02    -4.518736861E-02
     1207     5.352294639E-01     2.093721382E-02     1.479298061E-03
     1208     5.447218016E-01     6.390547158E-03     4.814596473E-02
     1209     5.542141393E-01    -8.156119509E-03     9.481263139E-02
     1210     5.637064770E-01    -2.270278618E-02     1.414792981E-01
     1211     5.731988147E-01    -3.724945284E-02     1.881459647E-01
     1212     5.826911524E-01    -5.179611951E-02     2.348126314E-01
     1213     5.921834901E-01    -6.634278618E-02     2.814792981E-01
     1214     6.016758277E-01    -8.088945284E-02     3.281459647E-01
     1215     6.111681654E-01    -9.543611951E-02     3.748126314E-01
     1216     6.206605031E-01    -1.099827862E-01     4.214792981E-01
     1217     6.301528408E-01    -1.245294528E-01     4.681459647E-01
     1218     5.083559531E-01     6.381699896E-01    -1.302476221E+00
     1219     5.360767423E-01     6.178815000E-01    -1.298163770E+00
     1220     6.129030281E-01    -2.506523564E-02    -1.831480358E+00
     1221     6.073252832E-01     1.248155456E-02    -1.801065628E+00
     1222     6.017475383E-01     5.002834475E-02    -1.770650897E+00
     1223     5.961697934E-01     8.757513495E-02    -1.740236166E+00
     1224     5.905920485E-01     1.251219251E-01    -1.709821435E+00
     1225     5.850143036E-01     1.626687153E-01    -1.679406704E+00
     1226     5.794365588E-01     2.002155055E-01    -1.648991974E+00
     1227     5.738588139E-01     2.377622957E-01    -1.618577243E+00
     1228     5.682810690E-01     2.753090859E-01    -1.588162512E+00
     1229     5.627033241E-01     3.128558761E-01    -1.557747781E+00
     1230     5.571255792E-01     3.504026663E-01    -1.527333050E+00
     1231     5.515478343E-01     3.879494565E-01    -1.496918319E+00
     1232     5.459700894E-01     4.254962467E-01    -1.466503589E+00
     1233     5.403923445E-01     4.630430369E-01    -1.436088858E+00
     1234     5.348145997E-01     5.005898271E-01    -1.405674127E+00
     1235     5.292368548E-01     5.381366173E-01    -1.375259396E+00
     1236     5.236591099E-01     5.756834075E-01    -1.344844665E+00
     1237     5.180813650E-01     6.132301977E-01    -1.314429935E+00
     1238     6.351571057E-01    -3.552756611E-01    -1.651019367E+00
     1239     6.351945922E-01    -3.554256070E-01    -1.700869530E+00
     1240     6.352320786E-01    -3.555755529E-01    -1.750719692E+00
     1241     6.352695651E-01    -3.557254987E-01    -1.800569854E+00
     1242     6.353070516E-01    -3.558754446E-01    -1.850420017E+00
     1243     6.353445380E-01    -3.560253905E-01    -1.900270179E+00
     1244     6.353820245E-01    -3.561753364E-01    -1.950120341E+00
     1245     6.354195110E-01    -3.563252823E-01    -1.999970504E+00
     1246     6.519472424E-01    -2.878927683E-01    -2.044383476E+00
     1247     6.463694974E-01    -2.503459779E-01    -2.013968745E+00
     1248     6.407917525E-01    -2.127991875E-01    -1.983554014E+00
     1249     6.352140076E-01    -1.752523971E-01    -1.953139283E+00
     1250     6.296362627E-01    -1.377056066E-01    -1.922724552E+00
     1251     6.240585178E-01    -1.001588162E-01    -1.892309821E+00
     1252     6.184807728E-01    -6.261202580E-02    -1.861895090E+00
     1253     6.146431591E-01    -4.584856663E-01    -2.002450111E+00
     1254     6.146431591E-01    -4.584856663E-01    -1.957472333E+00
     1255     6.146431591E-01    -4.584856663E-01    -1.912494556E+00
     1256     6.146431591E-01    -4.584856663E-01    -1.867516778E+00
     1257     6.146431591E-01    -4.584856663E-01    -1.822539000E+00
     1258     6.146431591E-01    -4.584856663E-01    -1.777561222E+00
     1259     6.146431591E-01    -4.584856663E-01    -1.732583444E+00
     1260     6.146431591E-01    -4.584856663E-01    -1.687605667E+00
     1261     6.146431591E-01    -4.584856663E-01    -1.642627889E+00
     1262     6.402854993E-01    -3.441209165E-01    -2.011413578E+00
     1263     6.340354993E-01    -3.816209165E-01    -2.011413578E+00
     1264     6.277854993E-01    -4.191209165E-01    -2.011413578E+00
     1265     6.215354993E-01    -4.566209165E-01    -2.011413578E+00
     1266     2.284570000E-01    -4.559480421E-01    -1.981791203E+00
     1267     2.784570000E-01    -4.559480421E-01    -1.981791203E+00
     1268     3.284570000E-01    -4.559480421E-01    -1.981791203E+00
     1269     3.784570000E-01    -4.559480421E-01    -1.981791203E+00
     1270     4.284570000E-01    -4.559480421E-01    -1.981791203E+00
     1271     4.784570000E-01    -4.559480421E-01    -1.981791203E+00
     1272     5.284570000E-01    -4.559480421E-01    -1.981791203E+00
     1273     5.784570000E-01    -4.559480421E-01    -1.981791203E+00
     1274     6.284570000E-01    -4.559480421E-01    -1.981791203E+00
     1275     6.534570000E-01    -3.564759579E-01    -1.981791203E+00
     1276     6.034570000E-01    -3.564759579E-01    -1.981791203E+00
     1277     5.534570000E-01    -3.564759579E-01    -1.981791203E+00
     1278     5.034570000E-01    -3.564759579E-01    -1.981791203E+00
     1279     4.534570000E-01    -3.564759579E-01    -1.981791203E+00
     1280     4.034570000E-01    -3.564759579E-01    -1.981791203E+00
     1281     3.534570000E-01    -3.564759579E-01    -1.981791203E+00
     1282     3.034570000E-01    -3.564759579E-01    -1.981791203E+00
     1283     2.534570000E-01    -3.564759579E-01    -1.981791203E+00
     1284     2.034570000E-01    -3.564759579E-01    -1.981791203E+00
     1285     3.867315983E-01     6.838953527E-01    -1.277761997E+00
     1286     4.284570000E-01     6.838953527E-01    -1.277761997E+00
     1287     4.701824017E-01     6.838953527E-01    -1.277761997E+00
     1288     3.388326350E-01     6.132301977E-01    -1.314429935E+00
     1289     3.332548901E-01     5.756834075E-01    -1.344844665E+00
     1290     3.276771452E-01     5.381366173E-01    -1.375259396E+00
     1291     3.220994003E-01     5.005898271E-01    -1.405674127E+00
     1292     3.165216555E-01     4.630430369E-01    -1.436088858E+00
     1293     3.109439106E-01     4.254962467E-01    -1.466503589E+00
     1294     3.053661657E-01     3.879494565E-01    -1.496918320E+00
     1295     2.997884208E-01     3.504026663E-01    -1.527333050E+00
     1296     2.942106759E-01     3.128558761E-01    -1.557747781E+00
     1297     2.886329310E-01     2.753090859E-01    -1.588162512E+00
     1298     2.830551861E-01     2.377622957E-01    -1.618577243E+00
     1299     2.774774413E-01     2.002155055E-01    -1.648991974E+00
     1300     2.718996964E-01     1.626687153E-01    -1.679406704E+00
     1301     2.663219515E-01     1.251219252E-01    -1.709821435E+00
     1302     2.607442066E-01     8.757513495E-02    -1.740236166E+00
     1303     2.551664617E-01     5.002834476E-02    -1.770650897E+00
     1304     2.495887168E-01     1.248155456E-02    -1.801065628E+00
     1305     2.440109719E-01    -2.506523564E-02    -1.831480359E+00
     1306     2.384332272E-01    -6.261202580E-02    -1.861895090E+00
     1307     2.328554822E-01    -1.001588162E-01    -1.892309821E+00
     1308     2.272777373E-01    -1.377056066E-01    -1.922724552E+00
     1309     2.216999924E-01    -1.752523971E-01    -1.953139283E+00
     1310     2.161222475E-01    -2.127991875E-01    -1.983554014E+00
     1311     2.105445026E-01    -2.503459779E-01    -2.013968745E+00
     1312     2.049667576E-01    -2.878927683E-01    -2.044383476E+00
     1313     3.251937039E-01     6.147526327E-01    -1.298325231E+00
     1314     3.502327314E-01     6.330783753E-01    -1.302220488E+00
     1315     9.209690993E-02    -1.341089821E-01    -1.155033372E+00
     1316     1.054604764E-01    -8.966574457E-02    -1.164480074E+00
     1317     1.188240428E-01    -4.522250701E-02    -1.173926776E+00
     1318     1.321876093E-01    -7.792694447E-04    -1.183373478E+00
     1319     1.455511757E-01     4.366396812E-02    -1.192820179E+00
     1320     1.589147422E-01     8.810720568E-02    -1.202266881E+00
     1321     1.722783086E-01     1.325504432E-01    -1.211713583E+00
     1322     1.856418751E-01     1.769936808E-01    -1.221160285E+00
     1323     1.990054415E-01     2.214369184E-01    -1.230606986E+00
     1324     2.123690080E-01     2.658801559E-01    -1.240053688E+00
     1325     2.257325744E-01     3.103233935E-01    -1.249500390E+00
     1326     2.390961409E-01     3.547666310E-01    -1.258947092E+00
     1327     2.524597073E-01     3.992098686E-01    -1.268393794E+00
     1328     2.658232738E-01     4.436531062E-01    -1.277840495E+00
     1329     2.791868402E-01     4.880963437E-01    -1.287287197E+00
     1330     2.925504067E-01     5.325395813E-01    -1.296733899E+00
     1331     3.059139731E-01     5.769828188E-01    -1.306180601E+00
     1332     2.005565982E-01    -3.467995669E-01    -1.992147597E+00
     1333     2.068065982E-01    -3.842995669E-01    -1.992147597E+00
     1334     2.130565982E-01    -4.217995669E-01    -1.992147597E+00
     1335     2.193065982E-01    -4.592995669E-01    -1.992147597E+00
     1336    -2.214844969E-02    -4.449422977E-01    -1.476701980E+00
     1337    -4.916801956E-02    -4.449422977E-01    -1.445892066E+00
     1338    -6.809018246E-02    -4.449422977E-01    -1.409542929E+00
     1339    -7.783039834E-02    -4.449422977E-01    -1.369737952E+00
     1340     3.474944628E-01    -5.226337993E-01    -2.160629460E-01
     1341     3.055694735E-01    -5.226337993E-01    -2.160629460E-01
     1342     2.636444841E-01    -5.226337993E-01    -2.160629460E-01
     1343     2.217194947E-01    -5.226337993E-01    -2.160629460E-01
     1344     4.684569640E-01    -5.207319165E-01    -2.163602942E-01
     1345     4.284569614E-01    -5.207319165E-01    -2.163602942E-01
     1346     3.884569588E-01    -5.207319165E-01    -2.163602942E-01
     1347     6.351944957E-01    -5.226338184E-01    -2.160629430E-01
     1348     5.932694870E-01    -5.226338184E-01    -2.160629430E-01
     1349     5.513444783E-01    -5.226338184E-01    -2.160629430E-01
     1350     5.094194696E-01    -5.226338184E-01    -2.160629430E-01
     1351    -6.162301618E-03    -4.988935544E-01    -3.131421544E-01
     1352     3.392176860E-02    -4.988935544E-01    -2.846968742E-01
     1353     7.400583882E-02    -4.988935544E-01    -2.562515940E-01
     1354     1.140899090E-01    -4.988935544E-01    -2.278063138E-01
     1355     1.541739793E-01    -4.988935544E-01    -1.993610336E-01
     1356    -9.164652557E-02    -3.499249638E-01    -4.615717665E-01
     1357    -8.664652557E-02    -3.874249638E-01    -4.606965071E-01
     1358    -8.164652557E-02    -4.249249638E-01    -4.598212477E-01
     1359    -7.664652557E-02    -4.624249638E-01    -4.589459883E-01
     1360    -9.775296820E-02    -4.607585133E-01    -4.729379717E-01
     1361    -8.687087309E-02    -4.607585133E-01    -4.284665195E-01
     1362    -6.573039952E-02    -4.607585133E-01    -3.878560476E-01
     1363    -3.554323191E-02    -4.607585133E-01    -3.534341801E-01
     1364    -8.154557748E-02    -4.358086194E-01    -1.325542201E+00
     1365    -8.154557748E-02    -4.358086194E-01    -1.278130060E+00
     1366    -8.154557748E-02    -4.358086194E-01    -1.230717919E+00
     1367    -8.154557748E-02    -4.358086194E-01    -1.183305777E+00
     1368    -8.154557748E-02    -4.358086194E-01    -1.135893636E+00
     1369    -8.154557748E-02    -4.358086194E-01    -1.088481495E+00
     1370    -8.154557748E-02    -4.358086194E-01    -1.041069353E+00
     1371    -8.154557748E-02    -4.358086194E-01    -9.936572120E-01
     1372    -8.154557748E-02    -4.358086194E-01    -9.462450707E-01
     1373    -8.154557748E-02    -4.358086194E-01    -8.988329293E-01
     1374    -8.154557748E-02    -4.358086194E-01    -8.514207880E-01
     1375    -8.154557748E-02    -4.358086194E-01    -8.040086467E-01
     1376    -8.154557748E-02    -4.358086194E-01    -7.565965054E-01
     1377    -8.154557748E-02    -4.358086194E-01    -7.091843640E-01
     1378    -8.154557748E-02    -4.358086194E-01    -6.617722227E-01
     1379    -8.154557748E-02    -4.358086194E-01    -6.143600814E-01
     1380    -8.154557748E-02    -4.358086194E-01    -5.669479401E-01
     1381    -8.154557748E-02    -4.358086194E-01    -5.195357988E-01
     1382     1.778547460E-01    -3.509574598E-01    -1.869392660E-01
     1383     1.809297460E-01    -3.884574598E-01    -1.869392660E-01
     1384     1.840047460E-01    -4.259574598E-01    -1.869392660E-01
     1385     1.870797460E-01    -4.634574598E-01    -1.869392660E-01
     1386     1.972247579E-01    -4.390919839E-01     1.997341680E-01
     1387     2.004533293E-01    -4.393491268E-01     2.425913109E-01
     1388     2.036819008E-01    -4.396062696E-01     2.854484538E-01
     1389     2.069104722E-01    -4.398634125E-01     3.283055966E-01
     1390     2.101390436E-01    -4.401205553E-01     3.711627395E-01
     1391     2.133676150E-01    -4.403776982E-01     4.140198823E-01
     1392     2.165961865E-01    -4.406348410E-01     4.568770252E-01
     1393     2.496215983E-01    -4.380469285E-01     4.929338559E-01
     1394     2.970893700E-01    -4.379406997E-01     4.931463136E-01
     1395     3.445571416E-01    -4.378344708E-01     4.933587713E-01
     1396     2.174673902E-01    -4.373347910E-01     5.047434727E-01
     1397     2.304204671E-01    -4.371963295E-01     5.511742419E-01
     1398     2.433735441E-01    -4.370578679E-01     5.976050111E-01
     1399     2.563266210E-01    -4.369194064E-01     6.440357804E-01
     1400     2.692796979E-01    -4.367809449E-01     6.904665496E-01
     1401     2.822327748E-01    -4.366424833E-01     7.368973188E-01
     1402     2.951858518E-01    -4.365040218E-01     7.833280880E-01
     1403     3.081389287E-01    -4.363655602E-01     8.297588573E-01
     1404     3.210920056E-01    -4.362270987E-01     8.761896265E-01
     1405     3.340450825E-01    -4.360886372E-01     9.226203957E-01
     1406     3.469981594E-01    -4.359501756E-01     9.690511650E-01
     1407     3.599512364E-01    -4.358117141E-01     1.015481934E+00
     1408     3.729043133E-01    -4.356732526E-01     1.061912703E+00
     1409     6.385707568E-01    -2.280303424E-01     4.923524315E-01
     1410     6.017707568E-01    -2.556303424E-01     4.923524315E-01
     1411     5.649707568E-01    -2.832303424E-01     4.923524315E-01
     1412     5.281707568E-01    -3.108303424E-01     4.923524315E-01
     1413     4.913707568E-01    -3.384303424E-01     4.923524315E-01
     1414     4.545707568E-01    -3.660303424E-01     4.923524315E-01
     1415     4.177707568E-01    -3.936303424E-01     4.923524315E-01
     1416     3.809707568E-01    -4.212303424E-01     4.923524315E-01
     1417     3.441707568E-01    -4.488303424E-01     4.923524315E-01
     1418     3.073707568E-01    -4.764303424E-01     4.923524315E-01
     1419     2.705707568E-01    -5.040303424E-01     4.923524315E-01
     1420     1.388076701E-01    -3.348970085E-01    -1.976729593E-01
     1421     1.387776701E-01    -3.347845085E-01    -1.478979593E-01
     1422     1.387476701E-01    -3.346720085E-01    -9.812295933E-02
     1423     1.387176701E-01    -3.345595085E-01    -4.834795933E-02
     1424     1.386876701E-01    -3.344470085E-01     1.427040667E-03
     1425     1.386576701E-01    -3.343345085E-01     5.120204067E-02
     1426     1.386276701E-01    -3.342220085E-01     1.009770407E-01
     1427     1.385976701E-01    -3.341095085E-01     1.507520407E-01
     1428     1.639415855E-01    -4.661117539E-01     1.802685557E-01
     1429     1.601315855E-01    -4.283867539E-01     1.798185557E-01
     1430     1.563215855E-01    -3.906617539E-01     1.793685557E-01
     1431     1.525115855E-01    -3.529367539E-01     1.789185557E-01
     1432     1.429409307E-01    -3.487789034E-01     1.994088226E-01
     1433     1.483466450E-01    -3.705931891E-01     2.425231083E-01
     1434     1.537523593E-01    -3.924074748E-01     2.856373940E-01
     1435     1.591580735E-01    -4.142217605E-01     3.287516797E-01
     1436     1.645637878E-01    -4.360360462E-01     3.718659655E-01
     1437     1.699695021E-01    -4.578503319E-01     4.149802512E-01
     1438     1.753752164E-01    -4.796646177E-01     4.580945369E-01
     1439     1.430058375E-01    -3.216904313E-01     2.047943442E-01
     1440     1.487886946E-01    -3.002618599E-01     2.481657728E-01
     1441     1.545715518E-01    -2.788332885E-01     2.915372013E-01
     1442     1.603544089E-01    -2.574047170E-01     3.349086299E-01
     1443     1.661372660E-01    -2.359761456E-01     3.782800585E-01
     1444     1.719201232E-01    -2.145475742E-01     4.216514871E-01
     1445     1.777029803E-01    -1.931190028E-01     4.650229156E-01
     1446     1.853298665E-01    -4.611169720E-01     4.915889744E-01
     1447     1.857070093E-01    -4.178741149E-01     4.918461173E-01
     1448     1.860841522E-01    -3.746312578E-01     4.921032601E-01
     1449     1.864612950E-01    -3.313884006E-01     4.923604030E-01
     1450     1.868384379E-01    -2.881455435E-01     4.926175458E-01
     1451     1.872155807E-01    -2.449026863E-01     4.928746887E-01
     1452     1.875927236E-01    -2.016598292E-01     4.931318315E-01
     1453     2.269220226E-01    -4.453330543E-01    -2.509466427E-01
     1454     2.226525018E-01    -4.483405493E-01    -2.978065107E-01
     1455     2.183829810E-01    -4.513480443E-01    -3.446663786E-01
     1456     2.141134602E-01    -4.543555393E-01    -3.915262465E-01
     1457     2.098439394E-01    -4.573630343E-01    -4.383861144E-01
     1458     2.055744186E-01    -4.603705293E-01    -4.852459824E-01
     1459     2.013048978E-01    -4.633780243E-01    -5.321058503E-01
     1460     1.970353770E-01    -4.663855193E-01    -5.789657182E-01
     1461     1.927658562E-01    -4.693930143E-01    -6.258255862E-01
     1462     1.884963353E-01    -4.724005093E-01    -6.726854541E-01
     1463     1.842268145E-01    -4.754080043E-01    -7.195453220E-01
     1464     1.799572937E-01    -4.784154993E-01    -7.664051899E-01
     1465     1.756877729E-01    -4.814229943E-01    -8.132650579E-01
     1466     1.714182521E-01    -4.844304894E-01    -8.601249258E-01
     1467     1.671487313E-01    -4.874379844E-01    -9.069847937E-01
     1468     1.628792105E-01    -4.904454794E-01    -9.538446616E-01
     1469     1.586096897E-01    -4.934529744E-01    -1.000704530E+00
     1470     1.585579495E-01    -2.984124785E-01    -2.536152159E-01
     1471     1.550119581E-01    -3.102435030E-01    -3.004750838E-01
     1472     1.514659667E-01    -3.220745274E-01    -3.473349517E-01
     1473     1.479199753E-01    -3.339055518E-01    -3.941948197E-01
     1474     1.443739839E-01    -3.457365762E-01    -4.410546876E-01
     1475     1.408279925E-01    -3.575676006E-01    -4.879145555E-01
     1476     1.372820011E-01    -3.693986250E-01    -5.347744234E-01
     1477     1.337360097E-01    -3.812296495E-01    -5.816342914E-01
     1478     1.301900183E-01    -3.930606739E-01    -6.284941593E-01
     1479     1.266440269E-01    -4.048916983E-01    -6.753540272E-01
     1480     1.230980355E-01    -4.167227227E-01    -7.222138951E-01
     1481     1.195520442E-01    -4.285537471E-01    -7.690737631E-01
     1482     1.160060528E-01    -4.403847715E-01    -8.159336310E-01
     1483     1.124600614E-01    -4.522157960E-01    -8.627934989E-01
     1484     1.089140700E-01    -4.640468204E-01    -9.096533668E-01
     1485     1.053680786E-01    -4.758778448E-01    -9.565132348E-01
     1486     1.018220872E-01    -4.877088692E-01    -1.003373103E+00
     1487     1.020544556E-01    -2.596665545E-01    -1.123124810E+00
     1488     1.082790201E-01    -3.027231085E-01    -1.113523913E+00
     1489     1.145035847E-01    -3.457796626E-01    -1.103923017E+00
     1490     1.207281492E-01    -3.888362166E-01    -1.094322120E+00
     1491     1.269527138E-01    -4.318927707E-01    -1.084721223E+00
     1492     1.331772783E-01    -4.749493248E-01    -1.075120326E+00
     1493     1.394018429E-01    -5.180058788E-01    -1.065519429E+00
     1494     7.832685867E-01    -2.635991375E-01    -1.122342545E+00
     1495     7.770440221E-01    -3.066556915E-01    -1.112741648E+00
     1496     7.708194576E-01    -3.497122456E-01    -1.103140752E+00
     1497     7.645948930E-01    -3.927687996E-01    -1.093539855E+00
     1498     7.583703285E-01    -4.358253537E-01    -1.083938958E+00
     1499     7.521457639E-01    -4.788819078E-01    -1.074338061E+00
     1500     7.459211994E-01    -5.219384618E-01    -1.064737165E+00
     1501     7.167271455E-01    -3.491102784E-01    -2.394250211E-01
     1502     7.202731369E-01    -3.609413028E-01    -2.862848890E-01
     1503     7.238191283E-01    -3.727723272E-01    -3.331447570E-01
     1504     7.273651197E-01    -3.846033516E-01    -3.800046249E-01
     1505     7.309111111E-01    -3.964343760E-01    -4.268644928E-01
     1506     7.344571025E-01    -4.082654004E-01    -4.737243607E-01
     1507     7.380030938E-01    -4.200964249E-01    -5.205842287E-01
     1508     7.415490852E-01    -4.319274493E-01    -5.674440966E-01
     1509     7.450950766E-01    -4.437584737E-01    -6.143039645E-01
     1510     7.486410680E-01    -4.555894981E-01    -6.611638325E-01
     1511     7.521870594E-01    -4.674205225E-01    -7.080237004E-01
     1512     7.557330508E-01    -4.792515469E-01    -7.548835683E-01
     1513     7.592790422E-01    -4.910825714E-01    -8.017434362E-01
     1514     7.628250336E-01    -5.029135958E-01    -8.486033042E-01
     1515     7.663710250E-01    -5.147446202E-01    -8.954631721E-01
     1516     7.699170164E-01    -5.265756446E-01    -9.423230400E-01
     1517     7.734630078E-01    -5.384066690E-01    -9.891829079E-01
     1518     7.018150587E-01    -4.733975835E-01    -1.601887069E+00
     1519     7.076059706E-01    -4.773304616E-01    -1.555657666E+00
     1520     7.133968824E-01    -4.812633396E-01    -1.509428263E+00
     1521     7.191877942E-01    -4.851962177E-01    -1.463198859E+00
     1522     7.249787061E-01    -4.891290958E-01    -1.416969456E+00
     1523     7.307696179E-01    -4.930619739E-01    -1.370740052E+00
     1524     7.365605297E-01    -4.969948520E-01    -1.324510649E+00
     1525     7.423514415E-01    -5.009277301E-01    -1.278281245E+00
     1526     7.481423534E-01    -5.048606081E-01    -1.232051842E+00
     1527     7.539332652E-01    -5.087934862E-01    -1.185822438E+00
     1528     7.597241770E-01    -5.127263643E-01    -1.139593035E+00
     1529     7.655150889E-01    -5.166592424E-01    -1.093363631E+00
     1530     7.713060007E-01    -5.205921205E-01    -1.047134228E+00
     1531     7.673541327E-01    -5.500718816E-01    -1.054386995E+00
     1532     7.634632291E-01    -5.345082676E-01    -1.101077837E+00
     1533     7.595723256E-01    -5.189446536E-01    -1.147768679E+00
     1534     7.556814221E-01    -5.033810396E-01    -1.194459521E+00
     1535     7.517905186E-01    -4.878174256E-01    -1.241150363E+00
     1536     7.478996151E-01    -4.722538116E-01    -1.287841205E+00
     1537     7.440087116E-01    -4.566901976E-01    -1.334532047E+00
     1538     7.401178081E-01    -4.411265835E-01    -1.381222889E+00
     1539     7.362269046E-01    -4.255629695E-01    -1.427913731E+00
     1540     7.323360011E-01    -4.099993555E-01    -1.474604573E+00
     1541     7.284450976E-01    -3.944357415E-01    -1.521295415E+00
     1542     7.245541941E-01    -3.788721275E-01    -1.567986257E+00
     1543     7.206632906E-01    -3.633085135E-01    -1.614677099E+00
     1544     1.512737504E-01    -4.865451094E-01    -1.025244744E+00
     1545     1.974709586E-01    -4.865451094E-01    -1.025244744E+00
     1546     2.436681669E-01    -4.865451094E-01    -1.025244744E+00
     1547     2.898653752E-01    -4.865451094E-01    -1.025244744E+00
     1548     3.360625835E-01    -4.865451094E-01    -1.025244744E+00
     1549     3.822597917E-01    -4.865451094E-01    -1.025244744E+00
     1550     4.284570000E-01    -4.865451094E-01    -1.025244744E+00
     1551     4.746542083E-01    -4.865451094E-01    -1.025244744E+00
     1552     5.208514165E-01    -4.865451094E-01    -1.025244744E+00
     1553     5.670486248E-01    -4.865451094E-01    -1.025244744E+00
     1554     6.132458331E-01    -4.865451094E-01    -1.025244744E+00
     1555     6.594430414E-01    -4.865451094E-01    -1.025244744E+00
     1556     7.056402496E-01    -4.865451094E-01    -1.025244744E+00
     1557     7.733749011E-01    -5.347412811E-01    -9.912147498E-01
     1558     7.691053803E-01    -5.317337861E-01    -9.443548819E-01
     1559     7.648358595E-01    -5.287262911E-01    -8.974950140E-01
     1560     7.605663387E-01    -5.257187961E-01    -8.506351460E-01
     1561     7.562968178E-01    -5.227113011E-01    -8.037752781E-01
     1562     7.520272970E-01    -5.197038061E-01    -7.569154102E-01
     1563     7.477577762E-01    -5.166963111E-01    -7.100555423E-01
     1564     7.434882554E-01    -5.136888160E-01    -6.631956743E-01
     1565     7.392187346E-01    -5.106813210E-01    -6.163358064E-01
     1566     7.349492138E-01    -5.076738260E-01    -5.694759385E-01
     1567     7.306796930E-01    -5.046663310E-01    -5.226160706E-01
     1568     7.264101722E-01    -5.016588360E-01    -4.757562026E-01
     1569     7.221406514E-01    -4.986513410E-01    -4.288963347E-01
     1570     7.178711306E-01    -4.956438460E-01    -3.820364668E-01
     1571     7.136016097E-01    -4.926363510E-01    -3.351765988E-01
     1572     7.093320889E-01    -4.896288560E-01    -2.883167309E-01
     1573     7.050625681E-01    -4.866213610E-01    -2.414568630E-01
     1574     1.928741240E-01    -3.087120000E-01    -2.673216866E-01
     1575     1.928741240E-01    -2.637120000E-01    -2.673216866E-01
     1576     1.928741240E-01    -2.187120000E-01    -2.673216866E-01
     1577     1.928741240E-01    -1.737120000E-01    -2.673216866E-01
     1578     1.928741240E-01    -1.287120000E-01    -2.673216866E-01
     1579     1.928741240E-01    -8.371200000E-02    -2.673216866E-01
     1580     1.373251721E-01    -3.268183730E-01    -2.404496453E-01
     1581     1.315555162E-01    -3.212479028E-01    -2.884398693E-01
     1582     1.257858603E-01    -3.156774326E-01    -3.364300933E-01
     1583     1.200162045E-01    -3.101069624E-01    -3.844203173E-01
     1584     1.142465486E-01    -3.045364922E-01    -4.324105413E-01
     1585     1.084768927E-01    -2.989660220E-01    -4.804007654E-01
     1586     1.027072369E-01    -2.933955518E-01    -5.283909894E-01
     1587     9.693758100E-02    -2.878250817E-01    -5.763812134E-01
     1588     9.116792513E-02    -2.822546115E-01    -6.243714374E-01
     1589     8.539826926E-02    -2.766841413E-01    -6.723616614E-01
     1590     7.962861339E-02    -2.711136711E-01    -7.203518854E-01
     1591     7.385895753E-02    -2.655432009E-01    -7.683421094E-01
     1592     6.808930166E-02    -2.599727307E-01    -8.163323334E-01
     1593     6.231964579E-02    -2.544022606E-01    -8.643225574E-01
     1594     5.654998992E-02    -2.488317904E-01    -9.123127814E-01
     1595     5.078033405E-02    -2.432613202E-01    -9.603030054E-01
     1596     4.501067818E-02    -2.376908500E-01    -1.008293229E+00
     1597     3.924102232E-02    -2.321203798E-01    -1.056283453E+00
     1598     3.865241373E-02    -2.278778855E-01    -1.056233564E+00
     1599     4.442206960E-02    -2.184483557E-01    -1.008243340E+00
     1600     5.019172547E-02    -2.090188259E-01    -9.602531163E-01
     1601     5.596138134E-02    -1.995892961E-01    -9.122628923E-01
     1602     6.173103720E-02    -1.901597663E-01    -8.642726683E-01
     1603     6.750069307E-02    -1.807302364E-01    -8.162824443E-01
     1604     7.327034894E-02    -1.713007066E-01    -7.682922203E-01
     1605     7.904000481E-02    -1.618711768E-01    -7.203019963E-01
     1606     8.480966068E-02    -1.524416470E-01    -6.723117723E-01
     1607     9.057931655E-02    -1.430121172E-01    -6.243215483E-01
     1608     9.634897241E-02    -1.335825874E-01    -5.763313243E-01
     1609     1.021186283E-01    -1.241530575E-01    -5.283411003E-01
     1610     1.078882842E-01    -1.147235277E-01    -4.803508763E-01
     1611     1.136579400E-01    -1.052939979E-01    -4.323606522E-01
     1612     1.194275959E-01    -9.586446811E-02    -3.843704282E-01
     1613     1.251972518E-01    -8.643493829E-02    -3.363802042E-01
     1614     1.309669076E-01    -7.700540848E-02    -2.883899802E-01
     1615     1.367365635E-01    -6.757587866E-02    -2.403997562E-01
     1616     1.912021972E-01    -3.793353840E-01    -1.999878512E+00
     1617     1.912396837E-01    -3.791854381E-01    -1.950028349E+00
     1618     1.912771702E-01    -3.790354922E-01    -1.900178187E+00
     1619     1.913146566E-01    -3.788855463E-01    -1.850328025E+00
     1620     1.913521431E-01    -3.787356004E-01    -1.800477862E+00
     1621     1.913896296E-01    -3.785856545E-01    -1.750627700E+00
     1622     1.914271161E-01    -3.784357087E-01    -1.700777538E+00
     1623     1.914646025E-01    -3.782857628E-01    -1.650927375E+00
     1624     2.194931614E-01    -4.391900769E-01    -2.002450111E+00
     1625     2.194931614E-01    -4.391900769E-01    -1.957472333E+00
     1626     2.194931614E-01    -4.391900769E-01    -1.912494556E+00
     1627     2.194931614E-01    -4.391900769E-01    -1.867516778E+00
     1628     2.194931614E-01    -4.391900769E-01    -1.822539000E+00
     1629     2.194931614E-01    -4.391900769E-01    -1.777561222E+00
     1630     2.194931614E-01    -4.391900769E-01    -1.732583444E+00
     1631     2.194931614E-01    -4.391900769E-01    -1.687605667E+00
     1632     2.194931614E-01    -4.391900769E-01    -1.642627889E+00
     1633     2.254904866E-01    -4.593508337E-01    -1.649687767E+00
     1634     2.193154595E-01    -4.215509419E-01    -1.651187442E+00
     1635     2.131404325E-01    -3.837510501E-01    -1.652687118E+00
     1636     2.069654054E-01    -3.459511584E-01    -1.654186793E+00
     1637     2.170119837E-01    -4.397911101E-01    -1.591272545E+00
     1638     2.112210718E-01    -4.437239882E-01    -1.545043142E+00
     1639     2.054301600E-01    -4.476568663E-01    -1.498813738E+00
     1640     1.996392482E-01    -4.515897444E-01    -1.452584335E+00
     1641     1.938483363E-01    -4.555226225E-01    -1.406354931E+00
     1642     1.880574245E-01    -4.594555006E-01    -1.360125528E+00
     1643     1.822665127E-01    -4.633883786E-01    -1.313896124E+00
     1644     1.764756009E-01    -4.673212567E-01    -1.267666721E+00
     1645     1.706846890E-01    -4.712541348E-01    -1.221437317E+00
     1646     1.648937772E-01    -4.751870129E-01    -1.175207914E+00
     1647     1.591028654E-01    -4.791198910E-01    -1.128978510E+00
     1648     1.533119535E-01    -4.830527691E-01    -1.082749107E+00
     1649     1.475210417E-01    -4.869856471E-01    -1.036519703E+00
     1650     1.740918550E-01    -4.345487192E-01    -1.619307459E+00
     1651     1.334677848E-01    -4.345487192E-01    -1.591342179E+00
     1652     9.284371455E-02    -4.345487192E-01    -1.563376899E+00
     1653     5.221964433E-02    -4.345487192E-01    -1.535411618E+00
     1654     1.159557411E-02    -4.345487192E-01    -1.507446338E+00
     1655     1.159775404E-01    -2.697001631E-01    -1.094700682E+00
     1656     1.238236819E-01    -2.779559045E-01    -1.139681904E+00
     1657     1.316698233E-01    -2.862116459E-01    -1.184663126E+00
     1658     1.395159648E-01    -2.944673872E-01    -1.229644349E+00
     1659     1.473621062E-01    -3.027231286E-01    -1.274625571E+00
     1660     1.552082477E-01    -3.109788699E-01    -1.319606794E+00
     1661     1.630543891E-01    -3.192346113E-01    -1.364588016E+00
     1662     1.709005306E-01    -3.274903526E-01    -1.409569239E+00
     1663     1.787466720E-01    -3.357460940E-01    -1.454550461E+00
     1664     1.865928135E-01    -3.440018353E-01    -1.499531683E+00
     1665     1.944389549E-01    -3.522575767E-01    -1.544512906E+00
     1666     2.022850964E-01    -3.605133180E-01    -1.589494128E+00
     1667     1.919866026E-01    -2.936190728E-01    -1.586802628E+00
     1668     1.880956991E-01    -3.091826868E-01    -1.540111786E+00
     1669     1.842047956E-01    -3.247463008E-01    -1.493420944E+00
     1670     1.803138921E-01    -3.403099148E-01    -1.446730102E+00
     1671     1.764229886E-01    -3.558735288E-01    -1.400039259E+00
     1672     1.725320851E-01    -3.714371428E-01    -1.353348417E+00
     1673     1.686411816E-01    -3.870007569E-01    -1.306657575E+00
     1674     1.647502781E-01    -4.025643709E-01    -1.259966733E+00
     1675     1.608593746E-01    -4.181279849E-01    -1.213275891E+00
     1676     1.569684711E-01    -4.336915989E-01    -1.166585049E+00
     1677     1.530775676E-01    -4.492552129E-01    -1.119894207E+00
     1678     1.491866641E-01    -4.648188269E-01    -1.073203365E+00
     1679     1.452957606E-01    -4.803824409E-01    -1.026512523E+00
     1680     7.573479220E-03    -2.840195292E-01    -1.487339872E+00
     1681     4.725752779E-02    -2.837796158E-01    -1.515804685E+00
     1682     8.694157637E-02    -2.835397024E-01    -1.544269497E+00
     1683     1.266256249E-01    -2.832997890E-01    -1.572734310E+00
     1684     1.663096735E-01    -2.830598756E-01    -1.601199123E+00
     1685     1.145305369E-01    -2.082002014E-01    -1.173548660E+00
     1686     1.710823704E-01    -2.698630099E-02    -1.940048654E-01
     1687     1.734967705E-01    -3.413230127E-02    -1.518968637E-01
     1688     1.759111706E-01    -4.127830155E-02    -1.097888620E-01
     1689     1.783255707E-01    -4.842430184E-02    -6.768086035E-02
     1690     1.807399708E-01    -5.557030212E-02    -2.557285868E-02
     1691     1.959478777E-01    -4.281079149E-02    -2.613757605E-01
     1692     2.100315530E-01    -8.809791645E-03    -2.613757605E-01
     1693     2.360547916E-01     1.721344700E-02    -2.613757605E-01
     1694     2.700557915E-01     3.129712227E-02    -2.613757605E-01
     1695     1.802586004E-01    -5.701202150E-02     2.129083021E-02
     1696     1.830754004E-01    -6.534902136E-02     7.041682937E-02
     1697     1.858922003E-01    -7.368602122E-02     1.195428285E-01
     1698     1.887090003E-01    -8.202302108E-02     1.686688277E-01
     1699     1.915258002E-01    -9.036002094E-02     2.177948269E-01
     1700     1.943426002E-01    -9.869702079E-02     2.669208260E-01
     1701     1.971594001E-01    -1.070340207E-01     3.160468252E-01
     1702     1.999762001E-01    -1.153710205E-01     3.651728244E-01
     1703     2.027930000E-01    -1.237080204E-01     4.142988235E-01
     1704     2.056098000E-01    -1.320450202E-01     4.634248227E-01
     1705    -1.018263407E-02    -2.911475621E-01    -3.448934639E-01
     1706     2.450409111E-02    -2.911475621E-01    -3.206055574E-01
     1707     5.919081630E-02    -2.911475621E-01    -2.963176510E-01
     1708     9.387754148E-02    -2.911475621E-01    -2.720297445E-01
     1709     1.285642667E-01    -2.911475621E-01    -2.477418381E-01
     1710     1.632509918E-01    -2.911475621E-01    -2.234539316E-01
     1711    -9.783039834E-02    -2.949422977E-01    -4.788410855E-01
     1712    -8.809018246E-02    -2.949422977E-01    -4.390361086E-01
     1713    -6.916801956E-02    -2.949422977E-01    -4.026869719E-01
     1714    -4.214844969E-02    -2.949422977E-01    -3.718770574E-01
     1715    -7.989262484E-02    -2.933404292E-01    -1.371076222E+00
     1716    -7.118052789E-02    -2.933404292E-01    -1.406679623E+00
     1717    -5.425567531E-02    -2.933404292E-01    -1.439191963E+00
     1718    -3.008812960E-02    -2.933404292E-01    -1.466749767E+00
     1719    -9.164652557E-02    -3.499249638E-01    -1.314990310E+00
     1720    -8.664652557E-02    -3.874249638E-01    -1.314115051E+00
     1721    -8.164652557E-02    -4.249249638E-01    -1.313239792E+00
     1722    -7.664652557E-02    -4.624249638E-01    -1.312364532E+00
     1723    -8.072720666E-02    -2.843442129E-01    -5.230368364E-01
     1724    -8.072720666E-02    -2.843442129E-01    -5.704489778E-01
     1725    -8.072720666E-02    -2.843442129E-01    -6.178611191E-01
     1726    -8.072720666E-02    -2.843442129E-01    -6.652732604E-01
     1727    -8.072720666E-02    -2.843442129E-01    -7.126854017E-01
     1728    -8.072720666E-02    -2.843442129E-01    -7.600975431E-01
     1729    -8.072720666E-02    -2.843442129E-01    -8.075096844E-01
     1730    -8.072720666E-02    -2.843442129E-01    -8.549218257E-01
     1731    -8.072720666E-02    -2.843442129E-01    -9.023339670E-01
     1732    -8.072720666E-02    -2.843442129E-01    -9.497461084E-01
     1733    -8.072720666E-02    -2.843442129E-01    -9.971582497E-01
     1734    -8.072720666E-02    -2.843442129E-01    -1.044570391E+00
     1735    -8.072720666E-02    -2.843442129E-01    -1.091982532E+00
     1736    -8.072720666E-02    -2.843442129E-01    -1.139394674E+00
     1737    -8.072720666E-02    -2.843442129E-01    -1.186806815E+00
     1738    -8.072720666E-02    -2.843442129E-01    -1.234218956E+00
     1739    -8.072720666E-02    -2.843442129E-01    -1.281631098E+00
     1740    -8.072720666E-02    -2.843442129E-01    -1.329043239E+00
     1741     2.510093514E-01    -1.379832173E-01     4.936265872E-01
     1742     2.956937959E-01    -1.378832173E-01     4.934265872E-01
     1743     3.403782403E-01    -1.377832173E-01     4.932265872E-01
     1744     3.850626847E-01    -1.376832173E-01     4.930265872E-01
     1745     4.297471292E-01    -1.375832173E-01     4.928265872E-01
     1746     4.744315736E-01    -1.374832173E-01     4.926265872E-01
     1747     5.191160181E-01    -1.373832173E-01     4.924265872E-01
     1748     5.638004625E-01    -1.372832173E-01     4.922265872E-01
     1749     6.084849070E-01    -1.371832173E-01     4.920265872E-01
     1750     6.885529666E-01    -4.683426600E-01    -1.641095335E+00
     1751     6.947279937E-01    -4.305427682E-01    -1.642595010E+00
     1752     7.009030207E-01    -3.927428764E-01    -1.644094685E+00
     1753     7.070780478E-01    -3.549429847E-01    -1.645594361E+00
     1806     1.048381139E+00    -4.811495000E-01    -1.812539000E+00
     1807     6.534570000E-01    -4.812120000E-01    -1.620139000E+00
     1808     1.004500679E+00    -4.811564444E-01    -1.791161222E+00
     1809     9.606202192E-01    -4.811633889E-01    -1.769783444E+00
     1810     9.167397593E-01    -4.811703333E-01    -1.748405667E+00
     1811     8.728592994E-01    -4.811772778E-01    -1.727027889E+00
     1812     8.289788395E-01    -4.811842222E-01    -1.705650111E+00
     1813     7.850983797E-01    -4.811911667E-01    -1.684272333E+00
     1814     7.412179198E-01    -4.811981111E-01    -1.662894556E+00
     1815     6.973374599E-01    -4.812050556E-01    -1.641516778E+00
     1816     6.534570000E-01    -4.812120000E-01    -2.024939000E+00
     1817     1.004500679E+00    -4.811564444E-01    -1.836139000E+00
     1818     9.606202192E-01    -4.811633889E-01    -1.859739000E+00
     1819     9.167397593E-01    -4.811703333E-01    -1.883339000E+00
     1820     8.728592994E-01    -4.811772778E-01    -1.906939000E+00
     1821     8.289788395E-01    -4.811842222E-01    -1.930539000E+00
     1822     7.850983797E-01    -4.811911667E-01    -1.954139000E+00
     1823     7.412179198E-01    -4.811981111E-01    -1.977739000E+00
     1824     6.973374599E-01    -4.812050556E-01    -2.001339000E+00
     1825     1.048381139E+00    -4.811495000E-01    -2.539000000E-03
     1826     6.561570000E-01    -4.812120000E-01    -2.225390000E-01
     1827     1.004800679E+00    -4.811564444E-01    -2.698344444E-02
     1828     9.612202192E-01    -4.811633889E-01    -5.142788889E-02
     1829     9.176397593E-01    -4.811703333E-01    -7.587233333E-02
     1830     8.740592994E-01    -4.811772778E-01    -1.003167778E-01
     1831     8.304788395E-01    -4.811842222E-01    -1.247612222E-01
     1832     7.868983797E-01    -4.811911667E-01    -1.492056667E-01
     1833     7.433179198E-01    -4.811981111E-01    -1.736501111E-01
     1834     6.997374599E-01    -4.812050556E-01    -1.980945556E-01
     1835     6.534570000E-01    -4.812120000E-01     1.774610000E-01
     1836     1.004500679E+00    -4.811564444E-01     1.746100000E-02
     1837     9.606202192E-01    -4.811633889E-01     3.746100000E-02
     1838     9.167397593E-01    -4.811703333E-01     5.746100000E-02
     1839     8.728592994E-01    -4.811772778E-01     7.746100000E-02
     1840     8.289788395E-01    -4.811842222E-01     9.746100000E-02
     1841     7.850983797E-01    -4.811911667E-01     1.174610000E-01
     1842     7.412179198E-01    -4.811981111E-01     1.374610000E-01
     1843     6.973374599E-01    -4.812050556E-01     1.574610000E-01
     1844    -1.914671559E-01    -4.811495000E-01    -2.538984976E-03
     1845     2.034570000E-01    -4.812120000E-01     1.774610000E-01
     1846    -1.475866941E-01    -4.811564444E-01     1.746101335E-02
     1847    -1.037062323E-01    -4.811633889E-01     3.746101169E-02
     1848    -5.982577058E-02    -4.811703333E-01     5.746101002E-02
     1849    -1.594530882E-02    -4.811772778E-01     7.746100835E-02
     1850     2.793515294E-02    -4.811842222E-01     9.746100668E-02
     1851     7.181561471E-02    -4.811911667E-01     1.174610050E-01
     1852     1.156960765E-01    -4.811981111E-01     1.374610033E-01
     1853     1.595765382E-01    -4.812050556E-01     1.574610017E-01
     1854     2.007570000E-01    -4.812120000E-01    -2.225390000E-01
     1855    -1.478866941E-01    -4.811564444E-01    -2.698343109E-02
     1856    -1.043062323E-01    -4.811633889E-01    -5.142787720E-02
     1857    -6.072577058E-02    -4.811703333E-01    -7.587232332E-02
     1858    -1.714530882E-02    -4.811772778E-01    -1.003167694E-01
     1859     2.643515294E-02    -4.811842222E-01    -1.247612155E-01
     1860     7.001561471E-02    -4.811911667E-01    -1.492056617E-01
     1861     1.135960765E-01    -4.811981111E-01    -1.736501078E-01
     1862     1.571765382E-01    -4.812050556E-01    -1.980945539E-01
     1863    -1.914671390E-01    -4.811495000E-01    -1.812539000E+00
     1864     2.034570000E-01    -4.812120000E-01    -1.620139000E+00
     1865    -1.475866791E-01    -4.811564444E-01    -1.791161222E+00
     1866    -1.037062192E-01    -4.811633889E-01    -1.769783444E+00
     1867    -5.982575931E-02    -4.811703333E-01    -1.748405667E+00
     1868    -1.594529942E-02    -4.811772778E-01    -1.727027889E+00
     1869     2.793516046E-02    -4.811842222E-01    -1.705650111E+00
     1870     7.181562035E-02    -4.811911667E-01    -1.684272333E+00
     1871     1.156960802E-01    -4.811981111E-01    -1.662894556E+00
     1872     1.595765401E-01    -4.812050556E-01    -1.641516778E+00
     1873     2.034570000E-01    -4.812120000E-01    -2.024939000E+00
     1874    -1.475866791E-01    -4.811564444E-01    -1.836139000E+00
     1875    -1.037062192E-01    -4.811633889E-01    -1.859739000E+00
     1876    -5.982575931E-02    -4.811703333E-01    -1.883339000E+00
     1877    -1.594529942E-02    -4.811772778E-01    -1.906939000E+00
     1878     2.793516046E-02    -4.811842222E-01    -1.930539000E+00
     1879     7.181562035E-02    -4.811911667E-01    -1.954139000E+00
     1880     1.156960802E-01    -4.811981111E-01    -1.977739000E+00
     1881     1.595765401E-01    -4.812050556E-01    -2.001339000E+00
     1882     1.026434666E+00    -4.323420703E-01    -1.801847070E+00
     1883     9.825542062E-01    -4.323490148E-01    -1.780469292E+00
     1884     9.386737463E-01    -4.323559592E-01    -1.759091514E+00
     1885     8.947932864E-01    -4.323629037E-01    -1.737713736E+00
     1886     8.509128265E-01    -4.323698481E-01    -1.716335959E+00
     1887     8.070323666E-01    -4.323767926E-01    -1.694958181E+00
     1888     7.631519067E-01    -4.323837370E-01    -1.673580403E+00
     1889     7.192714468E-01    -4.323906815E-01    -1.652202625E+00
     1890     6.753909870E-01    -4.323976259E-01    -1.630824847E+00
     1891     1.026447025E+00    -5.309772109E-01    -1.824335711E+00
     1892     9.825665651E-01    -5.309841553E-01    -1.847935711E+00
     1893     9.386861053E-01    -5.309910998E-01    -1.871535711E+00
     1894     8.948056454E-01    -5.309980442E-01    -1.895135711E+00
     1895     8.509251855E-01    -5.310049887E-01    -1.918735711E+00
     1896     8.070447256E-01    -5.310119331E-01    -1.942335711E+00
     1897     7.631642657E-01    -5.310188776E-01    -1.965935711E+00
     1898     7.192838058E-01    -5.310258220E-01    -1.989535711E+00
     1899     6.754033459E-01    -5.310327665E-01    -2.013135711E+00
     1900     1.026596966E+00    -5.311208354E-01    -1.475782498E-02
     1901     9.830165059E-01    -5.311277798E-01    -3.920226942E-02
     1902     9.394360460E-01    -5.311347243E-01    -6.364671387E-02
     1903     8.958555861E-01    -5.311416687E-01    -8.809115831E-02
     1904     8.522751262E-01    -5.311486132E-01    -1.125356028E-01
     1905     8.086946663E-01    -5.311555576E-01    -1.369800472E-01
     1906     7.651142064E-01    -5.311625020E-01    -1.614244916E-01
     1907     7.215337466E-01    -5.311694465E-01    -1.858689361E-01
     1908     6.779532867E-01    -5.311763909E-01    -2.103133805E-01
     1909     1.026434590E+00    -4.329295883E-01     7.463880115E-03
     1910     9.825541301E-01    -4.329365327E-01     2.746388011E-02
     1911     9.386736702E-01    -4.329434772E-01     4.746388011E-02
     1912     8.947932103E-01    -4.329504216E-01     6.746388011E-02
     1913     8.509127504E-01    -4.329573660E-01     8.746388011E-02
     1914     8.070322906E-01    -4.329643105E-01     1.074638801E-01
     1915     7.631518307E-01    -4.329712549E-01     1.274638801E-01
     1916     7.192713708E-01    -4.329781994E-01     1.474638801E-01
     1917     6.753909109E-01    -4.329851438E-01     1.674638801E-01
     1918    -1.695206060E-01    -4.329295873E-01     7.463894304E-03
     1919    -1.256401442E-01    -4.329365317E-01     2.746389263E-02
     1920    -8.175968243E-02    -4.329434761E-01     4.746389097E-02
     1921    -3.787922066E-02    -4.329504206E-01     6.746388930E-02
     1922     6.001241101E-03    -4.329573650E-01     8.746388763E-02
     1923     4.988170286E-02    -4.329643095E-01     1.074638860E-01
     1924     9.376216463E-02    -4.329712539E-01     1.274638843E-01
     1925     1.376426264E-01    -4.329781984E-01     1.474638826E-01
     1926     1.815230882E-01    -4.329851428E-01     1.674638809E-01
     1927    -1.696829817E-01    -5.311208378E-01    -1.475781079E-02
     1928    -1.261025200E-01    -5.311277823E-01    -3.920225690E-02
     1929    -8.252205820E-02    -5.311347267E-01    -6.364670302E-02
     1930    -3.894159644E-02    -5.311416712E-01    -8.809114913E-02
     1931     4.638865328E-03    -5.311486156E-01    -1.125355952E-01
     1932     4.821932709E-02    -5.311555601E-01    -1.369800414E-01
     1933     9.179978886E-02    -5.311625045E-01    -1.614244875E-01
     1934     1.353802506E-01    -5.311694489E-01    -1.858689336E-01
     1935     1.789607124E-01    -5.311763934E-01    -2.103133797E-01
     1936    -1.695206660E-01    -4.323420703E-01    -1.801847070E+00
     1937    -1.256402062E-01    -4.323490148E-01    -1.780469292E+00
     1938    -8.175974627E-02    -4.323559592E-01    -1.759091514E+00
     1939    -3.787928639E-02    -4.323629037E-01    -1.737713736E+00
     1940     6.001173498E-03    -4.323698481E-01    -1.716335959E+00
     1941     4.988163338E-02    -4.323767926E-01    -1.694958181E+00
     1942     9.376209327E-02    -4.323837370E-01    -1.673580403E+00
     1943     1.376425532E-01    -4.323906815E-01    -1.652202625E+00
     1944     1.815230130E-01    -4.323976259E-01    -1.630824847E+00
     1945    -1.695330250E-01    -5.309772109E-01    -1.824335711E+00
     1946    -1.256525651E-01    -5.309841553E-01    -1.847935711E+00
     1947    -8.177210526E-02    -5.309910998E-01    -1.871535711E+00
     1948    -3.789164537E-02    -5.309980442E-01    -1.895135711E+00
     1949     5.988814512E-03    -5.310049887E-01    -1.918735711E+00
     1950     4.986927440E-02    -5.310119331E-01    -1.942335711E+00
     1951     9.374973428E-02    -5.310188776E-01    -1.965935711E+00
     1952     1.376301942E-01    -5.310258220E-01    -1.989535711E+00
     1953     1.815106541E-01    -5.310327665E-01    -2.013135711E+00
-1
/com,*********** Nodes for all Remote Points ***********
nblock,3
(1i9,3e20.9e3)
     2102     6.534570000E-01    -4.812120000E-01     1.774610000E-01
     2103     6.534570000E-01    -4.812120000E-01     1.774610000E-01
     2104     6.686970000E-01    -3.303120000E-01     1.756610000E-01
     2105     6.686970000E-01    -3.303120000E-01     1.756610000E-01
     2106     6.684570000E-01    -3.312120000E-01    -2.225390000E-01
     2107     6.684570000E-01    -3.312120000E-01    -2.225390000E-01
     2108     6.561570000E-01    -4.812120000E-01    -2.225390000E-01
     2109     6.561570000E-01    -4.812120000E-01    -2.225390000E-01
     2110     2.034570000E-01    -4.812120000E-01     1.774610000E-01
     2111     2.034570000E-01    -4.812120000E-01     1.774610000E-01
     2112     1.882170000E-01    -3.303120000E-01     1.756610000E-01
     2113     1.882170000E-01    -3.303120000E-01     1.756610000E-01
     2114     1.884570000E-01    -3.312120000E-01    -2.225390000E-01
     2115     1.884570000E-01    -3.312120000E-01    -2.225390000E-01
     2116     2.007570000E-01    -4.812120000E-01    -2.225390000E-01
     2117     2.007570000E-01    -4.812120000E-01    -2.225390000E-01
     2118     6.534570000E-01    -4.812120000E-01    -2.024939000E+00
     2119     6.534570000E-01    -4.812120000E-01    -2.024939000E+00
     2120     6.534570000E-01    -4.812120000E-01    -1.620139000E+00
     2121     6.534570000E-01    -4.812120000E-01    -1.620139000E+00
     2122     6.781571082E-01    -3.300124329E-01    -1.626137701E+00
     2123     6.781571082E-01    -3.300124329E-01    -1.626137701E+00
     2124     6.784570000E-01    -3.312120000E-01    -2.024939000E+00
     2125     6.784570000E-01    -3.312120000E-01    -2.024939000E+00
     2126     2.034570000E-01    -4.812120000E-01    -2.024939000E+00
     2127     2.034570000E-01    -4.812120000E-01    -2.024939000E+00
     2128     1.784570000E-01    -3.312120000E-01    -2.024939000E+00
     2129     1.784570000E-01    -3.312120000E-01    -2.024939000E+00
     2130     1.787568918E-01    -3.300124329E-01    -1.626137701E+00
     2131     1.787568918E-01    -3.300124329E-01    -1.626137701E+00
     2132     2.034570000E-01    -4.812120000E-01    -1.620139000E+00
     2133     2.034570000E-01    -4.812120000E-01    -1.620139000E+00
     2134     1.048381139E+00    -4.811495000E-01    -2.539000000E-03
     2135     1.048381139E+00    -4.811495000E-01    -2.539000000E-03
     2136     1.048381139E+00    -4.811495000E-01    -1.812539000E+00
     2137     1.048381139E+00    -4.811495000E-01    -1.812539000E+00
     2138    -1.914671390E-01    -4.811495000E-01    -1.812539000E+00
     2139    -1.914671390E-01    -4.811495000E-01    -1.812539000E+00
     2140    -1.914671559E-01    -4.811495000E-01    -2.538984976E-03
     2141    -1.914671559E-01    -4.811495000E-01    -2.538984976E-03
     2142    -1.992950939E-01    -2.611495000E-01    -1.253900000E-02
     2143    -1.992950939E-01    -2.611495000E-01    -1.253900000E-02
     2144     1.056209094E+00    -2.611495000E-01    -1.253900000E-02
     2145     1.056209094E+00    -2.611495000E-01    -1.253900000E-02
     2146    -2.092950939E-01    -2.611495000E-01    -1.812539000E+00
     2147    -2.092950939E-01    -2.611495000E-01    -1.812539000E+00
     2148     1.066209094E+00    -2.611495000E-01    -1.812539000E+00
     2149     1.066209094E+00    -2.611495000E-01    -1.812539000E+00
     2150     1.048381139E+00    -4.811495000E-01    -2.539000000E-03
     2151     6.571769996E-01    -9.667200141E-02    -1.253899166E-02
     2152    -1.914671559E-01    -4.811495000E-01    -2.538984976E-03
     2153     2.005290005E-01    -9.694200142E-02    -1.199899163E-02
     2154    -1.914671390E-01    -4.811495000E-01    -1.812539000E+00
     2155     2.175012144E-01    -6.838446707E-02    -1.812035883E+00
     2156     1.048381139E+00    -4.811495000E-01    -1.812539000E+00
     2157     6.394127856E-01    -6.838446707E-02    -1.812035883E+00
     2158     1.048381139E+00    -4.811495000E-01    -2.539000000E-03
     2159    -1.914671559E-01    -4.811495000E-01    -2.538984976E-03
     2160     1.048381139E+00    -4.811495000E-01    -2.539000000E-03
     2161     1.048381139E+00    -4.811495000E-01    -1.812539000E+00
     2162    -1.914671390E-01    -4.811495000E-01    -1.812539000E+00
-1
/wb,elem,start            !  set before creation of elements
/com,*********** Elements for Body 1 'Beam (Extracted Profile1)' ***********
et,1,188
keyo,1,3,2
MAT,1 $ TYPE,1 $ REAL,1 $ SECNUM,1 $ ESYS,0    ! ELEMNODES = 3
eblock,21,COMPACT,,3
(21i9)
        1        1        3      855
        2        3        4      856
        3        4        2      857
-1
secnum,1    ! reset the section ID to default
! Material Id = {4FE4FEA0-BE8A-4142-B295-AE9594BAD111}
/com,*********** Elements for Body 2 'Beam (Extracted Profile1)' ***********
et,2,188
keyo,2,3,2
MAT,2 $ TYPE,2 $ REAL,2 $ SECNUM,2 $ ESYS,0    ! ELEMNODES = 3
eblock,21,COMPACT,,3
(21i9)
        4        5        7      858
        5        7        8      859
        6        8        6      860
-1
secnum,1    ! reset the section ID to default
! Material Id = {4E87DF2F-CAE5-46D7-B173-6DC0E67D9320}
/com,*********** Elements for Body 3 'Beam (Extracted Profile1)' ***********
et,3,188
keyo,3,3,2
MAT,3 $ TYPE,3 $ REAL,3 $ SECNUM,3 $ ESYS,0    ! ELEMNODES = 3
eblock,21,COMPACT,,15
(21i9)
        7        9       11      861
        8       11       12      862
        9       12       13      863
       10       13       14      864
       11       14       15      865
       12       15       16      866
       13       16       17      867
       14       17       18      868
       15       18       19      869
       16       19       20      870
       17       20       21      871
       18       21       22      872
       19       22       23      873
       20       23       24      874
       21       24       10      875
-1
secnum,1    ! reset the section ID to default
! Material Id = {B136A065-4F1C-460E-AF0E-8FB3109DFF4C}
/com,*********** Elements for Body 4 'Beam (Extracted Profile1)' ***********
et,4,188
keyo,4,3,2
MAT,4 $ TYPE,4 $ REAL,4 $ SECNUM,4 $ ESYS,0    ! ELEMNODES = 3
eblock,21,COMPACT,,15
(21i9)
       22       25       27      876
       23       27       28      877
       24       28       29      878
       25       29       30      879
       26       30       31      880
       27       31       32      881
       28       32       33      882
       29       33       34      883
       30       34       35      884
       31       35       36      885
       32       36       37      886
       33       37       38      887
       34       38       39      888
       35       39       40      889
       36       40       26      890
-1
secnum,1    ! reset the section ID to default
! Material Id = {09CF0714-08EC-43A9-B9BC-3D4B299324F8}
/com,*********** Elements for Body 5 'Beam (Extracted Profile2)' ***********
et,5,188
keyo,5,3,2
MAT,5 $ TYPE,5 $ REAL,5 $ SECNUM,5 $ ESYS,0    ! ELEMNODES = 3
eblock,21,COMPACT,,863
(21i9)
       37       41       43      891
       38       43       44      892
       39       44       45      893
       40       45       46      894
       41       46       47      895
       42       47       48      896
       43       48       49      897
       44       49       50      898
       45       50       42      899
       46       51       53      900
       47       53       54      901
       48       54       55      902
       49       55       52      903
       50       56       57      904
       51       57       58      905
       52       58       59      906
       53       59       60      907
       54       60       61      908
       55       61       62      909
       56       62       63      910
       57       63       64      911
       58       64       65      912
       59       65       66      913
       60       66       67      914
       61       67       68      915
       62       68       69      916
       63       69       70      917
       64       70       71      918
       65       71       72      919
       66       72       73      920
       67       73       51      921
       68       51       75      922
       69       75       76      923
       70       76       77      924
       71       77       74      925
       72       74       79      926
       73       79       80      927
       74       80       81      928
       75       81       82      929
       76       82       78      930
       77       52       84      931
       78       84       85      932
       79       85       86      933
       80       86       87      934
       81       87       88      935
       82       88       89      936
       83       89       90      937
       84       90       91      938
       85       91       92      939
       86       92       93      940
       87       93       94      941
       88       94       95      942
       89       95       96      943
       90       96       97      944
       91       97       98      945
       92       98       99      946
       93       99      100      947
       94      100       83      948
       95      101      102      949
       96      102      103      950
       97      103      104      951
       98      104       52      952
       99      105      106      953
      100      106      107      954
      101      107      108      955
      102      108      109      956
      103      109      110      957
      104      110      101      958
      105       83      111      959
      106      111      112      960
      107      112      113      961
      108      113       56      962
      109      114      115      963
      110      115      116      964
      111      116      117      965
      112      117       56      966
      113      118      119      967
      114      119      120      968
      115      120      121      969
      116      121      122      970
      117      122      114      971
      118       83      124      972
      119      124      125      973
      120      125      126      974
      121      126      123      975
      122      123      128      976
      123      128      129      977
      124      129      130      978
      125      130      131      979
      126      131      127      980
      127      105      132      981
      128      132      133      982
      129      133      134      983
      130      134       78      984
      131       25      136      985
      132      136      137      986
      133      137      135      987
      134       10      138      988
      135      138      139      989
      136      139       25      990
      137      135      141      991
      138      141      142      992
      139      142      143      993
      140      143      144      994
      141      144      145      995
      142      145      146      996
      143      146      147      997
      144      147      148      998
      145      148      149      999
      146      149      150     1000
      147      150      151     1001
      148      151      152     1002
      149      152      140     1003
      150      153      154     1004
      151      154      140     1005
      152      140      156     1006
      153      156      155     1007
      154      157      159     1008
      155      159      160     1009
      156      160      161     1010
      157      161      162     1011
      158      162      163     1012
      159      163      164     1013
      160      164      158     1014
      161      135      165     1015
      162      165      166     1016
      163      166      167     1017
      164      167      168     1018
      165      168      169     1019
      166      169      170     1020
      167      170      157     1021
      168      135      172     1022
      169      172      173     1023
      170      173      174     1024
      171      174      175     1025
      172      175      176     1026
      173      176      177     1027
      174      177      171     1028
      175      171      178     1029
      176      178      179     1030
      177      179      180     1031
      178      180      157     1032
      179      171      181     1033
      180      181      182     1034
      181      182      183     1035
      182      183      184     1036
      183      184      185     1037
      184      185      186     1038
      185      186      187     1039
      186      187      188     1040
      187      188       78     1041
      188      157      189     1042
      189      189      190     1043
      190      190      191     1044
      191      191      192     1045
      192      192      193     1046
      193      193      194     1047
      194      194      195     1048
      195      195      105     1049
      196      158      196     1050
      197      196      197     1051
      198      197      198     1052
      199      198      199     1053
      200      199      200     1054
      201      200      201     1055
      202      201      135     1056
      203      155      203     1057
      204      203      202     1058
      205      202      204     1059
      206      204      153     1060
      207      205      206     1061
      208      206      207     1062
      209      207      208     1063
      210      208      209     1064
      211      209      210     1065
      212      210      211     1066
      213      211      212     1067
      214      212      213     1068
      215      213      214     1069
      216      214      215     1070
      217      215      216     1071
      218      216      217     1072
      219      217      218     1073
      220      218      202     1074
      221      158      219     1075
      222      219      220     1076
      223      220      221     1077
      224      221      222     1078
      225      222      223     1079
      226      223      224     1080
      227      224      225     1081
      228      225      226     1082
      229      226      227     1083
      230      227      228     1084
      231      228      229     1085
      232      229      230     1086
      233      230      231     1087
      234      231      153     1088
      235      232      234     1089
      236      234      235     1090
      237      235      236     1091
      238      236      237     1092
      239      237      238     1093
      240      238      239     1094
      241      239      240     1095
      242      240      241     1096
      243      241      242     1097
      244      242      243     1098
      245      243      244     1099
      246      244      245     1100
      247      245      246     1101
      248      246      247     1102
      249      247      248     1103
      250      248      249     1104
      251      249      233     1105
      252        6      250     1106
      253      251      252     1107
      254      233      252     1108
      255      127      253     1109
      256      253      254     1110
      257      254      255     1111
      258      255      256     1112
      259      256      257     1113
      260      257      258     1114
      261      258      259     1115
      262      259      260     1116
      263      260      261     1117
      264      261      262     1118
      265      262      263     1119
      266      263      252     1120
      267      264      266     1121
      268      266      267     1122
      269      267      268     1123
      270      268      269     1124
      271      269      265     1125
      272      250      270     1126
      273      270      271     1127
      274      271      272     1128
      275      272      265     1129
      276      265      273     1130
      277      273      274     1131
      278      274      275     1132
      279      275      276     1133
      280      276      277     1134
      281      277      278     1135
      282      278      279     1136
      283      279      280     1137
      284      280      281     1138
      285      281      282     1139
      286      282      283     1140
      287      283      284     1141
      288      284      285     1142
      289      285      286     1143
      290      286      287     1144
      291      287      288     1145
      292      288      289     1146
      293      289      252     1147
      294      265      290     1148
      295      290      291     1149
      296      291      292     1150
      297      292      293     1151
      298      293      294     1152
      299      294      105     1153
      300      252      295     1154
      301      295      296     1155
      302      296      297     1156
      303      297      298     1157
      304      298      299     1158
      305      299      300     1159
      306      300      301     1160
      307      301      302     1161
      308      302      303     1162
      309      303      304     1163
      310      304      305     1164
      311      305      306     1165
      312      306      307     1166
      313      307      308     1167
      314      308      309     1168
      315      309      310     1169
      316      310      311     1170
      317      311      105     1171
      318      158      312     1172
      319      312      313     1173
      320      313      314     1174
      321      314      315     1175
      322      315      316     1176
      323      316      317     1177
      324      317      318     1178
      325      318      319     1179
      326      319      320     1180
      327      320      264     1181
      328      321        6     1182
      329        1      322     1183
      330      323        1     1184
      331      322      324     1185
      332      324      325     1186
      333      325      321     1187
      334      205      326     1188
      335      326      327     1189
      336      327      328     1190
      337      328      329     1191
      338      329      330     1192
      339      330      331     1193
      340      331      332     1194
      341      332      333     1195
      342      333      334     1196
      343      334      335     1197
      344      335      336     1198
      345      336      337     1199
      346      337      338     1200
      347      338      339     1201
      348      339      322     1202
      349      321      340     1203
      350      340      341     1204
      351      341      342     1205
      352      342      343     1206
      353      343      344     1207
      354      344      345     1208
      355      345      346     1209
      356      346      347     1210
      357      347      348     1211
      358      348      349     1212
      359      349      350     1213
      360      350      351     1214
      361      351      352     1215
      362      352      353     1216
      363      353      158     1217
      364      354      355     1218
      365      355      232     1219
      366      356      357     1220
      367      357      358     1221
      368      358      359     1222
      369      359      360     1223
      370      360      361     1224
      371      361      362     1225
      372      362      363     1226
      373      363      364     1227
      374      364      365     1228
      375      365      366     1229
      376      366      367     1230
      377      367      368     1231
      378      368      369     1232
      379      369      370     1233
      380      370      371     1234
      381      371      372     1235
      382      372      373     1236
      383      373      232     1237
      384      127      375     1238
      385      375      376     1239
      386      376      377     1240
      387      377      378     1241
      388      378      379     1242
      389      379      380     1243
      390      380      381     1244
      391      381      374     1245
      392      374      382     1246
      393      382      383     1247
      394      383      384     1248
      395      384      385     1249
      396      385      386     1250
      397      386      387     1251
      398      387      356     1252
      399      388      389     1253
      400      389      390     1254
      401      390      391     1255
      402      391      392     1256
      403      392      393     1257
      404      393      394     1258
      405      394      395     1259
      406      395      396     1260
      407      396      118     1261
      408      374      397     1262
      409      397      398     1263
      410      398      399     1264
      411      399      388     1265
      412      400      401     1266
      413      401      402     1267
      414      402      403     1268
      415      403      404     1269
      416      404      405     1270
      417      405      406     1271
      418      406      407     1272
      419      407      408     1273
      420      408      388     1274
      421      374      410     1275
      422      410      411     1276
      423      411      412     1277
      424      412      413     1278
      425      413      414     1279
      426      414      415     1280
      427      415      416     1281
      428      416      417     1282
      429      417      418     1283
      430      418      409     1284
      431      419      420     1285
      432      420      421     1286
      433      421      354     1287
      434      422      424     1288
      435      424      425     1289
      436      425      426     1290
      437      426      427     1291
      438      427      428     1292
      439      428      429     1293
      440      429      430     1294
      441      430      431     1295
      442      431      432     1296
      443      432      433     1297
      444      433      434     1298
      445      434      435     1299
      446      435      436     1300
      447      436      437     1301
      448      437      438     1302
      449      438      439     1303
      450      439      440     1304
      451      440      423     1305
      452      423      441     1306
      453      441      442     1307
      454      442      443     1308
      455      443      444     1309
      456      444      445     1310
      457      445      446     1311
      458      446      409     1312
      459      422      447     1313
      460      447      419     1314
      461      448      449     1315
      462      449      450     1316
      463      450      451     1317
      464      451      452     1318
      465      452      453     1319
      466      453      454     1320
      467      454      455     1321
      468      455      456     1322
      469      456      457     1323
      470      457      458     1324
      471      458      459     1325
      472      459      460     1326
      473      460      461     1327
      474      461      462     1328
      475      462      463     1329
      476      463      464     1330
      477      464      422     1331
      478      409      465     1332
      479      465      466     1333
      480      466      467     1334
      481      467      400     1335
      482      468      470     1336
      483      470      471     1337
      484      471      472     1338
      485      472      469     1339
      486        9      473     1340
      487      473      474     1341
      488      474      475     1342
      489      475       41     1343
      490       26      476     1344
      491      476      477     1345
      492      477        9     1346
      493       78      478     1347
      494      478      479     1348
      495      479      480     1349
      496      480       26     1350
      497      481      482     1351
      498      482      483     1352
      499      483      484     1353
      500      484      485     1354
      501      485       41     1355
      502      486      488     1356
      503      488      489     1357
      504      489      490     1358
      505      490      487     1359
      506      487      491     1360
      507      491      492     1361
      508      492      493     1362
      509      493      481     1363
      510      469      494     1364
      511      494      495     1365
      512      495      496     1366
      513      496      497     1367
      514      497      498     1368
      515      498      499     1369
      516      499      500     1370
      517      500      501     1371
      518      501      502     1372
      519      502      503     1373
      520      503      504     1374
      521      504      505     1375
      522      505      506     1376
      523      506      507     1377
      524      507      508     1378
      525      508      509     1379
      526      509      510     1380
      527      510      487     1381
      528      511      512     1382
      529      512      513     1383
      530      513      514     1384
      531      514       41     1385
      532       42      516     1386
      533      516      517     1387
      534      517      518     1388
      535      518      519     1389
      536      519      520     1390
      537      520      521     1391
      538      521      515     1392
      539      515      522     1393
      540      522      523     1394
      541      523       10     1395
      542      515      524     1396
      543      524      525     1397
      544      525      526     1398
      545      526      527     1399
      546      527      528     1400
      547      528      529     1401
      548      529      530     1402
      549      530      531     1403
      550      531      532     1404
      551      532      533     1405
      552      533      534     1406
      553      534      535     1407
      554      535      155     1408
      555      158      536     1409
      556      536      537     1410
      557      537      538     1411
      558      538      539     1412
      559      539      540     1413
      560      540      541     1414
      561      541      542     1415
      562      542      543     1416
      563      543      544     1417
      564      544      545     1418
      565      545      515     1419
      566      511      547     1420
      567      547      548     1421
      568      548      549     1422
      569      549      550     1423
      570      550      551     1424
      571      551      552     1425
      572      552      553     1426
      573      553      546     1427
      574       42      554     1428
      575      554      555     1429
      576      555      556     1430
      577      556      546     1431
      578      546      557     1432
      579      557      558     1433
      580      558      559     1434
      581      559      560     1435
      582      560      561     1436
      583      561      562     1437
      584      562      515     1438
      585      546      563     1439
      586      563      564     1440
      587      564      565     1441
      588      565      566     1442
      589      566      567     1443
      590      567      568     1444
      591      568      205     1445
      592      515      569     1446
      593      569      570     1447
      594      570      571     1448
      595      571      572     1449
      596      572      573     1450
      597      573      574     1451
      598      574      205     1452
      599       41      576     1453
      600      576      577     1454
      601      577      578     1455
      602      578      579     1456
      603      579      580     1457
      604      580      581     1458
      605      581      582     1459
      606      582      583     1460
      607      583      584     1461
      608      584      585     1462
      609      585      586     1463
      610      586      587     1464
      611      587      588     1465
      612      588      589     1466
      613      589      590     1467
      614      590      591     1468
      615      591      575     1469
      616      511      592     1470
      617      592      593     1471
      618      593      594     1472
      619      594      595     1473
      620      595      596     1474
      621      596      597     1475
      622      597      598     1476
      623      598      599     1477
      624      599      600     1478
      625      600      601     1479
      626      601      602     1480
      627      602      603     1481
      628      603      604     1482
      629      604      605     1483
      630      605      606     1484
      631      606      607     1485
      632      607      575     1486
      633      608      609     1487
      634      609      610     1488
      635      610      611     1489
      636      611      612     1490
      637      612      613     1491
      638      613      614     1492
      639      614      575     1493
      640      252      616     1494
      641      616      617     1495
      642      617      618     1496
      643      618      619     1497
      644      619      620     1498
      645      620      621     1499
      646      621      615     1500
      647      105      622     1501
      648      622      623     1502
      649      623      624     1503
      650      624      625     1504
      651      625      626     1505
      652      626      627     1506
      653      627      628     1507
      654      628      629     1508
      655      629      630     1509
      656      630      631     1510
      657      631      632     1511
      658      632      633     1512
      659      633      634     1513
      660      634      635     1514
      661      635      636     1515
      662      636      637     1516
      663      637      615     1517
      664      118      638     1518
      665      638      639     1519
      666      639      640     1520
      667      640      641     1521
      668      641      642     1522
      669      642      643     1523
      670      643      644     1524
      671      644      645     1525
      672      645      646     1526
      673      646      647     1527
      674      647      648     1528
      675      648      649     1529
      676      649      615     1530
      677      615      650     1531
      678      650      651     1532
      679      651      652     1533
      680      652      653     1534
      681      653      654     1535
      682      654      655     1536
      683      655      656     1537
      684      656      657     1538
      685      657      658     1539
      686      658      659     1540
      687      659      660     1541
      688      660      661     1542
      689      661      127     1543
      690      575      662     1544
      691      662      663     1545
      692      663      664     1546
      693      664      665     1547
      694      665      666     1548
      695      666      667     1549
      696      667      668     1550
      697      668      669     1551
      698      669      670     1552
      699      670      671     1553
      700      671      672     1554
      701      672      673     1555
      702      673      615     1556
      703      615      674     1557
      704      674      675     1558
      705      675      676     1559
      706      676      677     1560
      707      677      678     1561
      708      678      679     1562
      709      679      680     1563
      710      680      681     1564
      711      681      682     1565
      712      682      683     1566
      713      683      684     1567
      714      684      685     1568
      715      685      686     1569
      716      686      687     1570
      717      687      688     1571
      718      688      689     1572
      719      689       78     1573
      720      511      691     1574
      721      691      692     1575
      722      692      693     1576
      723      693      694     1577
      724      694      695     1578
      725      695      690     1579
      726      511      696     1580
      727      696      697     1581
      728      697      698     1582
      729      698      699     1583
      730      699      700     1584
      731      700      701     1585
      732      701      702     1586
      733      702      703     1587
      734      703      704     1588
      735      704      705     1589
      736      705      706     1590
      737      706      707     1591
      738      707      708     1592
      739      708      709     1593
      740      709      710     1594
      741      710      711     1595
      742      711      712     1596
      743      712      608     1597
      744      608      713     1598
      745      713      714     1599
      746      714      715     1600
      747      715      716     1601
      748      716      717     1602
      749      717      718     1603
      750      718      719     1604
      751      719      720     1605
      752      720      721     1606
      753      721      722     1607
      754      722      723     1608
      755      723      724     1609
      756      724      725     1610
      757      725      726     1611
      758      726      727     1612
      759      727      728     1613
      760      728      729     1614
      761      729      690     1615
      762      409      731     1616
      763      731      732     1617
      764      732      733     1618
      765      733      734     1619
      766      734      735     1620
      767      735      736     1621
      768      736      737     1622
      769      737      730     1623
      770      400      739     1624
      771      739      740     1625
      772      740      741     1626
      773      741      742     1627
      774      742      743     1628
      775      743      744     1629
      776      744      745     1630
      777      745      746     1631
      778      746      738     1632
      779      738      747     1633
      780      747      748     1634
      781      748      749     1635
      782      749      730     1636
      783      738      750     1637
      784      750      751     1638
      785      751      752     1639
      786      752      753     1640
      787      753      754     1641
      788      754      755     1642
      789      755      756     1643
      790      756      757     1644
      791      757      758     1645
      792      758      759     1646
      793      759      760     1647
      794      760      761     1648
      795      761      575     1649
      796      738      762     1650
      797      762      763     1651
      798      763      764     1652
      799      764      765     1653
      800      765      468     1654
      801      608      766     1655
      802      766      767     1656
      803      767      768     1657
      804      768      769     1658
      805      769      770     1659
      806      770      771     1660
      807      771      772     1661
      808      772      773     1662
      809      773      774     1663
      810      774      775     1664
      811      775      776     1665
      812      776      730     1666
      813      730      777     1667
      814      777      778     1668
      815      778      779     1669
      816      779      780     1670
      817      780      781     1671
      818      781      782     1672
      819      782      783     1673
      820      783      784     1674
      821      784      785     1675
      822      785      786     1676
      823      786      787     1677
      824      787      788     1678
      825      788      575     1679
      826      789      790     1680
      827      790      791     1681
      828      791      792     1682
      829      792      793     1683
      830      793      730     1684
      831      448      608     1685
      832      690      795     1686
      833      795      796     1687
      834      796      797     1688
      835      797      798     1689
      836      798      794     1690
      837      690      799     1691
      838      799      800     1692
      839      800      801     1693
      840      801      323     1694
      841      794      802     1695
      842      802      803     1696
      843      803      804     1697
      844      804      805     1698
      845      805      806     1699
      846      806      807     1700
      847      807      808     1701
      848      808      809     1702
      849      809      810     1703
      850      810      205     1704
      851      811      812     1705
      852      812      813     1706
      853      813      814     1707
      854      814      815     1708
      855      815      816     1709
      856      816      511     1710
      857      486      817     1711
      858      817      818     1712
      859      818      819     1713
      860      819      811     1714
      861      820      821     1715
      862      821      822     1716
      863      822      823     1717
      864      823      789     1718
      865      820      824     1719
      866      824      825     1720
      867      825      826     1721
      868      826      469     1722
      869      486      827     1723
      870      827      828     1724
      871      828      829     1725
      872      829      830     1726
      873      830      831     1727
      874      831      832     1728
      875      832      833     1729
      876      833      834     1730
      877      834      835     1731
      878      835      836     1732
      879      836      837     1733
      880      837      838     1734
      881      838      839     1735
      882      839      840     1736
      883      840      841     1737
      884      841      842     1738
      885      842      843     1739
      886      843      820     1740
      887      205      844     1741
      888      844      845     1742
      889      845      846     1743
      890      846      847     1744
      891      847      848     1745
      892      848      849     1746
      893      849      850     1747
      894      850      851     1748
      895      851      158     1749
      896      118      852     1750
      897      852      853     1751
      898      853      854     1752
      899      854      127     1753
-1
secnum,1    ! reset the section ID to default
! Material Id = {90EE5C9F-E96B-4DBD-A60C-BD9C20EBC4E3}
/com,*********** Elements for Body 6 'Beam (Extracted Profile2)' ***********
et,6,188
keyo,6,3,2
MAT,6 $ TYPE,6 $ REAL,6 $ SECNUM,6 $ ESYS,0    ! ELEMNODES = 3
eblock,21,COMPACT,,6
(21i9)
      900     1754     1756     1782
      901     1756     1757     1783
      902     1757     1755     1784
      903     1755     1759     1785
      904     1759     1760     1786
      905     1760     1758     1787
-1
secnum,1    ! reset the section ID to default
! Material Id = {55F30971-33F8-4747-B733-3819FB0397E3}
/com,*********** Elements for Body 7 'Beam (Extracted Profile2)' ***********
et,7,188
keyo,7,3,2
MAT,7 $ TYPE,7 $ REAL,7 $ SECNUM,7 $ ESYS,0    ! ELEMNODES = 3
eblock,21,COMPACT,,6
(21i9)
      906     1761     1763     1788
      907     1763     1764     1789
      908     1764     1762     1790
      909     1762     1766     1791
      910     1766     1767     1792
      911     1767     1765     1793
-1
secnum,1    ! reset the section ID to default
! Material Id = {87FFE4D8-FD32-46A7-854D-CBE78788EA94}
/com,*********** Elements for Body 8 'Beam (Extracted Profile2)' ***********
et,8,188
keyo,8,3,2
MAT,8 $ TYPE,8 $ REAL,8 $ SECNUM,8 $ ESYS,0    ! ELEMNODES = 3
eblock,21,COMPACT,,6
(21i9)
      912     1768     1770     1794
      913     1770     1771     1795
      914     1771     1769     1796
      915     1769     1773     1797
      916     1773     1774     1798
      917     1774     1772     1799
-1
secnum,1    ! reset the section ID to default
! Material Id = {6FA684E1-EE0F-422D-A4EE-2A58BEF72C7E}
/com,*********** Elements for Body 9 'Beam (Extracted Profile2)' ***********
et,9,188
keyo,9,3,2
MAT,9 $ TYPE,9 $ REAL,9 $ SECNUM,9 $ ESYS,0    ! ELEMNODES = 3
eblock,21,COMPACT,,6
(21i9)
      918     1775     1777     1800
      919     1777     1778     1801
      920     1778     1776     1802
      921     1776     1780     1803
      922     1780     1781     1804
      923     1781     1779     1805
-1
secnum,1    ! reset the section ID to default
! Material Id = {69C34010-5C58-4063-B90A-E0A45FBF7DA2}
/com,*********** Elements for Body 10 'Beam (Extracted Profile1)' ***********
et,10,188
keyo,10,3,2
MAT,10 $ TYPE,10 $ REAL,10 $ SECNUM,10 $ ESYS,0    ! ELEMNODES = 3
eblock,21,COMPACT,,18
(21i9)
      924     1806     1808     1882
      925     1808     1809     1883
      926     1809     1810     1884
      927     1810     1811     1885
      928     1811     1812     1886
      929     1812     1813     1887
      930     1813     1814     1888
      931     1814     1815     1889
      932     1815     1807     1890
      933     1806     1817     1891
      934     1817     1818     1892
      935     1818     1819     1893
      936     1819     1820     1894
      937     1820     1821     1895
      938     1821     1822     1896
      939     1822     1823     1897
      940     1823     1824     1898
      941     1824     1816     1899
-1
secnum,1    ! reset the section ID to default
! Material Id = {6C55E5B6-B06E-4703-9E52-2550C50B2767}
/com,*********** Elements for Body 11 'Beam (Extracted Profile1)' ***********
et,11,188
keyo,11,3,2
MAT,11 $ TYPE,11 $ REAL,11 $ SECNUM,11 $ ESYS,0    ! ELEMNODES = 3
eblock,21,COMPACT,,18
(21i9)
      942     1825     1827     1900
      943     1827     1828     1901
      944     1828     1829     1902
      945     1829     1830     1903
      946     1830     1831     1904
      947     1831     1832     1905
      948     1832     1833     1906
      949     1833     1834     1907
      950     1834     1826     1908
      951     1825     1836     1909
      952     1836     1837     1910
      953     1837     1838     1911
      954     1838     1839     1912
      955     1839     1840     1913
      956     1840     1841     1914
      957     1841     1842     1915
      958     1842     1843     1916
      959     1843     1835     1917
-1
secnum,1    ! reset the section ID to default
! Material Id = {2EE1CC87-1A14-490A-8E11-73005838B0D6}
/com,*********** Elements for Body 12 'Beam (Extracted Profile1)' ***********
et,12,188
keyo,12,3,2
MAT,12 $ TYPE,12 $ REAL,12 $ SECNUM,12 $ ESYS,0    ! ELEMNODES = 3
eblock,21,COMPACT,,18
(21i9)
      960     1844     1846     1918
      961     1846     1847     1919
      962     1847     1848     1920
      963     1848     1849     1921
      964     1849     1850     1922
      965     1850     1851     1923
      966     1851     1852     1924
      967     1852     1853     1925
      968     1853     1845     1926
      969     1844     1855     1927
      970     1855     1856     1928
      971     1856     1857     1929
      972     1857     1858     1930
      973     1858     1859     1931
      974     1859     1860     1932
      975     1860     1861     1933
      976     1861     1862     1934
      977     1862     1854     1935
-1
secnum,1    ! reset the section ID to default
! Material Id = {C02B29EF-7E20-4CEB-830D-DFDA83C98832}
/com,*********** Elements for Body 13 'Beam (Extracted Profile1)' ***********
et,13,188
keyo,13,3,2
MAT,13 $ TYPE,13 $ REAL,13 $ SECNUM,13 $ ESYS,0    ! ELEMNODES = 3
eblock,21,COMPACT,,18
(21i9)
      978     1863     1865     1936
      979     1865     1866     1937
      980     1866     1867     1938
      981     1867     1868     1939
      982     1868     1869     1940
      983     1869     1870     1941
      984     1870     1871     1942
      985     1871     1872     1943
      986     1872     1864     1944
      987     1863     1874     1945
      988     1874     1875     1946
      989     1875     1876     1947
      990     1876     1877     1948
      991     1877     1878     1949
      992     1878     1879     1950
      993     1879     1880     1951
      994     1880     1881     1952
      995     1881     1873     1953
-1
secnum,1    ! reset the section ID to default
! Material Id = {551B6348-93FA-4B76-9D3D-59F80F7D0E0D}
/com,*********** Elements for Body 14 'Beam (Extracted Profile1)' ***********
et,14,188
keyo,14,3,2
MAT,14 $ TYPE,14 $ REAL,14 $ SECNUM,14 $ ESYS,0    ! ELEMNODES = 3
eblock,21,COMPACT,,18
(21i9)
      996     1954     1956     2030
      997     1956     1957     2031
      998     1957     1958     2032
      999     1958     1959     2033
     1000     1959     1960     2034
     1001     1960     1961     2035
     1002     1961     1962     2036
     1003     1962     1963     2037
     1004     1963     1955     2038
     1005     1954     1965     2039
     1006     1965     1966     2040
     1007     1966     1967     2041
     1008     1967     1968     2042
     1009     1968     1969     2043
     1010     1969     1970     2044
     1011     1970     1971     2045
     1012     1971     1972     2046
     1013     1972     1964     2047
-1
secnum,1    ! reset the section ID to default
! Material Id = {1709D63B-721C-45DE-BB24-9D0A980F102A}
/com,*********** Elements for Body 15 'Beam (Extracted Profile1)' ***********
et,15,188
keyo,15,3,2
MAT,15 $ TYPE,15 $ REAL,15 $ SECNUM,15 $ ESYS,0    ! ELEMNODES = 3
eblock,21,COMPACT,,18
(21i9)
     1014     1973     1975     2048
     1015     1975     1976     2049
     1016     1976     1977     2050
     1017     1977     1978     2051
     1018     1978     1979     2052
     1019     1979     1980     2053
     1020     1980     1981     2054
     1021     1981     1982     2055
     1022     1982     1974     2056
     1023     1973     1984     2057
     1024     1984     1985     2058
     1025     1985     1986     2059
     1026     1986     1987     2060
     1027     1987     1988     2061
     1028     1988     1989     2062
     1029     1989     1990     2063
     1030     1990     1991     2064
     1031     1991     1983     2065
-1
secnum,1    ! reset the section ID to default
! Material Id = {3F311F18-C63E-466D-863C-0FCA1E6D6EB3}
/com,*********** Elements for Body 16 'Beam (Extracted Profile1)' ***********
et,16,188
keyo,16,3,2
MAT,16 $ TYPE,16 $ REAL,16 $ SECNUM,16 $ ESYS,0    ! ELEMNODES = 3
eblock,21,COMPACT,,18
(21i9)
     1032     1992     1994     2066
     1033     1994     1995     2067
     1034     1995     1996     2068
     1035     1996     1997     2069
     1036     1997     1998     2070
     1037     1998     1999     2071
     1038     1999     2000     2072
     1039     2000     2001     2073
     1040     2001     1993     2074
     1041     1992     2003     2075
     1042     2003     2004     2076
     1043     2004     2005     2077
     1044     2005     2006     2078
     1045     2006     2007     2079
     1046     2007     2008     2080
     1047     2008     2009     2081
     1048     2009     2010     2082
     1049     2010     2002     2083
-1
secnum,1    ! reset the section ID to default
! Material Id = {B02F2ED3-58E9-4C19-AA39-ECDD8DD60C48}
/com,*********** Elements for Body 17 'Beam (Extracted Profile1)' ***********
et,17,188
keyo,17,3,2
MAT,17 $ TYPE,17 $ REAL,17 $ SECNUM,17 $ ESYS,0    ! ELEMNODES = 3
eblock,21,COMPACT,,18
(21i9)
     1050     2011     2013     2084
     1051     2013     2014     2085
     1052     2014     2015     2086
     1053     2015     2016     2087
     1054     2016     2017     2088
     1055     2017     2018     2089
     1056     2018     2019     2090
     1057     2019     2020     2091
     1058     2020     2012     2092
     1059     2011     2022     2093
     1060     2022     2023     2094
     1061     2023     2024     2095
     1062     2024     2025     2096
     1063     2025     2026     2097
     1064     2026     2027     2098
     1065     2027     2028     2099
     1066     2028     2029     2100
     1067     2029     2021     2101
-1
secnum,1    ! reset the section ID to default
! Material Id = {3684AA2E-24F1-431C-8D7D-1F2A0F1E4C01}
/wb,elem,end               !  done creating elements
toffst,273.15,      ! Temperature offset from absolute zero
/com,*********** Set Reference Temperature ***********
tref,22.
/wb,mat,start              !  starting to send materials
/com,*********** Send Materials ***********
Temperature = 'TEMP' ! Temperature
MP,DENS,1,7850,	! kg m^-3
MP,ALPX,1,1.2e-05,	! C^-1
MP,C,1,434,	! J kg^-1 C^-1
MP,KXX,1,60.5,	! W m^-1 C^-1
MP,RSVX,1,1.7e-07,	! kg m^3 A^-2 s^-3
MP,EX,1,200000000000,	! Pa
MP,NUXY,1,0.3,
MP,MURX,1,10000,
MP,UVID,1,67ee1146-eeaa-4830-9359-1f5bbe3c9b98
MP,UMID,1,59002a79-71c2-428e-906b-55d7dbee100e

Temperature = 'TEMP' ! Temperature
MP,DENS,2,7850,	! kg m^-3
MP,ALPX,2,1.2e-05,	! C^-1
MP,C,2,434,	! J kg^-1 C^-1
MP,KXX,2,60.5,	! W m^-1 C^-1
MP,RSVX,2,1.7e-07,	! kg m^3 A^-2 s^-3
MP,EX,2,200000000000,	! Pa
MP,NUXY,2,0.3,
MP,MURX,2,10000,
MP,UVID,2,67ee1146-eeaa-4830-9359-1f5bbe3c9b98
MP,UMID,2,59002a79-71c2-428e-906b-55d7dbee100e

Temperature = 'TEMP' ! Temperature
MP,DENS,3,7850,	! kg m^-3
MP,ALPX,3,1.2e-05,	! C^-1
MP,C,3,434,	! J kg^-1 C^-1
MP,KXX,3,60.5,	! W m^-1 C^-1
MP,RSVX,3,1.7e-07,	! kg m^3 A^-2 s^-3
MP,EX,3,200000000000,	! Pa
MP,NUXY,3,0.3,
MP,MURX,3,10000,
MP,UVID,3,67ee1146-eeaa-4830-9359-1f5bbe3c9b98
MP,UMID,3,59002a79-71c2-428e-906b-55d7dbee100e

Temperature = 'TEMP' ! Temperature
MP,DENS,4,7850,	! kg m^-3
MP,ALPX,4,1.2e-05,	! C^-1
MP,C,4,434,	! J kg^-1 C^-1
MP,KXX,4,60.5,	! W m^-1 C^-1
MP,RSVX,4,1.7e-07,	! kg m^3 A^-2 s^-3
MP,EX,4,200000000000,	! Pa
MP,NUXY,4,0.3,
MP,MURX,4,10000,
MP,UVID,4,67ee1146-eeaa-4830-9359-1f5bbe3c9b98
MP,UMID,4,59002a79-71c2-428e-906b-55d7dbee100e

Temperature = 'TEMP' ! Temperature
MP,DENS,5,7850,	! kg m^-3
MP,ALPX,5,1.2e-05,	! C^-1
MP,C,5,434,	! J kg^-1 C^-1
MP,KXX,5,60.5,	! W m^-1 C^-1
MP,RSVX,5,1.7e-07,	! kg m^3 A^-2 s^-3
MP,EX,5,200000000000,	! Pa
MP,NUXY,5,0.3,
MP,MURX,5,10000,
MP,UVID,5,67ee1146-eeaa-4830-9359-1f5bbe3c9b98
MP,UMID,5,59002a79-71c2-428e-906b-55d7dbee100e

Temperature = 'TEMP' ! Temperature
MP,DENS,6,7850,	! kg m^-3
MP,ALPX,6,1.2e-05,	! C^-1
MP,C,6,434,	! J kg^-1 C^-1
MP,KXX,6,60.5,	! W m^-1 C^-1
MP,RSVX,6,1.7e-07,	! kg m^3 A^-2 s^-3
MP,EX,6,200000000000,	! Pa
MP,NUXY,6,0.3,
MP,MURX,6,10000,
MP,UVID,6,67ee1146-eeaa-4830-9359-1f5bbe3c9b98
MP,UMID,6,59002a79-71c2-428e-906b-55d7dbee100e

Temperature = 'TEMP' ! Temperature
MP,DENS,7,7850,	! kg m^-3
MP,ALPX,7,1.2e-05,	! C^-1
MP,C,7,434,	! J kg^-1 C^-1
MP,KXX,7,60.5,	! W m^-1 C^-1
MP,RSVX,7,1.7e-07,	! kg m^3 A^-2 s^-3
MP,EX,7,200000000000,	! Pa
MP,NUXY,7,0.3,
MP,MURX,7,10000,
MP,UVID,7,67ee1146-eeaa-4830-9359-1f5bbe3c9b98
MP,UMID,7,59002a79-71c2-428e-906b-55d7dbee100e

Temperature = 'TEMP' ! Temperature
MP,DENS,8,7850,	! kg m^-3
MP,ALPX,8,1.2e-05,	! C^-1
MP,C,8,434,	! J kg^-1 C^-1
MP,KXX,8,60.5,	! W m^-1 C^-1
MP,RSVX,8,1.7e-07,	! kg m^3 A^-2 s^-3
MP,EX,8,200000000000,	! Pa
MP,NUXY,8,0.3,
MP,MURX,8,10000,
MP,UVID,8,67ee1146-eeaa-4830-9359-1f5bbe3c9b98
MP,UMID,8,59002a79-71c2-428e-906b-55d7dbee100e

Temperature = 'TEMP' ! Temperature
MP,DENS,9,7850,	! kg m^-3
MP,ALPX,9,1.2e-05,	! C^-1
MP,C,9,434,	! J kg^-1 C^-1
MP,KXX,9,60.5,	! W m^-1 C^-1
MP,RSVX,9,1.7e-07,	! kg m^3 A^-2 s^-3
MP,EX,9,200000000000,	! Pa
MP,NUXY,9,0.3,
MP,MURX,9,10000,
MP,UVID,9,67ee1146-eeaa-4830-9359-1f5bbe3c9b98
MP,UMID,9,59002a79-71c2-428e-906b-55d7dbee100e

Temperature = 'TEMP' ! Temperature
MP,DENS,10,7850,	! kg m^-3
MP,ALPX,10,1.2e-05,	! C^-1
MP,C,10,434,	! J kg^-1 C^-1
MP,KXX,10,60.5,	! W m^-1 C^-1
MP,RSVX,10,1.7e-07,	! kg m^3 A^-2 s^-3
MP,EX,10,200000000000,	! Pa
MP,NUXY,10,0.3,
MP,MURX,10,10000,
MP,UVID,10,67ee1146-eeaa-4830-9359-1f5bbe3c9b98
MP,UMID,10,59002a79-71c2-428e-906b-55d7dbee100e

Temperature = 'TEMP' ! Temperature
MP,DENS,11,7850,	! kg m^-3
MP,ALPX,11,1.2e-05,	! C^-1
MP,C,11,434,	! J kg^-1 C^-1
MP,KXX,11,60.5,	! W m^-1 C^-1
MP,RSVX,11,1.7e-07,	! kg m^3 A^-2 s^-3
MP,EX,11,200000000000,	! Pa
MP,NUXY,11,0.3,
MP,MURX,11,10000,
MP,UVID,11,67ee1146-eeaa-4830-9359-1f5bbe3c9b98
MP,UMID,11,59002a79-71c2-428e-906b-55d7dbee100e

Temperature = 'TEMP' ! Temperature
MP,DENS,12,7850,	! kg m^-3
MP,ALPX,12,1.2e-05,	! C^-1
MP,C,12,434,	! J kg^-1 C^-1
MP,KXX,12,60.5,	! W m^-1 C^-1
MP,RSVX,12,1.7e-07,	! kg m^3 A^-2 s^-3
MP,EX,12,200000000000,	! Pa
MP,NUXY,12,0.3,
MP,MURX,12,10000,
MP,UVID,12,67ee1146-eeaa-4830-9359-1f5bbe3c9b98
MP,UMID,12,59002a79-71c2-428e-906b-55d7dbee100e

Temperature = 'TEMP' ! Temperature
MP,DENS,13,7850,	! kg m^-3
MP,ALPX,13,1.2e-05,	! C^-1
MP,C,13,434,	! J kg^-1 C^-1
MP,KXX,13,60.5,	! W m^-1 C^-1
MP,RSVX,13,1.7e-07,	! kg m^3 A^-2 s^-3
MP,EX,13,200000000000,	! Pa
MP,NUXY,13,0.3,
MP,MURX,13,10000,
MP,UVID,13,67ee1146-eeaa-4830-9359-1f5bbe3c9b98
MP,UMID,13,59002a79-71c2-428e-906b-55d7dbee100e

Temperature = 'TEMP' ! Temperature
MP,DENS,14,7850,	! kg m^-3
MP,ALPX,14,1.2e-05,	! C^-1
MP,C,14,434,	! J kg^-1 C^-1
MP,KXX,14,60.5,	! W m^-1 C^-1
MP,RSVX,14,1.7e-07,	! kg m^3 A^-2 s^-3
MP,EX,14,200000000000,	! Pa
MP,NUXY,14,0.3,
MP,MURX,14,10000,
MP,UVID,14,67ee1146-eeaa-4830-9359-1f5bbe3c9b98
MP,UMID,14,59002a79-71c2-428e-906b-55d7dbee100e

Temperature = 'TEMP' ! Temperature
MP,DENS,15,7850,	! kg m^-3
MP,ALPX,15,1.2e-05,	! C^-1
MP,C,15,434,	! J kg^-1 C^-1
MP,KXX,15,60.5,	! W m^-1 C^-1
MP,RSVX,15,1.7e-07,	! kg m^3 A^-2 s^-3
MP,EX,15,200000000000,	! Pa
MP,NUXY,15,0.3,
MP,MURX,15,10000,
MP,UVID,15,67ee1146-eeaa-4830-9359-1f5bbe3c9b98
MP,UMID,15,59002a79-71c2-428e-906b-55d7dbee100e

Temperature = 'TEMP' ! Temperature
MP,DENS,16,7850,	! kg m^-3
MP,ALPX,16,1.2e-05,	! C^-1
MP,C,16,434,	! J kg^-1 C^-1
MP,KXX,16,60.5,	! W m^-1 C^-1
MP,RSVX,16,1.7e-07,	! kg m^3 A^-2 s^-3
MP,EX,16,200000000000,	! Pa
MP,NUXY,16,0.3,
MP,MURX,16,10000,
MP,UVID,16,67ee1146-eeaa-4830-9359-1f5bbe3c9b98
MP,UMID,16,59002a79-71c2-428e-906b-55d7dbee100e

Temperature = 'TEMP' ! Temperature
MP,DENS,17,7850,	! kg m^-3
MP,ALPX,17,1.2e-05,	! C^-1
MP,C,17,434,	! J kg^-1 C^-1
MP,KXX,17,60.5,	! W m^-1 C^-1
MP,RSVX,17,1.7e-07,	! kg m^3 A^-2 s^-3
MP,EX,17,200000000000,	! Pa
MP,NUXY,17,0.3,
MP,MURX,17,10000,
MP,UVID,17,67ee1146-eeaa-4830-9359-1f5bbe3c9b98
MP,UMID,17,59002a79-71c2-428e-906b-55d7dbee100e

/wb,mat,end                !  done sending materials
/com,*********** Send Beam Properties ***********
SECTYPE,1,BEAM,CTUB
SECDATA,7.8994e-003,1.0668e-002
secoffset,cent

SECTYPE,2,BEAM,CTUB
SECDATA,7.8994e-003,1.0668e-002
secoffset,cent

SECTYPE,3,BEAM,CTUB
SECDATA,7.8994e-003,1.0668e-002
secoffset,cent

SECTYPE,4,BEAM,CTUB
SECDATA,7.8994e-003,1.0668e-002
secoffset,cent

SECTYPE,5,BEAM,CTUB
SECDATA,1.22174e-002,1.6764e-002
secoffset,cent

SECTYPE,6,BEAM,CTUB
SECDATA,1.22174e-002,1.6764e-002
secoffset,cent

SECTYPE,7,BEAM,CTUB
SECDATA,1.22174e-002,1.6764e-002
secoffset,cent

SECTYPE,8,BEAM,CTUB
SECDATA,1.22174e-002,1.6764e-002
secoffset,cent

SECTYPE,9,BEAM,CTUB
SECDATA,1.22174e-002,1.6764e-002
secoffset,cent

SECTYPE,10,BEAM,CTUB
SECDATA,7.8994e-003,1.0668e-002
secoffset,cent

SECTYPE,11,BEAM,CTUB
SECDATA,7.8994e-003,1.0668e-002
secoffset,cent

SECTYPE,12,BEAM,CTUB
SECDATA,7.8994e-003,1.0668e-002
secoffset,cent

SECTYPE,13,BEAM,CTUB
SECDATA,7.8994e-003,1.0668e-002
secoffset,cent

SECTYPE,14,BEAM,CTUB
SECDATA,7.8994e-003,1.0668e-002
secoffset,cent

SECTYPE,15,BEAM,CTUB
SECDATA,7.8994e-003,1.0668e-002
secoffset,cent

SECTYPE,16,BEAM,CTUB
SECDATA,7.8994e-003,1.0668e-002
secoffset,cent

SECTYPE,17,BEAM,CTUB
SECDATA,7.8994e-003,1.0668e-002
secoffset,cent

!************************* Model Summary ********************
! Beam (Extracted Profile1),	Structural Steel,	matid,	1
! Beam (Extracted Profile1),	Structural Steel,	matid,	2
! Beam (Extracted Profile1),	Structural Steel,	matid,	3
! Beam (Extracted Profile1),	Structural Steel,	matid,	4
! Beam (Extracted Profile2),	Structural Steel,	matid,	5
! Beam (Extracted Profile2),	Structural Steel,	matid,	6
! Beam (Extracted Profile2),	Structural Steel,	matid,	7
! Beam (Extracted Profile2),	Structural Steel,	matid,	8
! Beam (Extracted Profile2),	Structural Steel,	matid,	9
! Beam (Extracted Profile1),	Structural Steel,	matid,	10
! Beam (Extracted Profile1),	Structural Steel,	matid,	11
! Beam (Extracted Profile1),	Structural Steel,	matid,	12
! Beam (Extracted Profile1),	Structural Steel,	matid,	13
! Beam (Extracted Profile1),	Structural Steel,	matid,	14
! Beam (Extracted Profile1),	Structural Steel,	matid,	15
! Beam (Extracted Profile1),	Structural Steel,	matid,	16
! Beam (Extracted Profile1),	Structural Steel,	matid,	17
!************************* End Model Summary ********************
! get the diagonal of the bounding box. Needed later for other things
*get,_xmin,node,,mnloc,x
*get,_ymin,node,,mnloc,y
*get,_zmin,node,,mnloc,z
*get,_xmax,node,,mxloc,x
*get,_ymax,node,,mxloc,y
*get,_zmax,node,,mxloc,z
_ASMDIAG=(_xmax-_xmin)*(_xmax-_xmin)+(_ymax-_ymin)*(_ymax-_ymin)+(_zmax-_zmin)*(_zmax-_zmin)
_ASMDIAG=SQRT(_ASMDIAG)
/wb,contact,start          !  starting to send contact
/wb,contact,end            !  done creating contacts
/com,*********** Send Named Selection as Node Component ***********
CMBLOCK,CHASSIS_A_ARMS,NODE,       16
(8i10)
        41        42        78       105       118       127       157       171
       374       388       400       409       511       546       730       738
/com,*********** Send Named Selection as Node Component ***********
CMBLOCK,A_ARMS_CHASSIS,NODE,       16
(8i10)
      1807      1816      1826      1835      1845      1854      1864      1873
      1955      1964      1974      1983      1993      2002      2012      2021
/com,*********** Send Named Selection as Node Component ***********
CMBLOCK,UPRIGHT_LOWER,NODE,        4
(8i10)
      1758      1765      1772      1779
/com,*********** Send Named Selection as Node Component ***********
CMBLOCK,LOWER_UPRIGHT,NODE,        4
(8i10)
      1806      1825      1844      1863
/com,*********** Send Named Selection as Node Component ***********
CMBLOCK,UPRIGHT_UPPER,NODE,        4
(8i10)
      1754      1761      1768      1775
/com,*********** Send Named Selection as Node Component ***********
CMBLOCK,UPPER_UPRIGHT,NODE,        4
(8i10)
      1954      1973      1992      2011
/golist
/wb,load,start             !  starting to send loads
/com,*********** Create Remote Point "Internal Remote Point" ***********
! -------- Remote Point Used by "Spherical - Beam (Extracted Profile2) To Beam (Extracted Profile1)" --------
*set,_npilot,2102
_npilot107=_npilot
et,18,170
type,18
real,18
mat,18
keyo,18,2,1         ! don't fix pilot node
keyo,18,4,111111
tshape,pilo
en,1157,2102        ! create pilot node for rigid link
tshape
en,1158,2102,171
/com,*********** Create Remote Point "Internal Remote Point 2" ***********
! -------- Remote Point Used by "Spherical - Beam (Extracted Profile2) To Beam (Extracted Profile1)" --------
*set,_npilot,2103
_npilot108=_npilot
et,19,170
type,19
real,19
mat,19
keyo,19,2,1         ! don't fix pilot node
keyo,19,4,111111
tshape,pilo
en,1159,2103        ! create pilot node for rigid link
tshape
en,1160,2103,1835
/com,*********** Create Remote Point "Internal Remote Point" ***********
! -------- Remote Point Used by "Chassis A Arms Spherical - Beam (Extracted Profile2) To Beam (Extracted Profile1)" --------
*set,_npilot,2104
_npilot2147=_npilot
et,20,170
type,20
real,20
mat,20
keyo,20,2,1         ! don't fix pilot node
keyo,20,4,111111
tshape,pilo
en,1161,2104        ! create pilot node for rigid link
tshape
en,1162,2104,157
/com,*********** Create Remote Point "Internal Remote Point 2" ***********
! -------- Remote Point Used by "Chassis A Arms Spherical - Beam (Extracted Profile2) To Beam (Extracted Profile1)" --------
*set,_npilot,2105
_npilot2148=_npilot
et,21,170
type,21
real,21
mat,21
keyo,21,2,1         ! don't fix pilot node
keyo,21,4,111111
tshape,pilo
en,1163,2105        ! create pilot node for rigid link
tshape
en,1164,2105,1974
/com,*********** Create Remote Point "Internal Remote Point" ***********
! -------- Remote Point Used by "Chassis A Arms Spherical - Beam (Extracted Profile2) To Beam (Extracted Profile1) 2" --------
*set,_npilot,2106
_npilot2155=_npilot
et,22,170
type,22
real,22
mat,22
keyo,22,2,1         ! don't fix pilot node
keyo,22,4,111111
tshape,pilo
en,1165,2106        ! create pilot node for rigid link
tshape
en,1166,2106,105
/com,*********** Create Remote Point "Internal Remote Point 2" ***********
! -------- Remote Point Used by "Chassis A Arms Spherical - Beam (Extracted Profile2) To Beam (Extracted Profile1) 2" --------
*set,_npilot,2107
_npilot2156=_npilot
et,23,170
type,23
real,23
mat,23
keyo,23,2,1         ! don't fix pilot node
keyo,23,4,111111
tshape,pilo
en,1167,2107        ! create pilot node for rigid link
tshape
en,1168,2107,1983
/com,*********** Create Remote Point "Internal Remote Point" ***********
! -------- Remote Point Used by "Chassis A Arms Spherical - Beam (Extracted Profile2) To Beam (Extracted Profile1) 3" --------
*set,_npilot,2108
_npilot2163=_npilot
et,24,170
type,24
real,24
mat,24
keyo,24,2,1         ! don't fix pilot node
keyo,24,4,111111
tshape,pilo
en,1169,2108        ! create pilot node for rigid link
tshape
en,1170,2108,78
/com,*********** Create Remote Point "Internal Remote Point 2" ***********
! -------- Remote Point Used by "Chassis A Arms Spherical - Beam (Extracted Profile2) To Beam (Extracted Profile1) 3" --------
*set,_npilot,2109
_npilot2164=_npilot
et,25,170
type,25
real,25
mat,25
keyo,25,2,1         ! don't fix pilot node
keyo,25,4,111111
tshape,pilo
en,1171,2109        ! create pilot node for rigid link
tshape
en,1172,2109,1826
/com,*********** Create Remote Point "Internal Remote Point" ***********
! -------- Remote Point Used by "Chassis A Arms Spherical - Beam (Extracted Profile2) To Beam (Extracted Profile1) 4" --------
*set,_npilot,2110
_npilot2171=_npilot
et,26,170
type,26
real,26
mat,26
keyo,26,2,1         ! don't fix pilot node
keyo,26,4,111111
tshape,pilo
en,1173,2110        ! create pilot node for rigid link
tshape
en,1174,2110,42
/com,*********** Create Remote Point "Internal Remote Point 2" ***********
! -------- Remote Point Used by "Chassis A Arms Spherical - Beam (Extracted Profile2) To Beam (Extracted Profile1) 4" --------
*set,_npilot,2111
_npilot2172=_npilot
et,27,170
type,27
real,27
mat,27
keyo,27,2,1         ! don't fix pilot node
keyo,27,4,111111
tshape,pilo
en,1175,2111        ! create pilot node for rigid link
tshape
en,1176,2111,1845
/com,*********** Create Remote Point "Internal Remote Point" ***********
! -------- Remote Point Used by "Chassis A Arms Spherical - Beam (Extracted Profile2) To Beam (Extracted Profile1) 5" --------
*set,_npilot,2112
_npilot2179=_npilot
et,28,170
type,28
real,28
mat,28
keyo,28,2,1         ! don't fix pilot node
keyo,28,4,111111
tshape,pilo
en,1177,2112        ! create pilot node for rigid link
tshape
en,1178,2112,546
/com,*********** Create Remote Point "Internal Remote Point 2" ***********
! -------- Remote Point Used by "Chassis A Arms Spherical - Beam (Extracted Profile2) To Beam (Extracted Profile1) 5" --------
*set,_npilot,2113
_npilot2180=_npilot
et,29,170
type,29
real,29
mat,29
keyo,29,2,1         ! don't fix pilot node
keyo,29,4,111111
tshape,pilo
en,1179,2113        ! create pilot node for rigid link
tshape
en,1180,2113,1964
/com,*********** Create Remote Point "Internal Remote Point" ***********
! -------- Remote Point Used by "Chassis A Arms Spherical - Beam (Extracted Profile2) To Beam (Extracted Profile1) 6" --------
*set,_npilot,2114
_npilot2187=_npilot
et,30,170
type,30
real,30
mat,30
keyo,30,2,1         ! don't fix pilot node
keyo,30,4,111111
tshape,pilo
en,1181,2114        ! create pilot node for rigid link
tshape
en,1182,2114,511
/com,*********** Create Remote Point "Internal Remote Point 2" ***********
! -------- Remote Point Used by "Chassis A Arms Spherical - Beam (Extracted Profile2) To Beam (Extracted Profile1) 6" --------
*set,_npilot,2115
_npilot2188=_npilot
et,31,170
type,31
real,31
mat,31
keyo,31,2,1         ! don't fix pilot node
keyo,31,4,111111
tshape,pilo
en,1183,2115        ! create pilot node for rigid link
tshape
en,1184,2115,1955
/com,*********** Create Remote Point "Internal Remote Point" ***********
! -------- Remote Point Used by "Chassis A Arms Spherical - Beam (Extracted Profile2) To Beam (Extracted Profile1) 7" --------
*set,_npilot,2116
_npilot2195=_npilot
et,32,170
type,32
real,32
mat,32
keyo,32,2,1         ! don't fix pilot node
keyo,32,4,111111
tshape,pilo
en,1185,2116        ! create pilot node for rigid link
tshape
en,1186,2116,41
/com,*********** Create Remote Point "Internal Remote Point 2" ***********
! -------- Remote Point Used by "Chassis A Arms Spherical - Beam (Extracted Profile2) To Beam (Extracted Profile1) 7" --------
*set,_npilot,2117
_npilot2196=_npilot
et,33,170
type,33
real,33
mat,33
keyo,33,2,1         ! don't fix pilot node
keyo,33,4,111111
tshape,pilo
en,1187,2117        ! create pilot node for rigid link
tshape
en,1188,2117,1854
/com,*********** Create Remote Point "Internal Remote Point" ***********
! -------- Remote Point Used by "Chassis A Arms Spherical - Beam (Extracted Profile2) To Beam (Extracted Profile1) 8" --------
*set,_npilot,2118
_npilot2203=_npilot
et,34,170
type,34
real,34
mat,34
keyo,34,2,1         ! don't fix pilot node
keyo,34,4,111111
tshape,pilo
en,1189,2118        ! create pilot node for rigid link
tshape
en,1190,2118,388
/com,*********** Create Remote Point "Internal Remote Point 2" ***********
! -------- Remote Point Used by "Chassis A Arms Spherical - Beam (Extracted Profile2) To Beam (Extracted Profile1) 8" --------
*set,_npilot,2119
_npilot2204=_npilot
et,35,170
type,35
real,35
mat,35
keyo,35,2,1         ! don't fix pilot node
keyo,35,4,111111
tshape,pilo
en,1191,2119        ! create pilot node for rigid link
tshape
en,1192,2119,1816
/com,*********** Create Remote Point "Internal Remote Point" ***********
! -------- Remote Point Used by "Chassis A Arms Spherical - Beam (Extracted Profile2) To Beam (Extracted Profile1) 9" --------
*set,_npilot,2120
_npilot2211=_npilot
et,36,170
type,36
real,36
mat,36
keyo,36,2,1         ! don't fix pilot node
keyo,36,4,111111
tshape,pilo
en,1193,2120        ! create pilot node for rigid link
tshape
en,1194,2120,118
/com,*********** Create Remote Point "Internal Remote Point 2" ***********
! -------- Remote Point Used by "Chassis A Arms Spherical - Beam (Extracted Profile2) To Beam (Extracted Profile1) 9" --------
*set,_npilot,2121
_npilot2212=_npilot
et,37,170
type,37
real,37
mat,37
keyo,37,2,1         ! don't fix pilot node
keyo,37,4,111111
tshape,pilo
en,1195,2121        ! create pilot node for rigid link
tshape
en,1196,2121,1807
/com,*********** Create Remote Point "Internal Remote Point" ***********
! -------- Remote Point Used by "Chassis A Arms Spherical - Beam (Extracted Profile2) To Beam (Extracted Profile1) 10" --------
*set,_npilot,2122
_npilot2219=_npilot
et,38,170
type,38
real,38
mat,38
keyo,38,2,1         ! don't fix pilot node
keyo,38,4,111111
tshape,pilo
en,1197,2122        ! create pilot node for rigid link
tshape
en,1198,2122,127
/com,*********** Create Remote Point "Internal Remote Point 2" ***********
! -------- Remote Point Used by "Chassis A Arms Spherical - Beam (Extracted Profile2) To Beam (Extracted Profile1) 10" --------
*set,_npilot,2123
_npilot2220=_npilot
et,39,170
type,39
real,39
mat,39
keyo,39,2,1         ! don't fix pilot node
keyo,39,4,111111
tshape,pilo
en,1199,2123        ! create pilot node for rigid link
tshape
en,1200,2123,2012
/com,*********** Create Remote Point "Internal Remote Point" ***********
! -------- Remote Point Used by "Chassis A Arms Spherical - Beam (Extracted Profile2) To Beam (Extracted Profile1) 11" --------
*set,_npilot,2124
_npilot2227=_npilot
et,40,170
type,40
real,40
mat,40
keyo,40,2,1         ! don't fix pilot node
keyo,40,4,111111
tshape,pilo
en,1201,2124        ! create pilot node for rigid link
tshape
en,1202,2124,374
/com,*********** Create Remote Point "Internal Remote Point 2" ***********
! -------- Remote Point Used by "Chassis A Arms Spherical - Beam (Extracted Profile2) To Beam (Extracted Profile1) 11" --------
*set,_npilot,2125
_npilot2228=_npilot
et,41,170
type,41
real,41
mat,41
keyo,41,2,1         ! don't fix pilot node
keyo,41,4,111111
tshape,pilo
en,1203,2125        ! create pilot node for rigid link
tshape
en,1204,2125,2021
/com,*********** Create Remote Point "Internal Remote Point" ***********
! -------- Remote Point Used by "Chassis A Arms Spherical - Beam (Extracted Profile2) To Beam (Extracted Profile1) 12" --------
*set,_npilot,2126
_npilot2235=_npilot
et,42,170
type,42
real,42
mat,42
keyo,42,2,1         ! don't fix pilot node
keyo,42,4,111111
tshape,pilo
en,1205,2126        ! create pilot node for rigid link
tshape
en,1206,2126,400
/com,*********** Create Remote Point "Internal Remote Point 2" ***********
! -------- Remote Point Used by "Chassis A Arms Spherical - Beam (Extracted Profile2) To Beam (Extracted Profile1) 12" --------
*set,_npilot,2127
_npilot2236=_npilot
et,43,170
type,43
real,43
mat,43
keyo,43,2,1         ! don't fix pilot node
keyo,43,4,111111
tshape,pilo
en,1207,2127        ! create pilot node for rigid link
tshape
en,1208,2127,1873
/com,*********** Create Remote Point "Internal Remote Point" ***********
! -------- Remote Point Used by "Chassis A Arms Spherical - Beam (Extracted Profile2) To Beam (Extracted Profile1) 13" --------
*set,_npilot,2128
_npilot2243=_npilot
et,44,170
type,44
real,44
mat,44
keyo,44,2,1         ! don't fix pilot node
keyo,44,4,111111
tshape,pilo
en,1209,2128        ! create pilot node for rigid link
tshape
en,1210,2128,409
/com,*********** Create Remote Point "Internal Remote Point 2" ***********
! -------- Remote Point Used by "Chassis A Arms Spherical - Beam (Extracted Profile2) To Beam (Extracted Profile1) 13" --------
*set,_npilot,2129
_npilot2244=_npilot
et,45,170
type,45
real,45
mat,45
keyo,45,2,1         ! don't fix pilot node
keyo,45,4,111111
tshape,pilo
en,1211,2129        ! create pilot node for rigid link
tshape
en,1212,2129,1993
/com,*********** Create Remote Point "Internal Remote Point" ***********
! -------- Remote Point Used by "Chassis A Arms Spherical - Beam (Extracted Profile2) To Beam (Extracted Profile1) 14" --------
*set,_npilot,2130
_npilot2251=_npilot
et,46,170
type,46
real,46
mat,46
keyo,46,2,1         ! don't fix pilot node
keyo,46,4,111111
tshape,pilo
en,1213,2130        ! create pilot node for rigid link
tshape
en,1214,2130,730
/com,*********** Create Remote Point "Internal Remote Point 2" ***********
! -------- Remote Point Used by "Chassis A Arms Spherical - Beam (Extracted Profile2) To Beam (Extracted Profile1) 14" --------
*set,_npilot,2131
_npilot2252=_npilot
et,47,170
type,47
real,47
mat,47
keyo,47,2,1         ! don't fix pilot node
keyo,47,4,111111
tshape,pilo
en,1215,2131        ! create pilot node for rigid link
tshape
en,1216,2131,2002
/com,*********** Create Remote Point "Internal Remote Point" ***********
! -------- Remote Point Used by "Chassis A Arms Spherical - Beam (Extracted Profile2) To Beam (Extracted Profile1) 15" --------
*set,_npilot,2132
_npilot2259=_npilot
et,48,170
type,48
real,48
mat,48
keyo,48,2,1         ! don't fix pilot node
keyo,48,4,111111
tshape,pilo
en,1217,2132        ! create pilot node for rigid link
tshape
en,1218,2132,738
/com,*********** Create Remote Point "Internal Remote Point 2" ***********
! -------- Remote Point Used by "Chassis A Arms Spherical - Beam (Extracted Profile2) To Beam (Extracted Profile1) 15" --------
*set,_npilot,2133
_npilot2260=_npilot
et,49,170
type,49
real,49
mat,49
keyo,49,2,1         ! don't fix pilot node
keyo,49,4,111111
tshape,pilo
en,1219,2133        ! create pilot node for rigid link
tshape
en,1220,2133,1864
/com,*********** Create Remote Point "Internal Remote Point" ***********
! -------- Remote Point Used by "General - Beam (Extracted Profile2) To Beam (Extracted Profile1)" --------
*set,_npilot,2134
_npilot2267=_npilot
et,50,170
type,50
real,50
mat,50
keyo,50,2,1         ! don't fix pilot node
keyo,50,4,111111
tshape,pilo
en,1221,2134        ! create pilot node for rigid link
tshape
en,1222,2134,1765
/com,*********** Create Remote Point "Internal Remote Point 2" ***********
! -------- Remote Point Used by "General - Beam (Extracted Profile2) To Beam (Extracted Profile1)" --------
*set,_npilot,2135
_npilot2268=_npilot
et,51,170
type,51
real,51
mat,51
keyo,51,2,1         ! don't fix pilot node
keyo,51,4,111111
tshape,pilo
en,1223,2135        ! create pilot node for rigid link
tshape
en,1224,2135,1825
/com,*********** Create Remote Point "Internal Remote Point" ***********
! -------- Remote Point Used by "Fixed - Beam (Extracted Profile2) To Beam (Extracted Profile1)" --------
*set,_npilot,2136
_npilot2275=_npilot
et,52,170
type,52
real,52
mat,52
keyo,52,2,1         ! don't fix pilot node
keyo,52,4,111111
tshape,pilo
en,1225,2136        ! create pilot node for rigid link
tshape
en,1226,2136,1779
/com,*********** Create Remote Point "Internal Remote Point 2" ***********
! -------- Remote Point Used by "Fixed - Beam (Extracted Profile2) To Beam (Extracted Profile1)" --------
*set,_npilot,2137
_npilot2276=_npilot
et,53,170
type,53
real,53
mat,53
keyo,53,2,1         ! don't fix pilot node
keyo,53,4,111111
tshape,pilo
en,1227,2137        ! create pilot node for rigid link
tshape
en,1228,2137,1806
/com,*********** Create Remote Point "Internal Remote Point" ***********
! -------- Remote Point Used by "General - Beam (Extracted Profile2) To Beam (Extracted Profile1)" --------
*set,_npilot,2138
_npilot2283=_npilot
et,54,170
type,54
real,54
mat,54
keyo,54,2,1         ! don't fix pilot node
keyo,54,4,111111
tshape,pilo
en,1229,2138        ! create pilot node for rigid link
tshape
en,1230,2138,1772
/com,*********** Create Remote Point "Internal Remote Point 2" ***********
! -------- Remote Point Used by "General - Beam (Extracted Profile2) To Beam (Extracted Profile1)" --------
*set,_npilot,2139
_npilot2284=_npilot
et,55,170
type,55
real,55
mat,55
keyo,55,2,1         ! don't fix pilot node
keyo,55,4,111111
tshape,pilo
en,1231,2139        ! create pilot node for rigid link
tshape
en,1232,2139,1863
/com,*********** Create Remote Point "Internal Remote Point" ***********
! -------- Remote Point Used by "General - Beam (Extracted Profile2) To Beam (Extracted Profile1)" --------
*set,_npilot,2140
_npilot2291=_npilot
et,56,170
type,56
real,56
mat,56
keyo,56,2,1         ! don't fix pilot node
keyo,56,4,111111
tshape,pilo
en,1233,2140        ! create pilot node for rigid link
tshape
en,1234,2140,1758
/com,*********** Create Remote Point "Internal Remote Point 2" ***********
! -------- Remote Point Used by "General - Beam (Extracted Profile2) To Beam (Extracted Profile1)" --------
*set,_npilot,2141
_npilot2292=_npilot
et,57,170
type,57
real,57
mat,57
keyo,57,2,1         ! don't fix pilot node
keyo,57,4,111111
tshape,pilo
en,1235,2141        ! create pilot node for rigid link
tshape
en,1236,2141,1844
/com,*********** Create Remote Point "Internal Remote Point" ***********
! -------- Remote Point Used by "Upright Upper Upright Lower Spherical - Beam (Extracted Profile2) To Beam (Extracted Profile1)" --------
*set,_npilot,2142
_npilot2299=_npilot
et,58,170
type,58
real,58
mat,58
keyo,58,2,1         ! don't fix pilot node
keyo,58,4,111111
tshape,pilo
en,1237,2142        ! create pilot node for rigid link
tshape
en,1238,2142,1754
/com,*********** Create Remote Point "Internal Remote Point 2" ***********
! -------- Remote Point Used by "Upright Upper Upright Lower Spherical - Beam (Extracted Profile2) To Beam (Extracted Profile1)" --------
*set,_npilot,2143
_npilot2300=_npilot
et,59,170
type,59
real,59
mat,59
keyo,59,2,1         ! don't fix pilot node
keyo,59,4,111111
tshape,pilo
en,1239,2143        ! create pilot node for rigid link
tshape
en,1240,2143,1954
/com,*********** Create Remote Point "Internal Remote Point" ***********
! -------- Remote Point Used by "Upright Upper Upright Lower Spherical - Beam (Extracted Profile2) To Beam (Extracted Profile1) 2" --------
*set,_npilot,2144
_npilot2307=_npilot
et,60,170
type,60
real,60
mat,60
keyo,60,2,1         ! don't fix pilot node
keyo,60,4,111111
tshape,pilo
en,1241,2144        ! create pilot node for rigid link
tshape
en,1242,2144,1761
/com,*********** Create Remote Point "Internal Remote Point 2" ***********
! -------- Remote Point Used by "Upright Upper Upright Lower Spherical - Beam (Extracted Profile2) To Beam (Extracted Profile1) 2" --------
*set,_npilot,2145
_npilot2308=_npilot
et,61,170
type,61
real,61
mat,61
keyo,61,2,1         ! don't fix pilot node
keyo,61,4,111111
tshape,pilo
en,1243,2145        ! create pilot node for rigid link
tshape
en,1244,2145,1973
/com,*********** Create Remote Point "Internal Remote Point" ***********
! -------- Remote Point Used by "Upright Upper Upright Lower Spherical - Beam (Extracted Profile2) To Beam (Extracted Profile1) 3" --------
*set,_npilot,2146
_npilot2315=_npilot
et,62,170
type,62
real,62
mat,62
keyo,62,2,1         ! don't fix pilot node
keyo,62,4,111111
tshape,pilo
en,1245,2146        ! create pilot node for rigid link
tshape
en,1246,2146,1768
/com,*********** Create Remote Point "Internal Remote Point 2" ***********
! -------- Remote Point Used by "Upright Upper Upright Lower Spherical - Beam (Extracted Profile2) To Beam (Extracted Profile1) 3" --------
*set,_npilot,2147
_npilot2316=_npilot
et,63,170
type,63
real,63
mat,63
keyo,63,2,1         ! don't fix pilot node
keyo,63,4,111111
tshape,pilo
en,1247,2147        ! create pilot node for rigid link
tshape
en,1248,2147,1992
/com,*********** Create Remote Point "Internal Remote Point" ***********
! -------- Remote Point Used by "Upright Upper Upright Lower Spherical - Beam (Extracted Profile2) To Beam (Extracted Profile1) 4" --------
*set,_npilot,2148
_npilot2323=_npilot
et,64,170
type,64
real,64
mat,64
keyo,64,2,1         ! don't fix pilot node
keyo,64,4,111111
tshape,pilo
en,1249,2148        ! create pilot node for rigid link
tshape
en,1250,2148,1775
/com,*********** Create Remote Point "Internal Remote Point 2" ***********
! -------- Remote Point Used by "Upright Upper Upright Lower Spherical - Beam (Extracted Profile2) To Beam (Extracted Profile1) 4" --------
*set,_npilot,2149
_npilot2324=_npilot
et,65,170
type,65
real,65
mat,65
keyo,65,2,1         ! don't fix pilot node
keyo,65,4,111111
tshape,pilo
en,1251,2149        ! create pilot node for rigid link
tshape
en,1252,2149,2011
/com,*********** Create Remote Point "Internal Remote Point 3" ***********
! -------- Remote Point Used by "Longitudinal - Beam (Extracted Profile2) To Beam (Extracted Profile2)" --------
*set,_npilot,2150
_npilot2331=_npilot
et,66,170
type,66
real,66
mat,66
keyo,66,2,1         ! don't fix pilot node
keyo,66,4,111111
tshape,pilo
en,1253,2150        ! create pilot node for rigid link
tshape
en,1254,2150,1765
/com,*********** Create Remote Point "Internal Remote Point 4" ***********
! -------- Remote Point Used by "Longitudinal - Beam (Extracted Profile2) To Beam (Extracted Profile2)" --------
*set,_npilot,2151
_npilot2332=_npilot
et,67,170
type,67
real,67
mat,67
keyo,67,2,1         ! don't fix pilot node
keyo,67,4,111111
tshape,pilo
en,1255,2151        ! create pilot node for rigid link
tshape
en,1256,2151,264
/com,*********** Create Remote Point "Internal Remote Point 5" ***********
! -------- Remote Point Used by "Longitudinal - Beam (Extracted Profile2) To Beam (Extracted Profile2)" --------
*set,_npilot,2152
_npilot2334=_npilot
et,68,170
type,68
real,68
mat,68
keyo,68,2,1         ! don't fix pilot node
keyo,68,4,111111
tshape,pilo
en,1257,2152        ! create pilot node for rigid link
tshape
en,1258,2152,1758
/com,*********** Create Remote Point "Internal Remote Point 6" ***********
! -------- Remote Point Used by "Longitudinal - Beam (Extracted Profile2) To Beam (Extracted Profile2)" --------
*set,_npilot,2153
_npilot2335=_npilot
et,69,170
type,69
real,69
mat,69
keyo,69,2,1         ! don't fix pilot node
keyo,69,4,111111
tshape,pilo
en,1259,2153        ! create pilot node for rigid link
tshape
en,1260,2153,794
/com,*********** Create Remote Point "Internal Remote Point 7" ***********
! -------- Remote Point Used by "Longitudinal - Beam (Extracted Profile2) To Beam (Extracted Profile2)" --------
*set,_npilot,2154
_npilot2337=_npilot
et,70,170
type,70
real,70
mat,70
keyo,70,2,1         ! don't fix pilot node
keyo,70,4,111111
tshape,pilo
en,1261,2154        ! create pilot node for rigid link
tshape
en,1262,2154,1772
/com,*********** Create Remote Point "Internal Remote Point 8" ***********
! -------- Remote Point Used by "Longitudinal - Beam (Extracted Profile2) To Beam (Extracted Profile2)" --------
*set,_npilot,2155
_npilot2338=_npilot
et,71,170
type,71
real,71
mat,71
keyo,71,2,1         ! don't fix pilot node
keyo,71,4,111111
tshape,pilo
en,1263,2155        ! create pilot node for rigid link
tshape
en,1264,2155,423
/com,*********** Create Remote Point "Internal Remote Point 9" ***********
! -------- Remote Point Used by "Longitudinal - Beam (Extracted Profile2) To Beam (Extracted Profile2)" --------
*set,_npilot,2156
_npilot2340=_npilot
et,72,170
type,72
real,72
mat,72
keyo,72,2,1         ! don't fix pilot node
keyo,72,4,111111
tshape,pilo
en,1265,2156        ! create pilot node for rigid link
tshape
en,1266,2156,1779
/com,*********** Create Remote Point "Internal Remote Point 10" ***********
! -------- Remote Point Used by "Longitudinal - Beam (Extracted Profile2) To Beam (Extracted Profile2)" --------
*set,_npilot,2157
_npilot2341=_npilot
et,73,170
type,73
real,73
mat,73
keyo,73,2,1         ! don't fix pilot node
keyo,73,4,111111
tshape,pilo
en,1267,2157        ! create pilot node for rigid link
tshape
en,1268,2157,356
/com,*********** Create Remote Point "Internal Remote Point 11" ***********
! -------- Remote Point Used by "Remote Force" --------
*set,tid,75
*set,cid,74
et,cid,175
et,tid,170
keyo,tid,2,1               ! Don't fix the pilot node
keyo,tid,4,111111
keyo,cid,12,5              ! Bonded Contact 
keyo,cid,4,1               ! Deformable RBE3 style load
keyo,cid,2,2               ! MPC style contact
mat,74
real,74
type,74
en,1269,1761
en,1270,1762
en,1271,1763
en,1272,1764
en,1273,1765
en,1274,1766
en,1275,1767
*set,_npilot,2158
_npilot2357=_npilot
type,tid
mat ,cid
real,cid
tshape,pilo
en,1276,_npilot
tshape
/com,*********** Create Remote Point "Internal Remote Point 12" ***********
! -------- Remote Point Used by "Remote Force 2" --------
*set,tid,77
*set,cid,76
et,cid,175
et,tid,170
keyo,tid,2,1               ! Don't fix the pilot node
keyo,tid,4,111111
keyo,cid,12,5              ! Bonded Contact 
keyo,cid,4,1               ! Deformable RBE3 style load
keyo,cid,2,2               ! MPC style contact
mat,76
real,76
type,76
en,1277,1754
en,1278,1755
en,1279,1756
en,1280,1757
en,1281,1758
en,1282,1759
en,1283,1760
*set,_npilot,2159
_npilot2360=_npilot
type,tid
mat ,cid
real,cid
tshape,pilo
en,1284,_npilot
tshape
/com,*********** Create Remote Point "Internal Remote Point 13" ***********
! -------- Remote Point Used by "Remote Displacement" --------
*set,_npilot,2160
_npilot2363=_npilot
et,78,170
type,78
real,78
mat,78
keyo,78,2,1         ! don't fix pilot node
keyo,78,4,111111
tshape,pilo
en,1285,2160        ! create pilot node for rigid link
tshape
en,1286,2160,1765
/com,*********** Create Remote Point "Internal Remote Point 14" ***********
! -------- Remote Point Used by "Remote Displacement 2" --------
*set,_npilot,2161
_npilot2369=_npilot
et,79,170
type,79
real,79
mat,79
keyo,79,2,1         ! don't fix pilot node
keyo,79,4,111111
tshape,pilo
en,1287,2161        ! create pilot node for rigid link
tshape
en,1288,2161,1779
/com,*********** Create Remote Point "Internal Remote Point 15" ***********
! -------- Remote Point Used by "Remote Displacement 3" --------
*set,_npilot,2162
_npilot2372=_npilot
et,80,170
type,80
real,80
mat,80
keyo,80,2,1         ! don't fix pilot node
keyo,80,4,111111
tshape,pilo
en,1289,2162        ! create pilot node for rigid link
tshape
en,1290,2162,1772
/com,*********** Create Joint "Spherical - Beam (Extracted Profile2) To Beam (Extracted Profile1)" ***********
/com,            Real Constant Set For Above Joint Is 81
! Joint Element Type Declaration and Definition using MPC184
*set,_jid,81
et,_jid,184
keyo,_jid,1,15          ! Spherical Joint 
sectype,_jid, joint, sphe, _wbjoint
secjoint,,12,12
mat,_jid
real,_jid
type,_jid
secnum,_jid
en,1072,2102,2103      ! body to body joint
/com,*********** Create Joint "Chassis A Arms Spherical - Beam (Extracted Profile2) To Beam (Extracted Profile1)" ***********
/com,            Real Constant Set For Above Joint Is 82
! Joint Element Type Declaration and Definition using MPC184
*set,_jid,82
et,_jid,184
keyo,_jid,1,15          ! Spherical Joint 
sectype,_jid, joint, sphe, _wbjoint
secjoint,,13,13
mat,_jid
real,_jid
type,_jid
secnum,_jid
en,1073,2104,2105      ! body to body joint
/com,*********** Create Joint "Chassis A Arms Spherical - Beam (Extracted Profile2) To Beam (Extracted Profile1) 2" ***********
/com,            Real Constant Set For Above Joint Is 83
! Joint Element Type Declaration and Definition using MPC184
*set,_jid,83
et,_jid,184
keyo,_jid,1,15          ! Spherical Joint 
sectype,_jid, joint, sphe, _wbjoint
secjoint,,14,14
mat,_jid
real,_jid
type,_jid
secnum,_jid
en,1074,2106,2107      ! body to body joint
/com,*********** Create Joint "Chassis A Arms Spherical - Beam (Extracted Profile2) To Beam (Extracted Profile1) 3" ***********
/com,            Real Constant Set For Above Joint Is 84
! Joint Element Type Declaration and Definition using MPC184
*set,_jid,84
et,_jid,184
keyo,_jid,1,15          ! Spherical Joint 
sectype,_jid, joint, sphe, _wbjoint
secjoint,,15,15
mat,_jid
real,_jid
type,_jid
secnum,_jid
en,1075,2108,2109      ! body to body joint
/com,*********** Create Joint "Chassis A Arms Spherical - Beam (Extracted Profile2) To Beam (Extracted Profile1) 4" ***********
/com,            Real Constant Set For Above Joint Is 85
! Joint Element Type Declaration and Definition using MPC184
*set,_jid,85
et,_jid,184
keyo,_jid,1,15          ! Spherical Joint 
sectype,_jid, joint, sphe, _wbjoint
secjoint,,16,16
mat,_jid
real,_jid
type,_jid
secnum,_jid
en,1076,2110,2111      ! body to body joint
/com,*********** Create Joint "Chassis A Arms Spherical - Beam (Extracted Profile2) To Beam (Extracted Profile1) 5" ***********
/com,            Real Constant Set For Above Joint Is 86
! Joint Element Type Declaration and Definition using MPC184
*set,_jid,86
et,_jid,184
keyo,_jid,1,15          ! Spherical Joint 
sectype,_jid, joint, sphe, _wbjoint
secjoint,,17,17
mat,_jid
real,_jid
type,_jid
secnum,_jid
en,1077,2112,2113      ! body to body joint
/com,*********** Create Joint "Chassis A Arms Spherical - Beam (Extracted Profile2) To Beam (Extracted Profile1) 6" ***********
/com,            Real Constant Set For Above Joint Is 87
! Joint Element Type Declaration and Definition using MPC184
*set,_jid,87
et,_jid,184
keyo,_jid,1,15          ! Spherical Joint 
sectype,_jid, joint, sphe, _wbjoint
secjoint,,18,18
mat,_jid
real,_jid
type,_jid
secnum,_jid
en,1078,2114,2115      ! body to body joint
/com,*********** Create Joint "Chassis A Arms Spherical - Beam (Extracted Profile2) To Beam (Extracted Profile1) 7" ***********
/com,            Real Constant Set For Above Joint Is 88
! Joint Element Type Declaration and Definition using MPC184
*set,_jid,88
et,_jid,184
keyo,_jid,1,15          ! Spherical Joint 
sectype,_jid, joint, sphe, _wbjoint
secjoint,,19,19
mat,_jid
real,_jid
type,_jid
secnum,_jid
en,1079,2116,2117      ! body to body joint
/com,*********** Create Joint "Chassis A Arms Spherical - Beam (Extracted Profile2) To Beam (Extracted Profile1) 8" ***********
/com,            Real Constant Set For Above Joint Is 89
! Joint Element Type Declaration and Definition using MPC184
*set,_jid,89
et,_jid,184
keyo,_jid,1,15          ! Spherical Joint 
sectype,_jid, joint, sphe, _wbjoint
secjoint,,20,20
mat,_jid
real,_jid
type,_jid
secnum,_jid
en,1080,2118,2119      ! body to body joint
/com,*********** Create Joint "Chassis A Arms Spherical - Beam (Extracted Profile2) To Beam (Extracted Profile1) 9" ***********
/com,            Real Constant Set For Above Joint Is 90
! Joint Element Type Declaration and Definition using MPC184
*set,_jid,90
et,_jid,184
keyo,_jid,1,15          ! Spherical Joint 
sectype,_jid, joint, sphe, _wbjoint
secjoint,,21,21
mat,_jid
real,_jid
type,_jid
secnum,_jid
en,1081,2120,2121      ! body to body joint
/com,*********** Create Joint "Chassis A Arms Spherical - Beam (Extracted Profile2) To Beam (Extracted Profile1) 10" ***********
/com,            Real Constant Set For Above Joint Is 91
! Joint Element Type Declaration and Definition using MPC184
*set,_jid,91
et,_jid,184
keyo,_jid,1,15          ! Spherical Joint 
sectype,_jid, joint, sphe, _wbjoint
secjoint,,22,22
mat,_jid
real,_jid
type,_jid
secnum,_jid
en,1082,2122,2123      ! body to body joint
/com,*********** Create Joint "Chassis A Arms Spherical - Beam (Extracted Profile2) To Beam (Extracted Profile1) 11" ***********
/com,            Real Constant Set For Above Joint Is 92
! Joint Element Type Declaration and Definition using MPC184
*set,_jid,92
et,_jid,184
keyo,_jid,1,15          ! Spherical Joint 
sectype,_jid, joint, sphe, _wbjoint
secjoint,,23,23
mat,_jid
real,_jid
type,_jid
secnum,_jid
en,1083,2124,2125      ! body to body joint
/com,*********** Create Joint "Chassis A Arms Spherical - Beam (Extracted Profile2) To Beam (Extracted Profile1) 12" ***********
/com,            Real Constant Set For Above Joint Is 93
! Joint Element Type Declaration and Definition using MPC184
*set,_jid,93
et,_jid,184
keyo,_jid,1,15          ! Spherical Joint 
sectype,_jid, joint, sphe, _wbjoint
secjoint,,24,24
mat,_jid
real,_jid
type,_jid
secnum,_jid
en,1084,2126,2127      ! body to body joint
/com,*********** Create Joint "Chassis A Arms Spherical - Beam (Extracted Profile2) To Beam (Extracted Profile1) 13" ***********
/com,            Real Constant Set For Above Joint Is 94
! Joint Element Type Declaration and Definition using MPC184
*set,_jid,94
et,_jid,184
keyo,_jid,1,15          ! Spherical Joint 
sectype,_jid, joint, sphe, _wbjoint
secjoint,,25,25
mat,_jid
real,_jid
type,_jid
secnum,_jid
en,1085,2128,2129      ! body to body joint
/com,*********** Create Joint "Chassis A Arms Spherical - Beam (Extracted Profile2) To Beam (Extracted Profile1) 14" ***********
/com,            Real Constant Set For Above Joint Is 95
! Joint Element Type Declaration and Definition using MPC184
*set,_jid,95
et,_jid,184
keyo,_jid,1,15          ! Spherical Joint 
sectype,_jid, joint, sphe, _wbjoint
secjoint,,26,26
mat,_jid
real,_jid
type,_jid
secnum,_jid
en,1086,2130,2131      ! body to body joint
/com,*********** Create Joint "Chassis A Arms Spherical - Beam (Extracted Profile2) To Beam (Extracted Profile1) 15" ***********
/com,            Real Constant Set For Above Joint Is 96
! Joint Element Type Declaration and Definition using MPC184
*set,_jid,96
et,_jid,184
keyo,_jid,1,15          ! Spherical Joint 
sectype,_jid, joint, sphe, _wbjoint
secjoint,,27,27
mat,_jid
real,_jid
type,_jid
secnum,_jid
en,1087,2132,2133      ! body to body joint
/com,*********** Create Joint "General - Beam (Extracted Profile2) To Beam (Extracted Profile1)" ***********
/com,            Real Constant Set For Above Joint Is 97
! Joint Element Type Declaration and Definition using MPC184
*set,_jid,97
et,_jid,184
keyo,_jid,1,16          ! General Joint
sectype,_jid, joint, gene, _wbjoint
secjoint,,28,28
secjoint,rdof,1,2,3,5,6
mat,_jid
real,_jid
type,_jid
secnum,_jid
en,1088,2134,2135      ! body to body joint
/com,*********** Create Joint "Fixed - Beam (Extracted Profile2) To Beam (Extracted Profile1)" ***********
/com,            Real Constant Set For Above Joint Is 98
! Joint Element Type Declaration and Definition using MPC184
*set,_jid,98
et,_jid,184
keyo,_jid,1,13          ! Fixed Joint
sectype,_jid, joint, weld, _wbjoint
secjoint,,29,29
mat,_jid
real,_jid
type,_jid
secnum,_jid
en,1089,2136,2137      ! body to body joint
/com,*********** Create Joint "General - Beam (Extracted Profile2) To Beam (Extracted Profile1)" ***********
/com,            Real Constant Set For Above Joint Is 99
! Joint Element Type Declaration and Definition using MPC184
*set,_jid,99
et,_jid,184
keyo,_jid,1,16          ! General Joint
sectype,_jid, joint, gene, _wbjoint
secjoint,,30,30
secjoint,rdof,1,2,3,5,6
mat,_jid
real,_jid
type,_jid
secnum,_jid
en,1090,2138,2139      ! body to body joint
/com,*********** Create Joint "General - Beam (Extracted Profile2) To Beam (Extracted Profile1)" ***********
/com,            Real Constant Set For Above Joint Is 100
! Joint Element Type Declaration and Definition using MPC184
*set,_jid,100
et,_jid,184
keyo,_jid,1,16          ! General Joint
sectype,_jid, joint, gene, _wbjoint
secjoint,,31,31
secjoint,rdof,1,2,3,5,6
mat,_jid
real,_jid
type,_jid
secnum,_jid
en,1091,2140,2141      ! body to body joint
/com,*********** Create Joint "Upright Upper Upright Lower Spherical - Beam (Extracted Profile2) To Beam (Extracted Profile1)" ***********
/com,            Real Constant Set For Above Joint Is 101
! Joint Element Type Declaration and Definition using MPC184
*set,_jid,101
et,_jid,184
keyo,_jid,1,15          ! Spherical Joint 
sectype,_jid, joint, sphe, _wbjoint
secjoint,,32,32
mat,_jid
real,_jid
type,_jid
secnum,_jid
en,1092,2142,2143      ! body to body joint
/com,*********** Create Joint "Upright Upper Upright Lower Spherical - Beam (Extracted Profile2) To Beam (Extracted Profile1) 2" ***********
/com,            Real Constant Set For Above Joint Is 102
! Joint Element Type Declaration and Definition using MPC184
*set,_jid,102
et,_jid,184
keyo,_jid,1,15          ! Spherical Joint 
sectype,_jid, joint, sphe, _wbjoint
secjoint,,33,33
mat,_jid
real,_jid
type,_jid
secnum,_jid
en,1093,2144,2145      ! body to body joint
/com,*********** Create Joint "Upright Upper Upright Lower Spherical - Beam (Extracted Profile2) To Beam (Extracted Profile1) 3" ***********
/com,            Real Constant Set For Above Joint Is 103
! Joint Element Type Declaration and Definition using MPC184
*set,_jid,103
et,_jid,184
keyo,_jid,1,15          ! Spherical Joint 
sectype,_jid, joint, sphe, _wbjoint
secjoint,,34,34
mat,_jid
real,_jid
type,_jid
secnum,_jid
en,1094,2146,2147      ! body to body joint
/com,*********** Create Joint "Upright Upper Upright Lower Spherical - Beam (Extracted Profile2) To Beam (Extracted Profile1) 4" ***********
/com,            Real Constant Set For Above Joint Is 104
! Joint Element Type Declaration and Definition using MPC184
*set,_jid,104
et,_jid,184
keyo,_jid,1,15          ! Spherical Joint 
sectype,_jid, joint, sphe, _wbjoint
secjoint,,35,35
mat,_jid
real,_jid
type,_jid
secnum,_jid
en,1095,2148,2149      ! body to body joint
/com,*********** Create Spring Connection "Longitudinal - Beam (Extracted Profile2) To Beam (Extracted Profile2)" ***********
/com,            Real Constant Set For Above Spring Connection Is 105
*set,_sid,105
et,_sid,14            ! Combin14, Spring-Damper Element
mat,_sid
real,_sid
type,_sid
keyo,_sid,3,0           ! longitudinal  spring/damper
r,_sid,35000.,0.
en,1068,2150,2151
/com,*********** Create Spring Connection "Longitudinal - Beam (Extracted Profile2) To Beam (Extracted Profile2)" ***********
/com,            Real Constant Set For Above Spring Connection Is 106
*set,_sid,106
et,_sid,14            ! Combin14, Spring-Damper Element
mat,_sid
real,_sid
type,_sid
keyo,_sid,3,0           ! longitudinal  spring/damper
r,_sid,35000.,0.
en,1069,2152,2153
/com,*********** Create Spring Connection "Longitudinal - Beam (Extracted Profile2) To Beam (Extracted Profile2)" ***********
/com,            Real Constant Set For Above Spring Connection Is 107
*set,_sid,107
et,_sid,14            ! Combin14, Spring-Damper Element
mat,_sid
real,_sid
type,_sid
keyo,_sid,3,0           ! longitudinal  spring/damper
r,_sid,35000.,0.
en,1070,2154,2155
/com,*********** Create Spring Connection "Longitudinal - Beam (Extracted Profile2) To Beam (Extracted Profile2)" ***********
/com,            Real Constant Set For Above Spring Connection Is 108
*set,_sid,108
et,_sid,14            ! Combin14, Spring-Damper Element
mat,_sid
real,_sid
type,_sid
keyo,_sid,3,0           ! longitudinal  spring/damper
r,_sid,35000.,0.
en,1071,2156,2157
/com,*********** Construct Remote Force ***********
/com,*********** Construct Remote Force ***********
/com,*********** Construct Remote Displacement ***********
/com,*********** Construct Remote Displacement ***********
/com,*********** Construct Remote Displacement ***********

/COM,*** Create a component for all remote displacements ***
CMBLOCK,REMOTEDISPALL,NODE,        2
(8i10)
      2160     -2162

/gst,on,on
fini
*get,_numnode,node,0,count
*get,_numelem,elem,0,count
*get, _MAXELEMNUM, elem, 0, NUM, MAX
*get, _MAXNODENUM, node, 0, NUM, MAX
*get, _MAXELEMTYPE, etyp, 0, NUM, MAX
*get, _MAXREALCONST, rcon, 0, NUM, MAX
/go
/wb,load,end               !  done creating loads
/com,--- Number of total nodes = %_numnode%
/com,--- Number of contact elements = 14
/com,--- Number of spring elements = 0
/com,--- Number of bearing elements = 0
/com,--- Number of solid elements = 1067
/com,--- Number of condensed parts = 0
/com,--- Number of total elements = %_numelem%
*get,_wallbsol,active,,time,wall
/com,****************************************************************************
/com,*************************    SOLUTION       ********************************
/com,****************************************************************************
/solu
antype,0                   ! static analysis
_thickRatio=  0     ! Ratio of thick parts in the model
eqsl,sparse,,,,,1
irlf,1
cntr,print,1               ! print out contact info and also make no initial contact an error
nldiag,cont,iter           ! print out contact info each equilibrium iteration
rescontrol,,none                 ! Do not keep any restart files
/com,****************************************************
/com,******************* SOLVE FOR LS 1 OF 1 ****************
f,2158,fx,8.08964586687173e-013
f,2158,fy,1000.
f,2158,fz,0.
f,2159,fx,1.00392502470903e-009
f,2159,fy,-1000.
f,2159,fz,3.64681245271226e-009
d,2160,uz,0.
d,2161,ux,0.
d,2161,uy,0.
d,2161,uz,0.
d,2161,rotx,0.
d,2161,roty,0.
d,2161,rotz,0.
d,2162,ux,0.
d,2162,uy,0.
d,2162,uz,0.
/nopr
/gopr
nsub,1,1,1
time,1.
outres,erase
outres,all,none
outres,nsol,all,
outres,rsol,all
outres,eangl,all
outres,etmp,all
outres,veng,all
outres,strs,all,
outres,epel,all,
outres,eppl,all,
outres,cont,all,
/nopr
esel,s,type,,1
esel,a,type,,2,17
esel,a,type,,81,108
cm,_elmisc,elem
esel,all
/gopr
outres,misc,all,_elmisc
! *********** WB SOLVE COMMAND ***********
! check interactive state
*get,ANSINTER_,active,,int
*if,ANSINTER_,ne,0,then
/eof
*endif
solve
/com *************** Write FE CONNECTORS ********* 
CEWRITE,file,ce,,INTE
irlist
/com,****************************************************
/com,*************** FINISHED SOLVE FOR LS 1 *************
fini
*get,_wallasol,active,,time,wall
/nopr
*get,_numnode,node,0,count
*get,_numelem,elem,0,count
*get, _MAXELEMNUM, elem, 0, NUM, MAX
*get, _MAXNODENUM, node, 0, NUM, MAX,,,INTERNAL
*get, _MAXELEMTYPE, etyp, 0, NUM, MAX
*get, _MAXREALCONST, rcon, 0, NUM, MAX
*get,_NSOLTHREADS,active,0,ntfs
*get,_NSOLPROCESSES,active,0,npfs
/gopr
/post1
xmlo,ENCODING,ISO-8859-1
xmlo,parm
/xml,parm,xml
fini
/gopr
*get,_walldone,active,,time,wall
_preptime=(_wallbsol-_wallstrt)*3600
_solvtime=(_wallasol-_wallbsol)*3600
_posttime=(_walldone-_wallasol)*3600
_totaltim=(_walldone-_wallstrt)*3600
*get,_dlbratio,active,0,solu,dlbr
*get,_combtime,active,0,solu,comb
*get,_ssmode,active,0,solu,ssmm
*get,_ndofs,active,0,solu,ndof
/com,--- Total number of nodes = %_numnode%
/com,--- Total number of elements = %_numelem%
/com,--- Element load balance ratio = %_dlbratio%
/com,--- Time to combine distributed files = %_combtime%
/com,--- Sparse memory mode = %_ssmode%
/com,--- Number of DOF = %_ndofs%
/wb,file,end               ! done with WB generated input
