ISO-10303-21;
HEADER;
FILE_DESCRIPTION (( 'STEP AP203' ),
    '1' );
FILE_NAME ('90591A171_Zinc-Plated Steel Hex Nut.STEP',
    '2026-06-17T20:27:29',
    ( 'McMaster Carr Supply' ),
    ( 'McMaster Carr Supply' ),
    'SwSTEP 2.0',
    'SolidWorks 2024',
    '' );
FILE_SCHEMA (( 'CONFIG_CONTROL_DESIGN' ));
ENDSEC;

DATA;
#1 = AXIS2_PLACEMENT_3D ( 'NONE', #806, #1969, #93 ) ;
#2 = CARTESIAN_POINT ( 'NONE',  ( -2.071067811865583419, 5.000000000000251354, -2.093749999999829914 ) ) ;
#3 = CARTESIAN_POINT ( 'NONE',  ( 4.025721420742504719, -1.667508410807429842, 1.281250000000025757 ) ) ;
#4 = FACE_OUTER_BOUND ( 'NONE', #444, .T. ) ;
#5 = CARTESIAN_POINT ( 'NONE',  ( 1.540346697459048730, 3.865858489774670392, 2.897978393560259214 ) ) ;
#6 = CARTESIAN_POINT ( 'NONE',  ( 6.123233995736882639E-16, -5.000000000000095923, -1.437499999999919842 ) ) ;
#7 = CARTESIAN_POINT ( 'NONE',  ( -5.081189881604789349, -2.104697761953647994, 2.828125000000023981 ) ) ;
#8 = CARTESIAN_POINT ( 'NONE',  ( 2.104697761953645330, 5.081189881604789349, 2.359375000000022649 ) ) ;
#9 = ORIENTED_EDGE ( 'NONE', *, *, #874, .T. ) ;
#10 = DIRECTION ( 'NONE',  ( -1.000000000000000000, 0.000000000000000000, 0.000000000000000000 ) ) ;
#11 =( BOUNDED_CURVE ( )  B_SPLINE_CURVE ( 2, ( #1067, #143, #117, #872, #350, #495, #2381, #726, #327 ),
 .UNSPECIFIED., .F., .F. ) 
 B_SPLINE_CURVE_WITH_KNOTS ( ( 3, 2, 2, 2, 3 ),
 ( 0.08727741202617829430, 0.09118956166900075988, 0.09510171131182322546, 0.09901386095464569104, 0.1029260105974681566 ),
 .UNSPECIFIED. ) 
 CURVE ( )  GEOMETRIC_REPRESENTATION_ITEM ( )  RATIONAL_B_SPLINE_CURVE ( ( 1.000000000000000000, 0.9238795325112867385, 1.000000000000000000, 0.9238795325112867385, 1.000000000000000000, 0.9238795325112867385, 1.000000000000000000, 0.9238795325115829460, 0.9999999999997037925 ) ) 
 REPRESENTATION_ITEM ( '' )  );
#12 = CARTESIAN_POINT ( 'NONE',  ( 2.846614915774963173, 2.846614915774963173, 1.562500000000022204 ) ) ;
#13 = CARTESIAN_POINT ( 'NONE',  ( 0.1493034054432133273, -9.728754214900071418, -3.167351541823837380 ) ) ;
#14 = CARTESIAN_POINT ( 'NONE',  ( -2.846614915774967614, 2.846614915774966281, 1.937500000000025757 ) ) ;
#15 = CARTESIAN_POINT ( 'NONE',  ( 4.025721420742498502, 2.465043426085617748E-16, 2.687500000000022204 ) ) ;
#16 = LINE ( 'NONE', #961, #239 ) ;
#17 = CARTESIAN_POINT ( 'NONE',  ( 3.592943821779217117, -3.592943821779216673, 3.296875000000023537 ) ) ;
#18 = CARTESIAN_POINT ( 'NONE',  ( -5.081189881604789349, -2.104697761953647994, 1.421875000000022649 ) ) ;
#19 = VERTEX_POINT ( 'NONE', #226 ) ;
#20 = CARTESIAN_POINT ( 'NONE',  ( 5.000000000000002665, 3.061616997868385113E-16, 3.625000000000019540 ) ) ;
#21 = CARTESIAN_POINT ( 'NONE',  ( 4.930086852171235495E-16, -4.025721420742498502, 2.500000000000022204 ) ) ;
#22 = CARTESIAN_POINT ( 'NONE',  ( -0.1492770855751561765, -9.728769410682978958, -3.167343103725194009 ) ) ;
#23 = CARTESIAN_POINT ( 'NONE',  ( 2.846614915774967169, -2.846614915774966725, 2.687500000000025757 ) ) ;
#24 = EDGE_CURVE ( 'NONE', #1951, #597, #2450, .T. ) ;
#25 = CARTESIAN_POINT ( 'NONE',  ( 4.025721420742498502, -1.667508410807427399, 1.093750000000022204 ) ) ;
#26 = CARTESIAN_POINT ( 'NONE',  ( -0.2125000000000014377, 9.692267644020839512, 3.187612247453147418 ) ) ;
#27 = CARTESIAN_POINT ( 'NONE',  ( 4.025721420742848444, -0.2950855481930143576, 2.769591657532935347 ) ) ;
#28 = CARTESIAN_POINT ( 'NONE',  ( 3.592943821779217117, -3.592943821779216673, 0.2968750000000237033 ) ) ;
#29 = CARTESIAN_POINT ( 'NONE',  ( 5.081189881604789349, -2.104697761953644886, -2.515624999999977796 ) ) ;
#30 = EDGE_LOOP ( 'NONE', ( #388, #36, #2197, #97 ) ) ;
#31 = B_SPLINE_CURVE_WITH_KNOTS ( 'NONE', 3,
 ( #922, #1451, #1821, #2022, #685, #1439, #2394, #1106, #2234, #1081, #2221, #737, #884, #1281, #1633, #1673, #714, #1836, #538, #2056, #699, #2208, #156, #338, #910, #1649, #1093, #1291, #1807, #2196, #1849, #2406, #1463, #1661 ),
 .UNSPECIFIED., .F., .F.,
 ( 4, 2, 2, 2, 2, 2, 2, 2, 2, 2, 2, 2, 2, 2, 2, 2, 4 ),
 ( 0.01144387839393577397, 0.01232107950452632217, 0.01319828061511686863, 0.01407548172570741683, 0.01495268283629796503, 0.01582988394688851497, 0.01670708505747906317, 0.01758428616806961137, 0.01846148727866016304, 0.01933868838925071124, 0.02021588949984125944, 0.02109309061043180417, 0.02197029172102234890, 0.02284749283161290057, 0.02372469394220344530, 0.02460189505279399350, 0.02547909616338454170 ),
 .UNSPECIFIED. ) ;
#32 = VECTOR ( 'NONE', #1490, 1000.000000000000114 ) ;
#33 = CARTESIAN_POINT ( 'NONE',  ( 0.000000000000000000, 5.000000000000095923, -0.6874999999999197309 ) ) ;
#34 = CARTESIAN_POINT ( 'NONE',  ( -2.846614915774963617, 2.846614915774962284, -2.562499999999977796 ) ) ;
#35 = DIRECTION ( 'NONE',  ( -1.000000000000000000, 0.000000000000000000, 0.000000000000000000 ) ) ;
#36 = ORIENTED_EDGE ( 'NONE', *, *, #155, .T. ) ;
#37 = VECTOR ( 'NONE', #2232, 1000.000000000000000 ) ;
#38 = B_SPLINE_CURVE_WITH_KNOTS ( 'NONE', 3,
 ( #432, #67, #1435, #1646, #1404, #1460 ),
 .UNSPECIFIED., .F., .F.,
 ( 4, 2, 4 ),
 ( 2.048432657742571322E-07, 0.0002244315606592793989, 0.0004486582780527845725 ),
 .UNSPECIFIED. ) ;
#39 = CARTESIAN_POINT ( 'NONE',  ( 2.846614915774963173, 2.846614915774963173, 1.375000000000021982 ) ) ;
#40 = CC_DESIGN_APPROVAL ( #1126, ( #506 ) ) ;
#41 = EDGE_CURVE ( 'NONE', #2351, #1001, #51, .T. ) ;
#42 = CARTESIAN_POINT ( 'NONE',  ( -2.846614915774962729, -2.846614915774963617, -2.374999999999977796 ) ) ;
#43 = CARTESIAN_POINT ( 'NONE',  ( 1.667508410807427621, 4.025721420742498502, 3.156250000000022649 ) ) ;
#44 = CARTESIAN_POINT ( 'NONE',  ( 2.104697761953645330, 5.081189881604789349, -0.6406249999999773515 ) ) ;
#45 = ORIENTED_EDGE ( 'NONE', *, *, #642, .T. ) ;
#46 = DIRECTION ( 'NONE',  ( 1.000000000000000000, 1.767428939690774809E-16, -0.000000000000000000 ) ) ;
#47 = CARTESIAN_POINT ( 'NONE',  ( -8.287499999999997868, -5.030164220314616408, 4.000000000000000888 ) ) ;
#48 = CARTESIAN_POINT ( 'NONE',  ( -0.2124999999999990508, -9.692267644020843065, -3.187612247453146530 ) ) ;
#49 = CARTESIAN_POINT ( 'NONE',  ( -2.846614915774962729, -2.846614915774963617, 2.312500000000022649 ) ) ;
#50 = CARTESIAN_POINT ( 'NONE',  ( 2.071067811865476838, 5.000000000000003553, -3.593749999999980016 ) ) ;
#51 = LINE ( 'NONE', #1543, #2090 ) ;
#52 = CARTESIAN_POINT ( 'NONE',  ( 0.000000000000000000, 4.025721420742498502, -2.937499999999977351 ) ) ;
#53 = ORIENTED_EDGE ( 'NONE', *, *, #41, .T. ) ;
#54 = APPROVAL_STATUS ( 'not_yet_approved' ) ;
#55 = CARTESIAN_POINT ( 'NONE',  ( 3.592943821779217117, 3.592943821779217117, -3.828124999999975575 ) ) ;
#56 = CARTESIAN_POINT ( 'NONE',  ( 4.025721420742498502, 1.667508410807428065, 1.281250000000022427 ) ) ;
#57 = ORIENTED_EDGE ( 'NONE', *, *, #536, .F. ) ;
#58 = CARTESIAN_POINT ( 'NONE',  ( -5.000000000000000888, 2.217358119802315991E-11, -3.312500000000976996 ) ) ;
#59 = VERTEX_POINT ( 'NONE', #809 ) ;
#60 = CARTESIAN_POINT ( 'NONE',  ( 8.499999999999996447, -3.124821805700348953, -3.574162483277908198 ) ) ;
#61 = EDGE_CURVE ( 'NONE', #401, #1734, #616, .T. ) ;
#62 = CARTESIAN_POINT ( 'NONE',  ( -5.000000000000002665, -9.184850993605151889E-16, -0.1249999999999806266 ) ) ;
#63 = CARTESIAN_POINT ( 'NONE',  ( -4.025721420742497614, 1.667508410807428731, 2.031250000000022204 ) ) ;
#64 = CARTESIAN_POINT ( 'NONE',  ( -8.287500000000001421, 1.014926034793369157E-15, -4.000000000000000888 ) ) ;
#65 = ORIENTED_EDGE ( 'NONE', *, *, #155, .F. ) ;
#66 = B_SPLINE_CURVE_WITH_KNOTS ( 'NONE', 3,
 ( #1971, #1171, #878, #592, #1351, #277, #1035, #95, #1612, #1233, #2371, #851 ),
 .UNSPECIFIED., .F., .F.,
 ( 4, 2, 2, 2, 2, 4 ),
 ( 0.0002529993797098999239, 0.002604844844389554194, 0.004956690309069208301, 0.006132613041409034488, 0.007308535773748860674, 0.009660381238428515649 ),
 .UNSPECIFIED. ) ;
#67 = CARTESIAN_POINT ( 'NONE',  ( 8.499999999999996447, -4.735077641583138153, -3.167351243043784681 ) ) ;
#68 = ORIENTED_EDGE ( 'NONE', *, *, #1601, .F. ) ;
#69 = APPROVAL_DATE_TIME ( #1377, #2261 ) ;
#70 = CARTESIAN_POINT ( 'NONE',  ( 5.081189881604789349, 2.104697761953645330, -3.921874999999975575 ) ) ;
#71 = CARTESIAN_POINT ( 'NONE',  ( 3.592943821779217117, 3.592943821779217117, -5.234374999999976907 ) ) ;
#72 = ORIENTED_EDGE ( 'NONE', *, *, #1137, .F. ) ;
#73 = CARTESIAN_POINT ( 'NONE',  ( 8.074999999999997513, 4.662103423706228433, 4.000000000000000888 ) ) ;
#74 = ORIENTED_EDGE ( 'NONE', *, *, #225, .T. ) ;
#75 = CARTESIAN_POINT ( 'NONE',  ( 8.499999999999998224, -1.568590524845032030, -3.813275047059549117 ) ) ;
#76 = LINE ( 'NONE', #2141, #724 ) ;
#77 = CARTESIAN_POINT ( 'NONE',  ( -1.667508410807430286, 4.025721420742497614, 3.156250000000022649 ) ) ;
#78 = CARTESIAN_POINT ( 'NONE',  ( 1.262276821917681646, 4.404729525888699371, -3.323023764399902991 ) ) ;
#79 = DIRECTION ( 'NONE',  ( 1.000000000000000000, 0.000000000000000000, 0.000000000000000000 ) ) ;
#80 = EDGE_CURVE ( 'NONE', #975, #1912, #1389, .T. ) ;
#81 = ORIENTED_EDGE ( 'NONE', *, *, #1760, .T. ) ;
#82 = CARTESIAN_POINT ( 'NONE',  ( 2.846614915774963173, -2.846614915774962729, -3.499999999999977796 ) ) ;
#83 = AXIS2_PLACEMENT_3D ( 'NONE', #1494, #2433, #1107 ) ;
#84 = ORIENTED_EDGE ( 'NONE', *, *, #874, .F. ) ;
#85 = APPROVAL_DATE_TIME ( #2375, #1126 ) ;
#86 = CARTESIAN_POINT ( 'NONE',  ( 5.081189881604789349, 3.111331462183611701E-16, -4.015624999999976019 ) ) ;
#87 = CARTESIAN_POINT ( 'NONE',  ( 3.788381991040961516, 1.361835102859929370, 2.769591657532943341 ) ) ;
#88 = ORIENTED_EDGE ( 'NONE', *, *, #546, .F. ) ;
#89 = CARTESIAN_POINT ( 'NONE',  ( -1.537209750203563541, 8.927446113142693207, -3.572447772540342736 ) ) ;
#90 = ORIENTED_EDGE ( 'NONE', *, *, #556, .T. ) ;
#91 = CARTESIAN_POINT ( 'NONE',  ( -1.699089283510660131, 4.611361060405518408, -3.654869562059932964 ) ) ;
#92 = EDGE_CURVE ( 'NONE', #1822, #1850, #909, .T. ) ;
#93 = DIRECTION ( 'NONE',  ( 1.000000000000000000, 0.000000000000000000, 0.000000000000000000 ) ) ;
#94 = CARTESIAN_POINT ( 'NONE',  ( -1.667508410807427177, -4.025721420742499390, -3.593749999999978240 ) ) ;
#95 = CARTESIAN_POINT ( 'NONE',  ( -2.888491810127755688, -8.147283052094349998, 3.799161003199748254 ) ) ;
#96 = CARTESIAN_POINT ( 'NONE',  ( 0.000000000000000000, 0.000000000000000000, -4.000000000000000888 ) ) ;
#97 = ORIENTED_EDGE ( 'NONE', *, *, #1838, .F. ) ;
#98 = EDGE_LOOP ( 'NONE', ( #1282, #655, #416, #2011 ) ) ;
#99 = CARTESIAN_POINT ( 'NONE',  ( -6.959459603525202098, 5.796908700714038076, -3.573432321160798786 ) ) ;
#100 = CARTESIAN_POINT ( 'NONE',  ( 2.104697761953645330, 5.081189881604789349, -2.234374999999976019 ) ) ;
#101 = CARTESIAN_POINT ( 'NONE',  ( -2.846614915774963617, 2.846614915774962284, 1.750000000000022427 ) ) ;
#102 = CARTESIAN_POINT ( 'NONE',  ( 3.535533905932739529, 3.535533905932739529, 2.312500000000019984 ) ) ;
#103 = ORIENTED_EDGE ( 'NONE', *, *, #1601, .T. ) ;
#104 = CARTESIAN_POINT ( 'NONE',  ( -0.2125000000000001055, -9.692267644020843065, 3.187612247453146530 ) ) ;
#105 = CARTESIAN_POINT ( 'NONE',  ( 2.846614915774963173, 2.846614915774963173, -0.1249999999999775596 ) ) ;
#106 = CARTESIAN_POINT ( 'NONE',  ( -2.846614915774963617, 2.846614915774962284, 1.750000000000022427 ) ) ;
#107 = CARTESIAN_POINT ( 'NONE',  ( 0.2124999999999975242, 9.692267644020839512, -3.187612247453148306 ) ) ;
#108 = CARTESIAN_POINT ( 'NONE',  ( 4.584942219938020536, -7.167836951323545591, 3.877557742360307813 ) ) ;
#109 = CARTESIAN_POINT ( 'NONE',  ( 2.306657813013291758, 4.311764555078088534, 3.627518491434493342 ) ) ;
#110 = B_SPLINE_CURVE_WITH_KNOTS ( 'NONE', 3,
 ( #1839, #1622, #1609, #1270, #145, #1428, #133, #1453, #2024, #2368, #1651, #1258, #1229, #289, #687, #887, #672, #2185, #484, #1825, #1442, #2384, #1244, #1999, #2198, #497, #303, #2012, #1069, #1295, #1470, #1644, #1111, #1459, #2032, #1832 ),
 .UNSPECIFIED., .F., .F.,
 ( 4, 2, 2, 2, 2, 2, 2, 2, 2, 2, 2, 2, 2, 2, 2, 2, 2, 4 ),
 ( 0.005169997776159741473, 0.006086311910959919108, 0.007002626045760096743, 0.007918940180560274378, 0.008835254315360450278, 0.009751568450160627913, 0.01066788258496080381, 0.01158419671976097971, 0.01250051085456115388, 0.01341682498936133151, 0.01433313912416150741, 0.01524945325896168331, 0.01616576739376186095, 0.01662392446116194716, 0.01708208152856203338, 0.01799839566336220581, 0.01891470979816238171, 0.01983102393296255414 ),
 .UNSPECIFIED. ) ;
#111 = ADVANCED_FACE ( 'NONE', ( #2372, #867 ), #1641, .T. ) ;
#112 = CARTESIAN_POINT ( 'NONE',  ( 0.000000000000000000, 0.000000000000000000, 4.000000000000000888 ) ) ;
#113 = APPROVAL ( #2163, 'UNSPECIFIED' ) ;
#114 = VERTEX_POINT ( 'NONE', #2190 ) ;
#115 = CARTESIAN_POINT ( 'NONE',  ( -4.025721420742497614, 1.667508410807428731, 2.031250000000022204 ) ) ;
#116 = CARTESIAN_POINT ( 'NONE',  ( 5.000000000000002665, 3.061616997868385113E-16, -2.374999999999981348 ) ) ;
#117 = CARTESIAN_POINT ( 'NONE',  ( 3.535533905932741305, 3.535533905932741305, 0.6250000000000279776 ) ) ;
#118 = ORIENTED_EDGE ( 'NONE', *, *, #815, .T. ) ;
#119 = CARTESIAN_POINT ( 'NONE',  ( 0.1492746511163571821, -9.728770816218423434, 3.167342323242424484 ) ) ;
#120 = CARTESIAN_POINT ( 'NONE',  ( 2.104697761953645330, 5.081189881604789349, 3.859375000000022649 ) ) ;
#121 = CARTESIAN_POINT ( 'NONE',  ( 4.025721420742498502, 1.667508410807427843, 4.281250000000021316 ) ) ;
#122 = CYLINDRICAL_SURFACE ( 'NONE', #1425, 5.000000000000002665 ) ;
#123 = CARTESIAN_POINT ( 'NONE',  ( 7.626949031761986575, -5.411533499640304612, 3.399383606566480420 ) ) ;
#124 = CARTESIAN_POINT ( 'NONE',  ( 5.000000000000004441, -2.071067811865476838, 1.843750000000027756 ) ) ;
#125 = CARTESIAN_POINT ( 'NONE',  ( 5.000000000000003553, 2.071067811865476838, -0.7812499999999804601 ) ) ;
#126 = EDGE_CURVE ( 'NONE', #1595, #1011, #2257, .T. ) ;
#127 = CARTESIAN_POINT ( 'NONE',  ( 2.846614915774963173, -2.846614915774962729, 1.187500000000022204 ) ) ;
#128 = CARTESIAN_POINT ( 'NONE',  ( -4.025721420742497614, -1.667508410807429842, 0.5312500000000222045 ) ) ;
#129 = CIRCLE ( 'NONE', #427, 5.000000000000002665 ) ;
#130 = AXIS2_PLACEMENT_3D ( 'NONE', #2424, #2443, #2254 ) ;
#131 = ORIENTED_EDGE ( 'NONE', *, *, #1823, .F. ) ;
#132 = CIRCLE ( 'NONE', #2421, 8.287500000000001421 ) ;
#133 = CARTESIAN_POINT ( 'NONE',  ( 4.259024341411953074, -2.336689859592008922, 3.592148766304713803 ) ) ;
#134 = CARTESIAN_POINT ( 'NONE',  ( -1.667508410807430286, 4.025721420742497614, -4.343749999999978684 ) ) ;
#135 = CARTESIAN_POINT ( 'NONE',  ( 4.930086852171235495E-16, -4.025721420742498502, -2.187499999999977796 ) ) ;
#136 = CARTESIAN_POINT ( 'NONE',  ( -5.950315708774461143, 6.379538199999444714, 3.752752383227000443 ) ) ;
#137 = CARTESIAN_POINT ( 'NONE',  ( 8.287499999999996092, -5.030164220314619961, 3.187612247453147418 ) ) ;
#138 = CARTESIAN_POINT ( 'NONE',  ( 5.000000000000002665, 6.123233995736770227E-16, 4.000000000000000888 ) ) ;
#139 = CARTESIAN_POINT ( 'NONE',  ( -8.287500000000001421, -1.105092467947144629E-15, 4.000000000000000888 ) ) ;
#140 = DIRECTION ( 'NONE',  ( -0.000000000000000000, -0.000000000000000000, 1.000000000000000000 ) ) ;
#141 = CARTESIAN_POINT ( 'NONE',  ( 4.930086852171235495E-16, -4.025721420742498502, -0.4999999999999779066 ) ) ;
#142 = CARTESIAN_POINT ( 'NONE',  ( 1.667508410807427843, 4.025721420742498502, -1.531249999999978240 ) ) ;
#143 = CARTESIAN_POINT ( 'NONE',  ( 5.000000000000005329, 2.071067811865477726, 0.5312500000000278666 ) ) ;
#144 = VERTEX_POINT ( 'NONE', #892 ) ;
#145 = CARTESIAN_POINT ( 'NONE',  ( 4.650082625651283941, -1.504191367047659877, 3.621506533891362789 ) ) ;
#146 = CARTESIAN_POINT ( 'NONE',  ( 0.000000000000000000, 4.025721420742498502, -2.937499999999977351 ) ) ;
#147 = CARTESIAN_POINT ( 'NONE',  ( -1.667508410807427177, -4.025721420742499390, 0.7187500000000223155 ) ) ;
#148 = CARTESIAN_POINT ( 'NONE',  ( 3.915057780061974579, 7.554594913011913881, 3.877557742360311366 ) ) ;
#149 = LINE ( 'NONE', #138, #1145 ) ;
#150 = LINE ( 'NONE', #934, #2060 ) ;
#151 = CARTESIAN_POINT ( 'NONE',  ( 0.000000000000000000, 0.000000000000000000, 4.000000000000000888 ) ) ;
#152 = CARTESIAN_POINT ( 'NONE',  ( 3.641753431680192943, -1.715827759499923388, 2.769591657532942897 ) ) ;
#153 = CARTESIAN_POINT ( 'NONE',  ( -4.025721420742497614, -1.667508410807429842, 2.218750000000023093 ) ) ;
#154 = CARTESIAN_POINT ( 'NONE',  ( 2.846614915774963173, -2.846614915774962729, -1.999999999999977573 ) ) ;
#155 = EDGE_CURVE ( 'NONE', #2338, #2303, #2238, .T. ) ;
#156 = CARTESIAN_POINT ( 'NONE',  ( 2.065506699425065040, -3.913075442958191985, -3.158788944363684070 ) ) ;
#157 = VERTEX_POINT ( 'NONE', #1831 ) ;
#158 = CARTESIAN_POINT ( 'NONE',  ( 4.025721420742498502, -1.667508410807427399, -3.406249999999978684 ) ) ;
#159 = CARTESIAN_POINT ( 'NONE',  ( 4.025721420742498502, 1.667508410807427843, -1.718749999999978018 ) ) ;
#160 = CARTESIAN_POINT ( 'NONE',  ( 1.539067999244934981, 8.926373252558434501, 3.573050885089480655 ) ) ;
#161 = CARTESIAN_POINT ( 'NONE',  ( 1.667508410807428065, -4.025721420742498502, 4.093750000000023093 ) ) ;
#162 = CARTESIAN_POINT ( 'NONE',  ( 0.8579831537488559201, 3.961302122175286211, -2.788859845963575168 ) ) ;
#163 = DIRECTION ( 'NONE',  ( -0.000000000000000000, -0.000000000000000000, -1.000000000000000000 ) ) ;
#164 = CARTESIAN_POINT ( 'NONE',  ( -5.000000000000000888, 2.071067811865477282, 1.281250000000019318 ) ) ;
#165 = B_SPLINE_CURVE_WITH_KNOTS ( 'NONE', 3,
 ( #1248, #2387, #1445, #2201, #2015, #500, #1261, #2399, #136, #890, #1639, #704 ),
 .UNSPECIFIED., .F., .F.,
 ( 4, 2, 2, 2, 2, 4 ),
 ( 0.0002529993797099005202, 0.002604844844389374216, 0.004956690309068848346, 0.006132613041408585194, 0.007308535773748320308, 0.009660381238427797473 ),
 .UNSPECIFIED. ) ;
#166 = CARTESIAN_POINT ( 'NONE',  ( -1.667508410807427177, -4.025721420742499390, 0.9062500000000224265 ) ) ;
#167 = CARTESIAN_POINT ( 'NONE',  ( -5.000000000000002665, -9.184850993605151889E-16, -1.624999999999980460 ) ) ;
#168 = VECTOR ( 'NONE', #1297, 1000.000000000000000 ) ;
#169 = AXIS2_PLACEMENT_3D ( 'NONE', #1401, #1812, #2188 ) ;
#170 = CARTESIAN_POINT ( 'NONE',  ( 8.074999999999999289, -4.662103423706231986, 4.000000000000000888 ) ) ;
#171 = CARTESIAN_POINT ( 'NONE',  ( -4.025721420742498502, -7.395130278256853736E-16, 3.625000000000022204 ) ) ;
#172 = DIRECTION ( 'NONE',  ( 0.000000000000000000, 0.000000000000000000, -1.000000000000000000 ) ) ;
#173 = DIRECTION ( 'NONE',  ( -0.000000000000000000, -0.000000000000000000, -1.000000000000000000 ) ) ;
#174 = LINE ( 'NONE', #946, #168 ) ;
#175 = CARTESIAN_POINT ( 'NONE',  ( 0.000000000000000000, 4.025721420742498502, -4.249999999999978684 ) ) ;
#176 = EDGE_CURVE ( 'NONE', #1345, #845, #149, .T. ) ;
#177 = CARTESIAN_POINT ( 'NONE',  ( -2.104697761953644441, -5.081189881604789349, 3.015625000000023537 ) ) ;
#178 = ORIENTED_EDGE ( 'NONE', *, *, #1373, .T. ) ;
#179 = CARTESIAN_POINT ( 'NONE',  ( 5.000000000000002665, 3.690880770305225628E-13, 3.437500000000043077 ) ) ;
#180 = CARTESIAN_POINT ( 'NONE',  ( 0.3424286784029930697, 4.011131456039827015, -2.769591657532943785 ) ) ;
#181 = CARTESIAN_POINT ( 'NONE',  ( 8.287499999999996092, 5.030164220314615520, 3.187612247453147862 ) ) ;
#182 = CARTESIAN_POINT ( 'NONE',  ( 8.405368646664703292, -4.939753096881494443, 3.156120443016043442 ) ) ;
#183 = CARTESIAN_POINT ( 'NONE',  ( 3.245506582235621718, 2.472971149612483988, 2.816764331036591518 ) ) ;
#184 = CARTESIAN_POINT ( 'NONE',  ( 8.499999999999996447, 1.586821106024974393, 3.811319097431777880 ) ) ;
#185 = CARTESIAN_POINT ( 'NONE',  ( 3.592943821779217117, 3.592943821779217117, 0.6718750000000239808 ) ) ;
#186 = ADVANCED_FACE ( 'NONE', ( #516, #903 ), #1655, .F. ) ;
#187 = ORIENTED_EDGE ( 'NONE', *, *, #2296, .T. ) ;
#188 = CARTESIAN_POINT ( 'NONE',  ( 6.123233995736770227E-16, -5.000000000000002665, -1.249999999999980682 ) ) ;
#189 =( BOUNDED_CURVE ( )  B_SPLINE_CURVE ( 2, ( #87, #449, #2377, #1210, #844, #1592, #1438, #2195, #1408, #1224, #1791, #859, #101, #1606, #494, #1255, #1743, #56, #814, #1561, #1818, #1092, #2392, #1648, #1280, #128, #2405, #326, #713, #2207, #698, #1632, #337, #1450, #908, #896, #1462, #2417, #883, #723, #1474, #509, #1267, #1065, #2020, #1080, #1835, #142, #2220, #521, #2037, #1848, #154, #1660, #1705, #1905, #578, #808, #1753, #1179, #1916, #1555, #1738 ),
 .UNSPECIFIED., .F., .T. ) 
 B_SPLINE_CURVE_WITH_KNOTS ( ( 3, 2, 2, 2, 2, 2, 2, 2, 2, 2, 2, 2, 2, 2, 2, 2, 2, 2, 2, 2, 2, 2, 2, 2, 2, 2, 2, 2, 2, 2, 2, 3 ),
 ( 0.1707115218916841481, 0.1785714285714285754, 0.1964285714285714246, 0.2142857142857142738, 0.2321428571428571508, 0.2500000000000000000, 0.2678571428571428492, 0.2857142857142856984, 0.3035714285714285476, 0.3214285714285714524, 0.3392857142857143016, 0.3571428571428571508, 0.3750000000000000000, 0.3928571428571428492, 0.4107142857142856984, 0.4285714285714285476, 0.4464285714285714524, 0.4642857142857143016, 0.4821428571428571508, 0.5000000000000000000, 0.5178571428571429047, 0.5357142857142856984, 0.5535714285714286031, 0.5714285714285713969, 0.5892857142857143016, 0.6071428571428570953, 0.6250000000000000000, 0.6428571428571429047, 0.6607142857142856984, 0.6785714285714286031, 0.6964285714285713969, 0.6984000462520892905 ),
 .UNSPECIFIED. ) 
 CURVE ( )  GEOMETRIC_REPRESENTATION_ITEM ( )  RATIONAL_B_SPLINE_CURVE ( ( 0.9624850097146790961, 0.9664952128307309209, 1.000000000000000000, 0.9238795325112867385, 1.000000000000000000, 0.9238795325112867385, 1.000000000000000000, 0.9238795325112867385, 1.000000000000000000, 0.9238795325112867385, 1.000000000000000000, 0.9238795325112867385, 1.000000000000000000, 0.9238795325112867385, 1.000000000000000000, 0.9238795325112867385, 1.000000000000000000, 0.9238795325112867385, 1.000000000000000000, 0.9238795325112867385, 1.000000000000000000, 0.9238795325112867385, 1.000000000000000000, 0.9238795325112867385, 1.000000000000000000, 0.9238795325112867385, 1.000000000000000000, 0.9238795325112867385, 1.000000000000000000, 0.9238795325112867385, 1.000000000000000000, 0.9238795325112867385, 1.000000000000000000, 0.9238795325112867385, 1.000000000000000000, 0.9238795325112867385, 1.000000000000000000, 0.9238795325112867385, 1.000000000000000000, 0.9238795325112867385, 1.000000000000000000, 0.9238795325112867385, 1.000000000000000000, 0.9238795325112867385, 1.000000000000000000, 0.9238795325112867385, 1.000000000000000000, 0.9238795325112867385, 1.000000000000000000, 0.9238795325112867385, 1.000000000000000000, 0.9238795325112867385, 1.000000000000000000, 0.9238795325112867385, 1.000000000000000000, 0.9238795325112867385, 1.000000000000000000, 0.9238795325112867385, 1.000000000000000000, 0.9238795325112867385, 1.000000000000000000, 0.9915961032283290288, 0.9850478303979948169 ) ) 
 REPRESENTATION_ITEM ( '' )  );
#190 = CARTESIAN_POINT ( 'NONE',  ( -8.499999999999996447, -4.662103423706253302, 3.187612247453150527 ) ) ;
#191 = CARTESIAN_POINT ( 'NONE',  ( -5.000000000000000888, 2.217358119802315991E-11, -3.312500000000976996 ) ) ;
#192 = CARTESIAN_POINT ( 'NONE',  ( 0.07450541418428388574, 9.749274243515644756, -3.156045943276557519 ) ) ;
#193 = B_SPLINE_CURVE_WITH_KNOTS ( 'NONE', 3,
 ( #1669, #1886, #182, #570, #945, #2052 ),
 .UNSPECIFIED., .F., .F.,
 ( 4, 2, 4 ),
 ( 1.987375409620156722E-18, 0.0002242246370780417422, 0.0004484492741560815328 ),
 .UNSPECIFIED. ) ;
#194 = CARTESIAN_POINT ( 'NONE',  ( 3.535533905932739529, -3.535533905932739085, -2.562499999999980460 ) ) ;
#195 = CARTESIAN_POINT ( 'NONE',  ( 0.2822529426951536080, 4.460354267582498977, -3.201275502383928995 ) ) ;
#196 = EDGE_CURVE ( 'NONE', #2167, #2119, #193, .T. ) ;
#197 = CARTESIAN_POINT ( 'NONE',  ( -5.081189881604789349, -9.333994386550833130E-16, 2.734375000000023537 ) ) ;
#198 = CARTESIAN_POINT ( 'NONE',  ( 3.592943821779217117, 3.592943821779217117, 2.265625000000022649 ) ) ;
#199 = VERTEX_POINT ( 'NONE', #2428 ) ;
#200 = CARTESIAN_POINT ( 'NONE',  ( -8.074999999999997513, -4.662103423706229322, 4.000000000000000888 ) ) ;
#201 = AXIS2_PLACEMENT_3D ( 'NONE', #1303, #172, #916 ) ;
#202 = CARTESIAN_POINT ( 'NONE',  ( -4.025721420742497614, -1.667508410807429842, -0.7812499999999773515 ) ) ;
#203 = DIRECTION ( 'NONE',  ( -1.000000000000000000, 0.000000000000000000, 0.000000000000000000 ) ) ;
#204 = CARTESIAN_POINT ( 'NONE',  ( -4.025721420742503831, -7.395130278256863597E-16, -0.8749999999999741318 ) ) ;
#205 = CARTESIAN_POINT ( 'NONE',  ( 1.667508410807428065, -4.025721420742498502, 0.9062500000000220934 ) ) ;
#206 = CARTESIAN_POINT ( 'NONE',  ( 3.535533905932805254, -3.535533905932804810, -1.249999999999919620 ) ) ;
#207 = CARTESIAN_POINT ( 'NONE',  ( -3.592943821779217561, 3.592943821779215785, 1.046875000000023537 ) ) ;
#208 = CARTESIAN_POINT ( 'NONE',  ( 0.000000000000000000, 5.081189881604789349, 2.453125000000022649 ) ) ;
#209 = ORIENTED_EDGE ( 'NONE', *, *, #1250, .T. ) ;
#210 = CYLINDRICAL_SURFACE ( 'NONE', #1236, 0.4250000000000000444 ) ;
#211 = CARTESIAN_POINT ( 'NONE',  ( 4.930086852171235495E-16, -4.025721420742498502, 1.000000000000022649 ) ) ;
#212 = CARTESIAN_POINT ( 'NONE',  ( 4.273353757964325261, 2.595852010283365541, -3.743870236790443062 ) ) ;
#213 = CARTESIAN_POINT ( 'NONE',  ( 4.930086852171242398E-16, -4.025721420742503831, 1.000000000000025757 ) ) ;
#214 = CARTESIAN_POINT ( 'NONE',  ( 4.025721420742498502, -1.667508410807427399, 2.593750000000022204 ) ) ;
#215 = CARTESIAN_POINT ( 'NONE',  ( 8.405363692704014511, 4.939760695984690919, -3.156120713973927572 ) ) ;
#216 = CARTESIAN_POINT ( 'NONE',  ( 2.846614915774963173, 2.846614915774963173, -3.124999999999977796 ) ) ;
#217 = CARTESIAN_POINT ( 'NONE',  ( 5.081189881604789349, 2.104697761953645330, 3.578125000000023537 ) ) ;
#218 = CARTESIAN_POINT ( 'NONE',  ( 6.222662924367223401E-16, -5.081189881604789349, 0.2031250000000227318 ) ) ;
#219 = EDGE_CURVE ( 'NONE', #1151, #818, #927, .T. ) ;
#220 = ORIENTED_EDGE ( 'NONE', *, *, #965, .F. ) ;
#221 = CARTESIAN_POINT ( 'NONE',  ( -5.000000000000155431, 2.071067811865456409, -0.4062499999999156786 ) ) ;
#222 = CARTESIAN_POINT ( 'NONE',  ( 4.025721420742498502, 2.465043426085617748E-16, -1.624999999999978018 ) ) ;
#223 = FACE_OUTER_BOUND ( 'NONE', #1882, .T. ) ;
#224 = CARTESIAN_POINT ( 'NONE',  ( 5.000000000000002665, 3.061616997868385113E-16, -2.562499999999973355 ) ) ;
#225 = EDGE_CURVE ( 'NONE', #1505, #2303, #490, .T. ) ;
#226 = CARTESIAN_POINT ( 'NONE',  ( -5.000000000000002665, -9.184850993605151889E-16, 2.875000000000019540 ) ) ;
#227 = CARTESIAN_POINT ( 'NONE',  ( 1.667508410807427621, 4.025721420742498502, 2.968750000000022204 ) ) ;
#228 = CARTESIAN_POINT ( 'NONE',  ( 4.273353757964325261, 2.595852010283365985, -3.743870236790443062 ) ) ;
#229 = DIRECTION ( 'NONE',  ( 0.8660254037844387076, -0.4999999999999997780, 0.000000000000000000 ) ) ;
#230 = CARTESIAN_POINT ( 'NONE',  ( 0.000000000000000000, 4.025721420742498502, 3.250000000000022204 ) ) ;
#231 = CARTESIAN_POINT ( 'NONE',  ( -2.104697761953648438, 5.081189881604789349, -0.4531249999999778511 ) ) ;
#232 = VERTEX_POINT ( 'NONE', #1876 ) ;
#233 = CARTESIAN_POINT ( 'NONE',  ( -8.499999999999994671, -3.124821805700607413, -3.574162483277857572 ) ) ;
#234 = CARTESIAN_POINT ( 'NONE',  ( -2.552234500730844236, -8.341421300191642629, -3.753145741922327971 ) ) ;
#235 = CARTESIAN_POINT ( 'NONE',  ( -4.025721420742498502, -7.395130278256853736E-16, 2.125000000000022204 ) ) ;
#236 = CARTESIAN_POINT ( 'NONE',  ( 0.2125000000000020761, -9.692267644020843065, -3.187612247453146530 ) ) ;
#237 = DIRECTION ( 'NONE',  ( -0.000000000000000000, -0.000000000000000000, 1.000000000000000000 ) ) ;
#238 = AXIS2_PLACEMENT_3D ( 'NONE', #1359, #1725, #35 ) ;
#239 = VECTOR ( 'NONE', #1689, 1000.000000000000000 ) ;
#240 = CARTESIAN_POINT ( 'NONE',  ( 4.398847153024377121, 2.377003097248583607, 3.743870236790444839 ) ) ;
#241 = EDGE_LOOP ( 'NONE', ( #1320, #609, #1310, #1181, #1712, #1395, #1587, #1068, #1055, #1221, #584, #450, #2114, #831, #747, #618 ) ) ;
#242 = CARTESIAN_POINT ( 'NONE',  ( -2.846614915774963617, 2.846614915774962284, 3.437500000000022204 ) ) ;
#243 = CARTESIAN_POINT ( 'NONE',  ( -5.081189881604789349, 2.104697761953645774, 2.734375000000022204 ) ) ;
#244 = EDGE_CURVE ( 'NONE', #1094, #2353, #369, .T. ) ;
#245 = ORIENTED_EDGE ( 'NONE', *, *, #1980, .T. ) ;
#246 = CARTESIAN_POINT ( 'NONE',  ( 0.2124999999999991340, 9.692267644020839512, 4.000000000000000888 ) ) ;
#247 = ORIENTED_EDGE ( 'NONE', *, *, #929, .F. ) ;
#248 = CARTESIAN_POINT ( 'NONE',  ( 8.287499999999997868, -5.030164220314619072, 4.000000000000000888 ) ) ;
#249 = CARTESIAN_POINT ( 'NONE',  ( -7.627321552424649376, -5.411318424735430455, -3.399264177165102652 ) ) ;
#250 = CARTESIAN_POINT ( 'NONE',  ( 4.025721420742498502, -1.667508410807427399, 1.281250000000022427 ) ) ;
#251 = DIRECTION ( 'NONE',  ( -0.000000000000000000, -0.000000000000000000, -1.000000000000000000 ) ) ;
#252 = ORIENTED_EDGE ( 'NONE', *, *, #24, .T. ) ;
#253 =( BOUNDED_CURVE ( )  B_SPLINE_CURVE ( 2, ( #1220, #125, #2403, #2033, #459, #1237, #1615, #1802, #280 ),
 .UNSPECIFIED., .F., .T. ) 
 B_SPLINE_CURVE_WITH_KNOTS ( ( 3, 2, 2, 2, 3 ),
 ( 0.4404418022933250798, 0.4582989451504679290, 0.4761560880076108337, 0.4940132308647536830, 0.5118703737218965877 ),
 .UNSPECIFIED. ) 
 CURVE ( )  GEOMETRIC_REPRESENTATION_ITEM ( )  RATIONAL_B_SPLINE_CURVE ( ( 1.000000000000000000, 0.9238795325112867385, 1.000000000000000000, 0.9238795325112867385, 1.000000000000000000, 0.9238795325112867385, 1.000000000000000000, 0.9238795325112867385, 1.000000000000000000 ) ) 
 REPRESENTATION_ITEM ( '' )  );
#254 = CARTESIAN_POINT ( 'NONE',  ( -4.726522228311353047, -8.682480477000467579E-16, -3.470392465101794777 ) ) ;
#255 = EDGE_LOOP ( 'NONE', ( #430, #994, #847, #1962, #1411, #1777, #1539, #2078 ) ) ;
#256 = APPROVAL_ROLE ( '' ) ;
#257 = CARTESIAN_POINT ( 'NONE',  ( 4.025721420742498502, -1.667508410807427399, 2.781250000000022649 ) ) ;
#258 = CARTESIAN_POINT ( 'NONE',  ( 5.081189881604789349, -2.104697761953644886, -4.015624999999976907 ) ) ;
#259 = EDGE_CURVE ( 'NONE', #1912, #1945, #2223, .T. ) ;
#260 = VERTEX_POINT ( 'NONE', #2446 ) ;
#261 = ADVANCED_FACE ( 'NONE', ( #354 ), #550, .F. ) ;
#262 = FACE_OUTER_BOUND ( 'NONE', #804, .T. ) ;
#263 = DIRECTION ( 'NONE',  ( -0.7071067811865487940, 8.659560562354948882E-17, 0.7071067811865463515 ) ) ;
#264 = CARTESIAN_POINT ( 'NONE',  ( 0.000000000000000000, 4.025721420742498502, 3.062500000000022204 ) ) ;
#265 = CARTESIAN_POINT ( 'NONE',  ( -5.000000000000002665, -9.184850993605153861E-16, -1.812499999999973133 ) ) ;
#266 = ORIENTED_EDGE ( 'NONE', *, *, #965, .T. ) ;
#267 = CARTESIAN_POINT ( 'NONE',  ( 2.678472512546374418, -3.412227416695657212, -5.035715301379647180 ) ) ;
#268 = ORIENTED_EDGE ( 'NONE', *, *, #1062, .T. ) ;
#269 = CARTESIAN_POINT ( 'NONE',  ( 5.081189881604789349, -1.361482160599301938, -4.076269789415110978 ) ) ;
#270 = CARTESIAN_POINT ( 'NONE',  ( 2.104697761953645774, -5.081189881604789349, -4.203124999999977796 ) ) ;
#271 = VERTEX_POINT ( 'NONE', #763 ) ;
#272 = PLANE ( 'NONE',  #1538 ) ;
#273 = ORIENTED_EDGE ( 'NONE', *, *, #1665, .F. ) ;
#274 = DIRECTION ( 'NONE',  ( 0.000000000000000000, 0.000000000000000000, 1.000000000000000000 ) ) ;
#275 = CARTESIAN_POINT ( 'NONE',  ( -8.499999999999998224, 3.907362672709678186, -3.397163046745846682 ) ) ;
#276 = CARTESIAN_POINT ( 'NONE',  ( -4.025721420742497614, -1.667508410807429842, 2.031250000000022204 ) ) ;
#277 = CARTESIAN_POINT ( 'NONE',  ( -3.915057780061977244, -7.554594913011916546, 3.877557742360310478 ) ) ;
#278 = CARTESIAN_POINT ( 'NONE',  ( -5.256129763209560046, -6.436902490417723028E-16, -4.000000000000000888 ) ) ;
#279 = ORIENTED_EDGE ( 'NONE', *, *, #626, .T. ) ;
#280 = CARTESIAN_POINT ( 'NONE',  ( -5.000000000000002665, -9.184850993605151889E-16, -0.1249999999999806266 ) ) ;
#281 = APPROVAL_PERSON_ORGANIZATION ( #1757, #2261, #1253 ) ;
#282 = VERTEX_POINT ( 'NONE', #917 ) ;
#283 = COORDINATED_UNIVERSAL_TIME_OFFSET ( 6, 0, .BEHIND. ) ;
#284 = CARTESIAN_POINT ( 'NONE',  ( -5.081189881604789349, 2.104697761953645774, -1.859374999999976463 ) ) ;
#285 = FACE_OUTER_BOUND ( 'NONE', #853, .T. ) ;
#286 = CARTESIAN_POINT ( 'NONE',  ( -5.947765499269157097, 6.381010564143822172, -3.753145741922326639 ) ) ;
#287 = ORIENTED_EDGE ( 'NONE', *, *, #2160, .T. ) ;
#288 = CARTESIAN_POINT ( 'NONE',  ( -3.241151758294003038, 3.631262527564652842, -3.597370496405012830 ) ) ;
#289 = CARTESIAN_POINT ( 'NONE',  ( 1.699097758591938012, -4.437827573383975377, 3.486015912985295895 ) ) ;
#290 = CARTESIAN_POINT ( 'NONE',  ( -4.025721420742497614, -1.667508410807429842, -3.968749999999978684 ) ) ;
#291 = CARTESIAN_POINT ( 'NONE',  ( 2.846614915774963173, -2.846614915774962729, 2.500000000000022204 ) ) ;
#292 = ADVANCED_FACE ( 'NONE', ( #4 ), #2072, .F. ) ;
#293 = CARTESIAN_POINT ( 'NONE',  ( -8.499999999999996447, -3.123480079862436476, 3.560530097505678615 ) ) ;
#294 = CARTESIAN_POINT ( 'NONE',  ( -8.480372619624844788, -4.810112780047774983, -3.156045794926678472 ) ) ;
#295 = CARTESIAN_POINT ( 'NONE',  ( -2.071067811865476394, -5.000000000000004441, 1.468750000000027534 ) ) ;
#296 = CARTESIAN_POINT ( 'NONE',  ( -4.314612164143270867, 0.9733700518461607665, 3.160051277386167090 ) ) ;
#297 = EDGE_LOOP ( 'NONE', ( #131, #1808, #2323, #1211, #1603, #1722, #1939, #2318, #1207, #841 ) ) ;
#298 =( LENGTH_UNIT ( ) NAMED_UNIT ( * ) SI_UNIT ( .MILLI., .METRE. ) );
#299 = CARTESIAN_POINT ( 'NONE',  ( 1.667508410807428065, -4.025721420742498502, -3.406249999999978684 ) ) ;
#300 = CARTESIAN_POINT ( 'NONE',  ( 5.081189881604789349, -1.361471189754532851, -5.482519300738441181 ) ) ;
#301 = DIRECTION ( 'NONE',  ( 0.000000000000000000, 0.000000000000000000, -1.000000000000000000 ) ) ;
#302 = ORIENTED_EDGE ( 'NONE', *, *, #1146, .T. ) ;
#303 = CARTESIAN_POINT ( 'NONE',  ( -3.343514579657843377, -3.108652470991726702, 3.306675982774737399 ) ) ;
#304 = CARTESIAN_POINT ( 'NONE',  ( 4.025721420742498502, 2.465043426085617748E-16, -4.812499999999977796 ) ) ;
#305 = CARTESIAN_POINT ( 'NONE',  ( 0.000000000000000000, 4.025721420742498502, 4.562500000000022204 ) ) ;
#306 = CARTESIAN_POINT ( 'NONE',  ( -5.000000000000002665, -1.436727749048068739E-13, -0.3124999999999667488 ) ) ;
#307 = CARTESIAN_POINT ( 'NONE',  ( 5.611508189872244756, -6.575148812241112140, 3.799161003199748254 ) ) ;
#308 = CARTESIAN_POINT ( 'NONE',  ( -3.535533905932739973, -3.535533905932741305, 1.375000000000027534 ) ) ;
#309 = EDGE_CURVE ( 'NONE', #1850, #1420, #129, .T. ) ;
#310 = EDGE_CURVE ( 'NONE', #1564, #496, #1820, .T. ) ;
#311 = CARTESIAN_POINT ( 'NONE',  ( -3.705302931076473794, 2.318543128649668716, 3.107840569625755833 ) ) ;
#312 = CARTESIAN_POINT ( 'NONE',  ( -4.025721420742497614, -1.667508410807429842, -2.281249999999977351 ) ) ;
#313 = CARTESIAN_POINT ( 'NONE',  ( -2.104697761953644441, -5.081189881604789349, -4.390624999999977796 ) ) ;
#314 = CARTESIAN_POINT ( 'NONE',  ( -3.535533905932739973, 3.535533905932738641, -1.812499999999980460 ) ) ;
#315 = EDGE_LOOP ( 'NONE', ( #575, #1756, #555, #638 ) ) ;
#316 = CARTESIAN_POINT ( 'NONE',  ( -0.07526734698986438377, -9.749139324625611280, 3.156120443016043442 ) ) ;
#317 = CARTESIAN_POINT ( 'NONE',  ( -4.025721420742498502, -7.395130278256853736E-16, -2.562499999999977796 ) ) ;
#318 = CARTESIAN_POINT ( 'NONE',  ( 4.025721420742498502, 2.465043426085617748E-16, -4.624999999999976907 ) ) ;
#319 = CARTESIAN_POINT ( 'NONE',  ( -8.499999999999996447, -3.895930444246960889, 3.390323068038651133 ) ) ;
#320 = DIRECTION ( 'NONE',  ( 1.000000000000000000, 0.000000000000000000, 0.000000000000000000 ) ) ;
#321 = CARTESIAN_POINT ( 'NONE',  ( 0.8737919126498664424, 9.310470580239517346, -3.399621151907836758 ) ) ;
#322 =( BOUNDED_CURVE ( )  B_SPLINE_CURVE ( 2, ( #848, #1596, #1018, #1764, #2140, #1940, #1004, #1368, #1748 ),
 .UNSPECIFIED., .F., .F. ) 
 B_SPLINE_CURVE_WITH_KNOTS ( ( 3, 2, 2, 2, 3 ),
 ( 0.6547275165790393814, 0.6725846594361821751, 0.6904418022933250798, 0.7082989451504679845, 0.7261560880076107782 ),
 .UNSPECIFIED. ) 
 CURVE ( )  GEOMETRIC_REPRESENTATION_ITEM ( )  RATIONAL_B_SPLINE_CURVE ( ( 1.000000000000000000, 0.9238795325112867385, 1.000000000000000000, 0.9238795325112867385, 1.000000000000000000, 0.9238795325112867385, 1.000000000000000000, 0.9238795325112867385, 1.000000000000000000 ) ) 
 REPRESENTATION_ITEM ( '' )  );
#323 = CARTESIAN_POINT ( 'NONE',  ( -4.999999999990816235, 2.071067811874662823, -3.406250000000561773 ) ) ;
#324 = CARTESIAN_POINT ( 'NONE',  ( -2.477852693347416313, 3.528723952895623128, 3.048614223709396054 ) ) ;
#325 = CARTESIAN_POINT ( 'NONE',  ( 2.846614915774963173, 2.846614915774963173, 0.06250000000002260692 ) ) ;
#326 = CARTESIAN_POINT ( 'NONE',  ( -4.025721420742497614, 1.667508410807428731, 0.3437500000000219824 ) ) ;
#327 = CARTESIAN_POINT ( 'NONE',  ( -4.999999999999999112, 1.489311241794003844E-11, 1.187499999999351408 ) ) ;
#328 = ORIENTED_EDGE ( 'NONE', *, *, #61, .F. ) ;
#329 = CARTESIAN_POINT ( 'NONE',  ( 2.071067811865477282, -5.000000000000003553, 0.3437500000000193179 ) ) ;
#330 = CARTESIAN_POINT ( 'NONE',  ( 3.592943821779217117, -3.592943821779216673, 3.390625000000022649 ) ) ;
#331 = CARTESIAN_POINT ( 'NONE',  ( -4.025721420742497614, 1.667508410807428731, 0.3437500000000219824 ) ) ;
#332 = CARTESIAN_POINT ( 'NONE',  ( 2.549684291225097876, 8.342893664336269666, 3.752752383226937383 ) ) ;
#333 = CARTESIAN_POINT ( 'NONE',  ( 3.918749301223328541, 7.552463612275690963, -3.877641583642131184 ) ) ;
#334 = CARTESIAN_POINT ( 'NONE',  ( -5.000000000000002665, 0.000000000000000000, 4.000000000000000888 ) ) ;
#335 = CARTESIAN_POINT ( 'NONE',  ( 8.499999999999998224, -4.662103423706231986, 4.000000000000000888 ) ) ;
#336 = CARTESIAN_POINT ( 'NONE',  ( -4.025721420742498502, -7.395130278256853736E-16, -2.374999999999977796 ) ) ;
#337 = CARTESIAN_POINT ( 'NONE',  ( 2.846614915774963173, 2.846614915774963173, -0.1249999999999775596 ) ) ;
#338 = CARTESIAN_POINT ( 'NONE',  ( 2.556830199054318520, -3.586114551503685632, -3.138256210977340643 ) ) ;
#339 = ORIENTED_EDGE ( 'NONE', *, *, #1732, .F. ) ;
#340 = CARTESIAN_POINT ( 'NONE',  ( -2.846614915774962729, -2.846614915774963617, -0.8749999999999782396 ) ) ;
#341 = CARTESIAN_POINT ( 'NONE',  ( -1.667508410807430286, 4.025721420742497614, 0.1562500000000218159 ) ) ;
#342 = B_SPLINE_CURVE_WITH_KNOTS ( 'NONE', 3,
 ( #2412, #1118, #1674, #1693, #2058, #902, #1873, #1467 ),
 .UNSPECIFIED., .F., .F.,
 ( 4, 2, 2, 4 ),
 ( 0.009439941265167882747, 0.01061869846912654944, 0.01179745567308521613, 0.01415497008100254951 ),
 .UNSPECIFIED. ) ;
#343 = CARTESIAN_POINT ( 'NONE',  ( 5.000000000000002665, 3.061616997868385113E-16, -0.8749999999999803491 ) ) ;
#344 = CARTESIAN_POINT ( 'NONE',  ( 3.535533905932915832, 3.535533905932915832, -2.374999999999829026 ) ) ;
#345 = DIRECTION ( 'NONE',  ( -0.000000000000000000, -0.000000000000000000, -1.000000000000000000 ) ) ;
#346 = CARTESIAN_POINT ( 'NONE',  ( 0.000000000000000000, 0.000000000000000000, 4.000000000000000888 ) ) ;
#347 = B_SPLINE_CURVE_WITH_KNOTS ( 'NONE', 3,
 ( #2116, #1019, #441, #1177, #1215, #1927 ),
 .UNSPECIFIED., .F., .F.,
 ( 4, 2, 4 ),
 ( 1.586110333443366256E-16, 0.0002242246370781879469, 0.0004484492741562172750 ),
 .UNSPECIFIED. ) ;
#348 = CARTESIAN_POINT ( 'NONE',  ( 0.000000000000000000, 4.025721420742498502, 4.562500000000022204 ) ) ;
#349 = CARTESIAN_POINT ( 'NONE',  ( 0.000000000000000000, 4.025721420742498502, -1.249999999999977796 ) ) ;
#350 = CARTESIAN_POINT ( 'NONE',  ( 0.000000000000000000, 5.000000000000004441, 0.8125000000000273115 ) ) ;
#351 = ADVANCED_FACE ( 'NONE', ( #2082 ), #1735, .F. ) ;
#352 = CARTESIAN_POINT ( 'NONE',  ( 5.000000000000163425, -2.071067811865330288, 3.343750000000041744 ) ) ;
#353 = LINE ( 'NONE', #334, #1666 ) ;
#354 = FACE_OUTER_BOUND ( 'NONE', #980, .T. ) ;
#355 = CARTESIAN_POINT ( 'NONE',  ( 5.256129763209560046, 0.000000000000000000, -4.000000000000000888 ) ) ;
#356 = CARTESIAN_POINT ( 'NONE',  ( 3.486390742051620695, -2.012836941026706405, -4.750724723199886590 ) ) ;
#357 = AXIS2_PLACEMENT_3D ( 'NONE', #73, #301, #1383 ) ;
#358 = CARTESIAN_POINT ( 'NONE',  ( -8.499999999999994671, -4.735083043235766453, 3.167349743296137721 ) ) ;
#359 = LOCAL_TIME ( 15, 27, 29.00000000000000000, #635 ) ;
#360 = CARTESIAN_POINT ( 'NONE',  ( -5.000000000000002665, -1.436727749048068739E-13, -0.3124999999999667488 ) ) ;
#361 = EDGE_CURVE ( 'NONE', #1037, #1650, #534, .T. ) ;
#362 = CARTESIAN_POINT ( 'NONE',  ( 4.025721420742504719, 1.667508410807430508, -1.531249999999974909 ) ) ;
#363 = CARTESIAN_POINT ( 'NONE',  ( 3.535533905932739529, 3.535533905932739529, 3.625000000000027089 ) ) ;
#364 = CARTESIAN_POINT ( 'NONE',  ( 0.000000000000000000, 0.000000000000000000, 4.000000000000000888 ) ) ;
#365 = CARTESIAN_POINT ( 'NONE',  ( 4.930086852171235495E-16, -4.025721420742498502, 3.812500000000022649 ) ) ;
#366 = CARTESIAN_POINT ( 'NONE',  ( 0.2124999999999983846, 9.692267644020841288, 3.187612247453147862 ) ) ;
#367 = CARTESIAN_POINT ( 'NONE',  ( -3.592943821779216673, -3.592943821779217561, 1.421875000000023759 ) ) ;
#368 = EDGE_LOOP ( 'NONE', ( #1028, #1562, #477, #1138, #1744, #1392 ) ) ;
#369 = B_SPLINE_CURVE_WITH_KNOTS ( 'NONE', 3,
 ( #373, #2436, #1869, #2241, #2064, #936, #1856, #741, #543, #1132, #1488, #733 ),
 .UNSPECIFIED., .F., .F.,
 ( 4, 2, 2, 2, 2, 4 ),
 ( 2.373010770491377080E-07, 0.002350151584601152619, 0.004700065868125255508, 0.005875023009887307170, 0.007049980151649359698, 0.009399894435173460419 ),
 .UNSPECIFIED. ) ;
#370 = DIRECTION ( 'NONE',  ( 0.000000000000000000, 0.000000000000000000, 1.000000000000000000 ) ) ;
#371 = CARTESIAN_POINT ( 'NONE',  ( -2.071067811865479946, -5.000000000000012434, 2.968750000000031530 ) ) ;
#372 = CARTESIAN_POINT ( 'NONE',  ( -5.000000000000002665, -9.184850993605151889E-16, -0.1249999999999806266 ) ) ;
#373 = CARTESIAN_POINT ( 'NONE',  ( 0.2125000000000020761, -9.692267644020843065, -3.187612247453146530 ) ) ;
#374 = EDGE_CURVE ( 'NONE', #260, #727, #1381, .T. ) ;
#375 = CARTESIAN_POINT ( 'NONE',  ( 1.766830214277226085, 3.757338851467439955, 2.888586285947541743 ) ) ;
#376 = CARTESIAN_POINT ( 'NONE',  ( -0.2054319015969360285, 4.396195547473600307, -3.141852302949331932 ) ) ;
#377 = CARTESIAN_POINT ( 'NONE',  ( -2.104697761953648438, 5.081189881604789349, 3.953125000000024425 ) ) ;
#378 = CARTESIAN_POINT ( 'NONE',  ( 2.104697761953645330, 5.081189881604789349, 0.8593750000000224265 ) ) ;
#379 = ORIENTED_EDGE ( 'NONE', *, *, #397, .T. ) ;
#380 = FACE_OUTER_BOUND ( 'NONE', #2321, .T. ) ;
#381 = CARTESIAN_POINT ( 'NONE',  ( 1.667508410807428065, -4.025721420742498502, 2.593750000000022204 ) ) ;
#382 = CARTESIAN_POINT ( 'NONE',  ( -8.287500000000008527, -5.030164220314610191, -3.187612247453144310 ) ) ;
#383 = CARTESIAN_POINT ( 'NONE',  ( -0.07527233325690324550, 9.749139105329858168, -3.156120564107144144 ) ) ;
#384 = CARTESIAN_POINT ( 'NONE',  ( 2.071067811865477282, -5.000000000000003553, -2.656249999999980460 ) ) ;
#385 = CARTESIAN_POINT ( 'NONE',  ( -4.025721420742498502, -7.395130278256853736E-16, -3.874999999999978240 ) ) ;
#386 = CARTESIAN_POINT ( 'NONE',  ( -5.081189881604789349, -2.104697761953647994, 4.328125000000023981 ) ) ;
#387 = CARTESIAN_POINT ( 'NONE',  ( -5.081189881604789349, 2.104697761953645774, -0.2656249999999776845 ) ) ;
#388 = ORIENTED_EDGE ( 'NONE', *, *, #886, .T. ) ;
#389 = CARTESIAN_POINT ( 'NONE',  ( 6.123233995736770227E-16, -5.000000000000002665, 3.250000000000019984 ) ) ;
#390 = B_SPLINE_CURVE_WITH_KNOTS ( 'NONE', 3,
 ( #236, #13, #1388, #2315, #22, #2279 ),
 .UNSPECIFIED., .F., .F.,
 ( 4, 2, 4 ),
 ( 2.365723773332864479E-07, 0.0002244628704012476927, 0.0004486891684251621088 ),
 .UNSPECIFIED. ) ;
#391 = CIRCLE ( 'NONE', #130, 8.287500000000001421 ) ;
#392 = CARTESIAN_POINT ( 'NONE',  ( -2.846614915774963617, 2.846614915774962284, -1.062499999999977573 ) ) ;
#393 = CARTESIAN_POINT ( 'NONE',  ( 3.960982106223230659, 3.110085705642247511, -3.714735706540961413 ) ) ;
#394 = CARTESIAN_POINT ( 'NONE',  ( 0.000000000000000000, 4.025721420742503831, 1.750000000000025535 ) ) ;
#395 = CARTESIAN_POINT ( 'NONE',  ( -2.846614915774962729, -2.846614915774963617, 0.6250000000000222045 ) ) ;
#396 = CARTESIAN_POINT ( 'NONE',  ( -0.07450286603336643554, 9.749274026416212990, 3.156046063154891446 ) ) ;
#397 = EDGE_CURVE ( 'NONE', #2353, #2167, #1582, .T. ) ;
#398 = CARTESIAN_POINT ( 'NONE',  ( -2.846614915774963617, 2.846614915774962284, -2.749999999999978240 ) ) ;
#399 = CARTESIAN_POINT ( 'NONE',  ( 2.104697761953645774, -5.081189881604789349, 3.203125000000023537 ) ) ;
#400 = CARTESIAN_POINT ( 'NONE',  ( -5.081189881604789349, -2.104697761953647994, -0.07812499999997751798 ) ) ;
#401 = VERTEX_POINT ( 'NONE', #1190 ) ;
#402 = ADVANCED_FACE ( 'NONE', ( #262 ), #2339, .F. ) ;
#403 = DIRECTION ( 'NONE',  ( -1.000000000000000000, 0.000000000000000000, 0.000000000000000000 ) ) ;
#404 = CARTESIAN_POINT ( 'NONE',  ( 4.930086852171235495E-16, -4.025721420742498502, -1.999999999999977573 ) ) ;
#405 = CARTESIAN_POINT ( 'NONE',  ( 4.025721420742226719, 0.2308942868009085936, 2.769591657532934903 ) ) ;
#406 = CARTESIAN_POINT ( 'NONE',  ( -4.025721420742503831, 1.667508410807431174, 2.031250000000025757 ) ) ;
#407 = CARTESIAN_POINT ( 'NONE',  ( -1.667508410807430286, 4.025721420742497614, 3.156250000000022649 ) ) ;
#408 = CYLINDRICAL_SURFACE ( 'NONE', #169, 5.000000000000002665 ) ;
#409 = LINE ( 'NONE', #2145, #989 ) ;
#410 = CARTESIAN_POINT ( 'NONE',  ( -4.025721420742497614, -1.667508410807429842, 3.718750000000022649 ) ) ;
#411 = CARTESIAN_POINT ( 'NONE',  ( 2.104697761953645774, -5.081189881604789349, 3.296875000000022204 ) ) ;
#412 = ORIENTED_EDGE ( 'NONE', *, *, #1879, .T. ) ;
#413 = DIRECTION ( 'NONE',  ( -0.000000000000000000, -0.000000000000000000, 1.000000000000000000 ) ) ;
#414 = CARTESIAN_POINT ( 'NONE',  ( 2.846614915774963173, 2.846614915774963173, 0.06250000000002260692 ) ) ;
#415 = DIRECTION ( 'NONE',  ( -0.8660254037844397068, 1.060575238724908147E-16, 0.4999999999999979461 ) ) ;
#416 = ORIENTED_EDGE ( 'NONE', *, *, #536, .T. ) ;
#417 = EDGE_CURVE ( 'NONE', #2309, #2347, #322, .T. ) ;
#418 = CARTESIAN_POINT ( 'NONE',  ( -4.025721420742497614, 1.667508410807428731, -2.656249999999978240 ) ) ;
#419 = CARTESIAN_POINT ( 'NONE',  ( 3.890578648373313797, -3.423713778230272897, -4.190095467744508362 ) ) ;
#420 = CARTESIAN_POINT ( 'NONE',  ( -3.592943821779216673, -3.592943821779217561, -1.484374999999977796 ) ) ;
#421 = EDGE_LOOP ( 'NONE', ( #1761, #1360, #1793, #811 ) ) ;
#422 = CARTESIAN_POINT ( 'NONE',  ( 0.2125000000000010214, -9.692267644020843065, 3.187612247453146086 ) ) ;
#423 = EDGE_LOOP ( 'NONE', ( #2131, #1570, #2123, #988 ) ) ;
#424 = AXIS2_PLACEMENT_3D ( 'NONE', #857, #1604, #1590 ) ;
#425 = DIRECTION ( 'NONE',  ( -0.000000000000000000, -0.000000000000000000, 1.000000000000000000 ) ) ;
#426 = LINE ( 'NONE', #598, #1776 ) ;
#427 = AXIS2_PLACEMENT_3D ( 'NONE', #1121, #2270, #1323 ) ;
#428 = CARTESIAN_POINT ( 'NONE',  ( -1.667508410807427177, -4.025721420742499390, -0.5937499999999779066 ) ) ;
#429 = CARTESIAN_POINT ( 'NONE',  ( 4.025721420742497614, 4.784532449094527441E-12, 2.769591657532942897 ) ) ;
#430 = ORIENTED_EDGE ( 'NONE', *, *, #483, .T. ) ;
#431 = EDGE_CURVE ( 'NONE', #466, #1376, #2439, .T. ) ;
#432 = CARTESIAN_POINT ( 'NONE',  ( 8.499999999999998224, -4.662103423706231986, -3.187612247453146530 ) ) ;
#433 = ORIENTED_EDGE ( 'NONE', *, *, #2009, .T. ) ;
#434 = PERSON_AND_ORGANIZATION ( #1955, #2294 ) ;
#435 = CARTESIAN_POINT ( 'NONE',  ( -2.104697761953644441, -5.081189881604789349, -2.984374999999976463 ) ) ;
#436 = CARTESIAN_POINT ( 'NONE',  ( 0.000000000000000000, 5.081189881604789349, -5.046874999999978684 ) ) ;
#437 = ORIENTED_EDGE ( 'NONE', *, *, #524, .F. ) ;
#438 = CARTESIAN_POINT ( 'NONE',  ( 5.000000000000003553, 2.071067811865476838, 2.218750000000019096 ) ) ;
#439 = ORIENTED_EDGE ( 'NONE', *, *, #2127, .F. ) ;
#440 = CARTESIAN_POINT ( 'NONE',  ( 8.499999999999998224, -4.662103423706231986, -3.187612247453146530 ) ) ;
#441 = CARTESIAN_POINT ( 'NONE',  ( -8.405368646664289400, 4.939753096882030903, 3.156120443016094512 ) ) ;
#442 = CARTESIAN_POINT ( 'NONE',  ( 1.667508410807427621, 4.025721420742498502, -2.843749999999977796 ) ) ;
#443 = CARTESIAN_POINT ( 'NONE',  ( 0.000000000000000000, 0.000000000000000000, -4.000000000000000888 ) ) ;
#444 = EDGE_LOOP ( 'NONE', ( #2023, #758, #2266, #1175 ) ) ;
#445 = CARTESIAN_POINT ( 'NONE',  ( -1.667508410807427177, -4.025721420742499390, -3.781249999999978684 ) ) ;
#446 = ORIENTED_EDGE ( 'NONE', *, *, #709, .T. ) ;
#447 = DATE_TIME_ROLE ( 'classification_date' ) ;
#448 = CARTESIAN_POINT ( 'NONE',  ( 0.000000000000000000, 5.081189881604789349, -3.640624999999977351 ) ) ;
#449 = CARTESIAN_POINT ( 'NONE',  ( 4.025721420742498502, 0.7015992054616293494, 2.726945033731623447 ) ) ;
#450 = ORIENTED_EDGE ( 'NONE', *, *, #1105, .F. ) ;
#451 = CARTESIAN_POINT ( 'NONE',  ( -0.2125000000000023537, 9.692267644020839512, -3.187612247453147862 ) ) ;
#452 = ORIENTED_EDGE ( 'NONE', *, *, #854, .T. ) ;
#453 = CARTESIAN_POINT ( 'NONE',  ( 0.8263906827514216902, 4.923346585966167588, -3.732687867715049457 ) ) ;
#454 = CARTESIAN_POINT ( 'NONE',  ( -4.726522228311353047, -8.682480477000467579E-16, -3.470392465101794777 ) ) ;
#455 = CARTESIAN_POINT ( 'NONE',  ( -2.846614915774962729, -2.846614915774963617, 2.125000000000022204 ) ) ;
#456 = CARTESIAN_POINT ( 'NONE',  ( 3.085762492359482856, 3.713380820508872748, -3.561033591777372109 ) ) ;
#457 = CARTESIAN_POINT ( 'NONE',  ( -8.287499999999393907, 5.030164220314965462, 3.187612247453339709 ) ) ;
#458 = ORIENTED_EDGE ( 'NONE', *, *, #61, .T. ) ;
#459 = CARTESIAN_POINT ( 'NONE',  ( 0.000000000000000000, 5.000000000000002665, -0.4999999999999809042 ) ) ;
#460 = ORIENTED_EDGE ( 'NONE', *, *, #1680, .F. ) ;
#461 = DATE_AND_TIME ( #826, #681 ) ;
#462 = CARTESIAN_POINT ( 'NONE',  ( 4.025721420742498502, 2.465043426085617748E-16, 4.375000000000022204 ) ) ;
#463 = CARTESIAN_POINT ( 'NONE',  ( -5.081189881604789349, -2.104697761953647994, -3.078124999999977351 ) ) ;
#464 = EDGE_CURVE ( 'NONE', #1008, #1505, #2154, .T. ) ;
#465 = CARTESIAN_POINT ( 'NONE',  ( -8.499999999999998224, 4.907477288111821601, 4.000000000000000888 ) ) ;
#466 = VERTEX_POINT ( 'NONE', #2324 ) ;
#467 = CARTESIAN_POINT ( 'NONE',  ( -2.663757793690101128, 4.088570025548485809, -3.620155199127750301 ) ) ;
#468 = CARTESIAN_POINT ( 'NONE',  ( 0.000000000000000000, 0.000000000000000000, 4.000000000000000888 ) ) ;
#469 = CARTESIAN_POINT ( 'NONE',  ( 4.025721420742498502, 1.667508410807427843, -0.2187499999999776845 ) ) ;
#470 = CARTESIAN_POINT ( 'NONE',  ( 2.678472512546374418, -3.412227416695657212, -4.848215301379646291 ) ) ;
#471 = CARTESIAN_POINT ( 'NONE',  ( 3.351478840783226776, 3.524807472509450257, -3.596816021014280995 ) ) ;
#472 = CARTESIAN_POINT ( 'NONE',  ( 0.2125000000000010214, -9.692267644020843065, 3.187612247453146086 ) ) ;
#473 = CC_DESIGN_APPROVAL ( #2261, ( #1344 ) ) ;
#474 = DIRECTION ( 'NONE',  ( 0.000000000000000000, 0.000000000000000000, 1.000000000000000000 ) ) ;
#475 = CARTESIAN_POINT ( 'NONE',  ( -0.7115336840755487335, 3.971036090178165168, -2.769591657532941564 ) ) ;
#476 = CONICAL_SURFACE ( 'NONE', #2176, 5.256129763209560046, 0.7853981633974500554 ) ;
#477 = ORIENTED_EDGE ( 'NONE', *, *, #310, .T. ) ;
#478 = PERSON_AND_ORGANIZATION ( #1955, #2294 ) ;
#479 = CARTESIAN_POINT ( 'NONE',  ( -2.846614915774963617, 2.846614915774962284, -2.562499999999977796 ) ) ;
#480 = CARTESIAN_POINT ( 'NONE',  ( -3.592943821779216673, -3.592943821779217561, -2.984374999999977351 ) ) ;
#481 = CARTESIAN_POINT ( 'NONE',  ( 6.123233995737080841E-16, -5.000000000000255795, -2.937499999999826805 ) ) ;
#482 = ORIENTED_EDGE ( 'NONE', *, *, #310, .F. ) ;
#483 = EDGE_CURVE ( 'NONE', #1951, #1031, #2110, .T. ) ;
#484 = CARTESIAN_POINT ( 'NONE',  ( -0.4247192646959651041, -4.664606785387157117, 3.417634586801935992 ) ) ;
#485 = CARTESIAN_POINT ( 'NONE',  ( -4.025721420742497614, 1.667508410807428731, -2.656249999999978240 ) ) ;
#486 = CARTESIAN_POINT ( 'NONE',  ( 4.025721420742498502, 2.465043426085617748E-16, 1.187500000000022204 ) ) ;
#487 = CARTESIAN_POINT ( 'NONE',  ( -8.499999999999998224, -2.736165505688881616, 3.633857956430610159 ) ) ;
#488 = CARTESIAN_POINT ( 'NONE',  ( 1.536421575693456054, -8.927901165908275871, 3.572286437744417231 ) ) ;
#489 = CARTESIAN_POINT ( 'NONE',  ( 0.000000000000000000, 0.000000000000000000, 4.000000000000000888 ) ) ;
#490 = B_SPLINE_CURVE_WITH_KNOTS ( 'NONE', 3,
 ( #1926, #1481, #383, #192, #1112, #1102 ),
 .UNSPECIFIED., .F., .F.,
 ( 4, 2, 4 ),
 ( 2.365723773333606427E-07, 0.0002244628704012471506, 0.0004486891684251609704 ),
 .UNSPECIFIED. ) ;
#491 = CARTESIAN_POINT ( 'NONE',  ( -1.471866503355600431, 3.756317685709856580, -2.769591657532943341 ) ) ;
#492 = PERSON_AND_ORGANIZATION_ROLE ( 'classification_officer' ) ;
#493 = CARTESIAN_POINT ( 'NONE',  ( -1.667508410807430286, 4.025721420742497614, -1.156249999999977573 ) ) ;
#494 = CARTESIAN_POINT ( 'NONE',  ( 0.000000000000000000, 4.025721420742498502, 1.562500000000022204 ) ) ;
#495 = CARTESIAN_POINT ( 'NONE',  ( -2.071067811865480834, 5.000000000000004441, 0.9062500000000274225 ) ) ;
#496 = VERTEX_POINT ( 'NONE', #1723 ) ;
#497 = CARTESIAN_POINT ( 'NONE',  ( -3.239155851149704279, -3.224147928000131724, 3.311537117857678236 ) ) ;
#498 = CARTESIAN_POINT ( 'NONE',  ( 2.846614915774963173, 2.846614915774963173, -4.624999999999976907 ) ) ;
#499 = CARTESIAN_POINT ( 'NONE',  ( 1.667508410807427621, 4.025721420742498502, -4.343749999999976907 ) ) ;
#500 = CARTESIAN_POINT ( 'NONE',  ( -4.584942219937680363, 7.167836951323739214, 3.877557742360319359 ) ) ;
#501 = CARTESIAN_POINT ( 'NONE',  ( -8.287500000000001421, 1.105092299511518155E-15, -4.000000000000000888 ) ) ;
#502 = CARTESIAN_POINT ( 'NONE',  ( 2.552234500730837574, 8.341421300191635524, -3.753145741922326639 ) ) ;
#503 = CARTESIAN_POINT ( 'NONE',  ( -2.071067811865479946, 5.000000000000000888, -3.593749999999974243 ) ) ;
#504 = CARTESIAN_POINT ( 'NONE',  ( -8.287499999999997868, -5.030164220314615520, 3.187612247453147418 ) ) ;
#505 = EDGE_CURVE ( 'NONE', #157, #1564, #987, .T. ) ;
#506 = PRODUCT_DEFINITION ( 'UNKNOWN', '', #1344, #1572 ) ;
#507 = CALENDAR_DATE ( 2026, 17, 6 ) ;
#508 = CARTESIAN_POINT ( 'NONE',  ( 4.025721420742498502, -1.667508410807427399, 1.281250000000022427 ) ) ;
#509 = CARTESIAN_POINT ( 'NONE',  ( -4.025721420742497614, -1.667508410807429842, -0.9687499999999774625 ) ) ;
#510 = CARTESIAN_POINT ( 'NONE',  ( 5.000000000000002665, 3.061616997868385113E-16, -2.374999999999981348 ) ) ;
#511 = EDGE_LOOP ( 'NONE', ( #1779, #802 ) ) ;
#512 = CARTESIAN_POINT ( 'NONE',  ( -0.1492977955288968539, -9.728757453785609854, 3.167349743296191011 ) ) ;
#513 = CARTESIAN_POINT ( 'NONE',  ( 5.081189881604789349, 2.104697761953645330, 3.671875000000022649 ) ) ;
#514 = CARTESIAN_POINT ( 'NONE',  ( -4.025721420742497614, 1.667508410807428731, -1.156249999999977573 ) ) ;
#515 = CARTESIAN_POINT ( 'NONE',  ( 5.000000000000001776, 1.264518434300305527, 3.682240329136742929 ) ) ;
#516 = FACE_BOUND ( 'NONE', #1213, .T. ) ;
#517 = CARTESIAN_POINT ( 'NONE',  ( 2.846614915774963173, 2.846614915774963173, 4.562500000000022204 ) ) ;
#518 = CARTESIAN_POINT ( 'NONE',  ( 8.480635993654569660, 4.809386227744125719, 3.156120443016043442 ) ) ;
#519 = DIRECTION ( 'NONE',  ( 1.000000000000000000, 0.000000000000000000, 0.000000000000000000 ) ) ;
#520 = CARTESIAN_POINT ( 'NONE',  ( 2.846614915774963173, 2.846614915774963173, -1.437499999999977796 ) ) ;
#521 = CARTESIAN_POINT ( 'NONE',  ( 4.025721420742498502, 1.667508410807428065, -1.718749999999978018 ) ) ;
#522 = AXIS2_PLACEMENT_3D ( 'NONE', #2168, #610, #1398 ) ;
#523 = B_SPLINE_CURVE_WITH_KNOTS ( 'NONE', 3,
 ( #661, #1402, #1972, #294, #1784, #1048 ),
 .UNSPECIFIED., .F., .F.,
 ( 4, 2, 4 ),
 ( 4.100505187458285198E-07, 0.0002246369218709214598, 0.0004488637932230970986 ),
 .UNSPECIFIED. ) ;
#524 = EDGE_CURVE ( 'NONE', #19, #1948, #426, .T. ) ;
#525 = AXIS2_PLACEMENT_3D ( 'NONE', #2132, #810, #229 ) ;
#526 = CARTESIAN_POINT ( 'NONE',  ( -2.071067811865479946, 5.000000000000000888, -1.906249999999980460 ) ) ;
#527 = ORIENTED_EDGE ( 'NONE', *, *, #431, .F. ) ;
#528 = CARTESIAN_POINT ( 'NONE',  ( 4.025721420742498502, 2.465043426085617748E-16, -0.3124999999999777400 ) ) ;
#529 = CARTESIAN_POINT ( 'NONE',  ( -4.025721420742498502, -7.395130278256853736E-16, -1.062499999999977573 ) ) ;
#531 =( BOUNDED_CURVE ( )  B_SPLINE_CURVE ( 2, ( #943, #558, #344, #2229, #2031, #2, #1312, #1486, #760 ),
 .UNSPECIFIED., .F., .T. ) 
 B_SPLINE_CURVE_WITH_KNOTS ( ( 3, 2, 2, 2, 3 ),
 ( 0.02467152352467105736, 0.02858421925618744031, 0.03249691498770379550, 0.03640961071922017844, 0.04032230645073653363 ),
 .UNSPECIFIED. ) 
 CURVE ( )  GEOMETRIC_REPRESENTATION_ITEM ( )  RATIONAL_B_SPLINE_CURVE ( ( 0.9999999999999957812, 0.9238795325112909573, 1.000000000000000000, 0.9238795325112867385, 1.000000000000000000, 0.9238795325112867385, 1.000000000000000000, 0.9238795325113222656, 0.9999999999999644729 ) ) 
 REPRESENTATION_ITEM ( '' )  );
#530 = FACE_OUTER_BOUND ( 'NONE', #1257, .T. ) ;
#532 = CARTESIAN_POINT ( 'NONE',  ( 4.025721420742498502, 2.465043426085617748E-16, 4.375000000000022204 ) ) ;
#533 = CARTESIAN_POINT ( 'NONE',  ( 4.210312866783834096, 0.5101838396801000597, -2.977314339501803797 ) ) ;
#534 = LINE ( 'NONE', #1288, #755 ) ;
#535 = CARTESIAN_POINT ( 'NONE',  ( 6.123233995736770227E-16, -5.000000000000002665, -2.749999999999980460 ) ) ;
#536 = EDGE_CURVE ( 'NONE', #1937, #1581, #76, .T. ) ;
#537 = CARTESIAN_POINT ( 'NONE',  ( 1.667508410807427621, 4.025721420742498502, -2.843749999999977796 ) ) ;
#538 = CARTESIAN_POINT ( 'NONE',  ( 0.3967503699875503664, -4.468169544934543325, -3.219851745138942789 ) ) ;
#539 = CARTESIAN_POINT ( 'NONE',  ( 1.667508410807428065, -4.025721420742498502, -2.093749999999977796 ) ) ;
#540 = CARTESIAN_POINT ( 'NONE',  ( -3.535533905932739085, -3.535533905932739973, -1.437499999999981126 ) ) ;
#541 = DIRECTION ( 'NONE',  ( -0.000000000000000000, -0.000000000000000000, 1.000000000000000000 ) ) ;
#542 = CARTESIAN_POINT ( 'NONE',  ( 0.6016746149351941408, 5.000000000000001776, -3.714735706540825966 ) ) ;
#543 = CARTESIAN_POINT ( 'NONE',  ( 5.947765499269165090, -6.381010564143820396, -3.753145741922322198 ) ) ;
#544 = CARTESIAN_POINT ( 'NONE',  ( 5.000000000000003553, -2.071067811865476394, -2.468749999999980460 ) ) ;
#545 = CARTESIAN_POINT ( 'NONE',  ( -2.373361260022353481, 3.323093270670447907, -2.814396830461563859 ) ) ;
#546 = EDGE_CURVE ( 'NONE', #1581, #1269, #347, .T. ) ;
#547 = CYLINDRICAL_SURFACE ( 'NONE', #1933, 0.4250000000000000444 ) ;
#548 = FACE_OUTER_BOUND ( 'NONE', #2451, .T. ) ;
#549 = CARTESIAN_POINT ( 'NONE',  ( 5.000000000000002665, 3.690880770305225628E-13, 3.437500000000043077 ) ) ;
#550 = PLANE ( 'NONE',  #1979 ) ;
#551 = CARTESIAN_POINT ( 'NONE',  ( 3.535533905932739529, 3.535533905932739529, 0.8125000000000193179 ) ) ;
#552 = CARTESIAN_POINT ( 'NONE',  ( 4.025721420742498502, 1.667508410807427843, -4.531249999999976907 ) ) ;
#553 = CARTESIAN_POINT ( 'NONE',  ( -3.592943821779216673, -3.592943821779217561, 2.921875000000023981 ) ) ;
#554 = VECTOR ( 'NONE', #2358, 1000.000000000000000 ) ;
#555 = ORIENTED_EDGE ( 'NONE', *, *, #736, .F. ) ;
#556 = EDGE_CURVE ( 'NONE', #997, #1945, #1781, .T. ) ;
#557 = CARTESIAN_POINT ( 'NONE',  ( 7.627918266019497295, 5.410973911980820006, 3.399072871943595420 ) ) ;
#558 = CARTESIAN_POINT ( 'NONE',  ( 5.000000000000164313, 2.071067811865668684, -2.468749999999824141 ) ) ;
#559 = CARTESIAN_POINT ( 'NONE',  ( 4.025721420742503831, 2.465043426085621199E-16, 1.375000000000025757 ) ) ;
#560 = DIRECTION ( 'NONE',  ( -0.000000000000000000, -0.000000000000000000, -1.000000000000000000 ) ) ;
#561 = CARTESIAN_POINT ( 'NONE',  ( -2.071067811865479946, 5.000000000000000888, 1.093750000000019318 ) ) ;
#562 = CARTESIAN_POINT ( 'NONE',  ( -0.3682353382751682447, 4.364912503189510851, -3.121284421211797611 ) ) ;
#563 =( BOUNDED_CURVE ( )  B_SPLINE_CURVE ( 2, ( #62, #1540, #2325, #1809, #2210, #329, #2396, #2409, #1044 ),
 .UNSPECIFIED., .F., .T. ) 
 B_SPLINE_CURVE_WITH_KNOTS ( ( 3, 2, 2, 2, 3 ),
 ( 0.5118703737218965877, 0.5297275165790393814, 0.5475846594361821751, 0.5654418022933250798, 0.5832989451504679845 ),
 .UNSPECIFIED. ) 
 CURVE ( )  GEOMETRIC_REPRESENTATION_ITEM ( )  RATIONAL_B_SPLINE_CURVE ( ( 1.000000000000000000, 0.9238795325112867385, 1.000000000000000000, 0.9238795325112867385, 1.000000000000000000, 0.9238795325112867385, 1.000000000000000000, 0.9238795325112867385, 1.000000000000000000 ) ) 
 REPRESENTATION_ITEM ( '' )  );
#564 = CARTESIAN_POINT ( 'NONE',  ( -5.081189881604789349, -2.104697761953647994, -0.1718749999999758526 ) ) ;
#565 = CARTESIAN_POINT ( 'NONE',  ( 3.592943821779217117, -3.592943821779216673, -2.609374999999977351 ) ) ;
#566 = VERTEX_POINT ( 'NONE', #657 ) ;
#567 = CARTESIAN_POINT ( 'NONE',  ( -8.287499999999997868, 5.030164220314617296, -3.187612247453146530 ) ) ;
#568 = CARTESIAN_POINT ( 'NONE',  ( 2.846614915774963173, 2.846614915774963173, 3.062500000000022649 ) ) ;
#569 = CARTESIAN_POINT ( 'NONE',  ( -4.025721420742503831, -7.395130278256863597E-16, 2.125000000000025757 ) ) ;
#570 = CARTESIAN_POINT ( 'NONE',  ( 8.480370408348921529, -4.810115638568480456, 3.156046063154888337 ) ) ;
#571 = CARTESIAN_POINT ( 'NONE',  ( -5.000000000000002665, -9.184850993605151889E-16, 1.375000000000019540 ) ) ;
#572 = CARTESIAN_POINT ( 'NONE',  ( -2.594164612224915345, 3.078431893367945538, -2.769591657532945117 ) ) ;
#573 = CARTESIAN_POINT ( 'NONE',  ( -2.104697761953648438, 5.081189881604789349, 2.453125000000023981 ) ) ;
#574 = CARTESIAN_POINT ( 'NONE',  ( -5.081189881604789349, -2.104697761953647994, 2.921875000000022649 ) ) ;
#575 = ORIENTED_EDGE ( 'NONE', *, *, #2191, .F. ) ;
#576 = CARTESIAN_POINT ( 'NONE',  ( -3.535533905932739085, -3.535533905932739973, 3.062500000000019540 ) ) ;
#577 = CARTESIAN_POINT ( 'NONE',  ( -4.025721420742498502, -7.395130278256853736E-16, 0.6250000000000222045 ) ) ;
#578 = CARTESIAN_POINT ( 'NONE',  ( -2.846614915774962729, -2.846614915774963617, -2.374999999999977796 ) ) ;
#579 = CARTESIAN_POINT ( 'NONE',  ( 4.930086852171242398E-16, -4.025721420742503831, -0.4999999999999746314 ) ) ;
#580 = CARTESIAN_POINT ( 'NONE',  ( -4.025721420742498502, -7.395130278256853736E-16, 3.437500000000022204 ) ) ;
#581 = CARTESIAN_POINT ( 'NONE',  ( -4.025721420742498502, -7.395130278256853736E-16, -2.562499999999977796 ) ) ;
#582 = CARTESIAN_POINT ( 'NONE',  ( 5.081189881604789349, 2.104697761953645330, 0.5781250000000239808 ) ) ;
#583 = CARTESIAN_POINT ( 'NONE',  ( -5.081189881604789349, -9.333994386550833130E-16, 2.828125000000022649 ) ) ;
#584 = ORIENTED_EDGE ( 'NONE', *, *, #642, .F. ) ;
#585 = CARTESIAN_POINT ( 'NONE',  ( -8.287500000000001421, -1.014926034793369157E-15, 4.000000000000000888 ) ) ;
#586 = VECTOR ( 'NONE', #263, 1000.000000000000000 ) ;
#587 = AXIS2_PLACEMENT_3D ( 'NONE', #1952, #1042, #1792 ) ;
#588 = CARTESIAN_POINT ( 'NONE',  ( 4.025721420742498502, -1.667508410807427399, -0.2187499999999776845 ) ) ;
#589 = CARTESIAN_POINT ( 'NONE',  ( 3.867340745373958111, 1.142185952737434951, 2.769591657532943341 ) ) ;
#590 = CARTESIAN_POINT ( 'NONE',  ( 4.930086852171242398E-16, -4.025721420742503831, 2.500000000000025313 ) ) ;
#591 = CARTESIAN_POINT ( 'NONE',  ( 4.930086852171235495E-16, -4.025721420742498502, 2.312500000000022204 ) ) ;
#592 = CARTESIAN_POINT ( 'NONE',  ( -5.621561013717774280, -6.569344811687773955, 3.811501025564293599 ) ) ;
#593 = CARTESIAN_POINT ( 'NONE',  ( -1.667508410807430286, 4.025721420742497614, -2.843749999999978684 ) ) ;
#594 = B_SPLINE_CURVE_WITH_KNOTS ( 'NONE', 3,
 ( #1558, #27, #1729, #2317, #2305, #604 ),
 .UNSPECIFIED., .F., .F.,
 ( 4, 2, 4 ),
 ( 0.001398936945270174348, 0.002292865680184288935, 0.003186794415098403305 ),
 .UNSPECIFIED. ) ;
#595 = CARTESIAN_POINT ( 'NONE',  ( 5.081189881604789349, 2.104697761953645330, 2.078125000000023981 ) ) ;
#596 = CARTESIAN_POINT ( 'NONE',  ( 2.104697761953645774, -5.081189881604789349, 1.796875000000022427 ) ) ;
#597 = VERTEX_POINT ( 'NONE', #2341 ) ;
#598 = CARTESIAN_POINT ( 'NONE',  ( -5.000000000000002665, 0.000000000000000000, 4.000000000000000888 ) ) ;
#599 = CARTESIAN_POINT ( 'NONE',  ( 1.667508410807427621, 4.025721420742498502, 3.156250000000022649 ) ) ;
#600 = CARTESIAN_POINT ( 'NONE',  ( 0.000000000000000000, 0.000000000000000000, 4.000000000000000888 ) ) ;
#601 = DIRECTION ( 'NONE',  ( -0.000000000000000000, -0.000000000000000000, -1.000000000000000000 ) ) ;
#602 = PRODUCT ( '90591A171_Zinc-Plated Steel Hex Nut', '90591A171_Zinc-Plated Steel Hex Nut', '', ( #1804 ) ) ;
#603 = CARTESIAN_POINT ( 'NONE',  ( 2.846614915774963173, -2.846614915774962729, 1.000000000000022204 ) ) ;
#604 = CARTESIAN_POINT ( 'NONE',  ( 3.641753431680192943, -1.715827759499923388, 2.769591657532942897 ) ) ;
#605 = CARTESIAN_POINT ( 'NONE',  ( -5.081189881604789349, -9.333994386550833130E-16, -1.765624999999976463 ) ) ;
#606 = CARTESIAN_POINT ( 'NONE',  ( -2.104697761953644441, -5.081189881604789349, -1.390624999999977796 ) ) ;
#607 = EDGE_LOOP ( 'NONE', ( #715, #439, #88, #57 ) ) ;
#608 = CYLINDRICAL_SURFACE ( 'NONE', #357, 0.4250000000000000444 ) ;
#609 = ORIENTED_EDGE ( 'NONE', *, *, #1356, .F. ) ;
#610 = DIRECTION ( 'NONE',  ( 0.4999999999999999445, 0.8660254037844387076, -0.000000000000000000 ) ) ;
#611 = EDGE_CURVE ( 'NONE', #818, #566, #782, .T. ) ;
#612 = CARTESIAN_POINT ( 'NONE',  ( -8.499999999999998224, 1.579022308652569873, -3.798482516743536319 ) ) ;
#613 = CARTESIAN_POINT ( 'NONE',  ( 4.025721420742498502, -1.667508410807427399, -1.718749999999978018 ) ) ;
#614 = LINE ( 'NONE', #958, #2291 ) ;
#615 = ADVANCED_FACE ( 'NONE', ( #833 ), #2181, .T. ) ;
#616 = LINE ( 'NONE', #823, #2329 ) ;
#617 = CARTESIAN_POINT ( 'NONE',  ( 5.000000000000000888, 3.061616997868384127E-16, 1.937500000000025979 ) ) ;
#618 = ORIENTED_EDGE ( 'NONE', *, *, #1373, .F. ) ;
#619 = PERSON_AND_ORGANIZATION ( #1955, #2294 ) ;
#620 = CARTESIAN_POINT ( 'NONE',  ( 3.592943821779217117, 3.592943821779217117, -2.328124999999976019 ) ) ;
#621 = CARTESIAN_POINT ( 'NONE',  ( 6.222662924367223401E-16, -5.081189881604789349, -4.296874999999977796 ) ) ;
#622 = ORIENTED_EDGE ( 'NONE', *, *, #1424, .T. ) ;
#623 = CARTESIAN_POINT ( 'NONE',  ( 3.535533905932919385, -3.535533905932918941, -2.749999999999826805 ) ) ;
#624 = ORIENTED_EDGE ( 'NONE', *, *, #1529, .F. ) ;
#625 = CARTESIAN_POINT ( 'NONE',  ( 1.186172861237875464, 4.857261980093601217, -3.743870236790453276 ) ) ;
#626 = EDGE_CURVE ( 'NONE', #634, #1727, #838, .T. ) ;
#627 = CARTESIAN_POINT ( 'NONE',  ( -5.256129763209560046, 6.436902490417723028E-16, 4.000000000000000888 ) ) ;
#628 = CARTESIAN_POINT ( 'NONE',  ( 4.930086852171235495E-16, -4.025721420742498502, -3.499999999999977796 ) ) ;
#629 = B_SPLINE_CURVE_WITH_KNOTS ( 'NONE', 3,
 ( #740, #1487, #533, #708, #2062, #1657, #2414, #720, #1120, #935, #1855, #1287, #2044, #1685, #732, #162, #1668, #2427 ),
 .UNSPECIFIED., .F., .F.,
 ( 4, 2, 2, 2, 2, 2, 2, 2, 4 ),
 ( 0.02547909616338454170, 0.02624326169935930694, 0.02700742723533407219, 0.02777159277130883397, 0.02853575830728359922, 0.02929992384325836446, 0.03006408937923312971, 0.03082825491520789496, 0.03159242045118265674 ),
 .UNSPECIFIED. ) ;
#630 = CARTESIAN_POINT ( 'NONE',  ( 3.927074460399049727, 0.9153585286964480705, 2.769591657532945561 ) ) ;
#631 = ORIENTED_EDGE ( 'NONE', *, *, #126, .T. ) ;
#632 = AXIS2_PLACEMENT_3D ( 'NONE', #151, #905, #2402 ) ;
#633 = CARTESIAN_POINT ( 'NONE',  ( 4.581517433707315234, 2.012467608393233132, 3.731277568402065814 ) ) ;
#634 = VERTEX_POINT ( 'NONE', #1164 ) ;
#635 = COORDINATED_UNIVERSAL_TIME_OFFSET ( 6, 0, .BEHIND. ) ;
#636 = CARTESIAN_POINT ( 'NONE',  ( -3.592943821779216673, -3.592943821779217561, -1.578124999999976241 ) ) ;
#637 = CARTESIAN_POINT ( 'NONE',  ( 0.000000000000000000, 0.000000000000000000, 4.000000000000000888 ) ) ;
#638 = ORIENTED_EDGE ( 'NONE', *, *, #41, .F. ) ;
#639 = DIRECTION ( 'NONE',  ( -0.000000000000000000, -0.000000000000000000, -1.000000000000000000 ) ) ;
#640 = EDGE_LOOP ( 'NONE', ( #1365, #458, #2039, #437 ) ) ;
#641 = CARTESIAN_POINT ( 'NONE',  ( 8.499999999999998224, -3.902195717930894592, -3.398597631406084396 ) ) ;
#642 = EDGE_CURVE ( 'NONE', #816, #114, #563, .T. ) ;
#643 = CARTESIAN_POINT ( 'NONE',  ( 5.000000000000004441, -2.667095365029866032E-11, -1.062500000001181277 ) ) ;
#644 = CARTESIAN_POINT ( 'NONE',  ( 1.667508410807428065, -4.025721420742498502, 2.406250000000022204 ) ) ;
#645 = DIRECTION ( 'NONE',  ( 1.000000000000000000, 0.000000000000000000, 0.000000000000000000 ) ) ;
#646 = CARTESIAN_POINT ( 'NONE',  ( 0.000000000000000000, 0.000000000000000000, 4.000000000000000888 ) ) ;
#647 = CARTESIAN_POINT ( 'NONE',  ( 4.316376519585126914, 0.4949952391185669653, 3.081423314814101477 ) ) ;
#648 = CARTESIAN_POINT ( 'NONE',  ( -4.449158342467812943, -2.292394995619105657E-11, 3.193028579258253785 ) ) ;
#649 = ORIENTED_EDGE ( 'NONE', *, *, #2099, .T. ) ;
#650 = PERSON_AND_ORGANIZATION ( #1955, #2294 ) ;
#651 = CARTESIAN_POINT ( 'NONE',  ( -2.104697761953648438, 5.081189881604789349, -3.546874999999976907 ) ) ;
#652 = FACE_OUTER_BOUND ( 'NONE', #1662, .T. ) ;
#653 = ORIENTED_EDGE ( 'NONE', *, *, #1529, .T. ) ;
#654 = DIRECTION ( 'NONE',  ( -0.000000000000000000, -0.000000000000000000, 1.000000000000000000 ) ) ;
#655 = ORIENTED_EDGE ( 'NONE', *, *, #2454, .T. ) ;
#656 = DIRECTION ( 'NONE',  ( 0.000000000000000000, 0.000000000000000000, -1.000000000000000000 ) ) ;
#657 = CARTESIAN_POINT ( 'NONE',  ( -0.2124999999999990508, -9.692267644020843065, -3.187612247453146530 ) ) ;
#658 = CARTESIAN_POINT ( 'NONE',  ( 4.930086852171235495E-16, -4.025721420742498502, -3.687499999999978240 ) ) ;
#659 = CARTESIAN_POINT ( 'NONE',  ( 4.930086852171235495E-16, -4.025721420742498502, 3.812500000000022649 ) ) ;
#660 = CARTESIAN_POINT ( 'NONE',  ( -8.499999999999996447, -4.662103423706253302, 3.187612247453150527 ) ) ;
#661 = CARTESIAN_POINT ( 'NONE',  ( -8.287500000000008527, -5.030164220314610191, -3.187612247453144310 ) ) ;
#662 = CARTESIAN_POINT ( 'NONE',  ( 4.294976032972789071, 0.9957134304056954877, 3.145745350693336828 ) ) ;
#663 = B_SPLINE_CURVE_WITH_KNOTS ( 'NONE', 3,
 ( #152, #894, #696, #2005, #2205, #2218 ),
 .UNSPECIFIED., .F., .F.,
 ( 4, 2, 4 ),
 ( 0.000000000000000000, 0.0009267345012470415075, 0.001853469002494083015 ),
 .UNSPECIFIED. ) ;
#664 = CARTESIAN_POINT ( 'NONE',  ( 5.256129763209560046, 0.000000000000000000, 4.000000000000000888 ) ) ;
#665 = ORIENTED_EDGE ( 'NONE', *, *, #1823, .T. ) ;
#666 = DATE_AND_TIME ( #1406, #1434 ) ;
#667 = CARTESIAN_POINT ( 'NONE',  ( -3.592943821779216673, -3.592943821779217561, -3.078124999999976907 ) ) ;
#668 = CARTESIAN_POINT ( 'NONE',  ( 2.104697761953645330, 5.081189881604789349, -3.640624999999976907 ) ) ;
#669 = EDGE_CURVE ( 'NONE', #1452, #2441, #1672, .T. ) ;
#670 = LINE ( 'NONE', #246, #2063 ) ;
#671 = ORIENTED_EDGE ( 'NONE', *, *, #1838, .T. ) ;
#672 = CARTESIAN_POINT ( 'NONE',  ( 0.4952156949906334482, -4.686043514439945490, 3.446104380343058882 ) ) ;
#673 = CARTESIAN_POINT ( 'NONE',  ( -2.846614915774963617, 2.846614915774962284, -4.249999999999978684 ) ) ;
#674 = CARTESIAN_POINT ( 'NONE',  ( 2.846614915774963173, 2.846614915774963173, 1.375000000000021982 ) ) ;
#675 = CARTESIAN_POINT ( 'NONE',  ( -8.499999999999998224, -4.281318303732194686, 3.293335737464751833 ) ) ;
#676 = CARTESIAN_POINT ( 'NONE',  ( 5.000000000000000888, 3.061616997868384127E-16, 1.937500000000025979 ) ) ;
#677 = CIRCLE ( 'NONE', #1984, 5.256129763209560046 ) ;
#678 = CARTESIAN_POINT ( 'NONE',  ( 1.429659642340895598, 4.791249660272543842, 3.743870236790447503 ) ) ;
#679 = AXIS2_PLACEMENT_3D ( 'NONE', #443, #2400, #1991 ) ;
#680 = CARTESIAN_POINT ( 'NONE',  ( -4.065681501391718911, 1.674401797853883656, 3.133926358896028663 ) ) ;
#681 = LOCAL_TIME ( 15, 27, 29.00000000000000000, #842 ) ;
#682 = PERSON_AND_ORGANIZATION_ROLE ( 'design_supplier' ) ;
#683 = CARTESIAN_POINT ( 'NONE',  ( -4.025721420742497614, -1.667508410807429842, 0.7187500000000223155 ) ) ;
#684 = CARTESIAN_POINT ( 'NONE',  ( 4.400467075803284445, -2.540547210286435487, -5.547598744625345191 ) ) ;
#685 = CARTESIAN_POINT ( 'NONE',  ( -4.462834685269614354, -1.438832772370759017, -3.423541443024102016 ) ) ;
#686 = ORIENTED_EDGE ( 'NONE', *, *, #2191, .T. ) ;
#687 = CARTESIAN_POINT ( 'NONE',  ( 1.406971122403784857, -4.528693182077603296, 3.476008125791185677 ) ) ;
#688 = CARTESIAN_POINT ( 'NONE',  ( 3.592943821779217117, 3.592943821779217117, 3.765625000000022204 ) ) ;
#689 = CARTESIAN_POINT ( 'NONE',  ( 2.846614915774963173, -2.846614915774962729, 1.000000000000022204 ) ) ;
#690 = CARTESIAN_POINT ( 'NONE',  ( -2.071067811865475949, -5.000000000000003553, -0.03124999999997368771 ) ) ;
#691 = CARTESIAN_POINT ( 'NONE',  ( 0.8720817339805018165, -9.311457952354645684, 3.399072871943593643 ) ) ;
#692 = CARTESIAN_POINT ( 'NONE',  ( -5.000000000006171952, -2.071067811859310659, 1.281249999999632516 ) ) ;
#693 = EDGE_CURVE ( 'NONE', #1031, #1600, #701, .T. ) ;
#694 = CC_DESIGN_DATE_AND_TIME_ASSIGNMENT ( #666, #1421, ( #506 ) ) ;
#695 = B_SPLINE_CURVE_WITH_KNOTS ( 'NONE', 3,
 ( #787, #1431, #2357, #487, #293, #319, #675, #660 ),
 .UNSPECIFIED., .F., .F.,
 ( 4, 2, 2, 4 ),
 ( 0.03167823441039624432, 0.03403434166798482985, 0.03521239529677912261, 0.03639044892557341537 ),
 .UNSPECIFIED. ) ;
#696 = CARTESIAN_POINT ( 'NONE',  ( 3.950309188203156019, -1.183767463423876398, 2.856520066303525507 ) ) ;
#697 = CARTESIAN_POINT ( 'NONE',  ( -4.025721420742498502, -7.395130278256853736E-16, 0.6250000000000222045 ) ) ;
#698 = CARTESIAN_POINT ( 'NONE',  ( 0.000000000000000000, 4.025721420742498502, 0.06250000000002173262 ) ) ;
#699 = CARTESIAN_POINT ( 'NONE',  ( 1.261225730552713475, -4.273153270983704566, -3.189661166548080296 ) ) ;
#700 = EDGE_LOOP ( 'NONE', ( #220, #1464, #245, #2178 ) ) ;
#701 = LINE ( 'NONE', #875, #2255 ) ;
#702 = CARTESIAN_POINT ( 'NONE',  ( 4.025721420742498502, 2.465043426085617748E-16, -3.312499999999977796 ) ) ;
#703 = CARTESIAN_POINT ( 'NONE',  ( -1.667508410807427177, -4.025721420742499390, -0.7812499999999781286 ) ) ;
#704 = CARTESIAN_POINT ( 'NONE',  ( -8.287499999999393907, 5.030164220314965462, 3.187612247453339709 ) ) ;
#705 = CARTESIAN_POINT ( 'NONE',  ( -8.287499999999997868, 5.030164220314617296, -3.187612247453146530 ) ) ;
#706 = ADVANCED_FACE ( 'NONE', ( #899 ), #1636, .F. ) ;
#707 = CARTESIAN_POINT ( 'NONE',  ( 6.123233995736772199E-16, -5.000000000000004441, 1.562500000000027534 ) ) ;
#708 = CARTESIAN_POINT ( 'NONE',  ( 4.100655364513533740, 1.008383656358626590, -2.958990519917625406 ) ) ;
#709 = EDGE_CURVE ( 'NONE', #975, #997, #110, .T. ) ;
#710 = CARTESIAN_POINT ( 'NONE',  ( 0.3424286784029930697, 4.011131456039827015, -2.769591657532943785 ) ) ;
#711 = SHAPE_DEFINITION_REPRESENTATION ( #1749, #2075 ) ;
#712 = CARTESIAN_POINT ( 'NONE',  ( -2.846614915774963617, 2.846614915774962284, 1.937500000000022649 ) ) ;
#713 = CARTESIAN_POINT ( 'NONE',  ( -2.846614915774963617, 2.846614915774962284, 0.2500000000000219269 ) ) ;
#714 = CARTESIAN_POINT ( 'NONE',  ( -0.4805324354892571703, -4.488164824024694965, -3.248192981858764039 ) ) ;
#715 = ORIENTED_EDGE ( 'NONE', *, *, #1557, .F. ) ;
#716 = CARTESIAN_POINT ( 'NONE',  ( 4.025721420742498502, -1.667508410807427399, -0.4062499999999778511 ) ) ;
#717 = CARTESIAN_POINT ( 'NONE',  ( -2.846614915774963617, 2.846614915774962284, 0.2500000000000219269 ) ) ;
#718 = CARTESIAN_POINT ( 'NONE',  ( -5.000000000000002665, -9.184850993605151889E-16, 2.687500000000026201 ) ) ;
#719 = CARTESIAN_POINT ( 'NONE',  ( 4.025721420742503831, 2.465043426085621199E-16, -1.624999999999974687 ) ) ;
#720 = CARTESIAN_POINT ( 'NONE',  ( 3.419466418838492228, 2.380037442099594003, -2.902245996925100435 ) ) ;
#721 = CARTESIAN_POINT ( 'NONE',  ( 4.025721420742498502, -1.667508410807427399, 4.093750000000023093 ) ) ;
#722 = CARTESIAN_POINT ( 'NONE',  ( 4.930086852171235495E-16, -4.025721420742498502, 1.000000000000022649 ) ) ;
#723 = CARTESIAN_POINT ( 'NONE',  ( -1.667508410807426955, -4.025721420742499390, -0.7812499999999781286 ) ) ;
#724 = VECTOR ( 'NONE', #413, 1000.000000000000000 ) ;
#725 = VECTOR ( 'NONE', #906, 1000.000000000000000 ) ;
#726 = CARTESIAN_POINT ( 'NONE',  ( -4.999999999993836930, 2.071067811871647901, 1.093749999999632516 ) ) ;
#727 = VERTEX_POINT ( 'NONE', #139 ) ;
#728 = CARTESIAN_POINT ( 'NONE',  ( 0.000000000000000000, 5.081189881604789349, -2.046874999999977351 ) ) ;
#729 = CARTESIAN_POINT ( 'NONE',  ( 4.025721420742498502, 2.465043426085617748E-16, -1.812499999999978240 ) ) ;
#730 = CARTESIAN_POINT ( 'NONE',  ( 0.8730509682380103165, 9.310898364695159302, 3.399383606566480864 ) ) ;
#731 = CARTESIAN_POINT ( 'NONE',  ( -4.025721420742503831, 1.667508410807431174, -2.468749999999974687 ) ) ;
#732 = CARTESIAN_POINT ( 'NONE',  ( 1.357990523955359796, 3.839605646806164341, -2.808424471782232423 ) ) ;
#733 = CARTESIAN_POINT ( 'NONE',  ( 8.287500000000008527, -5.030164220314613743, -3.187612247453142533 ) ) ;
#734 = CARTESIAN_POINT ( 'NONE',  ( 5.000000000000003553, 2.071067811865476838, 0.7187500000000197620 ) ) ;
#735 = CARTESIAN_POINT ( 'NONE',  ( 2.846614915774963173, -2.846614915774962729, -3.312499999999977796 ) ) ;
#736 = EDGE_CURVE ( 'NONE', #1001, #779, #1877, .T. ) ;
#737 = CARTESIAN_POINT ( 'NONE',  ( -2.437457198382676271, -3.881790858976277292, -3.318129988505606143 ) ) ;
#738 = CARTESIAN_POINT ( 'NONE',  ( 4.275120236788656491, -1.405679160725025628E-11, 3.018990473579102218 ) ) ;
#739 = CARTESIAN_POINT ( 'NONE',  ( 5.000000000000002665, 3.690880770305225628E-13, 3.437500000000043077 ) ) ;
#740 = CARTESIAN_POINT ( 'NONE',  ( 4.251041281150266471, -1.741646037679794421E-11, -2.994911517940712198 ) ) ;
#741 = CARTESIAN_POINT ( 'NONE',  ( 5.608601972408522762, -6.576826717676116374, -3.799524489023283103 ) ) ;
#742 = LINE ( 'NONE', #1511, #37 ) ;
#743 = CARTESIAN_POINT ( 'NONE',  ( 8.499999999999996447, 4.662103423706226657, 3.187612247453147862 ) ) ;
#744 = EDGE_CURVE ( 'NONE', #1803, #1579, #353, .T. ) ;
#745 = CARTESIAN_POINT ( 'NONE',  ( 2.104697761953645774, -5.081189881604789349, 1.703125000000023981 ) ) ;
#746 = EDGE_CURVE ( 'NONE', #1734, #1850, #1571, .T. ) ;
#747 = ORIENTED_EDGE ( 'NONE', *, *, #1225, .F. ) ;
#748 = DIRECTION ( 'NONE',  ( 0.000000000000000000, 0.000000000000000000, 1.000000000000000000 ) ) ;
#749 = CARTESIAN_POINT ( 'NONE',  ( 1.667508410807430730, -4.025721420742504719, -1.906249999999974243 ) ) ;
#750 = CARTESIAN_POINT ( 'NONE',  ( 0.000000000000000000, 5.000000000000002665, -3.687499999999974687 ) ) ;
#751 = CARTESIAN_POINT ( 'NONE',  ( 0.000000000000000000, 0.000000000000000000, 4.000000000000000888 ) ) ;
#752 = CARTESIAN_POINT ( 'NONE',  ( -3.535533905932739085, -3.535533905932739973, -2.937499999999980460 ) ) ;
#753 = CARTESIAN_POINT ( 'NONE',  ( -1.724107404034979307, 3.814426843361281794, -2.926721991324058081 ) ) ;
#754 = APPROVAL_PERSON_ORGANIZATION ( #650, #113, #1222 ) ;
#755 = VECTOR ( 'NONE', #560, 1000.000000000000000 ) ;
#756 = CARTESIAN_POINT ( 'NONE',  ( 3.592943821779217117, 3.592943821779217117, 3.671875000000023981 ) ) ;
#757 = CONICAL_SURFACE ( 'NONE', #1116, 5.256129763209560046, 0.7853981633974500554 ) ;
#758 = ORIENTED_EDGE ( 'NONE', *, *, #1247, .T. ) ;
#759 = DIRECTION ( 'NONE',  ( 1.000000000000000000, 0.000000000000000000, 0.000000000000000000 ) ) ;
#760 = CARTESIAN_POINT ( 'NONE',  ( -5.000000000000002665, -9.184850993605153861E-16, -1.812499999999973133 ) ) ;
#761 = CARTESIAN_POINT ( 'NONE',  ( 1.667508410807430286, 4.025721420742504719, 1.656250000000025313 ) ) ;
#762 = ADVANCED_FACE ( 'NONE', ( #2017 ), #1497, .T. ) ;
#763 = CARTESIAN_POINT ( 'NONE',  ( 8.287500000000001421, 0.000000000000000000, -4.000000000000000888 ) ) ;
#764 =( BOUNDED_SURFACE ( )  B_SPLINE_SURFACE ( 1, 2, ( 
 ( #2216, #1277, #517, #1119, #532, #1100, #1854, #161, #1667, #1110, #1866, #1684, #171, #925, #2445, #1874, #772, #599, #568, #2080, #1904, #1321, #1519, #381, #21, #781, #49, #2129, #235, #63, #1140, #1714, #1192, #2288, #12, #1006, #1893, #250, #2278, #1165, #211, #2301, #2117, #1332, #577, #1943, #1508, #807, #1358, #1915, #414, #1370, #1752, #588, #2104, #1554, #2091, #428, #1528, #202, #2314, #2268, #392, #1178, #1928, #992, #1704, #1737, #222, #613, #957, #1153, #404, #967, #1347, #794, #977, #1724, #34, #1541, #1782, #442, #1797, #877, #1387, #1216, #2326, #834, #628, #94, #850, #1811, #1444, #2001, #1828, #2142, #1034, #499, #1597, #1767, #318, #1203, #2014, #1584, #470 ),
 ( #305, #1071, #1625, #121, #1260, #1232, #2156, #2200, #659, #1957, #1246, #1046, #821, #1400, #1567, #77, #264, #1020, #864, #2356, #1970, #1415, #291, #644, #1989, #2342, #455, #276, #2171, #2187, #106, #1611, #2370, #2386, #674, #1430, #486, #1058, #689, #889, #2226, #147, #2398, #1852, #1653, #331, #717, #341, #2041, #1085, #2411, #913, #1638, #2423, #2027, #1664, #1466, #703, #2212, #1455, #529, #514, #1272, #1097, #1841, #901, #1284, #159, #729, #1477, #2236, #539, #135, #1932, #42, #2120, #581, #418, #398, #593, #52, #1909, #216, #2111, #1771, #1339, #82, #1194, #2331, #445, #840, #2283, #1961, #2295, #1206, #1010, #1921, #2098, #1755, #1158, #1534, #1375, #972, #1545, #267 ) ),
 .UNSPECIFIED., .F., .F., .T. ) 
 B_SPLINE_SURFACE_WITH_KNOTS ( ( 2, 2 ),
 ( 3, 2, 2, 2, 2, 2, 2, 2, 2, 2, 2, 2, 2, 2, 2, 2, 2, 2, 2, 2, 2, 2, 2, 2, 2, 2, 2, 2, 2, 2, 2, 2, 2, 2, 2, 2, 2, 2, 2, 2, 2, 2, 2, 2, 2, 2, 2, 2, 2, 2, 2, 2, 3 ),
 ( 0.000000000000000000, 1.000000000000000000 ),
 ( 0.000000000000000000, 0.01785714285714285615, 0.03571428571428571230, 0.05357142857142856845, 0.07142857142857142461, 0.08928571428571428770, 0.1071428571428571369, 0.1250000000000000000, 0.1428571428571428492, 0.1607142857142857262, 0.1785714285714285754, 0.1964285714285714246, 0.2142857142857142738, 0.2321428571428571508, 0.2500000000000000000, 0.2678571428571428492, 0.2857142857142856984, 0.3035714285714285476, 0.3214285714285714524, 0.3392857142857143016, 0.3571428571428571508, 0.3750000000000000000, 0.3928571428571428492, 0.4107142857142856984, 0.4285714285714285476, 0.4464285714285714524, 0.4642857142857143016, 0.4821428571428571508, 0.5000000000000000000, 0.5178571428571429047, 0.5357142857142856984, 0.5535714285714286031, 0.5714285714285713969, 0.5892857142857143016, 0.6071428571428570953, 0.6250000000000000000, 0.6428571428571429047, 0.6607142857142856984, 0.6785714285714286031, 0.6964285714285713969, 0.7142857142857143016, 0.7321428571428570953, 0.7500000000000000000, 0.7678571428571429047, 0.7857142857142856984, 0.8035714285714286031, 0.8214285714285713969, 0.8392857142857143016, 0.8571428571428570953, 0.8750000000000000000, 0.8928571428571429047, 0.9047275165789926410, 0.9137747917447825996 ),
 .UNSPECIFIED. ) 
 GEOMETRIC_REPRESENTATION_ITEM ( )  RATIONAL_B_SPLINE_SURFACE ( (
 ( 1.000000000000000000, 0.9238795325112867385, 1.000000000000000000, 0.9238795325112867385, 1.000000000000000000, 0.9238795325112867385, 1.000000000000000000, 0.9238795325112867385, 1.000000000000000000, 0.9238795325112867385, 1.000000000000000000, 0.9238795325112867385, 1.000000000000000000, 0.9238795325112867385, 1.000000000000000000, 0.9238795325112867385, 1.000000000000000000, 0.9238795325112867385, 1.000000000000000000, 0.9238795325112867385, 1.000000000000000000, 0.9238795325112867385, 1.000000000000000000, 0.9238795325112867385, 1.000000000000000000, 0.9238795325112867385, 1.000000000000000000, 0.9238795325112867385, 1.000000000000000000, 0.9238795325112867385, 1.000000000000000000, 0.9238795325112867385, 1.000000000000000000, 0.9238795325112867385, 1.000000000000000000, 0.9238795325112867385, 1.000000000000000000, 0.9238795325112867385, 1.000000000000000000, 0.9238795325112867385, 1.000000000000000000, 0.9238795325112867385, 1.000000000000000000, 0.9238795325112867385, 1.000000000000000000, 0.9238795325112867385, 1.000000000000000000, 0.9238795325112867385, 1.000000000000000000, 0.9238795325112867385, 1.000000000000000000, 0.9238795325112867385, 1.000000000000000000, 0.9238795325112867385, 1.000000000000000000, 0.9238795325112867385, 1.000000000000000000, 0.9238795325112867385, 1.000000000000000000, 0.9238795325112867385, 1.000000000000000000, 0.9238795325112867385, 1.000000000000000000, 0.9238795325112867385, 1.000000000000000000, 0.9238795325112867385, 1.000000000000000000, 0.9238795325112867385, 1.000000000000000000, 0.9238795325112867385, 1.000000000000000000, 0.9238795325112867385, 1.000000000000000000, 0.9238795325112867385, 1.000000000000000000, 0.9238795325112867385, 1.000000000000000000, 0.9238795325112867385, 1.000000000000000000, 0.9238795325112867385, 1.000000000000000000, 0.9238795325112867385, 1.000000000000000000, 0.9238795325112867385, 1.000000000000000000, 0.9238795325112867385, 1.000000000000000000, 0.9238795325112867385, 1.000000000000000000, 0.9238795325112867385, 1.000000000000000000, 0.9238795325112867385, 1.000000000000000000, 0.9238795325112867385, 1.000000000000000000, 0.9238795325112867385, 1.000000000000000000, 0.9238795325112867385, 1.000000000000000000, 0.9238795325112867385, 1.000000000000000000, 0.9493996097695152070, 0.9660715202998471085, 0.9660715202998471085, 0.9660715202998471085),
 ( 1.000000000000000000, 0.9238795325112867385, 1.000000000000000000, 0.9238795325112867385, 1.000000000000000000, 0.9238795325112867385, 1.000000000000000000, 0.9238795325112867385, 1.000000000000000000, 0.9238795325112867385, 1.000000000000000000, 0.9238795325112867385, 1.000000000000000000, 0.9238795325112867385, 1.000000000000000000, 0.9238795325112867385, 1.000000000000000000, 0.9238795325112867385, 1.000000000000000000, 0.9238795325112867385, 1.000000000000000000, 0.9238795325112867385, 1.000000000000000000, 0.9238795325112867385, 1.000000000000000000, 0.9238795325112867385, 1.000000000000000000, 0.9238795325112867385, 1.000000000000000000, 0.9238795325112867385, 1.000000000000000000, 0.9238795325112867385, 1.000000000000000000, 0.9238795325112867385, 1.000000000000000000, 0.9238795325112867385, 1.000000000000000000, 0.9238795325112867385, 1.000000000000000000, 0.9238795325112867385, 1.000000000000000000, 0.9238795325112867385, 1.000000000000000000, 0.9238795325112867385, 1.000000000000000000, 0.9238795325112867385, 1.000000000000000000, 0.9238795325112867385, 1.000000000000000000, 0.9238795325112867385, 1.000000000000000000, 0.9238795325112867385, 1.000000000000000000, 0.9238795325112867385, 1.000000000000000000, 0.9238795325112867385, 1.000000000000000000, 0.9238795325112867385, 1.000000000000000000, 0.9238795325112867385, 1.000000000000000000, 0.9238795325112867385, 1.000000000000000000, 0.9238795325112867385, 1.000000000000000000, 0.9238795325112867385, 1.000000000000000000, 0.9238795325112867385, 1.000000000000000000, 0.9238795325112867385, 1.000000000000000000, 0.9238795325112867385, 1.000000000000000000, 0.9238795325112867385, 1.000000000000000000, 0.9238795325112867385, 1.000000000000000000, 0.9238795325112867385, 1.000000000000000000, 0.9238795325112867385, 1.000000000000000000, 0.9238795325112867385, 1.000000000000000000, 0.9238795325112867385, 1.000000000000000000, 0.9238795325112867385, 1.000000000000000000, 0.9238795325112867385, 1.000000000000000000, 0.9238795325112867385, 1.000000000000000000, 0.9238795325112867385, 1.000000000000000000, 0.9238795325112867385, 1.000000000000000000, 0.9238795325112867385, 1.000000000000000000, 0.9238795325112867385, 1.000000000000000000, 0.9238795325112867385, 1.000000000000000000, 0.9493996097695152070, 0.9660715202998471085, 0.9660715202998471085, 0.9660715202998471085) ) ) 
 REPRESENTATION_ITEM ( '' )  SURFACE ( )  );
#765 = CARTESIAN_POINT ( 'NONE',  ( 3.788381991040961516, 1.361835102859929370, 2.769591657532943341 ) ) ;
#766 = EDGE_CURVE ( 'NONE', #1269, #232, #1170, .T. ) ;
#767 = CARTESIAN_POINT ( 'NONE',  ( -0.1492746511163571821, 9.728770816218421658, 3.167342323242425817 ) ) ;
#768 = CARTESIAN_POINT ( 'NONE',  ( 0.000000000000000000, 5.081189881604789349, 2.359375000000023981 ) ) ;
#769 = CARTESIAN_POINT ( 'NONE',  ( -2.104697761953644441, -5.081189881604789349, 0.1093750000000226624 ) ) ;
#770 = ORIENTED_EDGE ( 'NONE', *, *, #1645, .T. ) ;
#771 = CARTESIAN_POINT ( 'NONE',  ( 8.287500000000001421, 0.000000000000000000, -4.000000000000000888 ) ) ;
#772 = CARTESIAN_POINT ( 'NONE',  ( 0.000000000000000000, 4.025721420742498502, 3.250000000000022204 ) ) ;
#773 = CARTESIAN_POINT ( 'NONE',  ( -5.000000000000002665, -9.184850993605151889E-16, -3.124999999999980460 ) ) ;
#774 = CARTESIAN_POINT ( 'NONE',  ( -4.025721420742498502, -7.395130278256853736E-16, 1.937500000000022204 ) ) ;
#775 = CARTESIAN_POINT ( 'NONE',  ( 4.999999999989029220, -2.071067811876582176, -1.156250000000628830 ) ) ;
#776 =( BOUNDED_CURVE ( )  B_SPLINE_CURVE ( 2, ( #1863, #2227, #540, #2042, #188, #1654, #1842, #923, #343 ),
 .UNSPECIFIED., .F., .T. ) 
 B_SPLINE_CURVE_WITH_KNOTS ( ( 3, 2, 2, 2, 3 ),
 ( 0.3690132308647536830, 0.3868703737218964767, 0.4047275165790393814, 0.4225846594361822306, 0.4404418022933250798 ),
 .UNSPECIFIED. ) 
 CURVE ( )  GEOMETRIC_REPRESENTATION_ITEM ( )  RATIONAL_B_SPLINE_CURVE ( ( 1.000000000000000000, 0.9238795325112867385, 1.000000000000000000, 0.9238795325112867385, 1.000000000000000000, 0.9238795325112867385, 1.000000000000000000, 0.9238795325112867385, 1.000000000000000000 ) ) 
 REPRESENTATION_ITEM ( '' )  );
#777 = CARTESIAN_POINT ( 'NONE',  ( 5.081189881604789349, 3.111331462183611701E-16, 4.984375000000023093 ) ) ;
#778 = CARTESIAN_POINT ( 'NONE',  ( 5.081189881604789349, -2.104697761953644886, 0.4843750000000225375 ) ) ;
#779 = VERTEX_POINT ( 'NONE', #181 ) ;
#780 = CARTESIAN_POINT ( 'NONE',  ( 3.535533905932739529, -3.535533905932739085, 3.437500000000019540 ) ) ;
#781 = CARTESIAN_POINT ( 'NONE',  ( -1.667508410807427177, -4.025721420742499390, 2.406250000000023093 ) ) ;
#782 = B_SPLINE_CURVE_WITH_KNOTS ( 'NONE', 3,
 ( #1766, #249, #2313, #1191, #1386, #991, #1566, #1413, #234, #1736, #1005, #48 ),
 .UNSPECIFIED., .F., .F.,
 ( 4, 2, 2, 2, 2, 4 ),
 ( 2.373010770366744917E-07, 0.002350151584601140910, 0.004700065868125245100, 0.005875023009887297629, 0.007049980151649348423, 0.009399894435173453480 ),
 .UNSPECIFIED. ) ;
#783 = DIRECTION ( 'NONE',  ( 0.000000000000000000, 0.000000000000000000, -1.000000000000000000 ) ) ;
#784 = CARTESIAN_POINT ( 'NONE',  ( -4.025721420742503831, -1.667508410807432506, 0.7187500000000254241 ) ) ;
#785 = ADVANCED_FACE ( 'NONE', ( #1845 ), #1699, .T. ) ;
#786 = CARTESIAN_POINT ( 'NONE',  ( -2.846614915774963617, 2.846614915774962284, 3.250000000000021760 ) ) ;
#787 = CARTESIAN_POINT ( 'NONE',  ( -8.499999999999996447, -1.040949779298131050E-15, 3.877313067797208301 ) ) ;
#788 = DIRECTION ( 'NONE',  ( -0.000000000000000000, -0.000000000000000000, -1.000000000000000000 ) ) ;
#789 = CARTESIAN_POINT ( 'NONE',  ( 0.000000000000000000, 5.081189881604789349, 0.8593750000000233147 ) ) ;
#790 = CARTESIAN_POINT ( 'NONE',  ( 0.000000000000000000, 5.081189881604789349, -0.5468749999999779066 ) ) ;
#791 = AXIS2_PLACEMENT_3D ( 'NONE', #1218, #2202, #891 ) ;
#792 = APPROVAL_PERSON_ORGANIZATION ( #434, #1126, #256 ) ;
#793 = CARTESIAN_POINT ( 'NONE',  ( -5.000000000000002665, -1.436727749048068739E-13, -0.3124999999999667488 ) ) ;
#794 = CARTESIAN_POINT ( 'NONE',  ( -4.025721420742497614, -1.667508410807429842, -2.281249999999977351 ) ) ;
#795 = CYLINDRICAL_SURFACE ( 'NONE', #1623, 5.000000000000002665 ) ;
#796 = ORIENTED_EDGE ( 'NONE', *, *, #2258, .F. ) ;
#797 = CARTESIAN_POINT ( 'NONE',  ( 2.846614915774963173, -2.846614915774962729, 2.500000000000022204 ) ) ;
#798 = DIRECTION ( 'NONE',  ( -0.000000000000000000, -0.000000000000000000, -1.000000000000000000 ) ) ;
#799 = EDGE_CURVE ( 'NONE', #1405, #199, #629, .T. ) ;
#800 = CARTESIAN_POINT ( 'NONE',  ( -1.667508410807430286, 4.025721420742497614, 3.343750000000022204 ) ) ;
#801 = CARTESIAN_POINT ( 'NONE',  ( 3.592943821779217117, -3.592943821779216673, -1.109374999999977573 ) ) ;
#802 = ORIENTED_EDGE ( 'NONE', *, *, #1745, .F. ) ;
#803 = DIRECTION ( 'NONE',  ( -1.767428939690774809E-16, 1.000000000000000000, 0.000000000000000000 ) ) ;
#804 = EDGE_LOOP ( 'NONE', ( #1201, #2395, #9, #796 ) ) ;
#805 = CARTESIAN_POINT ( 'NONE',  ( -3.497024317855627729, 3.370494450427116817, -3.586799490305124571 ) ) ;
#806 = CARTESIAN_POINT ( 'NONE',  ( 0.000000000000000000, 0.000000000000000000, -4.000000000000000888 ) ) ;
#807 = CARTESIAN_POINT ( 'NONE',  ( -1.667508410807430286, 4.025721420742497614, 0.3437500000000219824 ) ) ;
#808 = CARTESIAN_POINT ( 'NONE',  ( -4.025721420742497614, -1.667508410807429842, -2.468749999999978240 ) ) ;
#809 = CARTESIAN_POINT ( 'NONE',  ( 5.000000000000002665, 3.061616997868385113E-16, -0.8749999999999803491 ) ) ;
#810 = DIRECTION ( 'NONE',  ( -0.4999999999999998335, -0.8660254037844388186, 0.000000000000000000 ) ) ;
#811 = ORIENTED_EDGE ( 'NONE', *, *, #626, .F. ) ;
#812 = PERSON_AND_ORGANIZATION ( #1955, #2294 ) ;
#813 = CARTESIAN_POINT ( 'NONE',  ( 4.025721420742498502, 2.465043426085617748E-16, 2.875000000000022649 ) ) ;
#814 = CARTESIAN_POINT ( 'NONE',  ( 4.025721420742498502, 2.465043426085617748E-16, 1.187500000000022204 ) ) ;
#815 = EDGE_CURVE ( 'NONE', #1951, #1650, #2453, .T. ) ;
#816 = VERTEX_POINT ( 'NONE', #372 ) ;
#817 = CARTESIAN_POINT ( 'NONE',  ( 5.000000000000002665, 3.061616997868385113E-16, -2.562499999999973355 ) ) ;
#818 = VERTEX_POINT ( 'NONE', #382 ) ;
#819 = CARTESIAN_POINT ( 'NONE',  ( 8.499999999999996447, -3.966787061903857864E-24, -3.877313067797208301 ) ) ;
#820 = DIRECTION ( 'NONE',  ( -0.000000000000000000, -0.000000000000000000, -1.000000000000000000 ) ) ;
#821 = CARTESIAN_POINT ( 'NONE',  ( -4.025721420742498502, -7.395130278256853736E-16, 3.437500000000022204 ) ) ;
#822 = FACE_OUTER_BOUND ( 'NONE', #1427, .T. ) ;
#823 = CARTESIAN_POINT ( 'NONE',  ( 5.000000000000002665, 6.123233995736770227E-16, 4.000000000000000888 ) ) ;
#824 = CARTESIAN_POINT ( 'NONE',  ( 5.000000000000002665, 6.123233995736770227E-16, 4.000000000000000888 ) ) ;
#825 = ORIENTED_EDGE ( 'NONE', *, *, #2087, .T. ) ;
#826 = CALENDAR_DATE ( 2026, 17, 6 ) ;
#827 = CARTESIAN_POINT ( 'NONE',  ( -4.025721420742498502, -7.395130278256853736E-16, 3.625000000000022204 ) ) ;
#828 = CARTESIAN_POINT ( 'NONE',  ( 5.081189881604789349, 2.104697761953645330, -5.328124999999976907 ) ) ;
#829 = ORIENTED_EDGE ( 'NONE', *, *, #92, .F. ) ;
#830 = CARTESIAN_POINT ( 'NONE',  ( 0.000000000000000000, 5.000000000000002665, 2.500000000000019540 ) ) ;
#831 = ORIENTED_EDGE ( 'NONE', *, *, #2021, .F. ) ;
#832 = DIRECTION ( 'NONE',  ( 1.000000000000000000, 0.000000000000000000, 0.000000000000000000 ) ) ;
#833 = FACE_OUTER_BOUND ( 'NONE', #1397, .T. ) ;
#834 = CARTESIAN_POINT ( 'NONE',  ( 1.667508410807428065, -4.025721420742498502, -3.406249999999978684 ) ) ;
#835 = CARTESIAN_POINT ( 'NONE',  ( 0.000000000000000000, 0.000000000000000000, 4.000000000000000888 ) ) ;
#836 = CARTESIAN_POINT ( 'NONE',  ( -8.499999999999998224, 1.040949775308294459E-15, -3.877313067797208301 ) ) ;
#837 = ORIENTED_EDGE ( 'NONE', *, *, #374, .F. ) ;
#838 =( BOUNDED_CURVE ( )  B_SPLINE_CURVE ( 2, ( #643, #1553, #2169, #1399, #33, #1751, #1583, #221, #793 ),
 .UNSPECIFIED., .F., .T. ) 
 B_SPLINE_CURVE_WITH_KNOTS ( ( 3, 2, 2, 2, 3 ),
 ( 0.05597173938675689686, 0.05988509327712242952, 0.06379844716748797606, 0.06771180105785351566, 0.07162515494821906914 ),
 .UNSPECIFIED. ) 
 CURVE ( )  GEOMETRIC_REPRESENTATION_ITEM ( )  RATIONAL_B_SPLINE_CURVE ( ( 1.000000000000531575, 0.9238795325107552747, 1.000000000000000000, 0.9238795325112867385, 1.000000000000000000, 0.9238795325112867385, 1.000000000000000000, 0.9238795325112838519, 1.000000000000002887 ) ) 
 REPRESENTATION_ITEM ( '' )  );
#839 = AXIS2_PLACEMENT_3D ( 'NONE', #933, #370, #1683 ) ;
#840 = CARTESIAN_POINT ( 'NONE',  ( -2.846614915774962729, -2.846614915774963617, -3.874999999999978240 ) ) ;
#841 = ORIENTED_EDGE ( 'NONE', *, *, #2099, .F. ) ;
#842 = COORDINATED_UNIVERSAL_TIME_OFFSET ( 6, 0, .BEHIND. ) ;
#843 = CARTESIAN_POINT ( 'NONE',  ( 3.380700456748499949, -4.306862616877898731, -4.238841212289132798 ) ) ;
#844 = CARTESIAN_POINT ( 'NONE',  ( 2.846614915774963173, -2.846614915774962729, 2.500000000000022204 ) ) ;
#845 = VERTEX_POINT ( 'NONE', #224 ) ;
#846 = CARTESIAN_POINT ( 'NONE',  ( 0.000000000000000000, 0.000000000000000000, -4.000000000000000888 ) ) ;
#847 = ORIENTED_EDGE ( 'NONE', *, *, #2408, .F. ) ;
#848 = CARTESIAN_POINT ( 'NONE',  ( -5.000000000000002665, -9.184850993605151889E-16, 1.375000000000019540 ) ) ;
#849 = CARTESIAN_POINT ( 'NONE',  ( -8.499999999999996447, 0.3933643326146887276, -3.877313067797208301 ) ) ;
#850 = CARTESIAN_POINT ( 'NONE',  ( -2.846614915774962729, -2.846614915774963617, -3.687499999999978240 ) ) ;
#851 = CARTESIAN_POINT ( 'NONE',  ( -0.2125000000000001055, -9.692267644020843065, 3.187612247453146530 ) ) ;
#852 = CARTESIAN_POINT ( 'NONE',  ( -8.480637877139393765, 4.809382812523377737, -3.156120485238436579 ) ) ;
#853 = EDGE_LOOP ( 'NONE', ( #2209, #1925, #1559, #247 ) ) ;
#854 = EDGE_CURVE ( 'NONE', #144, #199, #948, .T. ) ;
#855 = CARTESIAN_POINT ( 'NONE',  ( -1.716045741676672121, 3.651043995986180679, -2.769591657532946893 ) ) ;
#856 = ORIENTED_EDGE ( 'NONE', *, *, #1680, .T. ) ;
#857 = CARTESIAN_POINT ( 'NONE',  ( 0.000000000000000000, 0.000000000000000000, 0.000000000000000000 ) ) ;
#858 = CARTESIAN_POINT ( 'NONE',  ( 2.104697761953645774, -5.081189881604789349, -2.796874999999976463 ) ) ;
#859 = CARTESIAN_POINT ( 'NONE',  ( -4.025721420742497614, 1.667508410807428731, 1.843750000000021982 ) ) ;
#860 = CARTESIAN_POINT ( 'NONE',  ( -2.071067811865581199, -5.000000000000256684, -3.031249999999827249 ) ) ;
#861 = VERTEX_POINT ( 'NONE', #190 ) ;
#862 = DIRECTION ( 'NONE',  ( -0.7071067811865487940, -8.659560562354948882E-17, -0.7071067811865463515 ) ) ;
#863 = CARTESIAN_POINT ( 'NONE',  ( 2.846614915774963173, -2.846614915774962729, -1.999999999999977573 ) ) ;
#864 = CARTESIAN_POINT ( 'NONE',  ( 2.846614915774963173, 2.846614915774963173, 2.875000000000022649 ) ) ;
#865 = CARTESIAN_POINT ( 'NONE',  ( 2.507229690465078153, 4.025620522886839581, -3.483642496303712033 ) ) ;
#866 = FACE_OUTER_BOUND ( 'NONE', #421, .T. ) ;
#867 = FACE_OUTER_BOUND ( 'NONE', #1589, .T. ) ;
#868 = DIRECTION ( 'NONE',  ( 0.000000000000000000, 0.000000000000000000, -1.000000000000000000 ) ) ;
#869 = PERSON_AND_ORGANIZATION_ROLE ( 'design_owner' ) ;
#870 = CARTESIAN_POINT ( 'NONE',  ( 2.846614915774963173, 2.846614915774963173, 1.562500000000022204 ) ) ;
#871 = CARTESIAN_POINT ( 'NONE',  ( -5.081189881604789349, -9.333994386550833130E-16, -3.171874999999977796 ) ) ;
#872 = CARTESIAN_POINT ( 'NONE',  ( 2.071067811865477726, 5.000000000000005329, 0.7187500000000281997 ) ) ;
#873 = ORIENTED_EDGE ( 'NONE', *, *, #1146, .F. ) ;
#874 = EDGE_CURVE ( 'NONE', #566, #1452, #1675, .T. ) ;
#875 = CARTESIAN_POINT ( 'NONE',  ( -5.256129763209560046, -6.436902490417723028E-16, -4.000000000000000888 ) ) ;
#876 = CARTESIAN_POINT ( 'NONE',  ( -1.667508410807430286, 4.025721420742497614, -1.343749999999977573 ) ) ;
#877 = CARTESIAN_POINT ( 'NONE',  ( 4.025721420742498502, 1.667508410807427843, -3.031249999999978240 ) ) ;
#878 = CARTESIAN_POINT ( 'NONE',  ( -6.963578424306543724, -5.794530698427187154, 3.572286437744419008 ) ) ;
#879 = CARTESIAN_POINT ( 'NONE',  ( -5.000000000000000000, 1.489311241794003844E-11, 1.187499999999351408 ) ) ;
#880 = CARTESIAN_POINT ( 'NONE',  ( 7.627321552424640494, 5.411318424735434895, -3.399264177165106648 ) ) ;
#881 = CARTESIAN_POINT ( 'NONE',  ( -2.390867492604676237, 3.249748398573815589, -2.769591657532944673 ) ) ;
#882 = CARTESIAN_POINT ( 'NONE',  ( -1.667508410807427177, -4.025721420742499390, 2.406250000000023093 ) ) ;
#883 = CARTESIAN_POINT ( 'NONE',  ( 4.930086852171235495E-16, -4.025721420742498502, -0.6874999999999780176 ) ) ;
#884 = CARTESIAN_POINT ( 'NONE',  ( -2.174345300429154193, -4.023715042032856459, -3.308069070665482503 ) ) ;
#885 = ORIENTED_EDGE ( 'NONE', *, *, #1066, .F. ) ;
#886 = EDGE_CURVE ( 'NONE', #779, #2338, #150, .T. ) ;
#887 = CARTESIAN_POINT ( 'NONE',  ( 0.8013463185189745319, -4.653691101899749327, 3.455928822795809374 ) ) ;
#888 = CARTESIAN_POINT ( 'NONE',  ( -4.025721420742497614, 1.667508410807428731, -1.156249999999977573 ) ) ;
#889 = CARTESIAN_POINT ( 'NONE',  ( 1.667508410807428065, -4.025721420742498502, 0.9062500000000220934 ) ) ;
#890 = CARTESIAN_POINT ( 'NONE',  ( -6.960932000754550764, 5.796058611777315406, 3.573050885089593454 ) ) ;
#891 = DIRECTION ( 'NONE',  ( -0.8660254037844387076, -0.4999999999999998335, 0.000000000000000000 ) ) ;
#892 = CARTESIAN_POINT ( 'NONE',  ( 3.641753431680192943, -1.715827759499923388, 2.769591657532942897 ) ) ;
#893 = CARTESIAN_POINT ( 'NONE',  ( 1.429659642340895598, 4.791249660272543842, 3.743870236790447503 ) ) ;
#894 = CARTESIAN_POINT ( 'NONE',  ( 3.812362037299926953, -1.457201647230573771, 2.813697196309590254 ) ) ;
#895 = CARTESIAN_POINT ( 'NONE',  ( -2.846614915774962729, -2.846614915774963617, -0.6874999999999780176 ) ) ;
#896 = CARTESIAN_POINT ( 'NONE',  ( 4.025721420742498502, -1.667508410807427621, -0.4062499999999777955 ) ) ;
#897 = CARTESIAN_POINT ( 'NONE',  ( 0.000000000000000000, 5.000000000000002665, -1.999999999999980460 ) ) ;
#898 = ORIENTED_EDGE ( 'NONE', *, *, #309, .T. ) ;
#899 = FACE_OUTER_BOUND ( 'NONE', #640, .T. ) ;
#900 = CARTESIAN_POINT ( 'NONE',  ( -2.846614915774962729, -2.846614915774963617, -3.874999999999978240 ) ) ;
#901 = CARTESIAN_POINT ( 'NONE',  ( 1.667508410807427621, 4.025721420742498502, -1.531249999999978018 ) ) ;
#902 = CARTESIAN_POINT ( 'NONE',  ( 8.500000000000001776, -1.570446382120932016, 3.813031775386831246 ) ) ;
#903 = FACE_OUTER_BOUND ( 'NONE', #2134, .T. ) ;
#904 = CARTESIAN_POINT ( 'NONE',  ( 2.846614915774967169, 2.846614915774967169, -1.437499999999974687 ) ) ;
#905 = DIRECTION ( 'NONE',  ( 0.000000000000000000, 0.000000000000000000, -1.000000000000000000 ) ) ;
#906 = DIRECTION ( 'NONE',  ( 0.7071067811865487940, 0.000000000000000000, -0.7071067811865463515 ) ) ;
#907 = CARTESIAN_POINT ( 'NONE',  ( -4.025721420742497614, 1.667508410807428731, -2.468749999999978240 ) ) ;
#908 = CARTESIAN_POINT ( 'NONE',  ( 4.025721420742498502, 2.465043426085617748E-16, -0.3124999999999777400 ) ) ;
#909 = B_SPLINE_CURVE_WITH_KNOTS ( 'NONE', 3,
 ( #1205, #1418, #647, #662, #2175, #1918, #1614, #1049, #2004, #1433, #1263, #1992, #109, #1628, #1087, #678 ),
 .UNSPECIFIED., .F., .F.,
 ( 4, 2, 2, 2, 2, 2, 2, 4 ),
 ( 0.001853469002494083015, 0.002604510571606270548, 0.003355552140718458948, 0.004106593709830646914, 0.004857635278942834881, 0.006359718417167212548, 0.007110759986279400514, 0.007861801555391588481 ),
 .UNSPECIFIED. ) ;
#910 = CARTESIAN_POINT ( 'NONE',  ( 2.783153667397591846, -3.400411469491813943, -3.128249650088883449 ) ) ;
#911 = ORIENTED_EDGE ( 'NONE', *, *, #1619, .F. ) ;
#912 = CARTESIAN_POINT ( 'NONE',  ( 1.667508410807428065, -4.025721420742498502, -3.593749999999978240 ) ) ;
#913 = CARTESIAN_POINT ( 'NONE',  ( 4.025721420742498502, 1.667508410807427843, -0.2187499999999776845 ) ) ;
#914 = DIRECTION ( 'NONE',  ( -1.000000000000000000, 0.000000000000000000, 0.000000000000000000 ) ) ;
#915 = CARTESIAN_POINT ( 'NONE',  ( 3.535533905932746634, -3.535533905932745746, 3.250000000000032419 ) ) ;
#916 = DIRECTION ( 'NONE',  ( -1.000000000000000000, 0.000000000000000000, 0.000000000000000000 ) ) ;
#917 = CARTESIAN_POINT ( 'NONE',  ( 3.788381991040961516, 1.361835102859929370, 2.769591657532943341 ) ) ;
#918 = CARTESIAN_POINT ( 'NONE',  ( -0.6334011022017884684, 4.193077005520531308, 2.977342289371391004 ) ) ;
#919 = CARTESIAN_POINT ( 'NONE',  ( 4.025721420742498502, 1.667508410807427843, -3.031249999999978240 ) ) ;
#920 = AXIS2_PLACEMENT_3D ( 'NONE', #2302, #968, #1929 ) ;
#921 = VECTOR ( 'NONE', #2277, 1000.000000000000000 ) ;
#922 = CARTESIAN_POINT ( 'NONE',  ( -4.726522228311353047, -8.682480477000467579E-16, -3.470392465101794777 ) ) ;
#923 = CARTESIAN_POINT ( 'NONE',  ( 5.000000000000003553, -2.071067811865476394, -0.9687499999999805711 ) ) ;
#924 = EDGE_CURVE ( 'NONE', #1948, #1734, #1941, .T. ) ;
#925 = CARTESIAN_POINT ( 'NONE',  ( -4.025721420742497614, 1.667508410807428731, 3.531250000000022204 ) ) ;
#926 = CARTESIAN_POINT ( 'NONE',  ( 8.350725348883640820, 4.993661048117036039, 3.167342323242424040 ) ) ;
#927 = LINE ( 'NONE', #47, #1335 ) ;
#928 = FACE_OUTER_BOUND ( 'NONE', #241, .T. ) ;
#929 = EDGE_CURVE ( 'NONE', #845, #1579, #531, .T. ) ;
#930 = CARTESIAN_POINT ( 'NONE',  ( 4.025721420742498502, 2.465043426085617748E-16, -4.624999999999976907 ) ) ;
#931 = CARTESIAN_POINT ( 'NONE',  ( -3.592943821779217561, 3.592943821779215785, 2.546875000000023981 ) ) ;
#932 = ORIENTED_EDGE ( 'NONE', *, *, #244, .F. ) ;
#933 = CARTESIAN_POINT ( 'NONE',  ( 0.000000000000000000, 0.000000000000000000, 4.000000000000000888 ) ) ;
#934 = CARTESIAN_POINT ( 'NONE',  ( 8.287499999999996092, 5.030164220314615520, 4.000000000000000888 ) ) ;
#935 = CARTESIAN_POINT ( 'NONE',  ( 2.901096512211560174, 2.951753494297869373, -2.874705274250298981 ) ) ;
#936 = CARTESIAN_POINT ( 'NONE',  ( 4.581250698776672792, -7.169968252059764957, -3.877641583642129408 ) ) ;
#937 = CARTESIAN_POINT ( 'NONE',  ( -4.025721420742497614, -1.667508410807429842, 3.531250000000022204 ) ) ;
#938 = CARTESIAN_POINT ( 'NONE',  ( 8.499999999999994671, 3.142754677827102938, 3.570542093721541743 ) ) ;
#939 = CARTESIAN_POINT ( 'NONE',  ( -5.081189881604789349, -9.333994386550833130E-16, -0.2656249999999759637 ) ) ;
#940 = ORIENTED_EDGE ( 'NONE', *, *, #1163, .T. ) ;
#941 = ADVANCED_FACE ( 'NONE', ( #548 ), #764, .T. ) ;
#942 = CARTESIAN_POINT ( 'NONE',  ( 8.287499999999996092, 5.030164220314615520, 3.187612247453147862 ) ) ;
#943 = CARTESIAN_POINT ( 'NONE',  ( 5.000000000000002665, 3.061616997868385113E-16, -2.562499999999973355 ) ) ;
#944 = CARTESIAN_POINT ( 'NONE',  ( 2.846614915774967169, -2.846614915774966725, 1.187500000000025535 ) ) ;
#945 = CARTESIAN_POINT ( 'NONE',  ( 8.499999999999996447, -4.735109768101398053, 3.167342323242421820 ) ) ;
#946 = CARTESIAN_POINT ( 'NONE',  ( 5.000000000000002665, 6.123233995736770227E-16, 4.000000000000000888 ) ) ;
#947 = CARTESIAN_POINT ( 'NONE',  ( -4.025721420742497614, 1.667508410807428731, -3.968749999999978684 ) ) ;
#948 =( BOUNDED_CURVE ( )  B_SPLINE_CURVE ( 2, ( #979, #1917, #23, #1726, #590, #1531, #2256, #1521, #569, #406, #14, #1509, #394, #761, #1349, #1322, #559, #3, #944, #1313, #213, #969, #2290, #784, #2269, #2106, #2093, #1167, #2071, #1142, #1334, #1131, #1885, #1695, #1716, #2280, #579, #2081, #1895, #1155, #204, #959, #1706, #1906, #2239, #2426, #904, #362, #719, #1286, #1088, #749, #1130, #2050, #1479, #2043, #2070, #731, #1844, #1496, #1884, #1302, #180 ),
 .UNSPECIFIED., .F., .F. ) 
 B_SPLINE_CURVE_WITH_KNOTS ( ( 3, 2, 2, 2, 2, 2, 2, 2, 2, 2, 2, 2, 2, 2, 2, 2, 2, 2, 2, 2, 2, 2, 2, 2, 2, 2, 2, 2, 2, 2, 2, 3 ),
 ( 0.2084258988100673171, 0.2171134934137135264, 0.2368510837240499767, 0.2565886740343864547, 0.2763262643447229050, 0.2960638546550593553, 0.3158014449653957501, 0.3355390352757322003, 0.3552766255860687061, 0.3750142158964051564, 0.3947518062067416067, 0.4144893965170780570, 0.4342269868274144518, 0.4539645771377509020, 0.4737021674480873523, 0.4934397577584238581, 0.5131773480687602529, 0.5329149383790967587, 0.5526525286894331535, 0.5723901189997696592, 0.5921277093101060540, 0.6118652996204425598, 0.6316028899307789546, 0.6513404802411154604, 0.6710780705514518552, 0.6908156608617883609, 0.7105532511721248667, 0.7302908414824612615, 0.7500284317927977673, 0.7697660221031341621, 0.7895036124134706679, 0.7916826935064238402 ),
 .UNSPECIFIED. ) 
 CURVE ( )  GEOMETRIC_REPRESENTATION_ITEM ( )  RATIONAL_B_SPLINE_CURVE ( ( 0.9624850097146799843, 0.9664952128307349177, 1.000000000000000000, 0.9238795325112867385, 1.000000000000000000, 0.9238795325112867385, 1.000000000000000000, 0.9238795325112867385, 1.000000000000000000, 0.9238795325112867385, 1.000000000000000000, 0.9238795325112867385, 1.000000000000000000, 0.9238795325112867385, 1.000000000000000000, 0.9238795325112867385, 1.000000000000000000, 0.9238795325112867385, 1.000000000000000000, 0.9238795325112867385, 1.000000000000000000, 0.9238795325112867385, 1.000000000000000000, 0.9238795325112867385, 1.000000000000000000, 0.9238795325112867385, 1.000000000000000000, 0.9238795325112867385, 1.000000000000000000, 0.9238795325112867385, 1.000000000000000000, 0.9238795325112867385, 1.000000000000000000, 0.9238795325112867385, 1.000000000000000000, 0.9238795325112867385, 1.000000000000000000, 0.9238795325112867385, 1.000000000000000000, 0.9238795325112867385, 1.000000000000000000, 0.9238795325112867385, 1.000000000000000000, 0.9238795325112867385, 1.000000000000000000, 0.9238795325112867385, 1.000000000000000000, 0.9238795325112867385, 1.000000000000000000, 0.9238795325112867385, 1.000000000000000000, 0.9238795325112867385, 1.000000000000000000, 0.9238795325112867385, 1.000000000000000000, 0.9238795325112867385, 1.000000000000000000, 0.9238795325112867385, 1.000000000000000000, 0.9238795325112867385, 1.000000000000000000, 0.9915961032282371024, 0.9850478303978515981 ) ) 
 REPRESENTATION_ITEM ( '' )  );
#949 = CARTESIAN_POINT ( 'NONE',  ( 2.104697761953645330, 5.081189881604789349, 3.765625000000023537 ) ) ;
#950 = CARTESIAN_POINT ( 'NONE',  ( 6.222662924367223401E-16, -5.081189881604789349, 1.703125000000022427 ) ) ;
#951 = VECTOR ( 'NONE', #868, 1000.000000000000000 ) ;
#952 = ORIENTED_EDGE ( 'NONE', *, *, #556, .F. ) ;
#953 = B_SPLINE_CURVE_WITH_KNOTS ( 'NONE', 3,
 ( #1157, #1698, #215, #1483, #1709, #1501 ),
 .UNSPECIFIED., .F., .F.,
 ( 4, 2, 4 ),
 ( 4.100505187320361235E-07, 0.0002246369218709137077, 0.0004488637932230954181 ),
 .UNSPECIFIED. ) ;
#954 = DIRECTION ( 'NONE',  ( 0.8660254037844397068, 0.000000000000000000, 0.4999999999999979461 ) ) ;
#955 = EDGE_CURVE ( 'NONE', #59, #634, #1352, .T. ) ;
#956 = APPLICATION_CONTEXT ( 'configuration controlled 3d designs of mechanical parts and assemblies' ) ;
#957 = CARTESIAN_POINT ( 'NONE',  ( 2.846614915774963173, -2.846614915774962729, -1.812499999999977351 ) ) ;
#958 = CARTESIAN_POINT ( 'NONE',  ( 0.2125000000000020484, -9.692267644020843065, 4.000000000000000888 ) ) ;
#959 = CARTESIAN_POINT ( 'NONE',  ( -4.025721420742503831, 1.667508410807431174, -0.9687499999999741318 ) ) ;
#960 = CARTESIAN_POINT ( 'NONE',  ( 4.930086852171235495E-16, -4.025721420742498502, 0.8125000000000224265 ) ) ;
#961 = CARTESIAN_POINT ( 'NONE',  ( -8.499999999999998224, 4.662103423706229322, 4.000000000000000888 ) ) ;
#962 = CARTESIAN_POINT ( 'NONE',  ( 2.104697761953645774, -5.081189881604789349, 0.2031250000000236200 ) ) ;
#963 = CARTESIAN_POINT ( 'NONE',  ( 5.081189881604789349, 3.111331462183611701E-16, 2.078125000000022649 ) ) ;
#964 = ORIENTED_EDGE ( 'NONE', *, *, #397, .F. ) ;
#965 = EDGE_CURVE ( 'NONE', #114, #2367, #409, .T. ) ;
#966 = DIRECTION ( 'NONE',  ( 0.000000000000000000, 0.000000000000000000, -1.000000000000000000 ) ) ;
#967 = CARTESIAN_POINT ( 'NONE',  ( -1.667508410807427177, -4.025721420742499390, -2.093749999999977796 ) ) ;
#968 = DIRECTION ( 'NONE',  ( 0.4999999999999997780, -0.8660254037844388186, 0.000000000000000000 ) ) ;
#969 = CARTESIAN_POINT ( 'NONE',  ( -1.667508410807429620, -4.025721420742505607, 0.9062500000000257572 ) ) ;
#970 = CARTESIAN_POINT ( 'NONE',  ( -4.025721420742497614, -1.667508410807429842, 2.031250000000022204 ) ) ;
#971 = CARTESIAN_POINT ( 'NONE',  ( -2.846614915774963617, 2.846614915774962284, -4.062499999999978684 ) ) ;
#972 = CARTESIAN_POINT ( 'NONE',  ( 3.486398851672052768, -2.012822894465579271, -4.938223744624843370 ) ) ;
#973 = CARTESIAN_POINT ( 'NONE',  ( 3.592943821779217117, -3.592943821779216673, 4.796875000000023093 ) ) ;
#974 = CARTESIAN_POINT ( 'NONE',  ( 2.104697761953645330, 5.081189881604789349, -2.140624999999977796 ) ) ;
#975 = VERTEX_POINT ( 'NONE', #1719 ) ;
#976 = CARTESIAN_POINT ( 'NONE',  ( -4.706677710099930856, 0.7327793290395121506, -3.493093891655354000 ) ) ;
#977 = CARTESIAN_POINT ( 'NONE',  ( -4.025721420742498502, -7.395130278256853736E-16, -2.374999999999977796 ) ) ;
#978 = CYLINDRICAL_SURFACE ( 'NONE', #238, 0.4250000000000000444 ) ;
#979 = CARTESIAN_POINT ( 'NONE',  ( 3.641753431680192943, -1.715827759499923388, 2.769591657532942897 ) ) ;
#980 = EDGE_LOOP ( 'NONE', ( #1747, #1965, #1161, #53, #1219, #339 ) ) ;
#981 = ADVANCED_FACE ( 'NONE', ( #983 ), #1172, .F. ) ;
#982 = CARTESIAN_POINT ( 'NONE',  ( -2.846614915774962729, -2.846614915774963617, 2.125000000000022204 ) ) ;
#983 = FACE_OUTER_BOUND ( 'NONE', #30, .T. ) ;
#984 = CARTESIAN_POINT ( 'NONE',  ( 2.846614915774963173, -2.846614915774962729, 4.187500000000023093 ) ) ;
#985 = CARTESIAN_POINT ( 'NONE',  ( 3.592943821779217117, 3.592943821779217117, 0.7656250000000223155 ) ) ;
#986 = ORIENTED_EDGE ( 'NONE', *, *, #196, .F. ) ;
#987 = B_SPLINE_CURVE_WITH_KNOTS ( 'NONE', 3,
 ( #1942, #275, #2355, #1202, #612, #2155, #849, #1369 ),
 .UNSPECIFIED., .F., .F.,
 ( 4, 2, 2, 4 ),
 ( 0.003979073652697156377, 0.006328943571717366226, 0.007503878531227471151, 0.008678813490737576075 ),
 .UNSPECIFIED. ) ;
#988 = ORIENTED_EDGE ( 'NONE', *, *, #2340, .F. ) ;
#989 = VECTOR ( 'NONE', #788, 1000.000000000000000 ) ;
#990 = CARTESIAN_POINT ( 'NONE',  ( -8.499999999999996447, -4.662103423706228433, -3.187612247453147862 ) ) ;
#991 = CARTESIAN_POINT ( 'NONE',  ( -3.918749301223335202, -7.552463612275689187, -3.877641583642128964 ) ) ;
#992 = CARTESIAN_POINT ( 'NONE',  ( 1.667508410807427621, 4.025721420742498502, -1.343749999999977573 ) ) ;
#993 = CARTESIAN_POINT ( 'NONE',  ( 4.025721420742497614, 4.784532449094527441E-12, 2.769591657532942897 ) ) ;
#994 = ORIENTED_EDGE ( 'NONE', *, *, #693, .T. ) ;
#995 = EDGE_CURVE ( 'NONE', #1403, #144, #594, .T. ) ;
#996 = CARTESIAN_POINT ( 'NONE',  ( 4.721287768030522969, 1.618881772142216180, 3.718263372306276793 ) ) ;
#997 = VERTEX_POINT ( 'NONE', #1362 ) ;
#998 = PERSON_AND_ORGANIZATION_ROLE ( 'creator' ) ;
#999 = CARTESIAN_POINT ( 'NONE',  ( 2.846614915774963173, 2.846614915774963173, 3.062500000000022649 ) ) ;
#1000 = CARTESIAN_POINT ( 'NONE',  ( 3.592943821779217117, -3.592943821779216673, 1.890625000000022427 ) ) ;
#1001 = VERTEX_POINT ( 'NONE', #1947 ) ;
#1002 = DIRECTION ( 'NONE',  ( -1.000000000000000000, 0.000000000000000000, 0.000000000000000000 ) ) ;
#1003 = ORIENTED_EDGE ( 'NONE', *, *, #92, .T. ) ;
#1004 = CARTESIAN_POINT ( 'NONE',  ( 3.535533905932739529, -3.535533905932739085, 1.937500000000019540 ) ) ;
#1005 = CARTESIAN_POINT ( 'NONE',  ( -0.8737919126498707723, -9.310470580239517346, -3.399621151907836314 ) ) ;
#1006 = CARTESIAN_POINT ( 'NONE',  ( 4.025721420742498502, 1.667508410807427843, 1.468750000000022427 ) ) ;
#1007 = DIRECTION ( 'NONE',  ( -1.000000000000000000, 0.000000000000000000, 0.000000000000000000 ) ) ;
#1008 = VERTEX_POINT ( 'NONE', #1182 ) ;
#1009 = EDGE_CURVE ( 'NONE', #1420, #975, #2055, .T. ) ;
#1010 = CARTESIAN_POINT ( 'NONE',  ( -1.667508410807430286, 4.025721420742497614, -4.343749999999978684 ) ) ;
#1011 = VERTEX_POINT ( 'NONE', #617 ) ;
#1012 = PERSON_AND_ORGANIZATION_ROLE ( 'creator' ) ;
#1013 = CARTESIAN_POINT ( 'NONE',  ( 3.592943821779217117, 3.592943821779217117, -0.8281249999999764633 ) ) ;
#1014 = CARTESIAN_POINT ( 'NONE',  ( -5.081189881604789349, -2.104697761953647994, -4.578124999999978684 ) ) ;
#1015 = ORIENTED_EDGE ( 'NONE', *, *, #1946, .F. ) ;
#1016 = CARTESIAN_POINT ( 'NONE',  ( 2.071067811865476838, 5.000000000000003553, 2.406250000000019540 ) ) ;
#1017 = ORIENTED_EDGE ( 'NONE', *, *, #1492, .F. ) ;
#1018 = CARTESIAN_POINT ( 'NONE',  ( -3.535533905932739085, -3.535533905932739973, 1.562500000000019540 ) ) ;
#1019 = CARTESIAN_POINT ( 'NONE',  ( -8.350702204470929146, 4.993674410549944653, 3.167349743300647447 ) ) ;
#1020 = CARTESIAN_POINT ( 'NONE',  ( 1.667508410807427621, 4.025721420742498502, 2.968750000000022204 ) ) ;
#1021 = CARTESIAN_POINT ( 'NONE',  ( 0.000000000000000000, 0.000000000000000000, -4.000000000000000888 ) ) ;
#1022 = PLANE ( 'NONE',  #791 ) ;
#1023 = ORIENTED_EDGE ( 'NONE', *, *, #2215, .T. ) ;
#1024 = CARTESIAN_POINT ( 'NONE',  ( 4.897569889395960274, 0.8210334876036169405, 3.692964850477133520 ) ) ;
#1025 = ORIENTED_EDGE ( 'NONE', *, *, #955, .T. ) ;
#1026 = CARTESIAN_POINT ( 'NONE',  ( 4.930086852171235495E-16, -4.025721420742498502, 2.500000000000022204 ) ) ;
#1027 = CARTESIAN_POINT ( 'NONE',  ( -2.104697761953648438, 5.081189881604789349, -4.953124999999978684 ) ) ;
#1028 = ORIENTED_EDGE ( 'NONE', *, *, #2127, .T. ) ;
#1029 = AXIS2_PLACEMENT_3D ( 'NONE', #2413, #474, #1304 ) ;
#1030 = DIRECTION ( 'NONE',  ( -0.000000000000000000, -0.000000000000000000, -1.000000000000000000 ) ) ;
#1031 = VERTEX_POINT ( 'NONE', #254 ) ;
#1032 = CARTESIAN_POINT ( 'NONE',  ( -1.175790792629631820, 4.789587794512542018, -3.672232811508145733 ) ) ;
#1033 = CARTESIAN_POINT ( 'NONE',  ( -4.737711723160458632, 0.3685813597460013136, -3.481581959950902583 ) ) ;
#1034 = CARTESIAN_POINT ( 'NONE',  ( 0.000000000000000000, 4.025721420742498502, -4.249999999999978684 ) ) ;
#1035 = CARTESIAN_POINT ( 'NONE',  ( -3.570465476656959236, -7.753545372143479497, 3.861594117097060685 ) ) ;
#1036 = CARTESIAN_POINT ( 'NONE',  ( -8.499999999999998224, 4.735077641583138153, -3.167351243043784237 ) ) ;
#1037 = VERTEX_POINT ( 'NONE', #1573 ) ;
#1038 = CARTESIAN_POINT ( 'NONE',  ( 8.499999999999998224, 3.142670428733884247, -3.570621545743297265 ) ) ;
#1039 = EDGE_LOOP ( 'NONE', ( #2153, #1550, #2286, #460 ) ) ;
#1040 = CARTESIAN_POINT ( 'NONE',  ( 0.000000000000000000, 5.081189881604789349, -2.140624999999976019 ) ) ;
#1041 = CARTESIAN_POINT ( 'NONE',  ( 3.592943821779217117, 3.592943821779217117, -3.734374999999977351 ) ) ;
#1042 = DIRECTION ( 'NONE',  ( 0.000000000000000000, 0.000000000000000000, -1.000000000000000000 ) ) ;
#1043 = ORIENTED_EDGE ( 'NONE', *, *, #736, .T. ) ;
#1044 = CARTESIAN_POINT ( 'NONE',  ( 5.000000000000002665, 3.061616997868385113E-16, 0.6250000000000196509 ) ) ;
#1045 = CARTESIAN_POINT ( 'NONE',  ( -4.025721420742497614, 1.667508410807428731, -4.156249999999978684 ) ) ;
#1046 = CARTESIAN_POINT ( 'NONE',  ( -4.025721420742497614, -1.667508410807429842, 3.531250000000022204 ) ) ;
#1047 = CARTESIAN_POINT ( 'NONE',  ( 5.000000000000003553, -2.071067811865476394, 0.3437500000000266454 ) ) ;
#1048 = CARTESIAN_POINT ( 'NONE',  ( -8.499999999999996447, -4.662103423706228433, -3.187612247453147862 ) ) ;
#1049 = CARTESIAN_POINT ( 'NONE',  ( 3.902570643609184486, 2.433588446485281054, 3.336299108274497272 ) ) ;
#1050 = CARTESIAN_POINT ( 'NONE',  ( -4.244023242541157259, 1.214320124083555719, 3.151308489427165238 ) ) ;
#1051 = ORIENTED_EDGE ( 'NONE', *, *, #611, .F. ) ;
#1052 = CARTESIAN_POINT ( 'NONE',  ( 4.930086852171235495E-16, -4.025721420742498502, -3.499999999999977796 ) ) ;
#1053 = CYLINDRICAL_SURFACE ( 'NONE', #2420, 5.000000000000002665 ) ;
#1054 = CARTESIAN_POINT ( 'NONE',  ( 5.000000000000002665, 3.061616997868385606E-16, 0.4375000000000269784 ) ) ;
#1055 = ORIENTED_EDGE ( 'NONE', *, *, #417, .F. ) ;
#1056 = DIRECTION ( 'NONE',  ( -0.000000000000000000, -0.000000000000000000, -1.000000000000000000 ) ) ;
#1057 = CARTESIAN_POINT ( 'NONE',  ( 3.486398851667877885, -2.012822894472809043, -4.938223744625345191 ) ) ;
#1058 = CARTESIAN_POINT ( 'NONE',  ( 4.025721420742498502, -1.667508410807427399, 1.093750000000022204 ) ) ;
#1059 = CARTESIAN_POINT ( 'NONE',  ( 2.206027383068391856, 4.153537251999103397, -3.444088133399710649 ) ) ;
#1060 = CARTESIAN_POINT ( 'NONE',  ( -5.000000000000010658, 2.071067811865481278, 2.593750000000031974 ) ) ;
#1061 = CARTESIAN_POINT ( 'NONE',  ( 3.535533905932740861, -3.535533905932739973, 1.750000000000027311 ) ) ;
#1062 = EDGE_CURVE ( 'NONE', #466, #2353, #38, .T. ) ;
#1063 = CARTESIAN_POINT ( 'NONE',  ( -3.558894892469633309, 2.522473387391149124, 3.099070986325896726 ) ) ;
#1064 = CARTESIAN_POINT ( 'NONE',  ( 2.846614915774963173, 2.846614915774963173, -2.937499999999977351 ) ) ;
#1065 = CARTESIAN_POINT ( 'NONE',  ( -4.025721420742497614, 1.667508410807428731, -1.156249999999977573 ) ) ;
#1066 = EDGE_CURVE ( 'NONE', #144, #1822, #663, .T. ) ;
#1067 = CARTESIAN_POINT ( 'NONE',  ( 5.000000000000002665, 3.061616997868385606E-16, 0.4375000000000269784 ) ) ;
#1068 = ORIENTED_EDGE ( 'NONE', *, *, #2442, .F. ) ;
#1069 = CARTESIAN_POINT ( 'NONE',  ( -3.627958585612405251, -2.746653988663358525, 3.291715818383895709 ) ) ;
#1070 = CARTESIAN_POINT ( 'NONE',  ( 1.667508410807428065, -4.025721420742498502, -2.093749999999977796 ) ) ;
#1071 = CARTESIAN_POINT ( 'NONE',  ( 1.667508410807427621, 4.025721420742498502, 4.468750000000022204 ) ) ;
#1072 = CARTESIAN_POINT ( 'NONE',  ( 0.6082188760638312930, 4.467781137801740243, -3.241114552525269588 ) ) ;
#1073 = CARTESIAN_POINT ( 'NONE',  ( 3.535533905932746190, 3.535533905932746190, 2.125000000000031974 ) ) ;
#1074 = CLOSED_SHELL ( 'NONE', ( #1552, #1801, #1794, #1078, #785, #706, #292, #1517, #1533, #2360, #2245, #2228, #1642, #1316, #351, #1324, #186, #111, #981, #1390, #2310, #402, #1658, #261, #2379, #1690, #1506, #2006, #762, #2430, #1913, #1865, #615, #2444, #2059, #1292, #941 ) ) ;
#1075 = CARTESIAN_POINT ( 'NONE',  ( 0.2124999999999975242, 9.692267644020839512, -3.187612247453148306 ) ) ;
#1076 = CARTESIAN_POINT ( 'NONE',  ( -8.499999999999996447, -1.040949779298131050E-15, 3.877313067797208301 ) ) ;
#1077 = FACE_OUTER_BOUND ( 'NONE', #2068, .T. ) ;
#1078 = ADVANCED_FACE ( 'NONE', ( #1077 ), #2378, .F. ) ;
#1079 = CARTESIAN_POINT ( 'NONE',  ( 4.025721420742498502, 1.667508410807427843, -0.03124999999997747635 ) ) ;
#1080 = CARTESIAN_POINT ( 'NONE',  ( -1.667508410807430508, 4.025721420742497614, -1.343749999999977573 ) ) ;
#1081 = CARTESIAN_POINT ( 'NONE',  ( -3.149515555969431446, -3.369372649744919457, -3.346606468998123862 ) ) ;
#1082 = ORIENTED_EDGE ( 'NONE', *, *, #1441, .T. ) ;
#1083 = CARTESIAN_POINT ( 'NONE',  ( 0.07450286603336638003, -9.749274026416214767, 3.156046063154890113 ) ) ;
#1084 = CARTESIAN_POINT ( 'NONE',  ( -2.846614915774963617, 2.846614915774962284, 0.2500000000000219269 ) ) ;
#1085 = CARTESIAN_POINT ( 'NONE',  ( 1.667508410807427621, 4.025721420742498502, -0.03124999999997747635 ) ) ;
#1086 = CARTESIAN_POINT ( 'NONE',  ( 5.256129763209560046, 0.000000000000000000, 4.000000000000000888 ) ) ;
#1087 = CARTESIAN_POINT ( 'NONE',  ( 1.658621931092466806, 4.693151441074865815, 3.715335253679539651 ) ) ;
#1088 = CARTESIAN_POINT ( 'NONE',  ( 2.846614915774967169, -2.846614915774966725, -1.812499999999974021 ) ) ;
#1089 = CARTESIAN_POINT ( 'NONE',  ( -8.499999999999998224, 3.907102285148311260, 3.397235342327525665 ) ) ;
#1090 = CARTESIAN_POINT ( 'NONE',  ( 8.499999999999996447, 4.662103423706229322, -3.187612247453147418 ) ) ;
#1091 = CARTESIAN_POINT ( 'NONE',  ( 4.025721420742498502, 2.465043426085617748E-16, -0.1249999999999775596 ) ) ;
#1092 = CARTESIAN_POINT ( 'NONE',  ( 1.667508410807428287, -4.025721420742498502, 0.9062500000000220934 ) ) ;
#1093 = CARTESIAN_POINT ( 'NONE',  ( 3.386983990765163544, -2.753205888401339063, -3.098859611172274153 ) ) ;
#1094 = VERTEX_POINT ( 'NONE', #1278 ) ;
#1095 = PRODUCT_RELATED_PRODUCT_CATEGORY ( 'detail', '', ( #602 ) ) ;
#1096 = CARTESIAN_POINT ( 'NONE',  ( 2.846614915774963173, 2.846614915774963173, -3.124999999999977796 ) ) ;
#1097 = CARTESIAN_POINT ( 'NONE',  ( -1.667508410807430286, 4.025721420742497614, -1.343749999999977573 ) ) ;
#1098 = CARTESIAN_POINT ( 'NONE',  ( 4.943797983824767428, 6.960651479443276557, 3.876815086983872227 ) ) ;
#1099 =( BOUNDED_CURVE ( )  B_SPLINE_CURVE ( 2, ( #510, #1268, #2010, #1475, #897, #526, #314, #2038, #167 ),
 .UNSPECIFIED., .F., .F. ) 
 B_SPLINE_CURVE_WITH_KNOTS ( ( 3, 2, 2, 2, 3 ),
 ( 0.2975846594361822861, 0.3154418022933250798, 0.3332989451504679845, 0.3511560880076107782, 0.3690132308647536830 ),
 .UNSPECIFIED. ) 
 CURVE ( )  GEOMETRIC_REPRESENTATION_ITEM ( )  RATIONAL_B_SPLINE_CURVE ( ( 1.000000000000000000, 0.9238795325112867385, 1.000000000000000000, 0.9238795325112867385, 1.000000000000000000, 0.9238795325112867385, 1.000000000000000000, 0.9238795325112867385, 1.000000000000000000 ) ) 
 REPRESENTATION_ITEM ( '' )  );
#1100 = CARTESIAN_POINT ( 'NONE',  ( 4.025721420742498502, -1.667508410807427399, 4.281250000000022204 ) ) ;
#1101 = CARTESIAN_POINT ( 'NONE',  ( -8.499999999999996447, 0.7885131329634790243, 3.877313067797208745 ) ) ;
#1102 = CARTESIAN_POINT ( 'NONE',  ( 0.2124999999999975242, 9.692267644020839512, -3.187612247453148306 ) ) ;
#1103 = CARTESIAN_POINT ( 'NONE',  ( 3.713086930294461574, 1.599692512010032264, 2.779198908772503973 ) ) ;
#1104 = CARTESIAN_POINT ( 'NONE',  ( -1.667508410807427177, -4.025721420742499390, -2.093749999999977796 ) ) ;
#1105 = EDGE_CURVE ( 'NONE', #59, #816, #253, .T. ) ;
#1106 = CARTESIAN_POINT ( 'NONE',  ( -3.756473874535148028, -2.723926893994680132, -3.374788641619105523 ) ) ;
#1107 = DIRECTION ( 'NONE',  ( 1.000000000000000000, 0.000000000000000000, 0.000000000000000000 ) ) ;
#1108 = EDGE_CURVE ( 'NONE', #1376, #2351, #1513, .T. ) ;
#1109 = AXIS2_PLACEMENT_3D ( 'NONE', #200, #2287, #403 ) ;
#1110 = CARTESIAN_POINT ( 'NONE',  ( -1.667508410807427177, -4.025721420742499390, 3.906250000000022204 ) ) ;
#1111 = CARTESIAN_POINT ( 'NONE',  ( -4.331906981956224811, -1.221011842742821374, 3.234167137116908286 ) ) ;
#1112 = CARTESIAN_POINT ( 'NONE',  ( 0.1492770855751551495, 9.728769410682973628, -3.167343103725195785 ) ) ;
#1113 =( BOUNDED_CURVE ( )  B_SPLINE_CURVE ( 2, ( #1870, #1325, #752, #1887, #535, #384, #194, #544, #1306 ),
 .UNSPECIFIED., .F., .T. ) 
 B_SPLINE_CURVE_WITH_KNOTS ( ( 3, 2, 2, 2, 3 ),
 ( 0.2261560880076107782, 0.2440132308647536830, 0.2618703737218964767, 0.2797275165790393814, 0.2975846594361822861 ),
 .UNSPECIFIED. ) 
 CURVE ( )  GEOMETRIC_REPRESENTATION_ITEM ( )  RATIONAL_B_SPLINE_CURVE ( ( 1.000000000000000000, 0.9238795325112867385, 1.000000000000000000, 0.9238795325112867385, 1.000000000000000000, 0.9238795325112867385, 1.000000000000000000, 0.9238795325112867385, 1.000000000000000000 ) ) 
 REPRESENTATION_ITEM ( '' )  );
#1114 = CARTESIAN_POINT ( 'NONE',  ( 3.381241020612789860, 2.267777214352401316, 2.807625671536195355 ) ) ;
#1115 = CARTESIAN_POINT ( 'NONE',  ( -1.582482693936995366, 3.899765585041358396, -2.949353029322457687 ) ) ;
#1116 = AXIS2_PLACEMENT_3D ( 'NONE', #96, #2174, #79 ) ;
#1117 = CARTESIAN_POINT ( 'NONE',  ( -5.081189881604789349, 2.104697761953645774, 2.640625000000023537 ) ) ;
#1118 = CARTESIAN_POINT ( 'NONE',  ( 8.499999999999998224, -4.281318303721801222, 3.293335737467635749 ) ) ;
#1119 = CARTESIAN_POINT ( 'NONE',  ( 4.025721420742498502, 1.667508410807427843, 4.468750000000022204 ) ) ;
#1120 = CARTESIAN_POINT ( 'NONE',  ( 3.256510715884895824, 2.583440606898852465, -2.892799719739904241 ) ) ;
#1121 = CARTESIAN_POINT ( 'NONE',  ( 0.000000000000000000, 0.000000000000000000, 3.743870236790444839 ) ) ;
#1122 = CARTESIAN_POINT ( 'NONE',  ( -1.667508410807427177, -4.025721420742499390, 3.718750000000022649 ) ) ;
#1123 = CARTESIAN_POINT ( 'NONE',  ( -3.535533905932804810, -3.535533905932805698, -1.624999999999919620 ) ) ;
#1124 =( BOUNDED_CURVE ( )  B_SPLINE_CURVE ( 2, ( #676, #2016, #1073, #1432, #2189, #1830, #2003, #1060, #718 ),
 .UNSPECIFIED., .F., .T. ) 
 B_SPLINE_CURVE_WITH_KNOTS ( ( 3, 2, 2, 2, 3 ),
 ( 0.1185787060292880779, 0.1224920046156118131, 0.1264053032019355205, 0.1303186017882592418, 0.1342319003745829631 ),
 .UNSPECIFIED. ) 
 CURVE ( )  GEOMETRIC_REPRESENTATION_ITEM ( )  RATIONAL_B_SPLINE_CURVE ( ( 1.000000000000000000, 0.9238795325112867385, 1.000000000000000000, 0.9238795325112867385, 1.000000000000000000, 0.9238795325112867385, 1.000000000000000000, 0.9238795325112867385, 1.000000000000000000 ) ) 
 REPRESENTATION_ITEM ( '' )  );
#1125 = EDGE_CURVE ( 'NONE', #2119, #466, #1787, .T. ) ;
#1126 = APPROVAL ( #1575, 'UNSPECIFIED' ) ;
#1127 = CARTESIAN_POINT ( 'NONE',  ( -2.104697761953648438, 5.081189881604789349, 0.9531250000000234257 ) ) ;
#1128 = ORIENTED_EDGE ( 'NONE', *, *, #1665, .T. ) ;
#1129 = CARTESIAN_POINT ( 'NONE',  ( 3.570465476656954795, 7.753545372143477721, 3.861594117097062462 ) ) ;
#1130 = CARTESIAN_POINT ( 'NONE',  ( 4.930086852171242398E-16, -4.025721420742503831, -1.999999999999974021 ) ) ;
#1131 = CARTESIAN_POINT ( 'NONE',  ( 4.025721420742504719, 1.667508410807430508, -0.03124999999997422895 ) ) ;
#1132 = CARTESIAN_POINT ( 'NONE',  ( 6.959459603525213645, -5.796908700714035412, -3.573432321160795233 ) ) ;
#1133 = CARTESIAN_POINT ( 'NONE',  ( 8.499999999999998224, -4.662103423706253302, 3.187612247453149639 ) ) ;
#1134 = UNCERTAINTY_MEASURE_WITH_UNIT (LENGTH_MEASURE( 1.000000000000000082E-05 ), #298, 'distance_accuracy_value', 'NONE');
#1135 = CARTESIAN_POINT ( 'NONE',  ( 6.222662924367223401E-16, -5.081189881604789349, 0.1093750000000235090 ) ) ;
#1136 = CARTESIAN_POINT ( 'NONE',  ( -5.081189881604789349, 2.104697761953645774, 1.234375000000022204 ) ) ;
#1137 = EDGE_CURVE ( 'NONE', #199, #2125, #2028, .T. ) ;
#1138 = ORIENTED_EDGE ( 'NONE', *, *, #1198, .T. ) ;
#1139 = FACE_OUTER_BOUND ( 'NONE', #423, .T. ) ;
#1140 = CARTESIAN_POINT ( 'NONE',  ( -2.846614915774963617, 2.846614915774962284, 1.937500000000022649 ) ) ;
#1141 = CARTESIAN_POINT ( 'NONE',  ( 0.000000000000000000, 0.000000000000000000, 4.000000000000000888 ) ) ;
#1142 = CARTESIAN_POINT ( 'NONE',  ( 1.667508410807430286, 4.025721420742504719, 0.1562500000000259515 ) ) ;
#1143 = CARTESIAN_POINT ( 'NONE',  ( 2.764062279612276907, 3.037325568049288105, 2.843158879757099022 ) ) ;
#1144 = CARTESIAN_POINT ( 'NONE',  ( 1.667508410807427621, 4.025721420742498502, -4.343749999999976907 ) ) ;
#1145 = VECTOR ( 'NONE', #1458, 1000.000000000000000 ) ;
#1146 = EDGE_CURVE ( 'NONE', #1403, #1822, #1602, .T. ) ;
#1147 = AXIS2_PLACEMENT_3D ( 'NONE', #1686, #163, #2260 ) ;
#1148 = CARTESIAN_POINT ( 'NONE',  ( -2.104697761953648438, 5.081189881604789349, -0.5468749999999761302 ) ) ;
#1149 = CARTESIAN_POINT ( 'NONE',  ( 3.592943821779217117, 3.592943821779217117, -0.7343749999999772404 ) ) ;
#1150 = AXIS2_PLACEMENT_3D ( 'NONE', #2069, #748, #1285 ) ;
#1151 = VERTEX_POINT ( 'NONE', #504 ) ;
#1152 = CARTESIAN_POINT ( 'NONE',  ( 8.499999999999996447, -2.292627005798565559E-26, 3.877313067797208301 ) ) ;
#1153 = CARTESIAN_POINT ( 'NONE',  ( 1.667508410807428065, -4.025721420742498502, -1.906249999999977573 ) ) ;
#1154 = CARTESIAN_POINT ( 'NONE',  ( 4.398847153024377121, 2.377003097248583607, 3.743870236790444839 ) ) ;
#1155 = CARTESIAN_POINT ( 'NONE',  ( -4.025721420742503831, -1.667508410807432506, -0.7812499999999741318 ) ) ;
#1156 = CARTESIAN_POINT ( 'NONE',  ( -4.025721420742498502, -7.395130278256853736E-16, 0.4375000000000220934 ) ) ;
#1157 = CARTESIAN_POINT ( 'NONE',  ( 8.287499999999996092, 5.030164220314615520, -3.187612247453147862 ) ) ;
#1158 = CARTESIAN_POINT ( 'NONE',  ( 4.025721420742498502, 1.667508410807427843, -4.718749999999977796 ) ) ;
#1159 = CARTESIAN_POINT ( 'NONE',  ( 5.081189881604789349, -2.104697761953644886, 3.390625000000023981 ) ) ;
#1160 = CARTESIAN_POINT ( 'NONE',  ( 6.222662924367223401E-16, -5.081189881604789349, 3.203125000000022649 ) ) ;
#1161 = ORIENTED_EDGE ( 'NONE', *, *, #1108, .T. ) ;
#1162 = LINE ( 'NONE', #2103, #921 ) ;
#1163 = EDGE_CURVE ( 'NONE', #997, #282, #2380, .T. ) ;
#1164 = CARTESIAN_POINT ( 'NONE',  ( 5.000000000000004441, -2.667095365029866032E-11, -1.062500000001181277 ) ) ;
#1165 = CARTESIAN_POINT ( 'NONE',  ( 1.667508410807428065, -4.025721420742498502, 1.093750000000022204 ) ) ;
#1166 = CARTESIAN_POINT ( 'NONE',  ( -0.2125000000000023537, 9.692267644020839512, -3.187612247453147862 ) ) ;
#1167 = CARTESIAN_POINT ( 'NONE',  ( -1.667508410807432506, 4.025721420742503831, 0.3437500000000253131 ) ) ;
#1168 = ORIENTED_EDGE ( 'NONE', *, *, #1931, .T. ) ;
#1169 = CARTESIAN_POINT ( 'NONE',  ( 2.846614915774963173, 2.846614915774963173, 2.875000000000022649 ) ) ;
#1170 = B_SPLINE_CURVE_WITH_KNOTS ( 'NONE', 3,
 ( #2217, #1089, #1676, #2435, #1101, #1076 ),
 .UNSPECIFIED., .F., .F.,
 ( 4, 2, 4 ),
 ( 0.02696412747094126955, 0.02932118094066875694, 0.03167823441039624432 ),
 .UNSPECIFIED. ) ;
#1171 = CARTESIAN_POINT ( 'NONE',  ( -7.627918266019497295, -5.410973911980818229, 3.399072871943593199 ) ) ;
#1172 = PLANE ( 'NONE',  #525 ) ;
#1173 = CARTESIAN_POINT ( 'NONE',  ( 2.846614915774963173, 2.846614915774963173, 4.562500000000022204 ) ) ;
#1174 = CARTESIAN_POINT ( 'NONE',  ( -5.081189881604789349, -9.333994386550833130E-16, -0.1718749999999776013 ) ) ;
#1175 = ORIENTED_EDGE ( 'NONE', *, *, #1980, .F. ) ;
#1176 = DIRECTION ( 'NONE',  ( 0.000000000000000000, 0.000000000000000000, -1.000000000000000000 ) ) ;
#1177 = CARTESIAN_POINT ( 'NONE',  ( -8.480370408348818501, 4.810115638568831287, 3.156046063154838599 ) ) ;
#1178 = CARTESIAN_POINT ( 'NONE',  ( -1.667508410807430286, 4.025721420742497614, -1.156249999999977573 ) ) ;
#1179 = CARTESIAN_POINT ( 'NONE',  ( -4.025721420742497614, 1.667508410807428731, -2.656249999999978684 ) ) ;
#1180 = EDGE_CURVE ( 'NONE', #114, #2309, #2393, .T. ) ;
#1181 = ORIENTED_EDGE ( 'NONE', *, *, #709, .F. ) ;
#1182 = CARTESIAN_POINT ( 'NONE',  ( -0.2125000000000014377, 9.692267644020839512, 3.187612247453147418 ) ) ;
#1183 = CARTESIAN_POINT ( 'NONE',  ( -5.081189881604789349, -2.104697761953647994, -3.171874999999976463 ) ) ;
#1184 = CARTESIAN_POINT ( 'NONE',  ( -5.081189881604789349, -2.104697761953647994, -1.578124999999977129 ) ) ;
#1185 =( BOUNDED_CURVE ( )  B_SPLINE_CURVE ( 2, ( #2213, #515, #1273 ),
 .UNSPECIFIED., .F., .F. ) 
 B_SPLINE_CURVE_WITH_KNOTS ( ( 3, 3 ),
 ( 0.8690132308647536830, 0.8802492316933324679 ),
 .UNSPECIFIED. ) 
 CURVE ( )  GEOMETRIC_REPRESENTATION_ITEM ( )  RATIONAL_B_SPLINE_CURVE ( ( 1.000000000000000000, 0.9521037803966005963, 0.9644817006659551772 ) ) 
 REPRESENTATION_ITEM ( '' )  );
#1186 = EDGE_LOOP ( 'NONE', ( #2139, #118, #2407, #1621, #1593, #279, #187, #433, #631, #856, #2419, #1195, #829, #885, #452, #1199, #1384 ) ) ;
#1187 = CARTESIAN_POINT ( 'NONE',  ( 8.287499999999996092, 5.030164220314615520, -3.187612247453147862 ) ) ;
#1188 = ORIENTED_EDGE ( 'NONE', *, *, #995, .T. ) ;
#1189 = AXIS2_PLACEMENT_3D ( 'NONE', #112, #140, #519 ) ;
#1190 = CARTESIAN_POINT ( 'NONE',  ( 5.000000000000002665, 3.061616997868385113E-16, 3.625000000000019540 ) ) ;
#1191 = CARTESIAN_POINT ( 'NONE',  ( -5.621581837899205958, -6.569332788841020232, -3.811476459027386632 ) ) ;
#1192 = CARTESIAN_POINT ( 'NONE',  ( 0.000000000000000000, 4.025721420742498502, 1.750000000000022427 ) ) ;
#1193 = ORIENTED_EDGE ( 'NONE', *, *, #80, .T. ) ;
#1194 = CARTESIAN_POINT ( 'NONE',  ( 1.667508410807428065, -4.025721420742498502, -3.593749999999978240 ) ) ;
#1195 = ORIENTED_EDGE ( 'NONE', *, *, #746, .T. ) ;
#1196 = PERSON_AND_ORGANIZATION ( #1955, #2294 ) ;
#1197 = CARTESIAN_POINT ( 'NONE',  ( 1.667508410807427621, 4.025721420742498502, 4.656250000000022204 ) ) ;
#1198 = EDGE_CURVE ( 'NONE', #496, #861, #742, .T. ) ;
#1199 = ORIENTED_EDGE ( 'NONE', *, *, #799, .F. ) ;
#1200 = FACE_OUTER_BOUND ( 'NONE', #368, .T. ) ;
#1201 = ORIENTED_EDGE ( 'NONE', *, *, #219, .T. ) ;
#1202 = CARTESIAN_POINT ( 'NONE',  ( -8.500000000000001776, 1.973740095416915974, -3.751411010842544247 ) ) ;
#1203 = CARTESIAN_POINT ( 'NONE',  ( 4.025721420742498502, -1.078665403184034810, -4.685644300738189827 ) ) ;
#1204 = FACE_OUTER_BOUND ( 'NONE', #255, .T. ) ;
#1205 = CARTESIAN_POINT ( 'NONE',  ( 4.275120236788656491, -1.405679160725025628E-11, 3.018990473579102218 ) ) ;
#1206 = CARTESIAN_POINT ( 'NONE',  ( -2.846614915774963617, 2.846614915774962284, -4.249999999999978684 ) ) ;
#1207 = ORIENTED_EDGE ( 'NONE', *, *, #1732, .T. ) ;
#1208 =( NAMED_UNIT ( * ) PLANE_ANGLE_UNIT ( ) SI_UNIT ( $, .RADIAN. ) );
#1209 = CARTESIAN_POINT ( 'NONE',  ( -3.592943821779217561, 3.592943821779215785, -1.953124999999976685 ) ) ;
#1210 = CARTESIAN_POINT ( 'NONE',  ( 4.025721420742498502, -1.667508410807427621, 2.593750000000022204 ) ) ;
#1211 = ORIENTED_EDGE ( 'NONE', *, *, #2048, .T. ) ;
#1212 = CARTESIAN_POINT ( 'NONE',  ( -0.8726784475753578407, 9.311113439600019248, -3.399264177165106648 ) ) ;
#1213 = EDGE_LOOP ( 'NONE', ( #1329, #103 ) ) ;
#1214 = CARTESIAN_POINT ( 'NONE',  ( 0.4594655248983762208, 4.959900521034843024, -3.721596618952579316 ) ) ;
#1215 = CARTESIAN_POINT ( 'NONE',  ( -8.499999999999998224, 4.735109768101560590, 3.167342323242376523 ) ) ;
#1216 = CARTESIAN_POINT ( 'NONE',  ( 4.025721420742498502, -1.667508410807427399, -3.218749999999978240 ) ) ;
#1217 = DIRECTION ( 'NONE',  ( -1.000000000000000000, 0.000000000000000000, 0.000000000000000000 ) ) ;
#1218 = CARTESIAN_POINT ( 'NONE',  ( 8.786531827778929265E-16, -9.814954576223639648, 4.000000000000000888 ) ) ;
#1219 = ORIENTED_EDGE ( 'NONE', *, *, #2087, .F. ) ;
#1220 = CARTESIAN_POINT ( 'NONE',  ( 5.000000000000002665, 3.061616997868385113E-16, -0.8749999999999803491 ) ) ;
#1221 = ORIENTED_EDGE ( 'NONE', *, *, #1180, .F. ) ;
#1222 = APPROVAL_ROLE ( '' ) ;
#1223 = CARTESIAN_POINT ( 'NONE',  ( -5.081189881604789349, -2.104697761953647994, -1.671874999999976241 ) ) ;
#1224 = CARTESIAN_POINT ( 'NONE',  ( -4.025721420742497614, -1.667508410807429842, 2.031250000000022204 ) ) ;
#1225 = EDGE_CURVE ( 'NONE', #1037, #1345, #1113, .T. ) ;
#1226 = CARTESIAN_POINT ( 'NONE',  ( -5.608601972408516545, 6.576826717676115486, -3.799524489023283103 ) ) ;
#1227 = ORIENTED_EDGE ( 'NONE', *, *, #1198, .F. ) ;
#1228 = CARTESIAN_POINT ( 'NONE',  ( 8.499999999999996447, -0.7865556182376844951, -3.877313067797208745 ) ) ;
#1229 = CARTESIAN_POINT ( 'NONE',  ( 2.262712991855809541, -4.201310018655505019, 3.505967968492562203 ) ) ;
#1230 = VECTOR ( 'NONE', #798, 1000.000000000000000 ) ;
#1231 = CARTESIAN_POINT ( 'NONE',  ( -1.667508410807427177, -4.025721420742499390, -2.281249999999977351 ) ) ;
#1232 = CARTESIAN_POINT ( 'NONE',  ( 4.025721420742498502, -1.667508410807427399, 4.093750000000023093 ) ) ;
#1233 = CARTESIAN_POINT ( 'NONE',  ( -1.539067999244937202, -8.926373252558434501, 3.573050885089477990 ) ) ;
#1234 = CARTESIAN_POINT ( 'NONE',  ( 0.000000000000000000, 0.000000000000000000, -4.000000000000000888 ) ) ;
#1235 = CARTESIAN_POINT ( 'NONE',  ( 1.540540396474791240, 8.925523163621425837, -3.573432321160799230 ) ) ;
#1236 = AXIS2_PLACEMENT_3D ( 'NONE', #2089, #966, #10 ) ;
#1237 = CARTESIAN_POINT ( 'NONE',  ( -2.071067811865479946, 5.000000000000000888, -0.4062499999999809042 ) ) ;
#1238 = EDGE_LOOP ( 'NONE', ( #770, #653, #2162, #1634, #1440, #74, #65, #686, #2235, #1891 ) ) ;
#1239 = CARTESIAN_POINT ( 'NONE',  ( -7.626208087350128118, 5.411961284095943903, -3.399621151907836314 ) ) ;
#1240 = CARTESIAN_POINT ( 'NONE',  ( -2.846614915774962729, -2.846614915774963617, -2.187499999999977796 ) ) ;
#1241 = CARTESIAN_POINT ( 'NONE',  ( -5.081189881604789349, 2.104697761953645774, -3.265624999999977796 ) ) ;
#1242 = CARTESIAN_POINT ( 'NONE',  ( -3.535533905932918941, -3.535533905932919385, -3.124999999999827249 ) ) ;
#1243 = ORIENTED_EDGE ( 'NONE', *, *, #1125, .F. ) ;
#1244 = CARTESIAN_POINT ( 'NONE',  ( -2.165930965957700849, -4.084099672328131092, 3.356604188887774232 ) ) ;
#1245 = CARTESIAN_POINT ( 'NONE',  ( 1.667508410807427621, 4.025721420742498502, -0.03124999999997747635 ) ) ;
#1246 = CARTESIAN_POINT ( 'NONE',  ( -2.846614915774962729, -2.846614915774963617, 3.625000000000022204 ) ) ;
#1247 = EDGE_CURVE ( 'NONE', #2347, #1011, #174, .T. ) ;
#1248 = CARTESIAN_POINT ( 'NONE',  ( -0.2125000000000014377, 9.692267644020839512, 3.187612247453147418 ) ) ;
#1249 = CARTESIAN_POINT ( 'NONE',  ( -8.405866072225098407, 4.939161085558131603, -3.156046021343966057 ) ) ;
#1250 = EDGE_CURVE ( 'NONE', #1405, #1493, #1896, .T. ) ;
#1251 = CARTESIAN_POINT ( 'NONE',  ( -5.000000000000000000, 1.489311241794003844E-11, 1.187499999999351408 ) ) ;
#1252 = CARTESIAN_POINT ( 'NONE',  ( -0.1895724116387160207, 4.029822590861425802, -2.769591657532942452 ) ) ;
#1253 = APPROVAL_ROLE ( '' ) ;
#1254 = CARTESIAN_POINT ( 'NONE',  ( -2.846614915774963617, 2.846614915774962284, 0.4375000000000220934 ) ) ;
#1255 = CARTESIAN_POINT ( 'NONE',  ( 1.667508410807427843, 4.025721420742498502, 1.468750000000022204 ) ) ;
#1256 = B_SPLINE_CURVE_WITH_KNOTS ( 'NONE', 3,
 ( #2418, #358, #2047, #1860, #2432, #1484 ),
 .UNSPECIFIED., .F., .F.,
 ( 4, 2, 4 ),
 ( 1.161261003936379620E-17, 0.0002242246370780539395, 0.0004484492741560962780 ),
 .UNSPECIFIED. ) ;
#1257 = EDGE_LOOP ( 'NONE', ( #446, #90, #1733, #2276 ) ) ;
#1258 = CARTESIAN_POINT ( 'NONE',  ( 2.537016279554090925, -4.053548295975454074, 3.516021714922335395 ) ) ;
#1259 = CARTESIAN_POINT ( 'NONE',  ( -1.667508410807427177, -4.025721420742499390, -0.7812499999999781286 ) ) ;
#1260 = CARTESIAN_POINT ( 'NONE',  ( 4.025721420742498502, 2.465043426085617748E-16, 4.187500000000022204 ) ) ;
#1261 = CARTESIAN_POINT ( 'NONE',  ( -4.929534523342675278, 6.968886492192191362, 3.861594117097083334 ) ) ;
#1262 = LINE ( 'NONE', #1958, #554 ) ;
#1263 = CARTESIAN_POINT ( 'NONE',  ( 3.072287613641758952, 3.678573422884048316, 3.511193401785492441 ) ) ;
#1264 = CARTESIAN_POINT ( 'NONE',  ( -3.535533905932739973, 3.535533905932738641, -3.499999999999974243 ) ) ;
#1265 = CARTESIAN_POINT ( 'NONE',  ( -3.957915565752187614, 1.895235572343486385, 3.125232869090337928 ) ) ;
#1266 = CARTESIAN_POINT ( 'NONE',  ( 0.000000000000000000, 4.025721420742498502, 0.2500000000000219269 ) ) ;
#1267 = CARTESIAN_POINT ( 'NONE',  ( -4.025721420742498502, -7.395130278256853736E-16, -1.062499999999977573 ) ) ;
#1268 = CARTESIAN_POINT ( 'NONE',  ( 5.000000000000003553, 2.071067811865476838, -2.281249999999980904 ) ) ;
#1269 = VERTEX_POINT ( 'NONE', #1697 ) ;
#1270 = CARTESIAN_POINT ( 'NONE',  ( 4.745523933137071104, -1.208445499906390497, 3.631323589454414691 ) ) ;
#1271 = CARTESIAN_POINT ( 'NONE',  ( 5.081189881604789349, -2.104697761953644886, 3.484375000000022649 ) ) ;
#1272 = CARTESIAN_POINT ( 'NONE',  ( -2.846614915774963617, 2.846614915774962284, -1.249999999999977796 ) ) ;
#1273 = CARTESIAN_POINT ( 'NONE',  ( 4.398847153024377121, 2.377003097248583607, 3.743870236790444839 ) ) ;
#1274 = CARTESIAN_POINT ( 'NONE',  ( 5.621581837899198852, 6.569332788841022008, -3.811476459027388408 ) ) ;
#1275 =( BOUNDED_CURVE ( )  B_SPLINE_CURVE ( 2, ( #212, #393, #1542, #50, #1715, #2130, #1333, #1371, #773 ),
 .UNSPECIFIED., .F., .T. ) 
 B_SPLINE_CURVE_WITH_KNOTS ( ( 3, 2, 2, 2, 3 ),
 ( 0.1671007390640405488, 0.1725846594361822861, 0.1904418022933250798, 0.2082989451504679845, 0.2261560880076107782 ),
 .UNSPECIFIED. ) 
 CURVE ( )  GEOMETRIC_REPRESENTATION_ITEM ( )  RATIONAL_B_SPLINE_CURVE ( ( 0.9676047408335297639, 0.9766234393856948470, 1.000000000000000000, 0.9238795325112867385, 1.000000000000000000, 0.9238795325112867385, 1.000000000000000000, 0.9238795325112867385, 1.000000000000000000 ) ) 
 REPRESENTATION_ITEM ( '' )  );
#1276 = VECTOR ( 'NONE', #425, 1000.000000000000000 ) ;
#1277 = CARTESIAN_POINT ( 'NONE',  ( 1.667508410807427621, 4.025721420742498502, 4.656250000000022204 ) ) ;
#1278 = CARTESIAN_POINT ( 'NONE',  ( 0.2125000000000020761, -9.692267644020843065, -3.187612247453146530 ) ) ;
#1279 = CARTESIAN_POINT ( 'NONE',  ( 4.025721420742498502, 1.667508410807427843, -1.531249999999978018 ) ) ;
#1280 = CARTESIAN_POINT ( 'NONE',  ( -2.846614915774962729, -2.846614915774963617, 0.6250000000000222045 ) ) ;
#1281 = CARTESIAN_POINT ( 'NONE',  ( -1.632696128321625917, -4.250900581182707860, -3.288064683411578759 ) ) ;
#1282 = ORIENTED_EDGE ( 'NONE', *, *, #464, .T. ) ;
#1283 = CARTESIAN_POINT ( 'NONE',  ( 4.025721420742498502, 2.465043426085617748E-16, -1.812499999999978240 ) ) ;
#1284 = CARTESIAN_POINT ( 'NONE',  ( 2.846614915774963173, 2.846614915774963173, -1.624999999999978018 ) ) ;
#1285 = DIRECTION ( 'NONE',  ( 1.000000000000000000, 0.000000000000000000, 0.000000000000000000 ) ) ;
#1286 = CARTESIAN_POINT ( 'NONE',  ( 4.025721420742504719, -1.667508410807429842, -1.718749999999975131 ) ) ;
#1287 = CARTESIAN_POINT ( 'NONE',  ( 2.289973130174552729, 3.414567494144186366, -2.847246341617426513 ) ) ;
#1288 = CARTESIAN_POINT ( 'NONE',  ( -5.000000000000002665, 0.000000000000000000, 4.000000000000000888 ) ) ;
#1289 = CARTESIAN_POINT ( 'NONE',  ( 4.025721420742498502, 2.465043426085617748E-16, 4.187500000000022204 ) ) ;
#1290 = CARTESIAN_POINT ( 'NONE',  ( 4.025721420742498502, 2.465043426085617748E-16, -1.624999999999978018 ) ) ;
#1291 = CARTESIAN_POINT ( 'NONE',  ( 3.708610931104377340, -2.262842056355792941, -3.078426551301852943 ) ) ;
#1292 = ADVANCED_FACE ( 'NONE', ( #928 ), #1765, .T. ) ;
#1293 = CARTESIAN_POINT ( 'NONE',  ( 1.429659642340895598, 4.791249660272543842, 3.743870236790447503 ) ) ;
#1294 = CARTESIAN_POINT ( 'NONE',  ( 2.071067811865481278, -5.000000000000012434, 3.156250000000032419 ) ) ;
#1295 = CARTESIAN_POINT ( 'NONE',  ( -3.879446337442196580, -2.363748162392111940, 3.276445715141114157 ) ) ;
#1296 = DIRECTION ( 'NONE',  ( 1.000000000000000000, 0.000000000000000000, 0.000000000000000000 ) ) ;
#1297 = DIRECTION ( 'NONE',  ( -0.000000000000000000, -0.000000000000000000, -1.000000000000000000 ) ) ;
#1298 = CARTESIAN_POINT ( 'NONE',  ( 8.499999999999996447, 3.907102285154239407, 3.397235342325881646 ) ) ;
#1299 = CARTESIAN_POINT ( 'NONE',  ( 0.000000000000000000, 5.081189881604789349, 5.359375000000023981 ) ) ;
#1300 = DIRECTION ( 'NONE',  ( 0.000000000000000000, 0.000000000000000000, -1.000000000000000000 ) ) ;
#1301 = LOCAL_TIME ( 15, 27, 29.00000000000000000, #283 ) ;
#1302 = CARTESIAN_POINT ( 'NONE',  ( 0.1715251587746687012, 4.025721420742503831, -2.759643419805778208 ) ) ;
#1303 = CARTESIAN_POINT ( 'NONE',  ( -8.074999999999999289, 4.662103423706229322, 4.000000000000000888 ) ) ;
#1304 = DIRECTION ( 'NONE',  ( 1.000000000000000000, 0.000000000000000000, -0.000000000000000000 ) ) ;
#1305 = CC_DESIGN_PERSON_AND_ORGANIZATION_ASSIGNMENT ( #619, #869, ( #602 ) ) ;
#1306 = CARTESIAN_POINT ( 'NONE',  ( 5.000000000000002665, 3.061616997868385113E-16, -2.374999999999981348 ) ) ;
#1307 = CARTESIAN_POINT ( 'NONE',  ( 8.287500000000001421, 0.000000000000000000, 4.000000000000000888 ) ) ;
#1308 = VECTOR ( 'NONE', #954, 1000.000000000000114 ) ;
#1309 = CARTESIAN_POINT ( 'NONE',  ( 2.104697761953645330, 5.081189881604789349, 2.265625000000023537 ) ) ;
#1310 = ORIENTED_EDGE ( 'NONE', *, *, #1163, .F. ) ;
#1311 = CARTESIAN_POINT ( 'NONE',  ( 5.621561013717775168, 6.569344811687774843, 3.811501025564294043 ) ) ;
#1312 = CARTESIAN_POINT ( 'NONE',  ( -3.535533905932916277, 3.535533905932914500, -1.999999999999830136 ) ) ;
#1313 = CARTESIAN_POINT ( 'NONE',  ( 1.667508410807430730, -4.025721420742504719, 1.093750000000025757 ) ) ;
#1314 = DIRECTION ( 'NONE',  ( -1.000000000000000000, -1.767428939690774809E-16, 0.000000000000000000 ) ) ;
#1315 = CARTESIAN_POINT ( 'NONE',  ( 0.1052310085599718892, 4.213674257219216734, 2.951633323917250973 ) ) ;
#1316 = ADVANCED_FACE ( 'NONE', ( #285 ), #1053, .F. ) ;
#1317 = CARTESIAN_POINT ( 'NONE',  ( -5.000000000000834000, -2.071067811864778285, -1.718749999999967359 ) ) ;
#1318 = CARTESIAN_POINT ( 'NONE',  ( -5.081189881604789349, 2.104697761953645774, -0.3593749999999760192 ) ) ;
#1319 = CARTESIAN_POINT ( 'NONE',  ( 5.081189881604789349, -2.104697761953644886, 1.984375000000022427 ) ) ;
#1320 = ORIENTED_EDGE ( 'NONE', *, *, #2204, .F. ) ;
#1321 = CARTESIAN_POINT ( 'NONE',  ( 4.025721420742498502, -1.667508410807427399, 2.781250000000022649 ) ) ;
#1322 = CARTESIAN_POINT ( 'NONE',  ( 4.025721420742504719, 1.667508410807430508, 1.468750000000026201 ) ) ;
#1323 = DIRECTION ( 'NONE',  ( 1.000000000000000000, 0.000000000000000000, 0.000000000000000000 ) ) ;
#1324 = ADVANCED_FACE ( 'NONE', ( #652 ), #2320, .F. ) ;
#1325 = CARTESIAN_POINT ( 'NONE',  ( -5.000000000000000888, -2.071067811865479502, -3.031249999999980460 ) ) ;
#1326 = CARTESIAN_POINT ( 'NONE',  ( 8.287499999999996092, -5.030164220314619961, 3.187612247453147418 ) ) ;
#1327 = CARTESIAN_POINT ( 'NONE',  ( -5.081189881604789349, -9.333994386550833130E-16, 1.234375000000023537 ) ) ;
#1328 = CARTESIAN_POINT ( 'NONE',  ( -3.592943821779216673, -3.592943821779217561, 0.01562500000002256528 ) ) ;
#1329 = ORIENTED_EDGE ( 'NONE', *, *, #2408, .T. ) ;
#1330 = CARTESIAN_POINT ( 'NONE',  ( -2.071067811865475949, -5.000000000000003553, 3.156250000000019540 ) ) ;
#1331 = B_SPLINE_CURVE_WITH_KNOTS ( 'NONE', 3,
 ( #2289, #589, #630, #1348, #405, #993 ),
 .UNSPECIFIED., .F., .F.,
 ( 4, 2, 4 ),
 ( 0.000000000000000000, 0.0006994684726350871738, 0.001398936945270174348 ),
 .UNSPECIFIED. ) ;
#1332 = CARTESIAN_POINT ( 'NONE',  ( -4.025721420742497614, -1.667508410807429842, 0.7187500000000223155 ) ) ;
#1333 = CARTESIAN_POINT ( 'NONE',  ( -3.535533905932739973, 3.535533905932738641, -3.312499999999980904 ) ) ;
#1334 = CARTESIAN_POINT ( 'NONE',  ( 2.846614915774967169, 2.846614915774967169, 0.06250000000002584044 ) ) ;
#1335 = VECTOR ( 'NONE', #1176, 1000.000000000000000 ) ;
#1336 = CARTESIAN_POINT ( 'NONE',  ( -4.025721420742497614, 1.667508410807428731, 0.3437500000000219824 ) ) ;
#1337 = CARTESIAN_POINT ( 'NONE',  ( -2.071067811865514585, -5.000000000000096811, -1.531249999999919620 ) ) ;
#1338 = AXIS2_PLACEMENT_3D ( 'NONE', #364, #2249, #1296 ) ;
#1339 = CARTESIAN_POINT ( 'NONE',  ( 4.025721420742498502, -1.667508410807427399, -3.406249999999978684 ) ) ;
#1340 =( BOUNDED_CURVE ( )  B_SPLINE_CURVE ( 2, ( #306, #1416, #1626, #690, #2293, #2172, #1990, #1047, #1798 ),
 .UNSPECIFIED., .F., .T. ) 
 B_SPLINE_CURVE_WITH_KNOTS ( ( 3, 2, 2, 2, 3 ),
 ( 0.07162515494821906914, 0.07553821921770886849, 0.07945128348719868172, 0.08336434775668849495, 0.08727741202617829430 ),
 .UNSPECIFIED. ) 
 CURVE ( )  GEOMETRIC_REPRESENTATION_ITEM ( )  RATIONAL_B_SPLINE_CURVE ( ( 0.9999999999999971134, 0.9238795325112896251, 1.000000000000000000, 0.9238795325112867385, 1.000000000000000000, 0.9238795325112867385, 1.000000000000000000, 0.9238795325112867385, 1.000000000000000000 ) ) 
 REPRESENTATION_ITEM ( '' )  );
#1341 = AXIS2_PLACEMENT_3D ( 'NONE', #646, #1613, #2388 ) ;
#1342 = CARTESIAN_POINT ( 'NONE',  ( 0.000000000000000000, 5.081189881604789349, -0.6406249999999762412 ) ) ;
#1343 = CARTESIAN_POINT ( 'NONE',  ( -5.081189881604789349, 2.104697761953645774, -1.765624999999977129 ) ) ;
#1344 = PRODUCT_DEFINITION_FORMATION_WITH_SPECIFIED_SOURCE ( 'ANY', '', #602, .NOT_KNOWN. ) ;
#1345 = VERTEX_POINT ( 'NONE', #116 ) ;
#1346 = CARTESIAN_POINT ( 'NONE',  ( 5.000000000000003553, -2.071067811865476394, 3.531250000000019540 ) ) ;
#1347 = CARTESIAN_POINT ( 'NONE',  ( -2.846614915774962729, -2.846614915774963617, -2.187499999999977796 ) ) ;
#1348 = CARTESIAN_POINT ( 'NONE',  ( 4.006003110460405026, 0.4601457731603893486, 2.769591657532944229 ) ) ;
#1349 = CARTESIAN_POINT ( 'NONE',  ( 2.846614915774967169, 2.846614915774967169, 1.562500000000025535 ) ) ;
#1350 = CARTESIAN_POINT ( 'NONE',  ( 0.000000000000000000, 4.025721420742498502, 1.562500000000022204 ) ) ;
#1351 = CARTESIAN_POINT ( 'NONE',  ( -4.943797983824768316, -6.960651479443279221, 3.876815086983871783 ) ) ;
#1352 = LINE ( 'NONE', #824, #1230 ) ;
#1353 = CARTESIAN_POINT ( 'NONE',  ( 6.222662924367223401E-16, -5.081189881604789349, 4.609375000000023981 ) ) ;
#1354 = CARTESIAN_POINT ( 'NONE',  ( -3.592943821779217561, 3.592943821779215785, 2.640625000000022204 ) ) ;
#1355 = ORIENTED_EDGE ( 'NONE', *, *, #1569, .F. ) ;
#1356 = EDGE_CURVE ( 'NONE', #282, #2125, #189, .T. ) ;
#1357 = CARTESIAN_POINT ( 'NONE',  ( -4.436152404854376563, 1.802750949156291638, -3.528792565637338896 ) ) ;
#1358 = CARTESIAN_POINT ( 'NONE',  ( 0.000000000000000000, 4.025721420742498502, 0.2500000000000219269 ) ) ;
#1359 = CARTESIAN_POINT ( 'NONE',  ( 1.788933584601082316E-15, -9.324206847412456867, 4.000000000000000888 ) ) ;
#1360 = ORIENTED_EDGE ( 'NONE', *, *, #1105, .T. ) ;
#1361 = B_SPLINE_CURVE_WITH_KNOTS ( 'NONE', 3,
 ( #2243, #545, #2054, #753, #1115, #1871, #1880, #2263, #562, #376, #195, #1072, #1585, #78, #2109, #1783, #1059, #865, #2002, #456, #471, #1768, #2343, #228 ),
 .UNSPECIFIED., .F., .F.,
 ( 4, 2, 2, 1, 2, 2, 2, 2, 1, 2, 2, 2, 4 ),
 ( 3.888886745578895852E-17, 0.0009858050808137664572, 0.001478707621220630387, 0.001971610161627494317, 0.002464512702034358030, 0.002957415242441222177, 0.003943220323254949602, 0.004436122863661812882, 0.004929025404068677028, 0.005421927944475539440, 0.005914830484882403587, 0.006900635565696128411, 0.007886440646509852367 ),
 .UNSPECIFIED. ) ;
#1362 = CARTESIAN_POINT ( 'NONE',  ( -4.449158342467812943, -2.292394995619105657E-11, 3.193028579258253785 ) ) ;
#1363 = CARTESIAN_POINT ( 'NONE',  ( 4.025721420742498502, -1.667508410807427399, 4.281250000000022204 ) ) ;
#1364 = CARTESIAN_POINT ( 'NONE',  ( 5.081189881604789349, 2.104697761953645330, 0.6718750000000227596 ) ) ;
#1365 = ORIENTED_EDGE ( 'NONE', *, *, #1986, .T. ) ;
#1366 = FACE_OUTER_BOUND ( 'NONE', #1837, .T. ) ;
#1367 =( BOUNDED_SURFACE ( )  B_SPLINE_SURFACE ( 1, 2, ( 
 ( #1299, #1620, #2274, #2076, #777, #2284, #973, #2440, #1353, #2297, #1889, #386, #1503, #2252, #1872, #377, #1881, #949, #756, #217, #2085, #1159, #17, #399, #1720, #177, #553, #7, #197, #1117, #931, #573, #768, #1309, #2067, #595, #1691, #2264, #1900, #745, #2112, #1710, #367, #1524, #1327, #1681, #207, #1127, #789, #1491, #185, #582, #2449, #1910, #28, #962, #1135, #1536, #1700, #564, #939, #1318, #1514, #1148, #1342, #2100, #1013, #1560, #2319, #2306, #1774, #1949, #1576, #1546, #636, #1223, #605, #284, #1209, #1977, #1040, #100, #620, #1407, #2164, #1393, #1790, #858, #2334, #435, #667, #1183, #2121, #1730, #1378, #651, #448, #1591, #55, #70, #86, #269, #1422, #419, #843 ),
 ( #1934, #1197, #1173, #1923, #462, #1363, #984, #2349, #2136, #1605, #2364, #410, #827, #1758, #242, #800, #230, #43, #999, #1742, #813, #257, #1963, #2148, #1026, #882, #2404, #153, #2179, #115, #712, #1817, #1449, #1805, #870, #2391, #1461, #508, #127, #2376, #722, #166, #2206, #683, #697, #1631, #1254, #2219, #1266, #2019, #325, #1079, #1091, #2046, #1859, #1437, #141, #1834, #895, #2007, #2194, #1617, #1659, #493, #349, #1647, #520, #1279, #1290, #2036, #2233, #1847, #1473, #1104, #1240, #312, #336, #907, #479, #1995, #2416, #537, #1064, #919, #1671, #2431, #735, #299, #1052, #1718, #2084, #1679, #385, #947, #971, #2273, #175, #1144, #2438, #552, #930, #1512, #356, #1908, #2251 ) ),
 .UNSPECIFIED., .F., .F., .F. ) 
 B_SPLINE_SURFACE_WITH_KNOTS ( ( 2, 2 ),
 ( 3, 2, 2, 2, 2, 2, 2, 2, 2, 2, 2, 2, 2, 2, 2, 2, 2, 2, 2, 2, 2, 2, 2, 2, 2, 2, 2, 2, 2, 2, 2, 2, 2, 2, 2, 2, 2, 2, 2, 2, 2, 2, 2, 2, 2, 2, 2, 2, 2, 2, 2, 2, 3 ),
 ( 0.000000000000000000, 1.000000000000000000 ),
 ( 0.000000000000000000, 0.01785714285714285615, 0.03571428571428571230, 0.05357142857142856845, 0.07142857142857142461, 0.08928571428571428770, 0.1071428571428571369, 0.1250000000000000000, 0.1428571428571428492, 0.1607142857142857262, 0.1785714285714285754, 0.1964285714285714246, 0.2142857142857142738, 0.2321428571428571508, 0.2500000000000000000, 0.2678571428571428492, 0.2857142857142856984, 0.3035714285714285476, 0.3214285714285714524, 0.3392857142857143016, 0.3571428571428571508, 0.3750000000000000000, 0.3928571428571428492, 0.4107142857142856984, 0.4285714285714285476, 0.4464285714285714524, 0.4642857142857143016, 0.4821428571428571508, 0.5000000000000000000, 0.5178571428571429047, 0.5357142857142856984, 0.5535714285714286031, 0.5714285714285713969, 0.5892857142857143016, 0.6071428571428570953, 0.6250000000000000000, 0.6428571428571429047, 0.6607142857142856984, 0.6785714285714286031, 0.6964285714285713969, 0.7142857142857143016, 0.7321428571428570953, 0.7500000000000000000, 0.7678571428571429047, 0.7857142857142856984, 0.8035714285714286031, 0.8214285714285713969, 0.8392857142857143016, 0.8571428571428570953, 0.8750000000000000000, 0.8928571428571429047, 0.9047276073913819161, 0.9137748834652957841 ),
 .UNSPECIFIED. ) 
 GEOMETRIC_REPRESENTATION_ITEM ( )  RATIONAL_B_SPLINE_SURFACE ( (
 ( 1.000000000000000000, 0.9238795325112867385, 1.000000000000000000, 0.9238795325112867385, 1.000000000000000000, 0.9238795325112867385, 1.000000000000000000, 0.9238795325112867385, 1.000000000000000000, 0.9238795325112867385, 1.000000000000000000, 0.9238795325112867385, 1.000000000000000000, 0.9238795325112867385, 1.000000000000000000, 0.9238795325112867385, 1.000000000000000000, 0.9238795325112867385, 1.000000000000000000, 0.9238795325112867385, 1.000000000000000000, 0.9238795325112867385, 1.000000000000000000, 0.9238795325112867385, 1.000000000000000000, 0.9238795325112867385, 1.000000000000000000, 0.9238795325112867385, 1.000000000000000000, 0.9238795325112867385, 1.000000000000000000, 0.9238795325112867385, 1.000000000000000000, 0.9238795325112867385, 1.000000000000000000, 0.9238795325112867385, 1.000000000000000000, 0.9238795325112867385, 1.000000000000000000, 0.9238795325112867385, 1.000000000000000000, 0.9238795325112867385, 1.000000000000000000, 0.9238795325112867385, 1.000000000000000000, 0.9238795325112867385, 1.000000000000000000, 0.9238795325112867385, 1.000000000000000000, 0.9238795325112867385, 1.000000000000000000, 0.9238795325112867385, 1.000000000000000000, 0.9238795325112867385, 1.000000000000000000, 0.9238795325112867385, 1.000000000000000000, 0.9238795325112867385, 1.000000000000000000, 0.9238795325112867385, 1.000000000000000000, 0.9238795325112867385, 1.000000000000000000, 0.9238795325112867385, 1.000000000000000000, 0.9238795325112867385, 1.000000000000000000, 0.9238795325112867385, 1.000000000000000000, 0.9238795325112867385, 1.000000000000000000, 0.9238795325112867385, 1.000000000000000000, 0.9238795325112867385, 1.000000000000000000, 0.9238795325112867385, 1.000000000000000000, 0.9238795325112867385, 1.000000000000000000, 0.9238795325112867385, 1.000000000000000000, 0.9238795325112867385, 1.000000000000000000, 0.9238795325112867385, 1.000000000000000000, 0.9238795325112867385, 1.000000000000000000, 0.9238795325112867385, 1.000000000000000000, 0.9238795325112867385, 1.000000000000000000, 0.9238795325112867385, 1.000000000000000000, 0.9238795325112867385, 1.000000000000000000, 0.9238795325112867385, 1.000000000000000000, 0.9238795325112867385, 1.000000000000000000, 0.9238795325112867385, 1.000000000000000000, 0.9493992226593498396, 0.9660717753953365072, 0.9660717753953365072, 0.9660717753953365072),
 ( 1.000000000000000000, 0.9238795325112867385, 1.000000000000000000, 0.9238795325112867385, 1.000000000000000000, 0.9238795325112867385, 1.000000000000000000, 0.9238795325112867385, 1.000000000000000000, 0.9238795325112867385, 1.000000000000000000, 0.9238795325112867385, 1.000000000000000000, 0.9238795325112867385, 1.000000000000000000, 0.9238795325112867385, 1.000000000000000000, 0.9238795325112867385, 1.000000000000000000, 0.9238795325112867385, 1.000000000000000000, 0.9238795325112867385, 1.000000000000000000, 0.9238795325112867385, 1.000000000000000000, 0.9238795325112867385, 1.000000000000000000, 0.9238795325112867385, 1.000000000000000000, 0.9238795325112867385, 1.000000000000000000, 0.9238795325112867385, 1.000000000000000000, 0.9238795325112867385, 1.000000000000000000, 0.9238795325112867385, 1.000000000000000000, 0.9238795325112867385, 1.000000000000000000, 0.9238795325112867385, 1.000000000000000000, 0.9238795325112867385, 1.000000000000000000, 0.9238795325112867385, 1.000000000000000000, 0.9238795325112867385, 1.000000000000000000, 0.9238795325112867385, 1.000000000000000000, 0.9238795325112867385, 1.000000000000000000, 0.9238795325112867385, 1.000000000000000000, 0.9238795325112867385, 1.000000000000000000, 0.9238795325112867385, 1.000000000000000000, 0.9238795325112867385, 1.000000000000000000, 0.9238795325112867385, 1.000000000000000000, 0.9238795325112867385, 1.000000000000000000, 0.9238795325112867385, 1.000000000000000000, 0.9238795325112867385, 1.000000000000000000, 0.9238795325112867385, 1.000000000000000000, 0.9238795325112867385, 1.000000000000000000, 0.9238795325112867385, 1.000000000000000000, 0.9238795325112867385, 1.000000000000000000, 0.9238795325112867385, 1.000000000000000000, 0.9238795325112867385, 1.000000000000000000, 0.9238795325112867385, 1.000000000000000000, 0.9238795325112867385, 1.000000000000000000, 0.9238795325112867385, 1.000000000000000000, 0.9238795325112867385, 1.000000000000000000, 0.9238795325112867385, 1.000000000000000000, 0.9238795325112867385, 1.000000000000000000, 0.9238795325112867385, 1.000000000000000000, 0.9238795325112867385, 1.000000000000000000, 0.9238795325112867385, 1.000000000000000000, 0.9238795325112867385, 1.000000000000000000, 0.9238795325112867385, 1.000000000000000000, 0.9493992226593498396, 0.9660717753953365072, 0.9660717753953365072, 0.9660717753953365072) ) ) 
 REPRESENTATION_ITEM ( '' )  SURFACE ( )  );
#1368 = CARTESIAN_POINT ( 'NONE',  ( 5.000000000000003553, -2.071067811865476394, 2.031250000000019540 ) ) ;
#1369 = CARTESIAN_POINT ( 'NONE',  ( -8.499999999999998224, 1.040949775308294459E-15, -3.877313067797208301 ) ) ;
#1370 = CARTESIAN_POINT ( 'NONE',  ( 4.025721420742498502, 1.667508410807427843, -0.03124999999997747635 ) ) ;
#1371 = CARTESIAN_POINT ( 'NONE',  ( -5.000000000000000888, 2.071067811865477282, -3.218749999999980904 ) ) ;
#1372 = ORIENTED_EDGE ( 'NONE', *, *, #995, .F. ) ;
#1373 = EDGE_CURVE ( 'NONE', #597, #1037, #1275, .T. ) ;
#1374 = CC_DESIGN_PERSON_AND_ORGANIZATION_ASSIGNMENT ( #812, #492, ( #2373 ) ) ;
#1375 = CARTESIAN_POINT ( 'NONE',  ( 4.025721420742498502, -1.078665403184034810, -4.873144300738189827 ) ) ;
#1376 = VERTEX_POINT ( 'NONE', #2092 ) ;
#1377 = DATE_AND_TIME ( #2147, #359 ) ;
#1378 = CARTESIAN_POINT ( 'NONE',  ( -3.592943821779217561, 3.592943821779215785, -3.453124999999976907 ) ) ;
#1379 = CARTESIAN_POINT ( 'NONE',  ( -5.081189881604789349, -9.333994386550833130E-16, -4.671874999999977796 ) ) ;
#1380 = AXIS2_PLACEMENT_3D ( 'NONE', #2359, #601, #1930 ) ;
#1381 = CIRCLE ( 'NONE', #2330, 8.287500000000001421 ) ;
#1382 = ORIENTED_EDGE ( 'NONE', *, *, #693, .F. ) ;
#1383 = DIRECTION ( 'NONE',  ( -1.000000000000000000, 0.000000000000000000, 0.000000000000000000 ) ) ;
#1384 = ORIENTED_EDGE ( 'NONE', *, *, #2034, .F. ) ;
#1385 = CARTESIAN_POINT ( 'NONE',  ( 1.007450613284401664, 4.895136582520462909, -3.738264514021917506 ) ) ;
#1386 = CARTESIAN_POINT ( 'NONE',  ( -4.944827638099728695, -6.960057008270457146, -3.876640262969429873 ) ) ;
#1387 = CARTESIAN_POINT ( 'NONE',  ( 4.025721420742498502, 2.465043426085617748E-16, -3.124999999999977796 ) ) ;
#1388 = CARTESIAN_POINT ( 'NONE',  ( 0.07527233325690269039, -9.749139105329861721, -3.156120564107141924 ) ) ;
#1389 = LINE ( 'NONE', #2144, #1862 ) ;
#1390 = ADVANCED_FACE ( 'NONE', ( #2327 ), #1520, .F. ) ;
#1391 = CARTESIAN_POINT ( 'NONE',  ( 4.924639289628736094, -2.398946924619929829E-13, 3.668509526419180933 ) ) ;
#1392 = ORIENTED_EDGE ( 'NONE', *, *, #766, .F. ) ;
#1393 = CARTESIAN_POINT ( 'NONE',  ( 5.081189881604789349, -2.104697761953644886, -2.609374999999976019 ) ) ;
#1394 = CARTESIAN_POINT ( 'NONE',  ( -5.081189881604789349, 2.104697761953645774, -4.765624999999978684 ) ) ;
#1395 = ORIENTED_EDGE ( 'NONE', *, *, #1879, .F. ) ;
#1396 = DIRECTION ( 'NONE',  ( 1.000000000000000000, 0.000000000000000000, 0.000000000000000000 ) ) ;
#1397 = EDGE_LOOP ( 'NONE', ( #624, #1023, #1168, #527, #268, #932, #622, #1051, #1128, #482 ) ) ;
#1398 = DIRECTION ( 'NONE',  ( -0.8660254037844387076, 0.4999999999999999445, 0.000000000000000000 ) ) ;
#1399 = CARTESIAN_POINT ( 'NONE',  ( 2.071067811865515029, 5.000000000000096811, -0.7812499999999198419 ) ) ;
#1400 = CARTESIAN_POINT ( 'NONE',  ( -4.025721420742497614, 1.667508410807428731, 3.343750000000021760 ) ) ;
#1401 = CARTESIAN_POINT ( 'NONE',  ( 0.000000000000000000, 0.000000000000000000, 4.000000000000000888 ) ) ;
#1402 = CARTESIAN_POINT ( 'NONE',  ( -8.350692314896557278, -4.993680120298368941, -3.167352913874607268 ) ) ;
#1403 = VERTEX_POINT ( 'NONE', #429 ) ;
#1404 = CARTESIAN_POINT ( 'NONE',  ( 8.350720870097809723, -4.993663633945242708, -3.167343759132473568 ) ) ;
#1405 = VERTEX_POINT ( 'NONE', #2105 ) ;
#1406 = CALENDAR_DATE ( 2026, 17, 6 ) ;
#1407 = CARTESIAN_POINT ( 'NONE',  ( 5.081189881604789349, 2.104697761953645330, -2.421874999999975575 ) ) ;
#1408 = CARTESIAN_POINT ( 'NONE',  ( -2.846614915774962729, -2.846614915774963617, 2.125000000000022204 ) ) ;
#1409 = ORIENTED_EDGE ( 'NONE', *, *, #815, .F. ) ;
#1410 = CARTESIAN_POINT ( 'NONE',  ( -4.581250698776665686, 7.169968252059765845, -3.877641583642130296 ) ) ;
#1411 = ORIENTED_EDGE ( 'NONE', *, *, #799, .T. ) ;
#1412 = CARTESIAN_POINT ( 'NONE',  ( -2.354022631338764437, 4.287617390573854159, -3.631735827563686847 ) ) ;
#1413 = CARTESIAN_POINT ( 'NONE',  ( -2.891398027591484787, -8.145605146659340434, -3.799524489023283991 ) ) ;
#1414 = CARTESIAN_POINT ( 'NONE',  ( -1.667508410807427177, -4.025721420742499390, -3.781249999999978684 ) ) ;
#1415 = CARTESIAN_POINT ( 'NONE',  ( 4.025721420742498502, -1.667508410807427399, 2.593750000000022204 ) ) ;
#1416 = CARTESIAN_POINT ( 'NONE',  ( -4.999999999999943157, -2.071067811865538566, -0.2187499999999692191 ) ) ;
#1417 = CARTESIAN_POINT ( 'NONE',  ( 0.2124999999999983846, 9.692267644020841288, 3.187612247453147862 ) ) ;
#1418 = CARTESIAN_POINT ( 'NONE',  ( 4.306005197443286470, 0.2465636332639583594, 3.049875434232918625 ) ) ;
#1419 = CARTESIAN_POINT ( 'NONE',  ( 8.499999999999996447, 3.907362672709667528, -3.397163046745851567 ) ) ;
#1420 = VERTEX_POINT ( 'NONE', #1154 ) ;
#1421 = DATE_TIME_ROLE ( 'creation_date' ) ;
#1422 = CARTESIAN_POINT ( 'NONE',  ( 4.400456839998128089, -2.540564939582647508, -4.141349723199884814 ) ) ;
#1423 = CARTESIAN_POINT ( 'NONE',  ( -3.592943821779216673, -3.592943821779217561, -4.484374999999977796 ) ) ;
#1424 = EDGE_CURVE ( 'NONE', #1094, #566, #390, .T. ) ;
#1425 = AXIS2_PLACEMENT_3D ( 'NONE', #835, #2157, #1217 ) ;
#1426 = FACE_OUTER_BOUND ( 'NONE', #1682, .T. ) ;
#1427 = EDGE_LOOP ( 'NONE', ( #81, #1025, #1998, #1959 ) ) ;
#1428 = CARTESIAN_POINT ( 'NONE',  ( 4.406157379327334311, -2.068976499780764478, 3.601890652634484269 ) ) ;
#1429 = CARTESIAN_POINT ( 'NONE',  ( 1.667508410807427621, 4.025721420742498502, -4.531249999999976907 ) ) ;
#1430 = CARTESIAN_POINT ( 'NONE',  ( 4.025721420742498502, 1.667508410807427843, 1.281250000000022427 ) ) ;
#1431 = CARTESIAN_POINT ( 'NONE',  ( -8.499999999999996447, -0.7881965933908124944, 3.877313067797208745 ) ) ;
#1432 = CARTESIAN_POINT ( 'NONE',  ( 2.071067811865480834, 5.000000000000012434, 2.218750000000031974 ) ) ;
#1433 = CARTESIAN_POINT ( 'NONE',  ( 3.405458600300582006, 3.293166656335748677, 3.455513876754889413 ) ) ;
#1434 = LOCAL_TIME ( 15, 27, 29.00000000000000000, #2363 ) ;
#1435 = CARTESIAN_POINT ( 'NONE',  ( 8.480637877139397318, -4.809382812523375961, -3.156120485238435691 ) ) ;
#1436 = PERSON_AND_ORGANIZATION ( #1955, #2294 ) ;
#1437 = CARTESIAN_POINT ( 'NONE',  ( 1.667508410807428065, -4.025721420742498502, -0.4062499999999778511 ) ) ;
#1438 = CARTESIAN_POINT ( 'NONE',  ( 4.930086852171235495E-16, -4.025721420742498502, 2.312500000000022204 ) ) ;
#1439 = CARTESIAN_POINT ( 'NONE',  ( -4.227357298348375814, -1.983058007455702487, -3.403833564156035774 ) ) ;
#1440 = ORIENTED_EDGE ( 'NONE', *, *, #2454, .F. ) ;
#1441 = EDGE_CURVE ( 'NONE', #2441, #1094, #614, .T. ) ;
#1442 = CARTESIAN_POINT ( 'NONE',  ( -1.323021606525357496, -4.461753988295108719, 3.387581868477414826 ) ) ;
#1443 = CARTESIAN_POINT ( 'NONE',  ( 5.081189881604789349, 3.111331462183611701E-16, 3.578125000000022649 ) ) ;
#1444 = CARTESIAN_POINT ( 'NONE',  ( -4.025721420742498502, -7.395130278256853736E-16, -3.874999999999978240 ) ) ;
#1445 = CARTESIAN_POINT ( 'NONE',  ( -1.536421575693355246, 8.927901165908329162, 3.572286437744391474 ) ) ;
#1446 = CYLINDRICAL_SURFACE ( 'NONE', #1341, 5.000000000000002665 ) ;
#1447 = CARTESIAN_POINT ( 'NONE',  ( 6.962790249796433351, 5.794985751192763601, -3.572447772540343180 ) ) ;
#1448 = CARTESIAN_POINT ( 'NONE',  ( -2.684258717577382658, 3.385532852751450772, 3.057382693563015064 ) ) ;
#1449 = CARTESIAN_POINT ( 'NONE',  ( 0.000000000000000000, 4.025721420742498502, 1.750000000000022427 ) ) ;
#1450 = CARTESIAN_POINT ( 'NONE',  ( 4.025721420742498502, 1.667508410807428065, -0.2187499999999776845 ) ) ;
#1451 = CARTESIAN_POINT ( 'NONE',  ( -4.717568351300785778, -0.2949402281386916402, -3.461438588091228397 ) ) ;
#1452 = VERTEX_POINT ( 'NONE', #1530 ) ;
#1453 = CARTESIAN_POINT ( 'NONE',  ( 3.915154057093919615, -2.843187870495339276, 3.572798214799661753 ) ) ;
#1454 = CARTESIAN_POINT ( 'NONE',  ( 1.667508410807427621, 4.025721420742498502, -1.531249999999978018 ) ) ;
#1455 = CARTESIAN_POINT ( 'NONE',  ( -4.025721420742497614, -1.667508410807429842, -0.9687499999999774625 ) ) ;
#1456 = CARTESIAN_POINT ( 'NONE',  ( -5.000000000000002665, -9.184850993605151889E-16, 1.375000000000019540 ) ) ;
#1457 = CARTESIAN_POINT ( 'NONE',  ( 5.950315708774899015, -6.379538199999195136, 3.752752383226934718 ) ) ;
#1458 = DIRECTION ( 'NONE',  ( -0.000000000000000000, -0.000000000000000000, -1.000000000000000000 ) ) ;
#1459 = CARTESIAN_POINT ( 'NONE',  ( -4.437058880888955947, -0.6181317560252328480, 3.213328438063224990 ) ) ;
#1460 = CARTESIAN_POINT ( 'NONE',  ( 8.287500000000008527, -5.030164220314613743, -3.187612247453142533 ) ) ;
#1461 = CARTESIAN_POINT ( 'NONE',  ( 4.025721420742498502, 2.465043426085617748E-16, 1.375000000000022427 ) ) ;
#1462 = CARTESIAN_POINT ( 'NONE',  ( 2.846614915774963173, -2.846614915774962729, -0.4999999999999779066 ) ) ;
#1463 = CARTESIAN_POINT ( 'NONE',  ( 4.261003975938023380, -0.2951571652339868845, -3.004874212729677474 ) ) ;
#1464 = ORIENTED_EDGE ( 'NONE', *, *, #1180, .T. ) ;
#1465 = CARTESIAN_POINT ( 'NONE',  ( 1.667508410807428065, -4.025721420742498502, -0.5937499999999779066 ) ) ;
#1466 = CARTESIAN_POINT ( 'NONE',  ( 4.930086852171235495E-16, -4.025721420742498502, -0.6874999999999780176 ) ) ;
#1467 = CARTESIAN_POINT ( 'NONE',  ( 8.499999999999996447, -2.292627005798565559E-26, 3.877313067797208301 ) ) ;
#1468 = VECTOR ( 'NONE', #656, 1000.000000000000000 ) ;
#1469 = CARTESIAN_POINT ( 'NONE',  ( -5.000000000000012434, -2.071067811865483499, 2.781250000000032419 ) ) ;
#1470 = CARTESIAN_POINT ( 'NONE',  ( -4.021702222375379776, -2.090639247285886793, 3.265967755989875876 ) ) ;
#1471 = DIRECTION ( 'NONE',  ( 1.767428939690774809E-16, -1.000000000000000000, 0.000000000000000000 ) ) ;
#1472 = CARTESIAN_POINT ( 'NONE',  ( 2.846614915774963173, -2.846614915774962729, 4.000000000000022204 ) ) ;
#1473 = CARTESIAN_POINT ( 'NONE',  ( 4.930086852171235495E-16, -4.025721420742498502, -1.999999999999977573 ) ) ;
#1474 = CARTESIAN_POINT ( 'NONE',  ( -2.846614915774962729, -2.846614915774963617, -0.8749999999999782396 ) ) ;
#1475 = CARTESIAN_POINT ( 'NONE',  ( 2.071067811865476838, 5.000000000000003553, -2.093749999999980460 ) ) ;
#1476 = ORIENTED_EDGE ( 'NONE', *, *, #2425, .F. ) ;
#1477 = CARTESIAN_POINT ( 'NONE',  ( 4.025721420742498502, -1.667508410807427399, -1.906249999999978684 ) ) ;
#1478 = CARTESIAN_POINT ( 'NONE',  ( 0.2124999999999983846, 9.692267644020841288, 3.187612247453147862 ) ) ;
#1479 = CARTESIAN_POINT ( 'NONE',  ( -2.846614915774966725, -2.846614915774967614, -2.187499999999974243 ) ) ;
#1480 = CARTESIAN_POINT ( 'NONE',  ( 1.186172861237875464, 4.857261980093601217, -3.743870236790453276 ) ) ;
#1481 = CARTESIAN_POINT ( 'NONE',  ( -0.1493034054432136049, 9.728754214900071418, -3.167351541823839156 ) ) ;
#1482 = CARTESIAN_POINT ( 'NONE',  ( 2.190412841681538048, 3.505608111438972330, 2.870198329090058120 ) ) ;
#1483 = CARTESIAN_POINT ( 'NONE',  ( 8.480372619624843011, 4.810112780047779424, -3.156045794926678472 ) ) ;
#1484 = CARTESIAN_POINT ( 'NONE',  ( -8.287499999999997868, -5.030164220314615520, 3.187612247453147418 ) ) ;
#1485 = CARTESIAN_POINT ( 'NONE',  ( 6.963578424306542836, 5.794530698427185378, 3.572286437744419452 ) ) ;
#1486 = CARTESIAN_POINT ( 'NONE',  ( -4.999999999999511502, 2.071067811866319719, -1.906249999999876765 ) ) ;
#1487 = CARTESIAN_POINT ( 'NONE',  ( 4.242362372847114926, 0.2571234014824620440, -2.986232609636507718 ) ) ;
#1488 = CARTESIAN_POINT ( 'NONE',  ( 7.626208087350136999, -5.411961284095940350, -3.399621151907832317 ) ) ;
#1489 = CARTESIAN_POINT ( 'NONE',  ( 2.389931860967271948, 3.361712267239345131, 2.861110107653937806 ) ) ;
#1490 = DIRECTION ( 'NONE',  ( 0.8660254037844397068, 0.000000000000000000, -0.4999999999999979461 ) ) ;
#1491 = CARTESIAN_POINT ( 'NONE',  ( 2.104697761953645330, 5.081189881604789349, 0.7656250000000240918 ) ) ;
#1492 = EDGE_CURVE ( 'NONE', #282, #1403, #1331, .T. ) ;
#1493 = VERTEX_POINT ( 'NONE', #2143 ) ;
#1494 = CARTESIAN_POINT ( 'NONE',  ( 0.000000000000000000, 0.000000000000000000, 4.000000000000000888 ) ) ;
#1495 = CONICAL_SURFACE ( 'NONE', #1868, 5.256129763209560046, 0.7853981633974500554 ) ;
#1496 = CARTESIAN_POINT ( 'NONE',  ( -1.667508410807432506, 4.025721420742503831, -2.656249999999975131 ) ) ;
#1497 = CYLINDRICAL_SURFACE ( 'NONE', #201, 0.4250000000000000444 ) ;
#1498 = CARTESIAN_POINT ( 'NONE',  ( -8.499999999999998224, 1.040949775308294459E-15, -3.877313067797208301 ) ) ;
#1499 = AXIS2_PLACEMENT_3D ( 'NONE', #751, #173, #1510 ) ;
#1500 = CARTESIAN_POINT ( 'NONE',  ( 0.3555255249922175675, 4.191342490960084710, 2.943047274138118841 ) ) ;
#1501 = CARTESIAN_POINT ( 'NONE',  ( 8.499999999999996447, 4.662103423706229322, -3.187612247453147418 ) ) ;
#1502 = CONICAL_SURFACE ( 'NONE', #1150, 8.287500000000001421, 1.047197551196600074 ) ;
#1503 = CARTESIAN_POINT ( 'NONE',  ( -5.081189881604789349, -9.333994386550833130E-16, 4.234375000000023981 ) ) ;
#1504 = CARTESIAN_POINT ( 'NONE',  ( 5.081189881604789349, 2.104697761953645330, -2.328124999999977796 ) ) ;
#1505 = VERTEX_POINT ( 'NONE', #1166 ) ;
#1506 = ADVANCED_FACE ( 'NONE', ( #223 ), #978, .T. ) ;
#1507 = CARTESIAN_POINT ( 'NONE',  ( -5.000000000000000888, -2.071067811865479502, 2.968750000000019540 ) ) ;
#1508 = CARTESIAN_POINT ( 'NONE',  ( -2.846614915774963617, 2.846614915774962284, 0.4375000000000220934 ) ) ;
#1509 = CARTESIAN_POINT ( 'NONE',  ( -1.667508410807432506, 4.025721420742503831, 1.843750000000025757 ) ) ;
#1510 = DIRECTION ( 'NONE',  ( -1.000000000000000000, 0.000000000000000000, 0.000000000000000000 ) ) ;
#1511 = CARTESIAN_POINT ( 'NONE',  ( -8.499999999999996447, -4.662103423706228433, 4.000000000000000888 ) ) ;
#1512 = CARTESIAN_POINT ( 'NONE',  ( 4.025721420742499390, -1.078674095161415991, -4.685644789415113642 ) ) ;
#1513 = B_SPLINE_CURVE_WITH_KNOTS ( 'NONE', 3,
 ( #2192, #2161, #2361, #1815, #1974, #1038, #1419, #1090 ),
 .UNSPECIFIED., .F., .F.,
 ( 4, 2, 2, 4 ),
 ( 0.01360218804331089770, 0.01477981949653702290, 0.01595745094976314810, 0.01831271385621540196 ),
 .UNSPECIFIED. ) ;
#1514 = CARTESIAN_POINT ( 'NONE',  ( -3.592943821779217561, 3.592943821779215785, -0.4531249999999761302 ) ) ;
#1515 = CARTESIAN_POINT ( 'NONE',  ( 0.000000000000000000, 5.081189881604789349, 0.9531250000000225375 ) ) ;
#1516 = ORIENTED_EDGE ( 'NONE', *, *, #1645, .F. ) ;
#1517 = ADVANCED_FACE ( 'NONE', ( #1944 ), #795, .F. ) ;
#1518 = DIRECTION ( 'NONE',  ( -0.8660254037844397068, -1.060575238724908147E-16, -0.4999999999999979461 ) ) ;
#1519 = CARTESIAN_POINT ( 'NONE',  ( 2.846614915774963173, -2.846614915774962729, 2.687500000000022204 ) ) ;
#1520 = PLANE ( 'NONE',  #920 ) ;
#1521 = CARTESIAN_POINT ( 'NONE',  ( -4.025721420742503831, -1.667508410807432506, 2.218750000000025757 ) ) ;
#1522 = CARTESIAN_POINT ( 'NONE',  ( -1.667508410807427177, -4.025721420742499390, 0.7187500000000223155 ) ) ;
#1523 = CARTESIAN_POINT ( 'NONE',  ( 2.071067811865515473, -5.000000000000096811, -1.343749999999919398 ) ) ;
#1524 = CARTESIAN_POINT ( 'NONE',  ( -5.081189881604789349, -2.104697761953647994, 1.328125000000023759 ) ) ;
#1525 = CARTESIAN_POINT ( 'NONE',  ( -5.081189881604789349, -9.333994386550833130E-16, -1.671874999999977129 ) ) ;
#1526 = EDGE_LOOP ( 'NONE', ( #2138, #1243, #986, #964 ) ) ;
#1527 = CARTESIAN_POINT ( 'NONE',  ( 1.186172861237875464, 4.857261980093601217, -3.743870236790453276 ) ) ;
#1528 = CARTESIAN_POINT ( 'NONE',  ( -2.846614915774962729, -2.846614915774963617, -0.6874999999999780176 ) ) ;
#1529 = EDGE_CURVE ( 'NONE', #1548, #1564, #2118, .T. ) ;
#1530 = CARTESIAN_POINT ( 'NONE',  ( -0.2125000000000001055, -9.692267644020843065, 3.187612247453146530 ) ) ;
#1531 = CARTESIAN_POINT ( 'NONE',  ( -1.667508410807429620, -4.025721420742505607, 2.406250000000026201 ) ) ;
#1532 = CARTESIAN_POINT ( 'NONE',  ( 1.667508410807428065, -4.025721420742498502, 2.406250000000022204 ) ) ;
#1533 = ADVANCED_FACE ( 'NONE', ( #822 ), #1568, .F. ) ;
#1534 = CARTESIAN_POINT ( 'NONE',  ( 4.025721420742498502, 2.465043426085617748E-16, -4.812499999999977796 ) ) ;
#1535 = AXIS2_PLACEMENT_3D ( 'NONE', #1234, #1586, #320 ) ;
#1536 = CARTESIAN_POINT ( 'NONE',  ( -2.104697761953644441, -5.081189881604789349, 0.01562500000002343264 ) ) ;
#1537 = CARTESIAN_POINT ( 'NONE',  ( 2.104697761953645774, -5.081189881604789349, 0.2968750000000223710 ) ) ;
#1538 = AXIS2_PLACEMENT_3D ( 'NONE', #465, #46, #803 ) ;
#1539 = ORIENTED_EDGE ( 'NONE', *, *, #2204, .T. ) ;
#1540 = CARTESIAN_POINT ( 'NONE',  ( -5.000000000000000888, -2.071067811865479502, -0.03124999999998055375 ) ) ;
#1541 = CARTESIAN_POINT ( 'NONE',  ( -1.667508410807430286, 4.025721420742497614, -2.656249999999978240 ) ) ;
#1542 = CARTESIAN_POINT ( 'NONE',  ( 3.535533905932739529, 3.535533905932739529, -3.687499999999980460 ) ) ;
#1543 = CARTESIAN_POINT ( 'NONE',  ( 8.499999999999996447, 4.662103423706228433, 4.000000000000000888 ) ) ;
#1544 = CARTESIAN_POINT ( 'NONE',  ( -2.846614915774963617, 2.846614915774962284, 1.750000000000022427 ) ) ;
#1545 = CARTESIAN_POINT ( 'NONE',  ( 3.082435682109213371, -2.712525155580618907, -4.986969523002244387 ) ) ;
#1546 = CARTESIAN_POINT ( 'NONE',  ( -2.104697761953644441, -5.081189881604789349, -1.484374999999976241 ) ) ;
#1547 = CARTESIAN_POINT ( 'NONE',  ( -2.104697761953644441, -5.081189881604789349, 3.109375000000022204 ) ) ;
#1548 = VERTEX_POINT ( 'NONE', #501 ) ;
#1549 = CARTESIAN_POINT ( 'NONE',  ( 8.499999999999996447, 4.662103423706229322, -3.187612247453147418 ) ) ;
#1550 = ORIENTED_EDGE ( 'NONE', *, *, #2442, .T. ) ;
#1551 = CARTESIAN_POINT ( 'NONE',  ( -3.835835108841455732, 2.934314096928659410, -3.569838342806440856 ) ) ;
#1552 = ADVANCED_FACE ( 'NONE', ( #1204 ), #757, .F. ) ;
#1553 = CARTESIAN_POINT ( 'NONE',  ( 5.000000000011163515, 2.071067811854447438, -0.9687500000006283862 ) ) ;
#1554 = CARTESIAN_POINT ( 'NONE',  ( 1.667508410807428065, -4.025721420742498502, -0.4062499999999778511 ) ) ;
#1555 = CARTESIAN_POINT ( 'NONE',  ( -2.725328312862633329, 2.967901518687292128, -2.759643419805675624 ) ) ;
#1556 = VERTEX_POINT ( 'NONE', #1417 ) ;
#1557 = EDGE_CURVE ( 'NONE', #157, #1937, #1607, .T. ) ;
#1558 = CARTESIAN_POINT ( 'NONE',  ( 4.025721420742497614, 4.784532449094527441E-12, 2.769591657532942897 ) ) ;
#1559 = ORIENTED_EDGE ( 'NONE', *, *, #744, .T. ) ;
#1560 = CARTESIAN_POINT ( 'NONE',  ( 5.081189881604789349, 2.104697761953645330, -0.9218749999999764633 ) ) ;
#1561 = CARTESIAN_POINT ( 'NONE',  ( 4.025721420742498502, -1.667508410807427621, 1.093750000000022204 ) ) ;
#1562 = ORIENTED_EDGE ( 'NONE', *, *, #505, .T. ) ;
#1563 = CARTESIAN_POINT ( 'NONE',  ( -5.000000000009440448, -2.071067811856399210, -3.218750000000415223 ) ) ;
#1564 = VERTEX_POINT ( 'NONE', #836 ) ;
#1565 = CARTESIAN_POINT ( 'NONE',  ( -0.2125000000000023537, 9.692267644020839512, 4.000000000000000888 ) ) ;
#1566 = CARTESIAN_POINT ( 'NONE',  ( -3.574075700781390363, -7.751461008273400566, -3.861826262023312584 ) ) ;
#1567 = CARTESIAN_POINT ( 'NONE',  ( -2.846614915774963617, 2.846614915774962284, 3.250000000000021760 ) ) ;
#1568 = CYLINDRICAL_SURFACE ( 'NONE', #1864, 5.000000000000002665 ) ;
#1569 = EDGE_CURVE ( 'NONE', #2441, #2167, #1899, .T. ) ;
#1570 = ORIENTED_EDGE ( 'NONE', *, *, #464, .F. ) ;
#1571 =( BOUNDED_CURVE ( )  B_SPLINE_CURVE ( 2, ( #549, #2240, #363, #2230, #893 ),
 .UNSPECIFIED., .F., .F. ) 
 B_SPLINE_CURVE_WITH_KNOTS ( ( 3, 2, 3 ),
 ( 0.1498808585671597138, 0.1537959482710323234, 0.1562593855358196393 ),
 .UNSPECIFIED. ) 
 CURVE ( )  GEOMETRIC_REPRESENTATION_ITEM ( )  RATIONAL_B_SPLINE_CURVE ( ( 0.9999999999999927836, 0.9238795325112939549, 1.000000000000000000, 0.9521037803963361412, 0.9644817006660919567 ) ) 
 REPRESENTATION_ITEM ( '' )  );
#1572 = DESIGN_CONTEXT ( 'detailed design', #2107, 'design' ) ;
#1573 = CARTESIAN_POINT ( 'NONE',  ( -5.000000000000002665, -9.184850993605151889E-16, -3.124999999999980460 ) ) ;
#1574 = ORIENTED_EDGE ( 'NONE', *, *, #2034, .T. ) ;
#1575 = APPROVAL_STATUS ( 'not_yet_approved' ) ;
#1576 = CARTESIAN_POINT ( 'NONE',  ( 6.222662924367223401E-16, -5.081189881604789349, -1.390624999999976019 ) ) ;
#1577 = CARTESIAN_POINT ( 'NONE',  ( 0.000000000000000000, 0.000000000000000000, 4.000000000000000888 ) ) ;
#1578 = AXIS2_PLACEMENT_3D ( 'NONE', #489, #2214, #2401 ) ;
#1579 = VERTEX_POINT ( 'NONE', #265 ) ;
#1580 = CARTESIAN_POINT ( 'NONE',  ( -5.000000000000000888, 2.071067811865477282, 2.781250000000019540 ) ) ;
#1581 = VERTEX_POINT ( 'NONE', #457 ) ;
#1582 = LINE ( 'NONE', #248, #1276 ) ;
#1583 = CARTESIAN_POINT ( 'NONE',  ( -3.535533905932805698, 3.535533905932803922, -0.4999999999999195643 ) ) ;
#1584 = CARTESIAN_POINT ( 'NONE',  ( 3.082435682109213371, -2.712525155580618907, -4.799469523002244387 ) ) ;
#1585 = CARTESIAN_POINT ( 'NONE',  ( 1.098256968451355897, 4.427205675069013857, -3.302364554308367506 ) ) ;
#1586 = DIRECTION ( 'NONE',  ( -0.000000000000000000, -0.000000000000000000, 1.000000000000000000 ) ) ;
#1587 = ORIENTED_EDGE ( 'NONE', *, *, #1986, .F. ) ;
#1588 = CARTESIAN_POINT ( 'NONE',  ( -0.9680279668826902162, 3.916533596818729812, -2.769591657532943341 ) ) ;
#1589 = EDGE_LOOP ( 'NONE', ( #2151, #665 ) ) ;
#1590 = DIRECTION ( 'NONE',  ( 1.000000000000000000, 0.000000000000000000, 0.000000000000000000 ) ) ;
#1591 = CARTESIAN_POINT ( 'NONE',  ( 2.104697761953645330, 5.081189881604789349, -3.734374999999976463 ) ) ;
#1592 = CARTESIAN_POINT ( 'NONE',  ( 1.667508410807428287, -4.025721420742498502, 2.406250000000022204 ) ) ;
#1593 = ORIENTED_EDGE ( 'NONE', *, *, #2115, .T. ) ;
#1594 = CARTESIAN_POINT ( 'NONE',  ( -2.878418162100798483, 8.153099075494436576, -3.811476459027387964 ) ) ;
#1595 = VERTEX_POINT ( 'NONE', #879 ) ;
#1596 = CARTESIAN_POINT ( 'NONE',  ( -5.000000000000000888, -2.071067811865479502, 1.468750000000019540 ) ) ;
#1597 = CARTESIAN_POINT ( 'NONE',  ( 2.846614915774963173, 2.846614915774963173, -4.437499999999976907 ) ) ;
#1598 = DIRECTION ( 'NONE',  ( -0.000000000000000000, -0.000000000000000000, 1.000000000000000000 ) ) ;
#1599 = CARTESIAN_POINT ( 'NONE',  ( 3.556202016175229019, -7.761780384892180251, 3.876815086983869563 ) ) ;
#1600 = VERTEX_POINT ( 'NONE', #278 ) ;
#1601 = EDGE_CURVE ( 'NONE', #1600, #1493, #2025, .T. ) ;
#1602 = LINE ( 'NONE', #664, #2332 ) ;
#1603 = ORIENTED_EDGE ( 'NONE', *, *, #2258, .T. ) ;
#1604 = DIRECTION ( 'NONE',  ( 0.000000000000000000, 0.000000000000000000, 1.000000000000000000 ) ) ;
#1605 = CARTESIAN_POINT ( 'NONE',  ( -1.667508410807427177, -4.025721420742499390, 3.906250000000022204 ) ) ;
#1606 = CARTESIAN_POINT ( 'NONE',  ( -1.667508410807430508, 4.025721420742497614, 1.656250000000022204 ) ) ;
#1607 = B_SPLINE_CURVE_WITH_KNOTS ( 'NONE', 3,
 ( #1640, #1036, #852, #1249, #1769, #705 ),
 .UNSPECIFIED., .F., .F.,
 ( 4, 2, 4 ),
 ( 2.048432657760243605E-07, 0.0002244315606592885875, 0.0004486582780528011608 ),
 .UNSPECIFIED. ) ;
#1608 = CARTESIAN_POINT ( 'NONE',  ( 5.000000000000002665, 3.061616997868385113E-16, 2.125000000000019540 ) ) ;
#1609 = CARTESIAN_POINT ( 'NONE',  ( 4.877612005381805282, -0.6122387699169291597, 3.650273964030961160 ) ) ;
#1610 = CARTESIAN_POINT ( 'NONE',  ( -2.846614915774963617, 2.846614915774962284, -2.749999999999978240 ) ) ;
#1611 = CARTESIAN_POINT ( 'NONE',  ( -1.667508410807430286, 4.025721420742497614, 1.656250000000022427 ) ) ;
#1612 = CARTESIAN_POINT ( 'NONE',  ( -2.549684291225099209, -8.342893664336267889, 3.752752383226936495 ) ) ;
#1613 = DIRECTION ( 'NONE',  ( -0.000000000000000000, -0.000000000000000000, -1.000000000000000000 ) ) ;
#1614 = CARTESIAN_POINT ( 'NONE',  ( 4.087726787808641404, 1.967001080639771748, 3.273395170756458583 ) ) ;
#1615 = CARTESIAN_POINT ( 'NONE',  ( -3.535533905932739973, 3.535533905932738641, -0.3124999999999807376 ) ) ;
#1616 = COORDINATED_UNIVERSAL_TIME_OFFSET ( 6, 0, .BEHIND. ) ;
#1617 = CARTESIAN_POINT ( 'NONE',  ( -4.025721420742497614, 1.667508410807428731, -0.9687499999999774625 ) ) ;
#1618 = CARTESIAN_POINT ( 'NONE',  ( 3.592943821779217117, -3.592943821779216673, -4.109374999999977796 ) ) ;
#1619 = EDGE_CURVE ( 'NONE', #816, #1727, #1262, .T. ) ;
#1620 = CARTESIAN_POINT ( 'NONE',  ( 2.104697761953645330, 5.081189881604789349, 5.265625000000023093 ) ) ;
#1621 = ORIENTED_EDGE ( 'NONE', *, *, #929, .T. ) ;
#1622 = CARTESIAN_POINT ( 'NONE',  ( 4.915640192223705185, -0.3088549461526378659, 3.659510429014161126 ) ) ;
#1623 = AXIS2_PLACEMENT_3D ( 'NONE', #600, #251, #1007 ) ;
#1624 = CARTESIAN_POINT ( 'NONE',  ( -4.025721420742497614, -1.667508410807429842, -0.9687499999999774625 ) ) ;
#1625 = CARTESIAN_POINT ( 'NONE',  ( 2.846614915774963173, 2.846614915774963173, 4.375000000000022204 ) ) ;
#1626 = CARTESIAN_POINT ( 'NONE',  ( -3.535533905932739529, -3.535533905932740417, -0.1249999999999737987 ) ) ;
#1627 = CARTESIAN_POINT ( 'NONE',  ( 2.878438986282223055, -8.153087052647682853, 3.811501025564291378 ) ) ;
#1628 = CARTESIAN_POINT ( 'NONE',  ( 1.881297332243652587, 4.577028272239314077, 3.686187900347686952 ) ) ;
#1629 =( BOUNDED_CURVE ( )  B_SPLINE_CURVE ( 2, ( #2066, #1317, #1123, #1337, #6, #1523, #206, #775, #2096 ),
 .UNSPECIFIED., .F., .T. ) 
 B_SPLINE_CURVE_WITH_KNOTS ( ( 3, 2, 2, 2, 3 ),
 ( 0.04032230645073653363, 0.04423466468474163138, 0.04814702291874670137, 0.05205938115275179912, 0.05597173938675689686 ),
 .UNSPECIFIED. ) 
 CURVE ( )  GEOMETRIC_REPRESENTATION_ITEM ( )  RATIONAL_B_SPLINE_CURVE ( ( 1.000000000000035527, 0.9238795325112512113, 1.000000000000000000, 0.9238795325112867385, 1.000000000000000000, 0.9238795325112867385, 1.000000000000000000, 0.9238795325118182022, 0.9999999999994685362 ) ) 
 REPRESENTATION_ITEM ( '' )  );
#1630 = CARTESIAN_POINT ( 'NONE',  ( -3.238110908334647764, 2.897586156099949850, 3.082134464532809481 ) ) ;
#1631 = CARTESIAN_POINT ( 'NONE',  ( -4.025721420742497614, 1.667508410807428731, 0.5312500000000220934 ) ) ;
#1632 = CARTESIAN_POINT ( 'NONE',  ( 1.667508410807427843, 4.025721420742498502, -0.03124999999997747635 ) ) ;
#1633 = CARTESIAN_POINT ( 'NONE',  ( -1.353322213611574343, -4.337503009910690821, -3.278079438316514604 ) ) ;
#1634 = ORIENTED_EDGE ( 'NONE', *, *, #1557, .T. ) ;
#1635 = B_SPLINE_CURVE_WITH_KNOTS ( 'NONE', 3,
 ( #451, #1212, #89, #1594, #2352, #1410, #2166, #1226, #286, #99, #1239, #2135 ),
 .UNSPECIFIED., .F., .F.,
 ( 4, 2, 2, 2, 2, 4 ),
 ( 2.373010770480914635E-07, 0.002350151584601148282, 0.004700065868125248569, 0.005875023009887298496, 0.007049980151649349290, 0.009399894435173448276 ),
 .UNSPECIFIED. ) ;
#1636 = CYLINDRICAL_SURFACE ( 'NONE', #2097, 5.000000000000002665 ) ;
#1637 = CARTESIAN_POINT ( 'NONE',  ( 4.025721420742498502, -1.078665403188508121, -4.873144300738441181 ) ) ;
#1638 = CARTESIAN_POINT ( 'NONE',  ( 4.025721420742498502, 2.465043426085617748E-16, -0.3124999999999777400 ) ) ;
#1639 = CARTESIAN_POINT ( 'NONE',  ( -7.626949031761427023, 5.411533499640621692, 3.399383606566632299 ) ) ;
#1640 = CARTESIAN_POINT ( 'NONE',  ( -8.499999999999998224, 4.662103423706230210, -3.187612247453146974 ) ) ;
#1641 = PLANE ( 'NONE',  #1578 ) ;
#1642 = ADVANCED_FACE ( 'NONE', ( #866 ), #1446, .F. ) ;
#1643 = CC_DESIGN_DATE_AND_TIME_ASSIGNMENT ( #461, #447, ( #2373 ) ) ;
#1644 = CARTESIAN_POINT ( 'NONE',  ( -4.249219825886022761, -1.515600719722242751, 3.244694540817864681 ) ) ;
#1645 = EDGE_CURVE ( 'NONE', #271, #1548, #1981, .T. ) ;
#1646 = CARTESIAN_POINT ( 'NONE',  ( 8.405866072225100183, -4.939161085558127162, -3.156046021343963837 ) ) ;
#1647 = CARTESIAN_POINT ( 'NONE',  ( 1.667508410807427621, 4.025721420742498502, -1.343749999999977573 ) ) ;
#1648 = CARTESIAN_POINT ( 'NONE',  ( -1.667508410807426955, -4.025721420742499390, 0.7187500000000223155 ) ) ;
#1649 = CARTESIAN_POINT ( 'NONE',  ( 3.197809043421241615, -2.985346215043912732, -3.108766002260532790 ) ) ;
#1650 = VERTEX_POINT ( 'NONE', #2344 ) ;
#1651 = CARTESIAN_POINT ( 'NONE',  ( 3.046899869309168452, -3.710767958621287832, 3.535438038255327431 ) ) ;
#1652 = CARTESIAN_POINT ( 'NONE',  ( 4.025721420742498502, -1.667508410807427399, -1.906249999999978684 ) ) ;
#1653 = CARTESIAN_POINT ( 'NONE',  ( -4.025721420742498502, -7.395130278256853736E-16, 0.4375000000000220934 ) ) ;
#1654 = CARTESIAN_POINT ( 'NONE',  ( 2.071067811865477282, -5.000000000000003553, -1.156249999999980682 ) ) ;
#1655 = PLANE ( 'NONE',  #1029 ) ;
#1656 = CARTESIAN_POINT ( 'NONE',  ( -3.535533905932745746, -3.535533905932747079, 2.875000000000032419 ) ) ;
#1657 = CARTESIAN_POINT ( 'NONE',  ( 3.821692543654887864, 1.728686641299738369, -2.930504663174678281 ) ) ;
#1658 = ADVANCED_FACE ( 'NONE', ( #1799 ), #1022, .F. ) ;
#1659 = CARTESIAN_POINT ( 'NONE',  ( -2.846614915774963617, 2.846614915774962284, -1.062499999999977573 ) ) ;
#1660 = CARTESIAN_POINT ( 'NONE',  ( 1.667508410807428287, -4.025721420742498502, -2.093749999999977796 ) ) ;
#1661 = CARTESIAN_POINT ( 'NONE',  ( 4.251041281150266471, -1.741646037679794421E-11, -2.994911517940712198 ) ) ;
#1662 = EDGE_LOOP ( 'NONE', ( #328, #412, #2316, #2299 ) ) ;
#1663 = CARTESIAN_POINT ( 'NONE',  ( -4.025721420742498502, -7.395130278256853736E-16, -1.062499999999977573 ) ) ;
#1664 = CARTESIAN_POINT ( 'NONE',  ( 1.667508410807428065, -4.025721420742498502, -0.5937499999999779066 ) ) ;
#1665 = EDGE_CURVE ( 'NONE', #818, #496, #523, .T. ) ;
#1666 = VECTOR ( 'NONE', #345, 1000.000000000000000 ) ;
#1667 = CARTESIAN_POINT ( 'NONE',  ( 4.930086852171235495E-16, -4.025721420742498502, 4.000000000000022204 ) ) ;
#1668 = CARTESIAN_POINT ( 'NONE',  ( 0.6009179348973803236, 3.998608217332735748, -2.779100953823535836 ) ) ;
#1669 = CARTESIAN_POINT ( 'NONE',  ( 8.287499999999996092, -5.030164220314619961, 3.187612247453147418 ) ) ;
#1670 = CARTESIAN_POINT ( 'NONE',  ( 3.615659629727657087, 1.830299739541604520, 2.788804796783160622 ) ) ;
#1671 = CARTESIAN_POINT ( 'NONE',  ( 4.025721420742498502, 2.465043426085617748E-16, -3.124999999999977796 ) ) ;
#1672 = B_SPLINE_CURVE_WITH_KNOTS ( 'NONE', 3,
 ( #104, #512, #316, #1083, #119, #1795 ),
 .UNSPECIFIED., .F., .F.,
 ( 4, 2, 4 ),
 ( 1.320102410835629606E-18, 0.0002242246370780496569, 0.0004484492741560979585 ),
 .UNSPECIFIED. ) ;
#1673 = CARTESIAN_POINT ( 'NONE',  ( -0.7774133523841900706, -4.456530479546806589, -3.258144834548069024 ) ) ;
#1674 = CARTESIAN_POINT ( 'NONE',  ( 8.499999999999998224, -3.895930444225323086, 3.390323068043938015 ) ) ;
#1675 = LINE ( 'NONE', #2434, #2133 ) ;
#1676 = CARTESIAN_POINT ( 'NONE',  ( -8.499999999999996447, 3.142754677826841370, 3.570542093720450172 ) ) ;
#1677 = CARTESIAN_POINT ( 'NONE',  ( -8.499999999999996447, -1.568590524845263179, -3.813275047059527356 ) ) ;
#1678 = CARTESIAN_POINT ( 'NONE',  ( 2.846614915774963173, 2.846614915774963173, 4.375000000000022204 ) ) ;
#1679 = CARTESIAN_POINT ( 'NONE',  ( -4.025721420742497614, -1.667508410807429842, -3.781249999999978684 ) ) ;
#1680 = EDGE_CURVE ( 'NONE', #1011, #1948, #1124, .T. ) ;
#1681 = CARTESIAN_POINT ( 'NONE',  ( -5.081189881604789349, 2.104697761953645774, 1.140625000000023537 ) ) ;
#1682 = EDGE_LOOP ( 'NONE', ( #1382, #1574, #209, #68 ) ) ;
#1683 = DIRECTION ( 'NONE',  ( 1.000000000000000000, 0.000000000000000000, 0.000000000000000000 ) ) ;
#1684 = CARTESIAN_POINT ( 'NONE',  ( -4.025721420742497614, -1.667508410807429842, 3.718750000000022649 ) ) ;
#1685 = CARTESIAN_POINT ( 'NONE',  ( 1.599121853229514834, 3.756027418512408289, -2.818154970242161994 ) ) ;
#1686 = CARTESIAN_POINT ( 'NONE',  ( 0.000000000000000000, 0.000000000000000000, 4.000000000000000888 ) ) ;
#1687 = CARTESIAN_POINT ( 'NONE',  ( 0.000000000000000000, 5.000000000000002665, 1.000000000000019540 ) ) ;
#1688 = B_SPLINE_CURVE_WITH_KNOTS ( 'NONE', 3,
 ( #2282, #2074, #184, #938, #1298, #743 ),
 .UNSPECIFIED., .F., .F.,
 ( 4, 2, 4 ),
 ( 0.01415497008100254951, 0.01651343126606872116, 0.01887189245113489455 ),
 .UNSPECIFIED. ) ;
#1689 = DIRECTION ( 'NONE',  ( 0.000000000000000000, 0.000000000000000000, -1.000000000000000000 ) ) ;
#1690 = ADVANCED_FACE ( 'NONE', ( #2246 ), #547, .T. ) ;
#1691 = CARTESIAN_POINT ( 'NONE',  ( 5.081189881604789349, 3.111331462183611701E-16, 1.984375000000023981 ) ) ;
#1692 = ORIENTED_EDGE ( 'NONE', *, *, #1066, .T. ) ;
#1693 = CARTESIAN_POINT ( 'NONE',  ( 8.500000000000000000, -3.123480079833812262, 3.560530097511463765 ) ) ;
#1694 = CARTESIAN_POINT ( 'NONE',  ( -5.000000000000002665, -9.184850993605151889E-16, 2.687500000000026201 ) ) ;
#1695 = CARTESIAN_POINT ( 'NONE',  ( 4.025721420742504719, -1.667508410807429842, -0.2187499999999744094 ) ) ;
#1696 = CARTESIAN_POINT ( 'NONE',  ( 8.499999999999998224, -4.907477288111823377, 4.000000000000000888 ) ) ;
#1697 = CARTESIAN_POINT ( 'NONE',  ( -8.499999999999998224, 4.662103423706228433, 3.187612247453147418 ) ) ;
#1698 = CARTESIAN_POINT ( 'NONE',  ( 8.350692314896551949, 4.993680120298376046, -3.167352913874608600 ) ) ;
#1699 = CONICAL_SURFACE ( 'NONE', #632, 8.287500000000001421, 1.047197551196600074 ) ;
#1700 = CARTESIAN_POINT ( 'NONE',  ( -3.592943821779216673, -3.592943821779217561, -0.07812499999997665756 ) ) ;
#1701 = CARTESIAN_POINT ( 'NONE',  ( -2.104697761953648438, 5.081189881604789349, 1.046875000000022649 ) ) ;
#1702 = ORIENTED_EDGE ( 'NONE', *, *, #2296, .F. ) ;
#1703 = CARTESIAN_POINT ( 'NONE',  ( 2.071067811865477282, -5.000000000000003553, 3.343750000000019540 ) ) ;
#1704 = CARTESIAN_POINT ( 'NONE',  ( 2.846614915774963173, 2.846614915774963173, -1.437499999999977796 ) ) ;
#1705 = CARTESIAN_POINT ( 'NONE',  ( 4.930086852171235495E-16, -4.025721420742498502, -2.187499999999977796 ) ) ;
#1706 = CARTESIAN_POINT ( 'NONE',  ( -2.846614915774967614, 2.846614915774966281, -1.062499999999974243 ) ) ;
#1707 = CC_DESIGN_PERSON_AND_ORGANIZATION_ASSIGNMENT ( #1436, #998, ( #1344 ) ) ;
#1708 = CARTESIAN_POINT ( 'NONE',  ( -4.025721420742497614, -1.667508410807429842, 0.5312500000000220934 ) ) ;
#1709 = CARTESIAN_POINT ( 'NONE',  ( 8.499999999999996447, 4.735107628269283886, -3.167342917358388021 ) ) ;
#1710 = CARTESIAN_POINT ( 'NONE',  ( -2.104697761953644441, -5.081189881604789349, 1.515625000000023759 ) ) ;
#1711 = CARTESIAN_POINT ( 'NONE',  ( -5.081189881604789349, -9.333994386550833130E-16, 1.328125000000022427 ) ) ;
#1712 = ORIENTED_EDGE ( 'NONE', *, *, #1009, .F. ) ;
#1713 = CARTESIAN_POINT ( 'NONE',  ( -5.000000000000002665, -9.184850993605151889E-16, 2.875000000000019540 ) ) ;
#1714 = CARTESIAN_POINT ( 'NONE',  ( -1.667508410807430286, 4.025721420742497614, 1.843750000000022427 ) ) ;
#1715 = CARTESIAN_POINT ( 'NONE',  ( 0.000000000000000000, 5.000000000000002665, -3.499999999999980016 ) ) ;
#1716 = CARTESIAN_POINT ( 'NONE',  ( 2.846614915774967169, -2.846614915774966725, -0.3124999999999744649 ) ) ;
#1717 = CARTESIAN_POINT ( 'NONE',  ( -4.025721420742497614, 1.667508410807428731, 1.843750000000021982 ) ) ;
#1718 = CARTESIAN_POINT ( 'NONE',  ( -1.667508410807427177, -4.025721420742499390, -3.593749999999978240 ) ) ;
#1719 = CARTESIAN_POINT ( 'NONE',  ( 4.924639289628736094, -2.398946924619929829E-13, 3.668509526419180933 ) ) ;
#1720 = CARTESIAN_POINT ( 'NONE',  ( 6.222662924367223401E-16, -5.081189881604789349, 3.109375000000023537 ) ) ;
#1721 = CARTESIAN_POINT ( 'NONE',  ( -2.104697761953648438, 5.081189881604789349, 2.546875000000022649 ) ) ;
#1722 = ORIENTED_EDGE ( 'NONE', *, *, #669, .T. ) ;
#1723 = CARTESIAN_POINT ( 'NONE',  ( -8.499999999999996447, -4.662103423706228433, -3.187612247453147862 ) ) ;
#1724 = CARTESIAN_POINT ( 'NONE',  ( -4.025721420742497614, 1.667508410807428731, -2.468749999999978240 ) ) ;
#1725 = DIRECTION ( 'NONE',  ( 0.000000000000000000, 0.000000000000000000, -1.000000000000000000 ) ) ;
#1726 = CARTESIAN_POINT ( 'NONE',  ( 1.667508410807430730, -4.025721420742504719, 2.593750000000025757 ) ) ;
#1727 = VERTEX_POINT ( 'NONE', #360 ) ;
#1728 = CARTESIAN_POINT ( 'NONE',  ( 1.667508410807427621, 4.025721420742498502, 1.468750000000021982 ) ) ;
#1729 = CARTESIAN_POINT ( 'NONE',  ( 3.992495811652618798, -0.5939513663724901305, 2.769591657532941120 ) ) ;
#1730 = CARTESIAN_POINT ( 'NONE',  ( -5.081189881604789349, 2.104697761953645774, -3.359374999999976463 ) ) ;
#1731 = CARTESIAN_POINT ( 'NONE',  ( -3.592943821779217561, 3.592943821779215785, -0.3593749999999777955 ) ) ;
#1732 = EDGE_CURVE ( 'NONE', #2119, #1994, #342, .T. ) ;
#1733 = ORIENTED_EDGE ( 'NONE', *, *, #1745, .T. ) ;
#1734 = VERTEX_POINT ( 'NONE', #179 ) ;
#1735 = CYLINDRICAL_SURFACE ( 'NONE', #1147, 5.000000000000002665 ) ;
#1736 = CARTESIAN_POINT ( 'NONE',  ( -1.540540396474796569, -8.925523163621424061, -3.573432321160798786 ) ) ;
#1737 = CARTESIAN_POINT ( 'NONE',  ( 4.025721420742498502, 1.667508410807427843, -1.531249999999978018 ) ) ;
#1738 = CARTESIAN_POINT ( 'NONE',  ( -2.594164612224915345, 3.078431893367945538, -2.769591657532945117 ) ) ;
#1739 = CARTESIAN_POINT ( 'NONE',  ( -4.131576567900311581, 2.466883189943540611, -3.552380080120863592 ) ) ;
#1740 = CARTESIAN_POINT ( 'NONE',  ( 4.936655297033737178, 0.4123972830830457403, 3.680525533824158479 ) ) ;
#1741 = ORIENTED_EDGE ( 'NONE', *, *, #546, .T. ) ;
#1742 = CARTESIAN_POINT ( 'NONE',  ( 4.025721420742498502, 1.667508410807427843, 2.968750000000022649 ) ) ;
#1743 = CARTESIAN_POINT ( 'NONE',  ( 2.846614915774963173, 2.846614915774963173, 1.375000000000021982 ) ) ;
#1744 = ORIENTED_EDGE ( 'NONE', *, *, #2272, .F. ) ;
#1745 = EDGE_CURVE ( 'NONE', #1945, #1912, #1898, .T. ) ;
#1746 = CARTESIAN_POINT ( 'NONE',  ( 0.000000000000000000, 0.000000000000000000, -4.000000000000000888 ) ) ;
#1747 = ORIENTED_EDGE ( 'NONE', *, *, #1125, .T. ) ;
#1748 = CARTESIAN_POINT ( 'NONE',  ( 5.000000000000002665, 3.061616997868385113E-16, 2.125000000000019540 ) ) ;
#1749 = PRODUCT_DEFINITION_SHAPE ( 'NONE', 'NONE',  #506 ) ;
#1750 = MANIFOLD_SOLID_BREP ( 'Cut-Extrude3', #1074 ) ;
#1751 = CARTESIAN_POINT ( 'NONE',  ( -2.071067811865518138, 5.000000000000096811, -0.5937499999999195088 ) ) ;
#1752 = CARTESIAN_POINT ( 'NONE',  ( 4.025721420742498502, 2.465043426085617748E-16, -0.1249999999999775596 ) ) ;
#1753 = CARTESIAN_POINT ( 'NONE',  ( -4.025721420742498502, -7.395130278256853736E-16, -2.562499999999977796 ) ) ;
#1754 = ORIENTED_EDGE ( 'NONE', *, *, #1492, .T. ) ;
#1755 = CARTESIAN_POINT ( 'NONE',  ( 2.846614915774963173, 2.846614915774963173, -4.624999999999976907 ) ) ;
#1756 = ORIENTED_EDGE ( 'NONE', *, *, #886, .F. ) ;
#1757 = PERSON_AND_ORGANIZATION ( #1955, #2294 ) ;
#1758 = CARTESIAN_POINT ( 'NONE',  ( -4.025721420742497614, 1.667508410807428731, 3.531250000000022204 ) ) ;
#1759 = CARTESIAN_POINT ( 'NONE',  ( 5.081189881604789349, 3.111331462183611701E-16, -3.921874999999977351 ) ) ;
#1760 = EDGE_CURVE ( 'NONE', #1803, #59, #776, .T. ) ;
#1761 = ORIENTED_EDGE ( 'NONE', *, *, #955, .F. ) ;
#1762 = CARTESIAN_POINT ( 'NONE',  ( 5.000000000000345501, -2.071067811865492381, -2.656249999999821032 ) ) ;
#1763 = ORIENTED_EDGE ( 'NONE', *, *, #361, .F. ) ;
#1764 = CARTESIAN_POINT ( 'NONE',  ( -2.071067811865475949, -5.000000000000003553, 1.656250000000019762 ) ) ;
#1765 =( BOUNDED_SURFACE ( )  B_SPLINE_SURFACE ( 1, 2, ( 
 ( #348, #2415, #1678, #2437, #1289, #721, #1472, #2250, #365, #1122, #1878, #937, #580, #2281, #786, #407, #2095, #227, #1169, #1907, #15, #214, #797, #1532, #591, #1919, #982, #970, #774, #1717, #1544, #2292, #1350, #1728, #39, #2108, #2304, #25, #603, #205, #960, #1522, #395, #1708, #1156, #1336, #1084, #1851, #2410, #1245, #105, #469, #528, #716, #2397, #1465, #2199, #1259, #340, #1624, #1663, #888, #1840, #876, #2040, #1454, #2211, #1988, #1283, #1652, #863, #1070, #2026, #1231, #1827, #2385, #317, #485, #1610, #2369, #146, #1796, #1096, #2013, #702, #158, #2170, #912, #658, #1414, #900, #290, #2225, #1045, #673, #134, #2000, #1429, #498, #2186, #304, #1637, #1057 ),
 ( #1810, #120, #688, #513, #1443, #1271, #330, #411, #1160, #1547, #1924, #574, #583, #243, #1354, #1721, #208, #8, #198, #2307, #963, #1319, #1000, #596, #950, #2077, #2086, #18, #1711, #1136, #2113, #1701, #1515, #378, #985, #1364, #2285, #778, #2275, #1537, #218, #769, #1328, #400, #1174, #387, #1731, #231, #790, #44, #1149, #1901, #2122, #2422, #801, #2298, #1911, #606, #420, #1184, #1525, #1343, #1935, #2101, #728, #974, #1890, #1504, #2265, #29, #565, #2180, #2365, #1950, #480, #463, #871, #1241, #2335, #2350, #2008, #668, #1041, #1964, #1759, #258, #1618, #270, #621, #313, #1423, #1014, #1379, #1394, #1775, #1027, #436, #1996, #71, #828, #2137, #300, #684 ) ),
 .UNSPECIFIED., .F., .F., .T. ) 
 B_SPLINE_SURFACE_WITH_KNOTS ( ( 2, 2 ),
 ( 3, 2, 2, 2, 2, 2, 2, 2, 2, 2, 2, 2, 2, 2, 2, 2, 2, 2, 2, 2, 2, 2, 2, 2, 2, 2, 2, 2, 2, 2, 2, 2, 2, 2, 2, 2, 2, 2, 2, 2, 2, 2, 2, 2, 2, 2, 2, 2, 2, 2, 2, 3 ),
 ( 0.000000000000000000, 1.000000000000000000 ),
 ( 0.000000000000000000, 0.01785714285714285615, 0.03571428571428571230, 0.05357142857142856845, 0.07142857142857142461, 0.08928571428571428770, 0.1071428571428571369, 0.1250000000000000000, 0.1428571428571428492, 0.1607142857142857262, 0.1785714285714285754, 0.1964285714285714246, 0.2142857142857142738, 0.2321428571428571508, 0.2500000000000000000, 0.2678571428571428492, 0.2857142857142856984, 0.3035714285714285476, 0.3214285714285714524, 0.3392857142857143016, 0.3571428571428571508, 0.3750000000000000000, 0.3928571428571428492, 0.4107142857142856984, 0.4285714285714285476, 0.4464285714285714524, 0.4642857142857143016, 0.4821428571428571508, 0.5000000000000000000, 0.5178571428571429047, 0.5357142857142856984, 0.5535714285714286031, 0.5714285714285713969, 0.5892857142857143016, 0.6071428571428570953, 0.6250000000000000000, 0.6428571428571429047, 0.6607142857142856984, 0.6785714285714286031, 0.6964285714285713969, 0.7142857142857143016, 0.7321428571428570953, 0.7500000000000000000, 0.7678571428571429047, 0.7857142857142856984, 0.8035714285714286031, 0.8214285714285713969, 0.8392857142857143016, 0.8571428571428570953, 0.8750000000000000000, 0.8928571428571429047, 0.9047275165790393814 ),
 .UNSPECIFIED. ) 
 GEOMETRIC_REPRESENTATION_ITEM ( )  RATIONAL_B_SPLINE_SURFACE ( (
 ( 1.000000000000000000, 0.9238795325112867385, 1.000000000000000000, 0.9238795325112867385, 1.000000000000000000, 0.9238795325112867385, 1.000000000000000000, 0.9238795325112867385, 1.000000000000000000, 0.9238795325112867385, 1.000000000000000000, 0.9238795325112867385, 1.000000000000000000, 0.9238795325112867385, 1.000000000000000000, 0.9238795325112867385, 1.000000000000000000, 0.9238795325112867385, 1.000000000000000000, 0.9238795325112867385, 1.000000000000000000, 0.9238795325112867385, 1.000000000000000000, 0.9238795325112867385, 1.000000000000000000, 0.9238795325112867385, 1.000000000000000000, 0.9238795325112867385, 1.000000000000000000, 0.9238795325112867385, 1.000000000000000000, 0.9238795325112867385, 1.000000000000000000, 0.9238795325112867385, 1.000000000000000000, 0.9238795325112867385, 1.000000000000000000, 0.9238795325112867385, 1.000000000000000000, 0.9238795325112867385, 1.000000000000000000, 0.9238795325112867385, 1.000000000000000000, 0.9238795325112867385, 1.000000000000000000, 0.9238795325112867385, 1.000000000000000000, 0.9238795325112867385, 1.000000000000000000, 0.9238795325112867385, 1.000000000000000000, 0.9238795325112867385, 1.000000000000000000, 0.9238795325112867385, 1.000000000000000000, 0.9238795325112867385, 1.000000000000000000, 0.9238795325112867385, 1.000000000000000000, 0.9238795325112867385, 1.000000000000000000, 0.9238795325112867385, 1.000000000000000000, 0.9238795325112867385, 1.000000000000000000, 0.9238795325112867385, 1.000000000000000000, 0.9238795325112867385, 1.000000000000000000, 0.9238795325112867385, 1.000000000000000000, 0.9238795325112867385, 1.000000000000000000, 0.9238795325112867385, 1.000000000000000000, 0.9238795325112867385, 1.000000000000000000, 0.9238795325112867385, 1.000000000000000000, 0.9238795325112867385, 1.000000000000000000, 0.9238795325112867385, 1.000000000000000000, 0.9238795325112867385, 1.000000000000000000, 0.9238795325112867385, 1.000000000000000000, 0.9238795325112867385, 1.000000000000000000, 0.9238795325112867385, 1.000000000000000000, 0.9238795325112867385, 1.000000000000000000, 0.9238795325112867385, 1.000000000000000000, 0.9238795325112867385, 1.000000000000000000, 0.9238795325112867385, 1.000000000000000000, 0.9238795325112867385, 1.000000000000000000, 0.9493996097693160330, 0.9660715202999783369),
 ( 1.000000000000000000, 0.9238795325112867385, 1.000000000000000000, 0.9238795325112867385, 1.000000000000000000, 0.9238795325112867385, 1.000000000000000000, 0.9238795325112867385, 1.000000000000000000, 0.9238795325112867385, 1.000000000000000000, 0.9238795325112867385, 1.000000000000000000, 0.9238795325112867385, 1.000000000000000000, 0.9238795325112867385, 1.000000000000000000, 0.9238795325112867385, 1.000000000000000000, 0.9238795325112867385, 1.000000000000000000, 0.9238795325112867385, 1.000000000000000000, 0.9238795325112867385, 1.000000000000000000, 0.9238795325112867385, 1.000000000000000000, 0.9238795325112867385, 1.000000000000000000, 0.9238795325112867385, 1.000000000000000000, 0.9238795325112867385, 1.000000000000000000, 0.9238795325112867385, 1.000000000000000000, 0.9238795325112867385, 1.000000000000000000, 0.9238795325112867385, 1.000000000000000000, 0.9238795325112867385, 1.000000000000000000, 0.9238795325112867385, 1.000000000000000000, 0.9238795325112867385, 1.000000000000000000, 0.9238795325112867385, 1.000000000000000000, 0.9238795325112867385, 1.000000000000000000, 0.9238795325112867385, 1.000000000000000000, 0.9238795325112867385, 1.000000000000000000, 0.9238795325112867385, 1.000000000000000000, 0.9238795325112867385, 1.000000000000000000, 0.9238795325112867385, 1.000000000000000000, 0.9238795325112867385, 1.000000000000000000, 0.9238795325112867385, 1.000000000000000000, 0.9238795325112867385, 1.000000000000000000, 0.9238795325112867385, 1.000000000000000000, 0.9238795325112867385, 1.000000000000000000, 0.9238795325112867385, 1.000000000000000000, 0.9238795325112867385, 1.000000000000000000, 0.9238795325112867385, 1.000000000000000000, 0.9238795325112867385, 1.000000000000000000, 0.9238795325112867385, 1.000000000000000000, 0.9238795325112867385, 1.000000000000000000, 0.9238795325112867385, 1.000000000000000000, 0.9238795325112867385, 1.000000000000000000, 0.9238795325112867385, 1.000000000000000000, 0.9238795325112867385, 1.000000000000000000, 0.9238795325112867385, 1.000000000000000000, 0.9238795325112867385, 1.000000000000000000, 0.9238795325112867385, 1.000000000000000000, 0.9238795325112867385, 1.000000000000000000, 0.9238795325112867385, 1.000000000000000000, 0.9238795325112867385, 1.000000000000000000, 0.9493996097693160330, 0.9660715202999783369) ) ) 
 REPRESENTATION_ITEM ( '' )  SURFACE ( )  );
#1766 = CARTESIAN_POINT ( 'NONE',  ( -8.287500000000008527, -5.030164220314610191, -3.187612247453144310 ) ) ;
#1767 = CARTESIAN_POINT ( 'NONE',  ( 4.025721420742498502, 1.667508410807427843, -4.531249999999976907 ) ) ;
#1768 = CARTESIAN_POINT ( 'NONE',  ( 3.844742203623766397, 3.095497143861092315, -3.669167164501268008 ) ) ;
#1769 = CARTESIAN_POINT ( 'NONE',  ( -8.350720870097797288, 4.993663633945251590, -3.167343759132478898 ) ) ;
#1770 = ORIENTED_EDGE ( 'NONE', *, *, #766, .T. ) ;
#1771 = CARTESIAN_POINT ( 'NONE',  ( 4.025721420742498502, 2.465043426085617748E-16, -3.312499999999977796 ) ) ;
#1772 = ORIENTED_EDGE ( 'NONE', *, *, #1225, .T. ) ;
#1773 = APPLICATION_PROTOCOL_DEFINITION ( 'international standard', 'config_control_design', 1994, #956 ) ;
#1774 = CARTESIAN_POINT ( 'NONE',  ( 3.592943821779217117, -3.592943821779216673, -1.203124999999976019 ) ) ;
#1775 = CARTESIAN_POINT ( 'NONE',  ( -3.592943821779217561, 3.592943821779215785, -4.859374999999978684 ) ) ;
#1776 = VECTOR ( 'NONE', #820, 1000.000000000000000 ) ;
#1777 = ORIENTED_EDGE ( 'NONE', *, *, #1137, .T. ) ;
#1778 = CARTESIAN_POINT ( 'NONE',  ( -2.071067811865479946, 5.000000000000000888, 2.593750000000019540 ) ) ;
#1779 = ORIENTED_EDGE ( 'NONE', *, *, #259, .F. ) ;
#1780 = CARTESIAN_POINT ( 'NONE',  ( -1.353975398565492982, 4.736234115177772708, -3.666422636077490083 ) ) ;
#1781 = LINE ( 'NONE', #627, #586 ) ;
#1782 = CARTESIAN_POINT ( 'NONE',  ( 0.000000000000000000, 4.025721420742498502, -2.749999999999977351 ) ) ;
#1783 = CARTESIAN_POINT ( 'NONE',  ( 1.899763565027280166, 4.264749328593810951, -3.404252079093240901 ) ) ;
#1784 = CARTESIAN_POINT ( 'NONE',  ( -8.499999999999996447, -4.735107628269280333, -3.167342917358389354 ) ) ;
#1785 = ORIENTED_EDGE ( 'NONE', *, *, #1441, .F. ) ;
#1786 =( BOUNDED_CURVE ( )  B_SPLINE_CURVE ( 2, ( #58, #1563, #1242, #860, #481, #1997, #623, #1762, #817 ),
 .UNSPECIFIED., .F., .F. ) 
 B_SPLINE_CURVE_WITH_KNOTS ( ( 3, 2, 2, 2, 3 ),
 ( 0.009017916256413620324, 0.01293131807347796744, 0.01684471989054233884, 0.02075812170760668596, 0.02467152352467105736 ),
 .UNSPECIFIED. ) 
 CURVE ( )  GEOMETRIC_REPRESENTATION_ITEM ( )  RATIONAL_B_SPLINE_CURVE ( ( 1.000000000000440981, 0.9238795325108456469, 1.000000000000000000, 0.9238795325112867385, 1.000000000000000000, 0.9238795325112867385, 1.000000000000000000, 0.9238795325112825196, 1.000000000000004219 ) ) 
 REPRESENTATION_ITEM ( '' )  );
#1787 = LINE ( 'NONE', #335, #951 ) ;
#1788 = ORIENTED_EDGE ( 'NONE', *, *, #1009, .T. ) ;
#1789 =( NAMED_UNIT ( * ) SI_UNIT ( $, .STERADIAN. ) SOLID_ANGLE_UNIT ( ) );
#1790 = CARTESIAN_POINT ( 'NONE',  ( 3.592943821779217117, -3.592943821779216673, -2.703124999999976463 ) ) ;
#1791 = CARTESIAN_POINT ( 'NONE',  ( -4.025721420742498502, -7.395130278256853736E-16, 1.937500000000022204 ) ) ;
#1792 = DIRECTION ( 'NONE',  ( 1.000000000000000000, 0.000000000000000000, 0.000000000000000000 ) ) ;
#1793 = ORIENTED_EDGE ( 'NONE', *, *, #1619, .T. ) ;
#1794 = ADVANCED_FACE ( 'NONE', ( #530 ), #2094, .F. ) ;
#1795 = CARTESIAN_POINT ( 'NONE',  ( 0.2125000000000010214, -9.692267644020843065, 3.187612247453146086 ) ) ;
#1796 = CARTESIAN_POINT ( 'NONE',  ( 1.667508410807427621, 4.025721420742498502, -3.031249999999978240 ) ) ;
#1797 = CARTESIAN_POINT ( 'NONE',  ( 2.846614915774963173, 2.846614915774963173, -2.937499999999977351 ) ) ;
#1798 = CARTESIAN_POINT ( 'NONE',  ( 5.000000000000002665, 3.061616997868385606E-16, 0.4375000000000269784 ) ) ;
#1799 = FACE_OUTER_BOUND ( 'NONE', #2088, .T. ) ;
#1800 = CARTESIAN_POINT ( 'NONE',  ( 4.944827638099723366, 6.960057008270459811, -3.876640262969432538 ) ) ;
#1801 = ADVANCED_FACE ( 'NONE', ( #1853 ), #1502, .T. ) ;
#1802 = CARTESIAN_POINT ( 'NONE',  ( -5.000000000000000888, 2.071067811865477282, -0.2187499999999807376 ) ) ;
#1803 = VERTEX_POINT ( 'NONE', #1883 ) ;
#1804 = MECHANICAL_CONTEXT ( 'NONE', #956, 'mechanical' ) ;
#1805 = CARTESIAN_POINT ( 'NONE',  ( 1.667508410807427621, 4.025721420742498502, 1.656250000000022427 ) ) ;
#1806 = DIRECTION ( 'NONE',  ( -1.000000000000000000, 0.000000000000000000, 0.000000000000000000 ) ) ;
#1807 = CARTESIAN_POINT ( 'NONE',  ( 3.843524621188026291, -2.003137381035140496, -3.068014253768668986 ) ) ;
#1808 = ORIENTED_EDGE ( 'NONE', *, *, #1946, .T. ) ;
#1809 = CARTESIAN_POINT ( 'NONE',  ( -2.071067811865475949, -5.000000000000003553, 0.1562500000000196509 ) ) ;
#1810 = CARTESIAN_POINT ( 'NONE',  ( 0.000000000000000000, 5.081189881604789349, 3.953125000000022649 ) ) ;
#1811 = CARTESIAN_POINT ( 'NONE',  ( -4.025721420742497614, -1.667508410807429842, -3.781249999999978684 ) ) ;
#1812 = DIRECTION ( 'NONE',  ( -0.000000000000000000, -0.000000000000000000, -1.000000000000000000 ) ) ;
#1813 = CARTESIAN_POINT ( 'NONE',  ( 4.929534523343041208, -6.968886492191983528, 3.861594117097061574 ) ) ;
#1814 = CARTESIAN_POINT ( 'NONE',  ( 2.071067811865477726, -5.000000000000004441, 1.656250000000027756 ) ) ;
#1815 = CARTESIAN_POINT ( 'NONE',  ( 8.499999999999994671, 1.579022308651767847, -3.798482516743613591 ) ) ;
#1816 = APPROVAL_DATE_TIME ( #2035, #113 ) ;
#1817 = CARTESIAN_POINT ( 'NONE',  ( -1.667508410807430286, 4.025721420742497614, 1.843750000000022427 ) ) ;
#1818 = CARTESIAN_POINT ( 'NONE',  ( 2.846614915774963173, -2.846614915774962729, 1.000000000000022204 ) ) ;
#1819 = CONICAL_SURFACE ( 'NONE', #587, 8.287500000000001421, 1.047197551196600074 ) ;
#1820 = B_SPLINE_CURVE_WITH_KNOTS ( 'NONE', 3,
 ( #1498, #2231, #1677, #233, #2045, #990 ),
 .UNSPECIFIED., .F., .F.,
 ( 4, 2, 4 ),
 ( 0.008678813490737576075, 0.01102816653788319529, 0.01337751958502881450 ),
 .UNSPECIFIED. ) ;
#1821 = CARTESIAN_POINT ( 'NONE',  ( -4.680322740791146963, -0.5893642982648299444, -3.452097583160947725 ) ) ;
#1822 = VERTEX_POINT ( 'NONE', #738 ) ;
#1823 = EDGE_CURVE ( 'NONE', #727, #260, #391, .T. ) ;
#1824 = CC_DESIGN_PERSON_AND_ORGANIZATION_ASSIGNMENT ( #478, #682, ( #1344 ) ) ;
#1825 = CARTESIAN_POINT ( 'NONE',  ( -1.030088192675568282, -4.548826207315671333, 3.397689295628684381 ) ) ;
#1826 = AXIS2_PLACEMENT_3D ( 'NONE', #637, #1978, #2149 ) ;
#1827 = CARTESIAN_POINT ( 'NONE',  ( -2.846614915774962729, -2.846614915774963617, -2.374999999999977796 ) ) ;
#1828 = CARTESIAN_POINT ( 'NONE',  ( -2.846614915774963617, 2.846614915774962284, -4.062499999999978684 ) ) ;
#1829 = FACE_OUTER_BOUND ( 'NONE', #1039, .T. ) ;
#1830 = CARTESIAN_POINT ( 'NONE',  ( -2.071067811865483499, 5.000000000000010658, 2.406250000000031974 ) ) ;
#1831 = CARTESIAN_POINT ( 'NONE',  ( -8.499999999999998224, 4.662103423706230210, -3.187612247453146974 ) ) ;
#1832 = CARTESIAN_POINT ( 'NONE',  ( -4.449158342467812943, -2.292394995619105657E-11, 3.193028579258253785 ) ) ;
#1833 = CARTESIAN_POINT ( 'NONE',  ( -2.049351033380829801, 3.773672286734416570, 3.031015705856423992 ) ) ;
#1834 = CARTESIAN_POINT ( 'NONE',  ( -1.667508410807427177, -4.025721420742499390, -0.5937499999999779066 ) ) ;
#1835 = CARTESIAN_POINT ( 'NONE',  ( 0.000000000000000000, 4.025721420742498502, -1.437499999999977796 ) ) ;
#1836 = CARTESIAN_POINT ( 'NONE',  ( 0.1049388332238348348, -4.493642914124212240, -3.229204926749161153 ) ) ;
#1837 = EDGE_LOOP ( 'NONE', ( #1772, #2102, #1476, #1763 ) ) ;
#1838 = EDGE_CURVE ( 'NONE', #779, #1556, #2173, .T. ) ;
#1839 = CARTESIAN_POINT ( 'NONE',  ( 4.924639289628736094, -2.398946924619929829E-13, 3.668509526419180933 ) ) ;
#1840 = CARTESIAN_POINT ( 'NONE',  ( -2.846614915774963617, 2.846614915774962284, -1.249999999999977796 ) ) ;
#1841 = CARTESIAN_POINT ( 'NONE',  ( 0.000000000000000000, 4.025721420742498502, -1.437499999999977796 ) ) ;
#1842 = CARTESIAN_POINT ( 'NONE',  ( 3.535533905932739529, -3.535533905932739085, -1.062499999999980460 ) ) ;
#1843 = CARTESIAN_POINT ( 'NONE',  ( 8.287499999999996092, 5.030164220314615520, -3.187612247453147862 ) ) ;
#1844 = CARTESIAN_POINT ( 'NONE',  ( -2.846614915774967614, 2.846614915774966281, -2.562499999999975131 ) ) ;
#1845 = FACE_OUTER_BOUND ( 'NONE', #297, .T. ) ;
#1846 = CARTESIAN_POINT ( 'NONE',  ( 0.07753684396355883801, 4.033745165358740614, -2.769591657532943341 ) ) ;
#1847 = CARTESIAN_POINT ( 'NONE',  ( 1.667508410807428065, -4.025721420742498502, -1.906249999999977573 ) ) ;
#1848 = CARTESIAN_POINT ( 'NONE',  ( 4.025721420742498502, -1.667508410807427621, -1.906249999999978684 ) ) ;
#1849 = CARTESIAN_POINT ( 'NONE',  ( 4.140565980051872153, -1.168071461883585238, -3.036085481986954271 ) ) ;
#1850 = VERTEX_POINT ( 'NONE', #1293 ) ;
#1851 = CARTESIAN_POINT ( 'NONE',  ( -1.667508410807430286, 4.025721420742497614, 0.1562500000000218159 ) ) ;
#1852 = CARTESIAN_POINT ( 'NONE',  ( -4.025721420742497614, -1.667508410807429842, 0.5312500000000220934 ) ) ;
#1853 = FACE_OUTER_BOUND ( 'NONE', #1238, .T. ) ;
#1854 = CARTESIAN_POINT ( 'NONE',  ( 2.846614915774963173, -2.846614915774962729, 4.187500000000023093 ) ) ;
#1855 = CARTESIAN_POINT ( 'NONE',  ( 2.708020844729382315, 3.118263817432873619, -2.865932036336561239 ) ) ;
#1856 = CARTESIAN_POINT ( 'NONE',  ( 4.925924299218618962, -6.970970856062055354, -3.861826262023309919 ) ) ;
#1857 = CARTESIAN_POINT ( 'NONE',  ( -1.826253900384875450, 3.876734013603292617, 3.022135962718440538 ) ) ;
#1858 =( BOUNDED_CURVE ( )  B_SPLINE_CURVE ( 2, ( #1713, #1507, #576, #1330, #389, #1703, #780, #1346, #20 ),
 .UNSPECIFIED., .F., .T. ) 
 B_SPLINE_CURVE_WITH_KNOTS ( ( 3, 2, 2, 2, 3 ),
 ( 0.7975846594361822861, 0.8154418022933250798, 0.8332989451504679845, 0.8511560880076107782, 0.8690132308647536830 ),
 .UNSPECIFIED. ) 
 CURVE ( )  GEOMETRIC_REPRESENTATION_ITEM ( )  RATIONAL_B_SPLINE_CURVE ( ( 1.000000000000000000, 0.9238795325112867385, 1.000000000000000000, 0.9238795325112867385, 1.000000000000000000, 0.9238795325112867385, 1.000000000000000000, 0.9238795325112867385, 1.000000000000000000 ) ) 
 REPRESENTATION_ITEM ( '' )  );
#1859 = CARTESIAN_POINT ( 'NONE',  ( 2.846614915774963173, -2.846614915774962729, -0.3124999999999777400 ) ) ;
#1860 = CARTESIAN_POINT ( 'NONE',  ( -8.405867542315551333, -4.939158387847757403, 3.156046063154892334 ) ) ;
#1861 = CC_DESIGN_APPROVAL ( #113, ( #2373 ) ) ;
#1862 = VECTOR ( 'NONE', #1973, 1000.000000000000000 ) ;
#1863 = CARTESIAN_POINT ( 'NONE',  ( -5.000000000000002665, -9.184850993605151889E-16, -1.624999999999980460 ) ) ;
#1864 = AXIS2_PLACEMENT_3D ( 'NONE', #1141, #1894, #203 ) ;
#1865 = ADVANCED_FACE ( 'NONE', ( #2237 ), #476, .F. ) ;
#1866 = CARTESIAN_POINT ( 'NONE',  ( -2.846614915774962729, -2.846614915774963617, 3.812500000000022649 ) ) ;
#1867 = CARTESIAN_POINT ( 'NONE',  ( 8.287499999999996092, 5.030164220314615520, 3.187612247453147862 ) ) ;
#1868 = AXIS2_PLACEMENT_3D ( 'NONE', #846, #639, #1396 ) ;
#1869 = CARTESIAN_POINT ( 'NONE',  ( 1.537209750203565983, -8.927446113142694983, -3.572447772540341404 ) ) ;
#1870 = CARTESIAN_POINT ( 'NONE',  ( -5.000000000000002665, -9.184850993605151889E-16, -3.124999999999980460 ) ) ;
#1871 = CARTESIAN_POINT ( 'NONE',  ( -1.292356323808713237, 4.051927118026032559, -2.993806784655944853 ) ) ;
#1872 = CARTESIAN_POINT ( 'NONE',  ( -3.592943821779217561, 3.592943821779215785, 4.046875000000023981 ) ) ;
#1873 = CARTESIAN_POINT ( 'NONE',  ( 8.499999999999998224, -0.7881965933710568528, 3.877313067797209634 ) ) ;
#1874 = CARTESIAN_POINT ( 'NONE',  ( -1.667508410807430286, 4.025721420742497614, 3.343750000000022204 ) ) ;
#1875 = CARTESIAN_POINT ( 'NONE',  ( 8.499999999999994671, 4.735083043235764677, 3.167349743296191011 ) ) ;
#1876 = CARTESIAN_POINT ( 'NONE',  ( -8.499999999999996447, -1.040949779298131050E-15, 3.877313067797208301 ) ) ;
#1877 = B_SPLINE_CURVE_WITH_KNOTS ( 'NONE', 3,
 ( #2248, #1875, #518, #2051, #926, #1867 ),
 .UNSPECIFIED., .F., .F.,
 ( 4, 2, 4 ),
 ( 2.637977740025101358E-18, 0.0002242246370780513374, 0.0004484492741561000727 ),
 .UNSPECIFIED. ) ;
#1878 = CARTESIAN_POINT ( 'NONE',  ( -2.846614915774962729, -2.846614915774963617, 3.625000000000022204 ) ) ;
#1879 = EDGE_CURVE ( 'NONE', #401, #1420, #1185, .T. ) ;
#1880 = CARTESIAN_POINT ( 'NONE',  ( -0.9954175372050445558, 4.185913691611000687, -3.037474666265227441 ) ) ;
#1881 = CARTESIAN_POINT ( 'NONE',  ( 0.000000000000000000, 5.081189881604789349, 3.859375000000023981 ) ) ;
#1882 = EDGE_LOOP ( 'NONE', ( #1902, #1785, #2253, #84 ) ) ;
#1883 = CARTESIAN_POINT ( 'NONE',  ( -5.000000000000002665, -9.184850993605151889E-16, -1.624999999999980460 ) ) ;
#1884 = CARTESIAN_POINT ( 'NONE',  ( 0.000000000000000000, 4.025721420742503831, -2.749999999999973799 ) ) ;
#1885 = CARTESIAN_POINT ( 'NONE',  ( 4.025721420742503831, 2.465043426085621199E-16, -0.1249999999999743122 ) ) ;
#1886 = CARTESIAN_POINT ( 'NONE',  ( 8.350702204471097900, -4.993674410549853171, 3.167349743296191900 ) ) ;
#1887 = CARTESIAN_POINT ( 'NONE',  ( -2.071067811865475949, -5.000000000000003553, -2.843749999999980460 ) ) ;
#1888 = CARTESIAN_POINT ( 'NONE',  ( 0.1492977955288969372, 9.728757453785608078, 3.167349743296191900 ) ) ;
#1889 = CARTESIAN_POINT ( 'NONE',  ( -3.592943821779216673, -3.592943821779217561, 4.421875000000023981 ) ) ;
#1890 = CARTESIAN_POINT ( 'NONE',  ( 3.592943821779217117, 3.592943821779217117, -2.234374999999977796 ) ) ;
#1891 = ORIENTED_EDGE ( 'NONE', *, *, #1931, .F. ) ;
#1892 = LINE ( 'NONE', #771, #1308 ) ;
#1893 = CARTESIAN_POINT ( 'NONE',  ( 4.025721420742498502, 2.465043426085617748E-16, 1.375000000000022427 ) ) ;
#1894 = DIRECTION ( 'NONE',  ( -0.000000000000000000, -0.000000000000000000, -1.000000000000000000 ) ) ;
#1895 = CARTESIAN_POINT ( 'NONE',  ( -2.846614915774966725, -2.846614915774967614, -0.6874999999999747979 ) ) ;
#1896 = LINE ( 'NONE', #355, #725 ) ;
#1897 = LINE ( 'NONE', #1307, #32 ) ;
#1898 = CIRCLE ( 'NONE', #839, 5.256129763209560046 ) ;
#1899 = B_SPLINE_CURVE_WITH_KNOTS ( 'NONE', 3,
 ( #472, #691, #488, #1627, #1599, #108, #1813, #307, #1457, #2158, #123, #137 ),
 .UNSPECIFIED., .F., .F.,
 ( 4, 2, 2, 2, 2, 4 ),
 ( 0.0002529993797099006829, 0.002604844844389555495, 0.004956690309069210904, 0.006132613041409036223, 0.007308535773748861541, 0.009660381238428512179 ),
 .UNSPECIFIED. ) ;
#1900 = CARTESIAN_POINT ( 'NONE',  ( 3.592943821779217117, -3.592943821779216673, 1.796875000000023759 ) ) ;
#1901 = CARTESIAN_POINT ( 'NONE',  ( 5.081189881604789349, 2.104697761953645330, -0.8281249999999772404 ) ) ;
#1902 = ORIENTED_EDGE ( 'NONE', *, *, #1424, .F. ) ;
#1903 = CYLINDRICAL_SURFACE ( 'NONE', #1109, 0.4250000000000000444 ) ;
#1904 = CARTESIAN_POINT ( 'NONE',  ( 4.025721420742498502, 2.465043426085617748E-16, 2.875000000000022649 ) ) ;
#1905 = CARTESIAN_POINT ( 'NONE',  ( -1.667508410807426955, -4.025721420742499390, -2.281249999999977351 ) ) ;
#1906 = CARTESIAN_POINT ( 'NONE',  ( -1.667508410807432506, 4.025721420742503831, -1.156249999999974465 ) ) ;
#1907 = CARTESIAN_POINT ( 'NONE',  ( 4.025721420742498502, 1.667508410807427843, 2.781250000000022649 ) ) ;
#1908 = CARTESIAN_POINT ( 'NONE',  ( 3.082424819537191940, -2.712537460056460681, -4.799470467744510138 ) ) ;
#1909 = CARTESIAN_POINT ( 'NONE',  ( 1.667508410807427621, 4.025721420742498502, -3.031249999999978240 ) ) ;
#1910 = CARTESIAN_POINT ( 'NONE',  ( 5.081189881604789349, -2.104697761953644886, 0.3906250000000237588 ) ) ;
#1911 = CARTESIAN_POINT ( 'NONE',  ( 6.222662924367223401E-16, -5.081189881604789349, -1.296874999999977796 ) ) ;
#1912 = VERTEX_POINT ( 'NONE', #1086 ) ;
#1913 = ADVANCED_FACE ( 'NONE', ( #1139 ), #210, .T. ) ;
#1914 = CARTESIAN_POINT ( 'NONE',  ( -5.256129763209560046, 6.436902490417723028E-16, 4.000000000000000888 ) ) ;
#1915 = CARTESIAN_POINT ( 'NONE',  ( 1.667508410807427621, 4.025721420742498502, 0.1562500000000226763 ) ) ;
#1916 = CARTESIAN_POINT ( 'NONE',  ( -2.846614915774963617, 2.846614915774962284, -2.749999999999978240 ) ) ;
#1917 = CARTESIAN_POINT ( 'NONE',  ( 3.342720471631917434, -2.350509359918015129, 2.726945033731621226 ) ) ;
#1918 = CARTESIAN_POINT ( 'NONE',  ( 4.159561920034492211, 1.729010969081633986, 3.241753189660752543 ) ) ;
#1919 = CARTESIAN_POINT ( 'NONE',  ( -1.667508410807427177, -4.025721420742499390, 2.218750000000023093 ) ) ;
#1920 = FACE_OUTER_BOUND ( 'NONE', #700, .T. ) ;
#1921 = CARTESIAN_POINT ( 'NONE',  ( 0.000000000000000000, 4.025721420742498502, -4.437499999999978684 ) ) ;
#1922 = B_SPLINE_CURVE_WITH_KNOTS ( 'NONE', 3,
 ( #366, #1888, #2448, #396, #767, #26 ),
 .UNSPECIFIED., .F., .F.,
 ( 4, 2, 4 ),
 ( 9.486769009248163798E-19, 0.0002242246370780497653, 0.0004484492741560986090 ),
 .UNSPECIFIED. ) ;
#1923 = CARTESIAN_POINT ( 'NONE',  ( 4.025721420742498502, 1.667508410807427843, 4.468750000000022204 ) ) ;
#1924 = CARTESIAN_POINT ( 'NONE',  ( -3.592943821779216673, -3.592943821779217561, 3.015625000000022649 ) ) ;
#1925 = ORIENTED_EDGE ( 'NONE', *, *, #2021, .T. ) ;
#1926 = CARTESIAN_POINT ( 'NONE',  ( -0.2125000000000023537, 9.692267644020839512, -3.187612247453147862 ) ) ;
#1927 = CARTESIAN_POINT ( 'NONE',  ( -8.499999999999998224, 4.662103423706228433, 3.187612247453147418 ) ) ;
#1928 = CARTESIAN_POINT ( 'NONE',  ( 0.000000000000000000, 4.025721420742498502, -1.249999999999977796 ) ) ;
#1929 = DIRECTION ( 'NONE',  ( 0.8660254037844387076, 0.4999999999999997224, 0.000000000000000000 ) ) ;
#1930 = DIRECTION ( 'NONE',  ( -1.000000000000000000, 0.000000000000000000, 0.000000000000000000 ) ) ;
#1931 = EDGE_CURVE ( 'NONE', #271, #1376, #1892, .T. ) ;
#1932 = CARTESIAN_POINT ( 'NONE',  ( -1.667508410807427177, -4.025721420742499390, -2.281249999999977351 ) ) ;
#1933 = AXIS2_PLACEMENT_3D ( 'NONE', #170, #1300, #914 ) ;
#1934 = CARTESIAN_POINT ( 'NONE',  ( 0.000000000000000000, 4.025721420742498502, 4.750000000000022204 ) ) ;
#1935 = CARTESIAN_POINT ( 'NONE',  ( -3.592943821779217561, 3.592943821779215785, -1.859374999999977351 ) ) ;
#1936 = CC_DESIGN_SECURITY_CLASSIFICATION ( #2373, ( #1344 ) ) ;
#1937 = VERTEX_POINT ( 'NONE', #567 ) ;
#1938 = DIRECTION ( 'NONE',  ( -0.000000000000000000, -0.000000000000000000, 1.000000000000000000 ) ) ;
#1939 = ORIENTED_EDGE ( 'NONE', *, *, #1569, .T. ) ;
#1940 = CARTESIAN_POINT ( 'NONE',  ( 2.071067811865477282, -5.000000000000003553, 1.843750000000019318 ) ) ;
#1941 =( BOUNDED_CURVE ( )  B_SPLINE_CURVE ( 2, ( #1694, #1469, #1656, #371, #2247, #1294, #915, #352, #739 ),
 .UNSPECIFIED., .F., .F. ) 
 B_SPLINE_CURVE_WITH_KNOTS ( ( 3, 2, 2, 2, 3 ),
 ( 0.1342319003745829631, 0.1381441399227271438, 0.1420563794708713523, 0.1459686190190155330, 0.1498808585671597138 ),
 .UNSPECIFIED. ) 
 CURVE ( )  GEOMETRIC_REPRESENTATION_ITEM ( )  RATIONAL_B_SPLINE_CURVE ( ( 1.000000000000000000, 0.9238795325112867385, 1.000000000000000000, 0.9238795325112867385, 1.000000000000000000, 0.9238795325112867385, 1.000000000000000000, 0.9238795325112795220, 1.000000000000007327 ) ) 
 REPRESENTATION_ITEM ( '' )  );
#1942 = CARTESIAN_POINT ( 'NONE',  ( -8.499999999999998224, 4.662103423706230210, -3.187612247453146974 ) ) ;
#1943 = CARTESIAN_POINT ( 'NONE',  ( -4.025721420742497614, 1.667508410807428731, 0.5312500000000220934 ) ) ;
#1944 = FACE_OUTER_BOUND ( 'NONE', #2336, .T. ) ;
#1945 = VERTEX_POINT ( 'NONE', #1914 ) ;
#1946 = EDGE_CURVE ( 'NONE', #727, #232, #2079, .T. ) ;
#1947 = CARTESIAN_POINT ( 'NONE',  ( 8.499999999999996447, 4.662103423706226657, 3.187612247453147862 ) ) ;
#1948 = VERTEX_POINT ( 'NONE', #2267 ) ;
#1949 = CARTESIAN_POINT ( 'NONE',  ( 2.104697761953645774, -5.081189881604789349, -1.296874999999975797 ) ) ;
#1950 = CARTESIAN_POINT ( 'NONE',  ( -2.104697761953644441, -5.081189881604789349, -2.890624999999976907 ) ) ;
#1951 = VERTEX_POINT ( 'NONE', #1527 ) ;
#1952 = CARTESIAN_POINT ( 'NONE',  ( 0.000000000000000000, 0.000000000000000000, 4.000000000000000888 ) ) ;
#1953 = EDGE_LOOP ( 'NONE', ( #873, #1188, #1692 ) ) ;
#1954 = CARTESIAN_POINT ( 'NONE',  ( -0.2759570004482470584, 4.962090854030852149, -3.700096254351235014 ) ) ;
#1955 = PERSON ( 'UNSPECIFIED', 'UNSPECIFIED', 'UNSPECIFIED', ('UNSPECIFIED'), ('UNSPECIFIED'), ('UNSPECIFIED') ) ;
#1956 = CARTESIAN_POINT ( 'NONE',  ( -4.302705200963917953, 2.143762336788094469, -3.540663774222049920 ) ) ;
#1957 = CARTESIAN_POINT ( 'NONE',  ( -1.667508410807427177, -4.025721420742499390, 3.718750000000022649 ) ) ;
#1958 = CARTESIAN_POINT ( 'NONE',  ( -5.000000000000002665, 0.000000000000000000, 4.000000000000000888 ) ) ;
#1959 = ORIENTED_EDGE ( 'NONE', *, *, #744, .F. ) ;
#1960 =( BOUNDED_CURVE ( )  B_SPLINE_CURVE ( 2, ( #1608, #438, #102, #1016, #830, #1778, #2366, #1580, #2337 ),
 .UNSPECIFIED., .F., .F. ) 
 B_SPLINE_CURVE_WITH_KNOTS ( ( 3, 2, 2, 2, 3 ),
 ( 0.7261560880076107782, 0.7440132308647536830, 0.7618703737218965877, 0.7797275165790393814, 0.7975846594361822861 ),
 .UNSPECIFIED. ) 
 CURVE ( )  GEOMETRIC_REPRESENTATION_ITEM ( )  RATIONAL_B_SPLINE_CURVE ( ( 1.000000000000000000, 0.9238795325112867385, 1.000000000000000000, 0.9238795325112867385, 1.000000000000000000, 0.9238795325112867385, 1.000000000000000000, 0.9238795325112867385, 1.000000000000000000 ) ) 
 REPRESENTATION_ITEM ( '' )  );
#1961 = CARTESIAN_POINT ( 'NONE',  ( -4.025721420742498502, -7.395130278256853736E-16, -4.062499999999978684 ) ) ;
#1962 = ORIENTED_EDGE ( 'NONE', *, *, #1250, .F. ) ;
#1963 = CARTESIAN_POINT ( 'NONE',  ( 2.846614915774963173, -2.846614915774962729, 2.687500000000022204 ) ) ;
#1964 = CARTESIAN_POINT ( 'NONE',  ( 5.081189881604789349, 2.104697761953645330, -3.828124999999976907 ) ) ;
#1965 = ORIENTED_EDGE ( 'NONE', *, *, #431, .T. ) ;
#1966 = DIRECTION ( 'NONE',  ( 1.000000000000000000, 0.000000000000000000, 0.000000000000000000 ) ) ;
#1967 = ORIENTED_EDGE ( 'NONE', *, *, #244, .T. ) ;
#1968 = CARTESIAN_POINT ( 'NONE',  ( -0.6384460492929471265, 4.917845681536732627, -3.689303408846785093 ) ) ;
#1969 = DIRECTION ( 'NONE',  ( 0.000000000000000000, 0.000000000000000000, 1.000000000000000000 ) ) ;
#1970 = CARTESIAN_POINT ( 'NONE',  ( 4.025721420742498502, 2.465043426085617748E-16, 2.687500000000022204 ) ) ;
#1971 = CARTESIAN_POINT ( 'NONE',  ( -8.287499999999997868, -5.030164220314615520, 3.187612247453147418 ) ) ;
#1972 = CARTESIAN_POINT ( 'NONE',  ( -8.405363692704018064, -4.939760695984685590, -3.156120713973926684 ) ) ;
#1973 = DIRECTION ( 'NONE',  ( 0.7071067811865487940, 0.000000000000000000, 0.7071067811865463515 ) ) ;
#1974 = CARTESIAN_POINT ( 'NONE',  ( 8.499999999999996447, 1.973740095416451457, -3.751411010842607752 ) ) ;
#1975 = ORIENTED_EDGE ( 'NONE', *, *, #361, .T. ) ;
#1976 = APPLICATION_PROTOCOL_DEFINITION ( 'international standard', 'config_control_design', 1994, #2107 ) ;
#1977 = CARTESIAN_POINT ( 'NONE',  ( -2.104697761953648438, 5.081189881604789349, -2.046874999999976463 ) ) ;
#1978 = DIRECTION ( 'NONE',  ( -0.000000000000000000, -0.000000000000000000, -1.000000000000000000 ) ) ;
#1979 = AXIS2_PLACEMENT_3D ( 'NONE', #1696, #1314, #1471 ) ;
#1980 = EDGE_CURVE ( 'NONE', #2309, #1595, #1162, .T. ) ;
#1981 = CIRCLE ( 'NONE', #679, 8.287500000000001421 ) ;
#1982 = CYLINDRICAL_SURFACE ( 'NONE', #2383, 5.000000000000002665 ) ;
#1983 = ORIENTED_EDGE ( 'NONE', *, *, #1356, .T. ) ;
#1984 = AXIS2_PLACEMENT_3D ( 'NONE', #1746, #654, #1966 ) ;
#1985 = CARTESIAN_POINT ( 'NONE',  ( -2.814340317118409818, 3.979288666356817217, -3.614350997164799129 ) ) ;
#1986 = EDGE_CURVE ( 'NONE', #19, #401, #1858, .T. ) ;
#1987 = DIRECTION ( 'NONE',  ( -1.000000000000000000, 0.000000000000000000, 0.000000000000000000 ) ) ;
#1988 = CARTESIAN_POINT ( 'NONE',  ( 4.025721420742498502, 1.667508410807427843, -1.718749999999978018 ) ) ;
#1989 = CARTESIAN_POINT ( 'NONE',  ( 4.930086852171235495E-16, -4.025721420742498502, 2.312500000000022204 ) ) ;
#1990 = CARTESIAN_POINT ( 'NONE',  ( 3.535533905932739973, -3.535533905932739529, 0.2500000000000265898 ) ) ;
#1991 = DIRECTION ( 'NONE',  ( 1.000000000000000000, 0.000000000000000000, 0.000000000000000000 ) ) ;
#1992 = CARTESIAN_POINT ( 'NONE',  ( 2.507042907284193323, 4.164298549690350626, 3.598329597797637724 ) ) ;
#1993 = CARTESIAN_POINT ( 'NONE',  ( -4.412713494576095741, 0.4903072440169252144, 3.176901837993225008 ) ) ;
#1994 = VERTEX_POINT ( 'NONE', #1152 ) ;
#1995 = CARTESIAN_POINT ( 'NONE',  ( -1.667508410807430286, 4.025721420742497614, -2.656249999999978240 ) ) ;
#1996 = CARTESIAN_POINT ( 'NONE',  ( 2.104697761953645330, 5.081189881604789349, -5.140624999999976907 ) ) ;
#1997 = CARTESIAN_POINT ( 'NONE',  ( 2.071067811865582531, -5.000000000000256684, -2.843749999999827249 ) ) ;
#1998 = ORIENTED_EDGE ( 'NONE', *, *, #2115, .F. ) ;
#1999 = CARTESIAN_POINT ( 'NONE',  ( -2.676175445725482049, -3.744515895746208578, 3.336200989232634306 ) ) ;
#2000 = CARTESIAN_POINT ( 'NONE',  ( 0.000000000000000000, 4.025721420742498502, -4.437499999999978684 ) ) ;
#2001 = CARTESIAN_POINT ( 'NONE',  ( -4.025721420742497614, 1.667508410807428731, -3.968749999999978684 ) ) ;
#2002 = CARTESIAN_POINT ( 'NONE',  ( 2.656067628866398689, 3.952819745256295647, -3.503383138906932981 ) ) ;
#2003 = CARTESIAN_POINT ( 'NONE',  ( -3.535533905932746634, 3.535533905932744858, 2.500000000000031974 ) ) ;
#2004 = CARTESIAN_POINT ( 'NONE',  ( 3.791187121072894683, 2.656992447003840407, 3.366865085558682136 ) ) ;
#2005 = CARTESIAN_POINT ( 'NONE',  ( 4.162940277179985493, -0.6082687740117307396, 2.940023616152998898 ) ) ;
#2006 = ADVANCED_FACE ( 'NONE', ( #380 ), #1903, .T. ) ;
#2007 = CARTESIAN_POINT ( 'NONE',  ( -4.025721420742497614, -1.667508410807429842, -0.7812499999999773515 ) ) ;
#2008 = CARTESIAN_POINT ( 'NONE',  ( 0.000000000000000000, 5.081189881604789349, -3.546874999999976907 ) ) ;
#2009 = EDGE_CURVE ( 'NONE', #2367, #1595, #11, .T. ) ;
#2010 = CARTESIAN_POINT ( 'NONE',  ( 3.535533905932739529, 3.535533905932739529, -2.187499999999980904 ) ) ;
#2011 = ORIENTED_EDGE ( 'NONE', *, *, #2308, .F. ) ;
#2012 = CARTESIAN_POINT ( 'NONE',  ( -3.537591856329224349, -2.870141932897189552, 3.296743747304589522 ) ) ;
#2013 = CARTESIAN_POINT ( 'NONE',  ( 4.025721420742498502, 1.667508410807427843, -3.218749999999978240 ) ) ;
#2014 = CARTESIAN_POINT ( 'NONE',  ( 3.486398851672052768, -2.012822894465579271, -4.750723744624843370 ) ) ;
#2015 = CARTESIAN_POINT ( 'NONE',  ( -3.556202016174971003, 7.761780384892330353, 3.876815086983852687 ) ) ;
#2016 = CARTESIAN_POINT ( 'NONE',  ( 5.000000000000012434, 2.071067811865480834, 2.031250000000031974 ) ) ;
#2017 = FACE_OUTER_BOUND ( 'NONE', #607, .T. ) ;
#2018 = CARTESIAN_POINT ( 'NONE',  ( -2.174341697876879032, 3.398113216040230089, -2.769591657532947337 ) ) ;
#2019 = CARTESIAN_POINT ( 'NONE',  ( 1.667508410807427621, 4.025721420742498502, 0.1562500000000226763 ) ) ;
#2020 = CARTESIAN_POINT ( 'NONE',  ( -2.846614915774963617, 2.846614915774962284, -1.249999999999977796 ) ) ;
#2021 = EDGE_CURVE ( 'NONE', #1345, #1803, #1099, .T. ) ;
#2022 = CARTESIAN_POINT ( 'NONE',  ( -4.552968088638585265, -1.159981758775540994, -3.433188908828886277 ) ) ;
#2023 = ORIENTED_EDGE ( 'NONE', *, *, #417, .T. ) ;
#2024 = CARTESIAN_POINT ( 'NONE',  ( 3.716102132771185840, -3.083727392553205160, 3.563106793093389957 ) ) ;
#2025 = CIRCLE ( 'NONE', #1535, 5.256129763209560046 ) ;
#2026 = CARTESIAN_POINT ( 'NONE',  ( 4.930086852171235495E-16, -4.025721420742498502, -2.187499999999977796 ) ) ;
#2027 = CARTESIAN_POINT ( 'NONE',  ( 2.846614915774963173, -2.846614915774962729, -0.4999999999999779066 ) ) ;
#2028 = B_SPLINE_CURVE_WITH_KNOTS ( 'NONE', 3,
 ( #710, #1846, #1252, #475, #1588, #491, #855, #2018, #881, #2346 ),
 .UNSPECIFIED., .F., .F.,
 ( 4, 2, 2, 2, 4 ),
 ( 0.000000000000000000, 0.0007966986037746174145, 0.001593397207549234829, 0.002390095811323852786, 0.003186794415098470959 ),
 .UNSPECIFIED. ) ;
#2029 = CARTESIAN_POINT ( 'NONE',  ( 2.888491810127750803, 8.147283052094349998, 3.799161003199750031 ) ) ;
#2030 = CARTESIAN_POINT ( 'NONE',  ( 2.891398027591480790, 8.145605146659342211, -3.799524489023286655 ) ) ;
#2031 = CARTESIAN_POINT ( 'NONE',  ( 0.000000000000000000, 5.000000000000252243, -2.187499999999829470 ) ) ;
#2032 = CARTESIAN_POINT ( 'NONE',  ( -4.459040165500407937, -0.3064051898055943912, 3.202910402292437730 ) ) ;
#2033 = CARTESIAN_POINT ( 'NONE',  ( 2.071067811865476838, 5.000000000000003553, -0.5937499999999801270 ) ) ;
#2034 = EDGE_CURVE ( 'NONE', #1031, #1405, #31, .T. ) ;
#2035 = DATE_AND_TIME ( #507, #1301 ) ;
#2036 = CARTESIAN_POINT ( 'NONE',  ( 4.025721420742498502, -1.667508410807427399, -1.718749999999978018 ) ) ;
#2037 = CARTESIAN_POINT ( 'NONE',  ( 4.025721420742498502, 2.465043426085617748E-16, -1.812499999999978240 ) ) ;
#2038 = CARTESIAN_POINT ( 'NONE',  ( -5.000000000000000888, 2.071067811865477282, -1.718749999999980238 ) ) ;
#2039 = ORIENTED_EDGE ( 'NONE', *, *, #924, .F. ) ;
#2040 = CARTESIAN_POINT ( 'NONE',  ( 0.000000000000000000, 4.025721420742498502, -1.437499999999977796 ) ) ;
#2041 = CARTESIAN_POINT ( 'NONE',  ( 0.000000000000000000, 4.025721420742498502, 0.06250000000002173262 ) ) ;
#2042 = CARTESIAN_POINT ( 'NONE',  ( -2.071067811865475949, -5.000000000000003553, -1.343749999999980904 ) ) ;
#2043 = CARTESIAN_POINT ( 'NONE',  ( -4.025721420742503831, -1.667508410807432506, -2.281249999999974243 ) ) ;
#2044 = CARTESIAN_POINT ( 'NONE',  ( 2.064030168553256939, 3.544411193585474518, -2.837515881574143695 ) ) ;
#2045 = CARTESIAN_POINT ( 'NONE',  ( -8.499999999999996447, -3.902195717931030927, -3.398597631406048425 ) ) ;
#2046 = CARTESIAN_POINT ( 'NONE',  ( 4.025721420742498502, -1.667508410807427399, -0.2187499999999776845 ) ) ;
#2047 = CARTESIAN_POINT ( 'NONE',  ( -8.480635993654566107, -4.809386227744139042, 3.156120443016043442 ) ) ;
#2048 = EDGE_CURVE ( 'NONE', #861, #1151, #1256, .T. ) ;
#2049 = DIRECTION ( 'NONE',  ( -0.000000000000000000, -0.000000000000000000, 1.000000000000000000 ) ) ;
#2050 = CARTESIAN_POINT ( 'NONE',  ( -1.667508410807429620, -4.025721420742505607, -2.093749999999974687 ) ) ;
#2051 = CARTESIAN_POINT ( 'NONE',  ( 8.405867542315553109, 4.939158387847752962, 3.156046063154891446 ) ) ;
#2052 = CARTESIAN_POINT ( 'NONE',  ( 8.499999999999998224, -4.662103423706253302, 3.187612247453149639 ) ) ;
#2053 = CARTESIAN_POINT ( 'NONE',  ( 2.071067811865476838, 5.000000000000003553, 0.9062500000000194289 ) ) ;
#2054 = CARTESIAN_POINT ( 'NONE',  ( -2.128002633341332217, 3.537368436955443673, -2.859301190151533500 ) ) ;
#2055 = B_SPLINE_CURVE_WITH_KNOTS ( 'NONE', 3,
 ( #240, #633, #996, #1024, #1740, #1391 ),
 .UNSPECIFIED., .F., .F.,
 ( 4, 2, 4 ),
 ( 0.002722988496561257361, 0.003946493136360499851, 0.005169997776159741473 ),
 .UNSPECIFIED. ) ;
#2056 = CARTESIAN_POINT ( 'NONE',  ( 0.9783583180995719664, -4.357309200299709140, -3.199853741060067591 ) ) ;
#2057 =( GEOMETRIC_REPRESENTATION_CONTEXT ( 3 ) GLOBAL_UNCERTAINTY_ASSIGNED_CONTEXT ( ( #1134 ) ) GLOBAL_UNIT_ASSIGNED_CONTEXT ( ( #298, #1208, #1789 ) ) REPRESENTATION_CONTEXT ( 'NONE', 'WORKASPACE' ) );
#2058 = CARTESIAN_POINT ( 'NONE',  ( 8.499999999999998224, -2.736165505658554320, 3.633857956435977421 ) ) ;
#2059 = ADVANCED_FACE ( 'NONE', ( #2244 ), #1367, .T. ) ;
#2060 = VECTOR ( 'NONE', #2061, 1000.000000000000000 ) ;
#2061 = DIRECTION ( 'NONE',  ( 0.000000000000000000, 0.000000000000000000, -1.000000000000000000 ) ) ;
#2062 = CARTESIAN_POINT ( 'NONE',  ( 4.021866088877197321, 1.256008040352506905, -2.949483087783817847 ) ) ;
#2063 = VECTOR ( 'NONE', #1938, 1000.000000000000000 ) ;
#2064 = CARTESIAN_POINT ( 'NONE',  ( 3.555172361900277522, -7.762374856064996109, -3.876640262969429429 ) ) ;
#2065 = CARTESIAN_POINT ( 'NONE',  ( 1.077531827061730008, 4.038487062935975480, 2.916344006946208545 ) ) ;
#2066 = CARTESIAN_POINT ( 'NONE',  ( -5.000000000000002665, -9.184850993605153861E-16, -1.812499999999973133 ) ) ;
#2067 = CARTESIAN_POINT ( 'NONE',  ( 3.592943821779217117, 3.592943821779217117, 2.171875000000023537 ) ) ;
#2068 = EDGE_LOOP ( 'NONE', ( #952, #940, #1754, #302, #1003, #898, #1788, #1193, #2222 ) ) ;
#2069 = CARTESIAN_POINT ( 'NONE',  ( 0.000000000000000000, 0.000000000000000000, -4.000000000000000888 ) ) ;
#2070 = CARTESIAN_POINT ( 'NONE',  ( -4.025721420742503831, -7.395130278256863597E-16, -2.374999999999974687 ) ) ;
#2071 = CARTESIAN_POINT ( 'NONE',  ( 0.000000000000000000, 4.025721420742503831, 0.2500000000000250910 ) ) ;
#2072 = CYLINDRICAL_SURFACE ( 'NONE', #1499, 5.000000000000002665 ) ;
#2073 = CARTESIAN_POINT ( 'NONE',  ( 0.8405530300379254749, 4.103528612094940797, 2.925354899219243965 ) ) ;
#2074 = CARTESIAN_POINT ( 'NONE',  ( 8.499999999999996447, 0.7885131329098545860, 3.877313067797206969 ) ) ;
#2075 = ADVANCED_BREP_SHAPE_REPRESENTATION ( '90591A171_Zinc-Plated Steel Hex Nut', ( #1750, #424 ), #2057 ) ;
#2076 = CARTESIAN_POINT ( 'NONE',  ( 5.081189881604789349, 2.104697761953645330, 5.078125000000023981 ) ) ;
#2077 = CARTESIAN_POINT ( 'NONE',  ( -2.104697761953644441, -5.081189881604789349, 1.609375000000022649 ) ) ;
#2078 = ORIENTED_EDGE ( 'NONE', *, *, #24, .F. ) ;
#2079 = LINE ( 'NONE', #585, #2259 ) ;
#2080 = CARTESIAN_POINT ( 'NONE',  ( 4.025721420742498502, 1.667508410807427843, 2.968750000000022649 ) ) ;
#2081 = CARTESIAN_POINT ( 'NONE',  ( -1.667508410807429620, -4.025721420742505607, -0.5937499999999746869 ) ) ;
#2082 = FACE_OUTER_BOUND ( 'NONE', #2159, .T. ) ;
#2083 = CARTESIAN_POINT ( 'NONE',  ( 5.000000000000002665, 3.061616997868385113E-16, 0.6250000000000196509 ) ) ;
#2084 = CARTESIAN_POINT ( 'NONE',  ( -2.846614915774962729, -2.846614915774963617, -3.687499999999978240 ) ) ;
#2085 = CARTESIAN_POINT ( 'NONE',  ( 5.081189881604789349, 3.111331462183611701E-16, 3.484375000000023981 ) ) ;
#2086 = CARTESIAN_POINT ( 'NONE',  ( -3.592943821779216673, -3.592943821779217561, 1.515625000000022649 ) ) ;
#2087 = EDGE_CURVE ( 'NONE', #1994, #1001, #1688, .T. ) ;
#2088 = EDGE_LOOP ( 'NONE', ( #1082, #1967, #379, #1355 ) ) ;
#2089 = CARTESIAN_POINT ( 'NONE',  ( -1.761828530288944705E-15, 9.324206847412453314, 4.000000000000000888 ) ) ;
#2090 = VECTOR ( 'NONE', #237, 1000.000000000000000 ) ;
#2091 = CARTESIAN_POINT ( 'NONE',  ( 4.930086852171235495E-16, -4.025721420742498502, -0.4999999999999779066 ) ) ;
#2092 = CARTESIAN_POINT ( 'NONE',  ( 8.499999999999996447, -3.966787061903857864E-24, -3.877313067797208301 ) ) ;
#2093 = CARTESIAN_POINT ( 'NONE',  ( -2.846614915774967614, 2.846614915774966281, 0.4375000000000253131 ) ) ;
#2094 = CONICAL_SURFACE ( 'NONE', #83, 5.256129763209560046, 0.7853981633974500554 ) ;
#2095 = CARTESIAN_POINT ( 'NONE',  ( 0.000000000000000000, 4.025721420742498502, 3.062500000000022204 ) ) ;
#2096 = CARTESIAN_POINT ( 'NONE',  ( 5.000000000000004441, -2.667095365029866032E-11, -1.062500000001181277 ) ) ;
#2097 = AXIS2_PLACEMENT_3D ( 'NONE', #468, #1056, #1987 ) ;
#2098 = CARTESIAN_POINT ( 'NONE',  ( 1.667508410807427621, 4.025721420742498502, -4.531249999999976907 ) ) ;
#2099 = EDGE_CURVE ( 'NONE', #260, #1994, #1897, .T. ) ;
#2100 = CARTESIAN_POINT ( 'NONE',  ( 2.104697761953645330, 5.081189881604789349, -0.7343749999999762412 ) ) ;
#2101 = CARTESIAN_POINT ( 'NONE',  ( -2.104697761953648438, 5.081189881604789349, -1.953124999999977573 ) ) ;
#2102 = ORIENTED_EDGE ( 'NONE', *, *, #176, .T. ) ;
#2103 = CARTESIAN_POINT ( 'NONE',  ( -5.000000000000002665, 0.000000000000000000, 4.000000000000000888 ) ) ;
#2104 = CARTESIAN_POINT ( 'NONE',  ( 2.846614915774963173, -2.846614915774962729, -0.3124999999999777400 ) ) ;
#2105 = CARTESIAN_POINT ( 'NONE',  ( 4.251041281150266471, -1.741646037679794421E-11, -2.994911517940712198 ) ) ;
#2106 = CARTESIAN_POINT ( 'NONE',  ( -4.025721420742503831, 1.667508410807431174, 0.5312500000000254241 ) ) ;
#2107 = APPLICATION_CONTEXT ( 'configuration controlled 3d designs of mechanical parts and assemblies' ) ;
#2108 = CARTESIAN_POINT ( 'NONE',  ( 4.025721420742498502, 1.667508410807427843, 1.281250000000022427 ) ) ;
#2109 = CARTESIAN_POINT ( 'NONE',  ( 1.583549136066149998, 4.343095649468316388, -3.363802026849508131 ) ) ;
#2110 = B_SPLINE_CURVE_WITH_KNOTS ( 'NONE', 3,
 ( #625, #1385, #453, #1214, #2126, #1954, #1968, #1032, #1780, #91, #2354, #1412, #467, #1985, #288, #805, #1551, #2312, #1739, #1956, #1357, #2128, #2300, #976, #1033, #454 ),
 .UNSPECIFIED., .F., .F.,
 ( 4, 2, 2, 2, 2, 1, 2, 2, 2, 2, 1, 2, 2, 4 ),
 ( 0.002674102086306914122, 0.003222213105533718296, 0.003770324124760522470, 0.004866546163214130818, 0.005414657182440934559, 0.005962768201667738299, 0.006510879220894542907, 0.007058990240121346647, 0.008155212278574953261, 0.008703323297801757868, 0.009251434317028559007, 0.009799545336255363615, 0.01034765635548216649, 0.01144387839393577397 ),
 .UNSPECIFIED. ) ;
#2111 = CARTESIAN_POINT ( 'NONE',  ( 4.025721420742498502, 1.667508410807427843, -3.218749999999978240 ) ) ;
#2112 = CARTESIAN_POINT ( 'NONE',  ( 6.222662924367223401E-16, -5.081189881604789349, 1.609375000000023981 ) ) ;
#2113 = CARTESIAN_POINT ( 'NONE',  ( -3.592943821779217561, 3.592943821779215785, 1.140625000000022649 ) ) ;
#2114 = ORIENTED_EDGE ( 'NONE', *, *, #1760, .F. ) ;
#2115 = EDGE_CURVE ( 'NONE', #1579, #634, #1629, .T. ) ;
#2116 = CARTESIAN_POINT ( 'NONE',  ( -8.287499999999393907, 5.030164220314965462, 3.187612247453339709 ) ) ;
#2117 = CARTESIAN_POINT ( 'NONE',  ( -2.846614915774962729, -2.846614915774963617, 0.8125000000000224265 ) ) ;
#2118 = LINE ( 'NONE', #64, #2224 ) ;
#2119 = VERTEX_POINT ( 'NONE', #1133 ) ;
#2120 = CARTESIAN_POINT ( 'NONE',  ( -4.025721420742497614, -1.667508410807429842, -2.468749999999978240 ) ) ;
#2121 = CARTESIAN_POINT ( 'NONE',  ( -5.081189881604789349, -9.333994386550833130E-16, -3.265624999999976907 ) ) ;
#2122 = CARTESIAN_POINT ( 'NONE',  ( 5.081189881604789349, 3.111331462183611701E-16, -0.9218749999999773515 ) ) ;
#2123 = ORIENTED_EDGE ( 'NONE', *, *, #2160, .F. ) ;
#2124 = CARTESIAN_POINT ( 'NONE',  ( 0.000000000000000000, 0.000000000000000000, 4.000000000000000888 ) ) ;
#2125 = VERTEX_POINT ( 'NONE', #572 ) ;
#2126 = CARTESIAN_POINT ( 'NONE',  ( 0.2739920766377409445, 4.968051156839369931, -3.716095449095462300 ) ) ;
#2127 = EDGE_CURVE ( 'NONE', #1269, #157, #16, .T. ) ;
#2128 = CARTESIAN_POINT ( 'NONE',  ( -4.550292542820311148, 1.452572902618175066, -3.516841304373523158 ) ) ;
#2129 = CARTESIAN_POINT ( 'NONE',  ( -4.025721420742497614, -1.667508410807429842, 2.218750000000023093 ) ) ;
#2130 = CARTESIAN_POINT ( 'NONE',  ( -2.071067811865479946, 5.000000000000000888, -3.406249999999980904 ) ) ;
#2131 = ORIENTED_EDGE ( 'NONE', *, *, #225, .F. ) ;
#2132 = CARTESIAN_POINT ( 'NONE',  ( 8.499999999999996447, 4.907477288111819824, 4.000000000000000888 ) ) ;
#2133 = VECTOR ( 'NONE', #541, 1000.000000000000000 ) ;
#2134 = EDGE_LOOP ( 'NONE', ( #1516, #2146 ) ) ;
#2135 = CARTESIAN_POINT ( 'NONE',  ( -8.287499999999997868, 5.030164220314617296, -3.187612247453146530 ) ) ;
#2136 = CARTESIAN_POINT ( 'NONE',  ( 4.930086852171235495E-16, -4.025721420742498502, 4.000000000000022204 ) ) ;
#2137 = CARTESIAN_POINT ( 'NONE',  ( 5.081189881604789349, 3.111331462183611701E-16, -5.421874999999976907 ) ) ;
#2138 = ORIENTED_EDGE ( 'NONE', *, *, #1062, .F. ) ;
#2139 = ORIENTED_EDGE ( 'NONE', *, *, #483, .F. ) ;
#2140 = CARTESIAN_POINT ( 'NONE',  ( 6.123233995736770227E-16, -5.000000000000002665, 1.750000000000019096 ) ) ;
#2141 = CARTESIAN_POINT ( 'NONE',  ( -8.287499999999997868, 5.030164220314616408, 4.000000000000000888 ) ) ;
#2142 = CARTESIAN_POINT ( 'NONE',  ( -1.667508410807430286, 4.025721420742497614, -4.156249999999978684 ) ) ;
#2143 = CARTESIAN_POINT ( 'NONE',  ( 5.256129763209560046, 0.000000000000000000, -4.000000000000000888 ) ) ;
#2144 = CARTESIAN_POINT ( 'NONE',  ( 5.256129763209560046, 0.000000000000000000, 4.000000000000000888 ) ) ;
#2145 = CARTESIAN_POINT ( 'NONE',  ( 5.000000000000002665, 6.123233995736770227E-16, 4.000000000000000888 ) ) ;
#2146 = ORIENTED_EDGE ( 'NONE', *, *, #2215, .F. ) ;
#2147 = CALENDAR_DATE ( 2026, 17, 6 ) ;
#2148 = CARTESIAN_POINT ( 'NONE',  ( 1.667508410807428065, -4.025721420742498502, 2.593750000000022204 ) ) ;
#2149 = DIRECTION ( 'NONE',  ( -1.000000000000000000, 0.000000000000000000, 0.000000000000000000 ) ) ;
#2150 = CC_DESIGN_PERSON_AND_ORGANIZATION_ASSIGNMENT ( #1196, #1012, ( #506 ) ) ;
#2151 = ORIENTED_EDGE ( 'NONE', *, *, #374, .T. ) ;
#2152 = CARTESIAN_POINT ( 'NONE',  ( 5.000000000000002665, 3.061616997868385113E-16, 2.125000000000019540 ) ) ;
#2153 = ORIENTED_EDGE ( 'NONE', *, *, #1247, .F. ) ;
#2154 = LINE ( 'NONE', #1565, #1468 ) ;
#2155 = CARTESIAN_POINT ( 'NONE',  ( -8.500000000000000000, 0.7878469478057323894, -3.861472065612193916 ) ) ;
#2156 = CARTESIAN_POINT ( 'NONE',  ( 2.846614915774963173, -2.846614915774962729, 4.000000000000022204 ) ) ;
#2157 = DIRECTION ( 'NONE',  ( -0.000000000000000000, -0.000000000000000000, -1.000000000000000000 ) ) ;
#2158 = CARTESIAN_POINT ( 'NONE',  ( 6.960932000755064131, -5.796058611777028524, 3.573050885089478435 ) ) ;
#2159 = EDGE_LOOP ( 'NONE', ( #178, #1975, #1409, #252 ) ) ;
#2160 = EDGE_CURVE ( 'NONE', #1556, #1008, #1922, .T. ) ;
#2161 = CARTESIAN_POINT ( 'NONE',  ( 8.499999999999996447, 0.3933643326145134234, -3.877313067797207857 ) ) ;
#2162 = ORIENTED_EDGE ( 'NONE', *, *, #505, .F. ) ;
#2163 = APPROVAL_STATUS ( 'not_yet_approved' ) ;
#2164 = CARTESIAN_POINT ( 'NONE',  ( 5.081189881604789349, 3.111331462183611701E-16, -2.515624999999976019 ) ) ;
#2165 = DIRECTION ( 'NONE',  ( -0.000000000000000000, -0.000000000000000000, -1.000000000000000000 ) ) ;
#2166 = CARTESIAN_POINT ( 'NONE',  ( -4.925924299218614522, 6.970970856062056242, -3.861826262023310363 ) ) ;
#2167 = VERTEX_POINT ( 'NONE', #1326 ) ;
#2168 = CARTESIAN_POINT ( 'NONE',  ( -8.499999999999996447, -4.907477288111821601, 4.000000000000000888 ) ) ;
#2169 = CARTESIAN_POINT ( 'NONE',  ( 3.535533905932805254, 3.535533905932805254, -0.8749999999999198419 ) ) ;
#2170 = CARTESIAN_POINT ( 'NONE',  ( 2.846614915774963173, -2.846614915774962729, -3.499999999999977796 ) ) ;
#2171 = CARTESIAN_POINT ( 'NONE',  ( -4.025721420742498502, -7.395130278256853736E-16, 1.937500000000022204 ) ) ;
#2172 = CARTESIAN_POINT ( 'NONE',  ( 2.071067811865477282, -5.000000000000003553, 0.1562500000000265066 ) ) ;
#2173 = B_SPLINE_CURVE_WITH_KNOTS ( 'NONE', 3,
 ( #942, #557, #1485, #1311, #1098, #148, #1129, #2029, #332, #160, #730, #1478 ),
 .UNSPECIFIED., .F., .F.,
 ( 4, 2, 2, 2, 2, 4 ),
 ( 0.0002529993797099018755, 0.002604844844389553760, 0.004956690309069205699, 0.006132613041409032753, 0.007308535773748859807, 0.009660381238428519118 ),
 .UNSPECIFIED. ) ;
#2174 = DIRECTION ( 'NONE',  ( -0.000000000000000000, -0.000000000000000000, -1.000000000000000000 ) ) ;
#2175 = CARTESIAN_POINT ( 'NONE',  ( 4.263165352927571483, 1.243971824936112913, 3.178006171507898436 ) ) ;
#2176 = AXIS2_PLACEMENT_3D ( 'NONE', #2452, #2049, #759 ) ;
#2177 = CARTESIAN_POINT ( 'NONE',  ( -4.441212992854100428, 0.2463610558514202908, 3.185083229643294267 ) ) ;
#2178 = ORIENTED_EDGE ( 'NONE', *, *, #2009, .F. ) ;
#2179 = CARTESIAN_POINT ( 'NONE',  ( -4.025721420742498502, -7.395130278256853736E-16, 2.125000000000022204 ) ) ;
#2180 = CARTESIAN_POINT ( 'NONE',  ( 2.104697761953645774, -5.081189881604789349, -2.703124999999977351 ) ) ;
#2181 = CONICAL_SURFACE ( 'NONE', #1, 8.287500000000001421, 1.047197551196600074 ) ;
#2182 = FACE_OUTER_BOUND ( 'NONE', #2362, .T. ) ;
#2183 = ORIENTED_EDGE ( 'NONE', *, *, #2308, .T. ) ;
#2184 = LOCAL_TIME ( 15, 27, 29.00000000000000000, #1616 ) ;
#2185 = CARTESIAN_POINT ( 'NONE',  ( -0.1157448806156818055, -4.691779859665900609, 3.427133913539549770 ) ) ;
#2186 = CARTESIAN_POINT ( 'NONE',  ( 4.025721420742498502, 1.667508410807427843, -4.718749999999977796 ) ) ;
#2187 = CARTESIAN_POINT ( 'NONE',  ( -4.025721420742497614, 1.667508410807428731, 1.843750000000021982 ) ) ;
#2188 = DIRECTION ( 'NONE',  ( -1.000000000000000000, 0.000000000000000000, 0.000000000000000000 ) ) ;
#2189 = CARTESIAN_POINT ( 'NONE',  ( 0.000000000000000000, 5.000000000000011546, 2.312500000000032419 ) ) ;
#2190 = CARTESIAN_POINT ( 'NONE',  ( 5.000000000000002665, 3.061616997868385113E-16, 0.6250000000000196509 ) ) ;
#2191 = EDGE_CURVE ( 'NONE', #2338, #2351, #953, .T. ) ;
#2192 = CARTESIAN_POINT ( 'NONE',  ( 8.499999999999996447, -3.966787061903857864E-24, -3.877313067797208301 ) ) ;
#2193 = SECURITY_CLASSIFICATION_LEVEL ( 'unclassified' ) ;
#2194 = CARTESIAN_POINT ( 'NONE',  ( -4.025721420742498502, -7.395130278256853736E-16, -0.8749999999999773515 ) ) ;
#2195 = CARTESIAN_POINT ( 'NONE',  ( -1.667508410807426955, -4.025721420742499390, 2.218750000000022649 ) ) ;
#2196 = CARTESIAN_POINT ( 'NONE',  ( 4.060496715229326981, -1.454091122974557004, -3.046775669970594347 ) ) ;
#2197 = ORIENTED_EDGE ( 'NONE', *, *, #2340, .T. ) ;
#2198 = CARTESIAN_POINT ( 'NONE',  ( -2.912690538740658308, -3.550879194681447526, 3.326204818270184660 ) ) ;
#2199 = CARTESIAN_POINT ( 'NONE',  ( 4.930086852171235495E-16, -4.025721420742498502, -0.6874999999999780176 ) ) ;
#2200 = CARTESIAN_POINT ( 'NONE',  ( 1.667508410807428065, -4.025721420742498502, 3.906250000000022204 ) ) ;
#2201 = CARTESIAN_POINT ( 'NONE',  ( -2.878438986282017442, 8.153087052647803645, 3.811501025564265621 ) ) ;
#2202 = DIRECTION ( 'NONE',  ( -0.4999999999999998335, 0.8660254037844387076, 0.000000000000000000 ) ) ;
#2203 = CARTESIAN_POINT ( 'NONE',  ( 3.574075700781384146, 7.751461008273405895, -3.861826262023313028 ) ) ;
#2204 = EDGE_CURVE ( 'NONE', #2125, #597, #1361, .T. ) ;
#2205 = CARTESIAN_POINT ( 'NONE',  ( 4.237010284176935926, -0.3042428476924752823, 2.980880520968378633 ) ) ;
#2206 = CARTESIAN_POINT ( 'NONE',  ( -2.846614915774962729, -2.846614915774963617, 0.8125000000000224265 ) ) ;
#2207 = CARTESIAN_POINT ( 'NONE',  ( -1.667508410807430508, 4.025721420742497614, 0.1562500000000218159 ) ) ;
#2208 = CARTESIAN_POINT ( 'NONE',  ( 1.802885958900929841, -4.051993558620241132, -3.169203823119316255 ) ) ;
#2209 = ORIENTED_EDGE ( 'NONE', *, *, #176, .F. ) ;
#2210 = CARTESIAN_POINT ( 'NONE',  ( 6.123233995736770227E-16, -5.000000000000002665, 0.2500000000000197065 ) ) ;
#2211 = CARTESIAN_POINT ( 'NONE',  ( 2.846614915774963173, 2.846614915774963173, -1.624999999999978018 ) ) ;
#2212 = CARTESIAN_POINT ( 'NONE',  ( -2.846614915774962729, -2.846614915774963617, -0.8749999999999782396 ) ) ;
#2213 = CARTESIAN_POINT ( 'NONE',  ( 5.000000000000002665, 3.061616997868385113E-16, 3.625000000000019540 ) ) ;
#2214 = DIRECTION ( 'NONE',  ( 0.000000000000000000, 0.000000000000000000, 1.000000000000000000 ) ) ;
#2215 = EDGE_CURVE ( 'NONE', #1548, #271, #132, .T. ) ;
#2216 = CARTESIAN_POINT ( 'NONE',  ( 0.000000000000000000, 4.025721420742498502, 4.750000000000022204 ) ) ;
#2217 = CARTESIAN_POINT ( 'NONE',  ( -8.499999999999998224, 4.662103423706228433, 3.187612247453147418 ) ) ;
#2218 = CARTESIAN_POINT ( 'NONE',  ( 4.275120236788656491, -1.405679160725025628E-11, 3.018990473579102218 ) ) ;
#2219 = CARTESIAN_POINT ( 'NONE',  ( -1.667508410807430286, 4.025721420742497614, 0.3437500000000219824 ) ) ;
#2220 = CARTESIAN_POINT ( 'NONE',  ( 2.846614915774963173, 2.846614915774963173, -1.624999999999978018 ) ) ;
#2221 = CARTESIAN_POINT ( 'NONE',  ( -2.923545502911541583, -3.555182485531891867, -3.337430427144867373 ) ) ;
#2222 = ORIENTED_EDGE ( 'NONE', *, *, #259, .T. ) ;
#2223 = CIRCLE ( 'NONE', #1338, 5.256129763209560046 ) ;
#2224 = VECTOR ( 'NONE', #415, 1000.000000000000114 ) ;
#2225 = CARTESIAN_POINT ( 'NONE',  ( -4.025721420742498502, -7.395130278256853736E-16, -4.062499999999978684 ) ) ;
#2226 = CARTESIAN_POINT ( 'NONE',  ( 4.930086852171235495E-16, -4.025721420742498502, 0.8125000000000224265 ) ) ;
#2227 = CARTESIAN_POINT ( 'NONE',  ( -5.000000000000000888, -2.071067811865479502, -1.531249999999980016 ) ) ;
#2228 = ADVANCED_FACE ( 'NONE', ( #1920 ), #408, .F. ) ;
#2229 = CARTESIAN_POINT ( 'NONE',  ( 2.071067811865580310, 5.000000000000251354, -2.281249999999829914 ) ) ;
#2230 = CARTESIAN_POINT ( 'NONE',  ( 2.641384346098410774, 4.429683465767068284, 3.682240329137082213 ) ) ;
#2231 = CARTESIAN_POINT ( 'NONE',  ( -8.499999999999996447, -0.7865556182378387051, -3.877313067797207857 ) ) ;
#2232 = DIRECTION ( 'NONE',  ( -0.000000000000000000, -0.000000000000000000, 1.000000000000000000 ) ) ;
#2233 = CARTESIAN_POINT ( 'NONE',  ( 2.846614915774963173, -2.846614915774962729, -1.812499999999977351 ) ) ;
#2234 = CARTESIAN_POINT ( 'NONE',  ( -3.567217662391855448, -2.952686185342666914, -3.365175040969524467 ) ) ;
#2235 = ORIENTED_EDGE ( 'NONE', *, *, #1108, .F. ) ;
#2236 = CARTESIAN_POINT ( 'NONE',  ( 2.846614915774963173, -2.846614915774962729, -1.999999999999977573 ) ) ;
#2237 = FACE_OUTER_BOUND ( 'NONE', #1953, .T. ) ;
#2238 = B_SPLINE_CURVE_WITH_KNOTS ( 'NONE', 3,
 ( #1843, #880, #1447, #1274, #1800, #333, #2203, #2030, #502, #1235, #321, #1075 ),
 .UNSPECIFIED., .F., .F.,
 ( 4, 2, 2, 2, 2, 4 ),
 ( 2.373010770488473610E-07, 0.002350151584601149583, 0.004700065868125250304, 0.005875023009887301098, 0.007049980151649350157, 0.009399894435173455215 ),
 .UNSPECIFIED. ) ;
#2239 = CARTESIAN_POINT ( 'NONE',  ( 0.000000000000000000, 4.025721420742503831, -1.249999999999974465 ) ) ;
#2240 = CARTESIAN_POINT ( 'NONE',  ( 4.999999999999852562, 2.071067811865626940, 3.531250000000036859 ) ) ;
#2241 = CARTESIAN_POINT ( 'NONE',  ( 2.878418162100803368, -8.153099075494433023, -3.811476459027387076 ) ) ;
#2242 = CARTESIAN_POINT ( 'NONE',  ( -3.535533905932739973, 3.535533905932738641, 1.187500000000019762 ) ) ;
#2243 = CARTESIAN_POINT ( 'NONE',  ( -2.594164612224915345, 3.078431893367945538, -2.769591657532945117 ) ) ;
#2244 = FACE_OUTER_BOUND ( 'NONE', #1186, .T. ) ;
#2245 = ADVANCED_FACE ( 'NONE', ( #1829 ), #122, .F. ) ;
#2246 = FACE_OUTER_BOUND ( 'NONE', #1526, .T. ) ;
#2247 = CARTESIAN_POINT ( 'NONE',  ( 6.123233995736781074E-16, -5.000000000000012434, 3.062500000000031974 ) ) ;
#2248 = CARTESIAN_POINT ( 'NONE',  ( 8.499999999999996447, 4.662103423706226657, 3.187612247453147862 ) ) ;
#2249 = DIRECTION ( 'NONE',  ( 0.000000000000000000, 0.000000000000000000, 1.000000000000000000 ) ) ;
#2250 = CARTESIAN_POINT ( 'NONE',  ( 1.667508410807428065, -4.025721420742498502, 3.906250000000022204 ) ) ;
#2251 = CARTESIAN_POINT ( 'NONE',  ( 2.678458897022762741, -3.412237979086215400, -4.848216212289133686 ) ) ;
#2252 = CARTESIAN_POINT ( 'NONE',  ( -5.081189881604789349, 2.104697761953645774, 4.140625000000023093 ) ) ;
#2253 = ORIENTED_EDGE ( 'NONE', *, *, #669, .F. ) ;
#2254 = DIRECTION ( 'NONE',  ( 1.000000000000000000, 0.000000000000000000, 0.000000000000000000 ) ) ;
#2255 = VECTOR ( 'NONE', #862, 1000.000000000000000 ) ;
#2256 = CARTESIAN_POINT ( 'NONE',  ( -2.846614915774966725, -2.846614915774967614, 2.312500000000025757 ) ) ;
#2257 =( BOUNDED_CURVE ( )  B_SPLINE_CURVE ( 2, ( #1251, #692, #308, #295, #707, #1814, #1061, #124, #2389 ),
 .UNSPECIFIED., .F., .F. ) 
 B_SPLINE_CURVE_WITH_KNOTS ( ( 3, 2, 2, 2, 3 ),
 ( 0.1029260105974681566, 0.1068391844554231335, 0.1107523583133781242, 0.1146655321713331011, 0.1185787060292880779 ),
 .UNSPECIFIED. ) 
 CURVE ( )  GEOMETRIC_REPRESENTATION_ITEM ( )  RATIONAL_B_SPLINE_CURVE ( ( 1.000000000000296208, 0.9238795325109905310, 1.000000000000000000, 0.9238795325112867385, 1.000000000000000000, 0.9238795325112867385, 1.000000000000000000, 0.9238795325112867385, 1.000000000000000000 ) ) 
 REPRESENTATION_ITEM ( '' )  );
#2258 = EDGE_CURVE ( 'NONE', #1151, #1452, #66, .T. ) ;
#2259 = VECTOR ( 'NONE', #1518, 1000.000000000000114 ) ;
#2260 = DIRECTION ( 'NONE',  ( -1.000000000000000000, 0.000000000000000000, 0.000000000000000000 ) ) ;
#2261 = APPROVAL ( #54, 'UNSPECIFIED' ) ;
#2262 = CARTESIAN_POINT ( 'NONE',  ( 2.937958830978887104, 2.856978853229410031, 2.834529997895192999 ) ) ;
#2263 = CARTESIAN_POINT ( 'NONE',  ( -0.6851965901423547889, 4.284426736536324221, -3.079709641681789289 ) ) ;
#2264 = CARTESIAN_POINT ( 'NONE',  ( 5.081189881604789349, -2.104697761953644886, 1.890625000000024203 ) ) ;
#2265 = CARTESIAN_POINT ( 'NONE',  ( 5.081189881604789349, 3.111331462183611701E-16, -2.421874999999977796 ) ) ;
#2266 = ORIENTED_EDGE ( 'NONE', *, *, #126, .F. ) ;
#2267 = CARTESIAN_POINT ( 'NONE',  ( -5.000000000000002665, -9.184850993605151889E-16, 2.687500000000026201 ) ) ;
#2268 = CARTESIAN_POINT ( 'NONE',  ( -4.025721420742497614, 1.667508410807428731, -0.9687499999999774625 ) ) ;
#2269 = CARTESIAN_POINT ( 'NONE',  ( -4.025721420742503831, -7.395130278256863597E-16, 0.6250000000000255351 ) ) ;
#2270 = DIRECTION ( 'NONE',  ( 0.000000000000000000, 0.000000000000000000, -1.000000000000000000 ) ) ;
#2271 = CARTESIAN_POINT ( 'NONE',  ( -1.119605053804080264, 4.108547924597092837, 2.995090698575882726 ) ) ;
#2272 = EDGE_CURVE ( 'NONE', #232, #861, #695, .T. ) ;
#2273 = CARTESIAN_POINT ( 'NONE',  ( -1.667508410807430286, 4.025721420742497614, -4.156249999999978684 ) ) ;
#2274 = CARTESIAN_POINT ( 'NONE',  ( 3.592943821779217117, 3.592943821779217117, 5.171875000000023981 ) ) ;
#2275 = CARTESIAN_POINT ( 'NONE',  ( 3.592943821779217117, -3.592943821779216673, 0.3906250000000224820 ) ) ;
#2276 = ORIENTED_EDGE ( 'NONE', *, *, #80, .F. ) ;
#2277 = DIRECTION ( 'NONE',  ( -0.000000000000000000, -0.000000000000000000, -1.000000000000000000 ) ) ;
#2278 = CARTESIAN_POINT ( 'NONE',  ( 2.846614915774963173, -2.846614915774962729, 1.187500000000022204 ) ) ;
#2279 = CARTESIAN_POINT ( 'NONE',  ( -0.2124999999999990508, -9.692267644020843065, -3.187612247453146530 ) ) ;
#2280 = CARTESIAN_POINT ( 'NONE',  ( 1.667508410807430730, -4.025721420742504719, -0.4062499999999745759 ) ) ;
#2281 = CARTESIAN_POINT ( 'NONE',  ( -4.025721420742497614, 1.667508410807428731, 3.343750000000021760 ) ) ;
#2282 = CARTESIAN_POINT ( 'NONE',  ( 8.499999999999996447, -2.292627005798565559E-26, 3.877313067797208301 ) ) ;
#2283 = CARTESIAN_POINT ( 'NONE',  ( -4.025721420742497614, -1.667508410807429842, -3.968749999999978684 ) ) ;
#2284 = CARTESIAN_POINT ( 'NONE',  ( 5.081189881604789349, -2.104697761953644886, 4.890625000000023981 ) ) ;
#2285 = CARTESIAN_POINT ( 'NONE',  ( 5.081189881604789349, 3.111331462183611701E-16, 0.5781250000000226485 ) ) ;
#2286 = ORIENTED_EDGE ( 'NONE', *, *, #524, .T. ) ;
#2287 = DIRECTION ( 'NONE',  ( 0.000000000000000000, 0.000000000000000000, -1.000000000000000000 ) ) ;
#2288 = CARTESIAN_POINT ( 'NONE',  ( 1.667508410807427621, 4.025721420742498502, 1.656250000000022427 ) ) ;
#2289 = CARTESIAN_POINT ( 'NONE',  ( 3.788381991040961516, 1.361835102859929370, 2.769591657532943341 ) ) ;
#2290 = CARTESIAN_POINT ( 'NONE',  ( -2.846614915774966725, -2.846614915774967614, 0.8125000000000256462 ) ) ;
#2291 = VECTOR ( 'NONE', #783, 1000.000000000000000 ) ;
#2292 = CARTESIAN_POINT ( 'NONE',  ( -1.667508410807430286, 4.025721420742497614, 1.656250000000022427 ) ) ;
#2293 = CARTESIAN_POINT ( 'NONE',  ( 6.123233995736770227E-16, -5.000000000000002665, 0.06250000000002639555 ) ) ;
#2294 = ORGANIZATION ( 'UNSPECIFIED', 'UNSPECIFIED', '' ) ;
#2295 = CARTESIAN_POINT ( 'NONE',  ( -4.025721420742497614, 1.667508410807428731, -4.156249999999978684 ) ) ;
#2296 = EDGE_CURVE ( 'NONE', #1727, #2367, #1340, .T. ) ;
#2297 = CARTESIAN_POINT ( 'NONE',  ( -2.104697761953644441, -5.081189881604789349, 4.515625000000023981 ) ) ;
#2298 = CARTESIAN_POINT ( 'NONE',  ( 2.104697761953645774, -5.081189881604789349, -1.203124999999977573 ) ) ;
#2299 = ORIENTED_EDGE ( 'NONE', *, *, #746, .F. ) ;
#2300 = CARTESIAN_POINT ( 'NONE',  ( -4.597604814950496888, 1.272586343380822438, -3.510817080824126357 ) ) ;
#2301 = CARTESIAN_POINT ( 'NONE',  ( -1.667508410807427177, -4.025721420742499390, 0.9062500000000224265 ) ) ;
#2302 = CARTESIAN_POINT ( 'NONE',  ( -1.558453024857082227E-15, 9.814954576223636096, 4.000000000000000888 ) ) ;
#2303 = VERTEX_POINT ( 'NONE', #107 ) ;
#2304 = CARTESIAN_POINT ( 'NONE',  ( 4.025721420742498502, 2.465043426085617748E-16, 1.187500000000022204 ) ) ;
#2305 = CARTESIAN_POINT ( 'NONE',  ( 3.768894017177904399, -1.445978608861946180, 2.769591657532942452 ) ) ;
#2306 = CARTESIAN_POINT ( 'NONE',  ( 5.081189881604789349, -2.104697761953644886, -1.109374999999976685 ) ) ;
#2307 = CARTESIAN_POINT ( 'NONE',  ( 5.081189881604789349, 2.104697761953645330, 2.171875000000022649 ) ) ;
#2308 = EDGE_CURVE ( 'NONE', #1008, #1581, #165, .T. ) ;
#2309 = VERTEX_POINT ( 'NONE', #1456 ) ;
#2310 = ADVANCED_FACE ( 'NONE', ( #1200 ), #272, .F. ) ;
#2311 = CARTESIAN_POINT ( 'NONE',  ( 8.287500000000008527, -5.030164220314613743, -3.187612247453142533 ) ) ;
#2312 = CARTESIAN_POINT ( 'NONE',  ( -3.941318380672654165, 2.780921555969286807, -3.564020087411206905 ) ) ;
#2313 = CARTESIAN_POINT ( 'NONE',  ( -6.962790249796445785, -5.794985751192759160, -3.572447772540340516 ) ) ;
#2314 = CARTESIAN_POINT ( 'NONE',  ( -4.025721420742498502, -7.395130278256853736E-16, -0.8749999999999773515 ) ) ;
#2315 = CARTESIAN_POINT ( 'NONE',  ( -0.07450541418428496820, -9.749274243515646532, -3.156045943276554855 ) ) ;
#2316 = ORIENTED_EDGE ( 'NONE', *, *, #309, .F. ) ;
#2317 = CARTESIAN_POINT ( 'NONE',  ( 3.863908194865045331, -1.167482116922647695, 2.769591657532940676 ) ) ;
#2318 = ORIENTED_EDGE ( 'NONE', *, *, #196, .T. ) ;
#2319 = CARTESIAN_POINT ( 'NONE',  ( 5.081189881604789349, 3.111331462183611701E-16, -1.015624999999976685 ) ) ;
#2320 = CYLINDRICAL_SURFACE ( 'NONE', #1826, 5.000000000000002665 ) ;
#2321 = EDGE_LOOP ( 'NONE', ( #273, #2333, #2382, #1227 ) ) ;
#2322 = FACE_OUTER_BOUND ( 'NONE', #315, .T. ) ;
#2323 = ORIENTED_EDGE ( 'NONE', *, *, #2272, .T. ) ;
#2324 = CARTESIAN_POINT ( 'NONE',  ( 8.499999999999998224, -4.662103423706231986, -3.187612247453146530 ) ) ;
#2325 = CARTESIAN_POINT ( 'NONE',  ( -3.535533905932739085, -3.535533905932739973, 0.06250000000001952605 ) ) ;
#2326 = CARTESIAN_POINT ( 'NONE',  ( 2.846614915774963173, -2.846614915774962729, -3.312499999999977796 ) ) ;
#2327 = FACE_OUTER_BOUND ( 'NONE', #98, .T. ) ;
#2328 = ORIENTED_EDGE ( 'NONE', *, *, #854, .F. ) ;
#2329 = VECTOR ( 'NONE', #2345, 1000.000000000000000 ) ;
#2330 = AXIS2_PLACEMENT_3D ( 'NONE', #346, #274, #832 ) ;
#2331 = CARTESIAN_POINT ( 'NONE',  ( 4.930086852171235495E-16, -4.025721420742498502, -3.687499999999978240 ) ) ;
#2332 = VECTOR ( 'NONE', #2374, 1000.000000000000000 ) ;
#2333 = ORIENTED_EDGE ( 'NONE', *, *, #219, .F. ) ;
#2334 = CARTESIAN_POINT ( 'NONE',  ( 6.222662924367223401E-16, -5.081189881604789349, -2.890624999999976463 ) ) ;
#2335 = CARTESIAN_POINT ( 'NONE',  ( -3.592943821779217561, 3.592943821779215785, -3.359374999999977796 ) ) ;
#2336 = EDGE_LOOP ( 'NONE', ( #45, #266, #1702, #911 ) ) ;
#2337 = CARTESIAN_POINT ( 'NONE',  ( -5.000000000000002665, -9.184850993605151889E-16, 2.875000000000019540 ) ) ;
#2338 = VERTEX_POINT ( 'NONE', #1187 ) ;
#2339 = PLANE ( 'NONE',  #522 ) ;
#2340 = EDGE_CURVE ( 'NONE', #2303, #1556, #670, .T. ) ;
#2341 = CARTESIAN_POINT ( 'NONE',  ( 4.273353757964325261, 2.595852010283365985, -3.743870236790443062 ) ) ;
#2342 = CARTESIAN_POINT ( 'NONE',  ( -1.667508410807427177, -4.025721420742499390, 2.218750000000023093 ) ) ;
#2343 = CARTESIAN_POINT ( 'NONE',  ( 4.072817191911262569, 2.854266483910662622, -3.706638645330366799 ) ) ;
#2344 = CARTESIAN_POINT ( 'NONE',  ( -5.000000000000000888, 2.217358119802315991E-11, -3.312500000000976996 ) ) ;
#2345 = DIRECTION ( 'NONE',  ( -0.000000000000000000, -0.000000000000000000, -1.000000000000000000 ) ) ;
#2346 = CARTESIAN_POINT ( 'NONE',  ( -2.594164612224915345, 3.078431893367945538, -2.769591657532945117 ) ) ;
#2347 = VERTEX_POINT ( 'NONE', #2152 ) ;
#2348 = CALENDAR_DATE ( 2026, 17, 6 ) ;
#2349 = CARTESIAN_POINT ( 'NONE',  ( 1.667508410807428065, -4.025721420742498502, 4.093750000000023093 ) ) ;
#2350 = CARTESIAN_POINT ( 'NONE',  ( -2.104697761953648438, 5.081189881604789349, -3.453124999999977796 ) ) ;
#2351 = VERTEX_POINT ( 'NONE', #1549 ) ;
#2352 = CARTESIAN_POINT ( 'NONE',  ( -3.555172361900273525, 7.762374856064995221, -3.876640262969430761 ) ) ;
#2353 = VERTEX_POINT ( 'NONE', #2311 ) ;
#2354 = CARTESIAN_POINT ( 'NONE',  ( -2.035317127665829062, 4.467857688318372489, -3.643309906038163515 ) ) ;
#2355 = CARTESIAN_POINT ( 'NONE',  ( -8.499999999999992895, 3.142670428733994381, -3.570621545743263958 ) ) ;
#2356 = CARTESIAN_POINT ( 'NONE',  ( 4.025721420742498502, 1.667508410807427843, 2.781250000000022649 ) ) ;
#2357 = CARTESIAN_POINT ( 'NONE',  ( -8.499999999999998224, -1.570446382150040066, 3.813031775383771471 ) ) ;
#2358 = DIRECTION ( 'NONE',  ( -0.000000000000000000, -0.000000000000000000, -1.000000000000000000 ) ) ;
#2359 = CARTESIAN_POINT ( 'NONE',  ( 0.000000000000000000, 0.000000000000000000, -3.743870236790444839 ) ) ;
#2360 = ADVANCED_FACE ( 'NONE', ( #1366 ), #1982, .F. ) ;
#2361 = CARTESIAN_POINT ( 'NONE',  ( 8.499999999999996447, 0.7878469478053605757, -3.861472065612206794 ) ) ;
#2362 = EDGE_LOOP ( 'NONE', ( #1015, #837, #649, #825, #1043, #671, #287, #2183, #1741, #1770 ) ) ;
#2363 = COORDINATED_UNIVERSAL_TIME_OFFSET ( 6, 0, .BEHIND. ) ;
#2364 = CARTESIAN_POINT ( 'NONE',  ( -2.846614915774962729, -2.846614915774963617, 3.812500000000022649 ) ) ;
#2365 = CARTESIAN_POINT ( 'NONE',  ( 6.222662924367223401E-16, -5.081189881604789349, -2.796874999999977351 ) ) ;
#2366 = CARTESIAN_POINT ( 'NONE',  ( -3.535533905932739973, 3.535533905932738641, 2.687500000000019096 ) ) ;
#2367 = VERTEX_POINT ( 'NONE', #1054 ) ;
#2368 = CARTESIAN_POINT ( 'NONE',  ( 3.282510807555713672, -3.516549479145880230, 3.544625253851651170 ) ) ;
#2369 = CARTESIAN_POINT ( 'NONE',  ( -1.667508410807430286, 4.025721420742497614, -2.843749999999978684 ) ) ;
#2370 = CARTESIAN_POINT ( 'NONE',  ( 0.000000000000000000, 4.025721420742498502, 1.562500000000022204 ) ) ;
#2371 = CARTESIAN_POINT ( 'NONE',  ( -0.8730509682380129810, -9.310898364695155749, 3.399383606566479088 ) ) ;
#2372 = FACE_BOUND ( 'NONE', #511, .T. ) ;
#2373 = SECURITY_CLASSIFICATION ( '', '', #2193 ) ;
#2374 = DIRECTION ( 'NONE',  ( 0.7071067811865487940, 0.000000000000000000, 0.7071067811865463515 ) ) ;
#2375 = DATE_AND_TIME ( #2348, #2184 ) ;
#2376 = CARTESIAN_POINT ( 'NONE',  ( 1.667508410807428065, -4.025721420742498502, 1.093750000000022204 ) ) ;
#2377 = CARTESIAN_POINT ( 'NONE',  ( 4.025721420742498502, 2.465043426085617748E-16, 2.687500000000022204 ) ) ;
#2378 = CONICAL_SURFACE ( 'NONE', #1189, 5.256129763209560046, 0.7853981633974500554 ) ;
#2379 = ADVANCED_FACE ( 'NONE', ( #2182 ), #1819, .T. ) ;
#2380 = B_SPLINE_CURVE_WITH_KNOTS ( 'NONE', 3,
 ( #648, #2177, #1993, #296, #1050, #680, #1265, #311, #1063, #1630, #2390, #1448, #324, #1833, #1857, #2429, #2271, #918, #2447, #1315, #1500, #2073, #2065, #5, #375, #1482, #1489, #1143, #2262, #183, #1114, #1670, #1103, #765 ),
 .UNSPECIFIED., .F., .F.,
 ( 4, 2, 2, 2, 2, 2, 2, 2, 2, 2, 2, 2, 2, 2, 2, 2, 4 ),
 ( 0.01983102393296255414, 0.02056777424036414573, 0.02130452454776573731, 0.02204127485516732890, 0.02277802516256892049, 0.02351477546997050860, 0.02425152577737210019, 0.02498827608477369525, 0.02572502639217528683, 0.02646177669957688189, 0.02719852700697847347, 0.02793527731438006506, 0.02867202762178165665, 0.02940877792918324823, 0.03014552823658483982, 0.03088227854398643141, 0.03161902885138802299 ),
 .UNSPECIFIED. ) ;
#2381 = CARTESIAN_POINT ( 'NONE',  ( -3.535533905932741749, 3.535533905932739973, 1.000000000000027311 ) ) ;
#2382 = ORIENTED_EDGE ( 'NONE', *, *, #2048, .F. ) ;
#2383 = AXIS2_PLACEMENT_3D ( 'NONE', #2124, #1030, #1002 ) ;
#2384 = CARTESIAN_POINT ( 'NONE',  ( -1.889778954298316549, -4.230422066482813825, 3.367089705035293701 ) ) ;
#2385 = CARTESIAN_POINT ( 'NONE',  ( -4.025721420742497614, -1.667508410807429842, -2.468749999999978240 ) ) ;
#2386 = CARTESIAN_POINT ( 'NONE',  ( 1.667508410807427621, 4.025721420742498502, 1.468750000000021982 ) ) ;
#2387 = CARTESIAN_POINT ( 'NONE',  ( -0.8720817339804519674, 9.311457952354665224, 3.399072871943578100 ) ) ;
#2388 = DIRECTION ( 'NONE',  ( -1.000000000000000000, 0.000000000000000000, 0.000000000000000000 ) ) ;
#2389 = CARTESIAN_POINT ( 'NONE',  ( 5.000000000000000888, 3.061616997868384127E-16, 1.937500000000025979 ) ) ;
#2390 = CARTESIAN_POINT ( 'NONE',  ( -3.063370417123164380, 3.070405323542453768, 3.074105717468808230 ) ) ;
#2391 = CARTESIAN_POINT ( 'NONE',  ( 4.025721420742498502, 1.667508410807427843, 1.468750000000022427 ) ) ;
#2392 = CARTESIAN_POINT ( 'NONE',  ( 4.930086852171235495E-16, -4.025721420742498502, 0.8125000000000224265 ) ) ;
#2393 =( BOUNDED_CURVE ( )  B_SPLINE_CURVE ( 2, ( #2083, #734, #551, #2053, #1687, #561, #2242, #164, #571 ),
 .UNSPECIFIED., .F., .T. ) 
 B_SPLINE_CURVE_WITH_KNOTS ( ( 3, 2, 2, 2, 3 ),
 ( 0.5832989451504679845, 0.6011560880076107782, 0.6190132308647536830, 0.6368703737218965877, 0.6547275165790393814 ),
 .UNSPECIFIED. ) 
 CURVE ( )  GEOMETRIC_REPRESENTATION_ITEM ( )  RATIONAL_B_SPLINE_CURVE ( ( 1.000000000000000000, 0.9238795325112867385, 1.000000000000000000, 0.9238795325112867385, 1.000000000000000000, 0.9238795325112867385, 1.000000000000000000, 0.9238795325112867385, 1.000000000000000000 ) ) 
 REPRESENTATION_ITEM ( '' )  );
#2394 = CARTESIAN_POINT ( 'NONE',  ( -4.085499907555245613, -2.240204529982306791, -3.394069953907484116 ) ) ;
#2395 = ORIENTED_EDGE ( 'NONE', *, *, #611, .T. ) ;
#2396 = CARTESIAN_POINT ( 'NONE',  ( 3.535533905932739529, -3.535533905932739085, 0.4375000000000194844 ) ) ;
#2397 = CARTESIAN_POINT ( 'NONE',  ( 2.846614915774963173, -2.846614915774962729, -0.4999999999999779066 ) ) ;
#2398 = CARTESIAN_POINT ( 'NONE',  ( -2.846614915774962729, -2.846614915774963617, 0.6250000000000222045 ) ) ;
#2399 = CARTESIAN_POINT ( 'NONE',  ( -5.611508189871829977, 6.575148812241346619, 3.799161003199796660 ) ) ;
#2400 = DIRECTION ( 'NONE',  ( -0.000000000000000000, -0.000000000000000000, 1.000000000000000000 ) ) ;
#2401 = DIRECTION ( 'NONE',  ( 1.000000000000000000, 0.000000000000000000, -0.000000000000000000 ) ) ;
#2402 = DIRECTION ( 'NONE',  ( 1.000000000000000000, 0.000000000000000000, 0.000000000000000000 ) ) ;
#2403 = CARTESIAN_POINT ( 'NONE',  ( 3.535533905932739529, 3.535533905932739529, -0.6874999999999802380 ) ) ;
#2404 = CARTESIAN_POINT ( 'NONE',  ( -2.846614915774962729, -2.846614915774963617, 2.312500000000022649 ) ) ;
#2405 = CARTESIAN_POINT ( 'NONE',  ( -4.025721420742498502, -7.395130278256853736E-16, 0.4375000000000220934 ) ) ;
#2406 = CARTESIAN_POINT ( 'NONE',  ( 4.240344763309482623, -0.5912330082173056223, -3.015230010632890867 ) ) ;
#2407 = ORIENTED_EDGE ( 'NONE', *, *, #2425, .T. ) ;
#2408 = EDGE_CURVE ( 'NONE', #1493, #1600, #677, .T. ) ;
#2409 = CARTESIAN_POINT ( 'NONE',  ( 5.000000000000003553, -2.071067811865476394, 0.5312500000000194289 ) ) ;
#2410 = CARTESIAN_POINT ( 'NONE',  ( 0.000000000000000000, 4.025721420742498502, 0.06250000000002173262 ) ) ;
#2411 = CARTESIAN_POINT ( 'NONE',  ( 2.846614915774963173, 2.846614915774963173, -0.1249999999999775596 ) ) ;
#2412 = CARTESIAN_POINT ( 'NONE',  ( 8.499999999999998224, -4.662103423706253302, 3.187612247453149639 ) ) ;
#2413 = CARTESIAN_POINT ( 'NONE',  ( 0.000000000000000000, 0.000000000000000000, -4.000000000000000888 ) ) ;
#2414 = CARTESIAN_POINT ( 'NONE',  ( 3.701110874375602044, 1.953434969602222182, -2.921057093037303876 ) ) ;
#2415 = CARTESIAN_POINT ( 'NONE',  ( 1.667508410807427621, 4.025721420742498502, 4.468750000000022204 ) ) ;
#2416 = CARTESIAN_POINT ( 'NONE',  ( 0.000000000000000000, 4.025721420742498502, -2.749999999999977351 ) ) ;
#2417 = CARTESIAN_POINT ( 'NONE',  ( 1.667508410807428287, -4.025721420742498502, -0.5937499999999780176 ) ) ;
#2418 = CARTESIAN_POINT ( 'NONE',  ( -8.499999999999996447, -4.662103423706253302, 3.187612247453150527 ) ) ;
#2419 = ORIENTED_EDGE ( 'NONE', *, *, #924, .T. ) ;
#2420 = AXIS2_PLACEMENT_3D ( 'NONE', #1577, #2165, #1806 ) ;
#2421 = AXIS2_PLACEMENT_3D ( 'NONE', #1021, #1598, #645 ) ;
#2422 = CARTESIAN_POINT ( 'NONE',  ( 5.081189881604789349, -2.104697761953644886, -1.015624999999977573 ) ) ;
#2423 = CARTESIAN_POINT ( 'NONE',  ( 4.025721420742498502, -1.667508410807427399, -0.4062499999999778511 ) ) ;
#2424 = CARTESIAN_POINT ( 'NONE',  ( 0.000000000000000000, 0.000000000000000000, 4.000000000000000888 ) ) ;
#2425 = EDGE_CURVE ( 'NONE', #1650, #845, #1786, .T. ) ;
#2426 = CARTESIAN_POINT ( 'NONE',  ( 1.667508410807430286, 4.025721420742504719, -1.343749999999974465 ) ) ;
#2427 = CARTESIAN_POINT ( 'NONE',  ( 0.3424286784029930697, 4.011131456039827015, -2.769591657532943785 ) ) ;
#2428 = CARTESIAN_POINT ( 'NONE',  ( 0.3424286784029930697, 4.011131456039827015, -2.769591657532943785 ) ) ;
#2429 = CARTESIAN_POINT ( 'NONE',  ( -1.362414134462339055, 4.044135401262071383, 3.004209556407421378 ) ) ;
#2430 = ADVANCED_FACE ( 'NONE', ( #2322 ), #608, .T. ) ;
#2431 = CARTESIAN_POINT ( 'NONE',  ( 4.025721420742498502, -1.667508410807427399, -3.218749999999978240 ) ) ;
#2432 = CARTESIAN_POINT ( 'NONE',  ( -8.350725348883640820, -4.993661048117036927, 3.167342323242425373 ) ) ;
#2433 = DIRECTION ( 'NONE',  ( -0.000000000000000000, -0.000000000000000000, 1.000000000000000000 ) ) ;
#2434 = CARTESIAN_POINT ( 'NONE',  ( -0.2124999999999991340, -9.692267644020843065, 4.000000000000000888 ) ) ;
#2435 = CARTESIAN_POINT ( 'NONE',  ( -8.499999999999998224, 1.586821106073199816, 3.811319097425446500 ) ) ;
#2436 = CARTESIAN_POINT ( 'NONE',  ( 0.8726784475753592840, -9.311113439600022801, -3.399264177165104428 ) ) ;
#2437 = CARTESIAN_POINT ( 'NONE',  ( 4.025721420742498502, 1.667508410807427843, 4.281250000000021316 ) ) ;
#2438 = CARTESIAN_POINT ( 'NONE',  ( 2.846614915774963173, 2.846614915774963173, -4.437499999999976907 ) ) ;
#2439 = B_SPLINE_CURVE_WITH_KNOTS ( 'NONE', 3,
 ( #440, #641, #60, #75, #1228, #819 ),
 .UNSPECIFIED., .F., .F.,
 ( 4, 2, 4 ),
 ( 0.008892698346612113239, 0.01124744319496150460, 0.01360218804331089770 ),
 .UNSPECIFIED. ) ;
#2440 = CARTESIAN_POINT ( 'NONE',  ( 2.104697761953645774, -5.081189881604789349, 4.703125000000023981 ) ) ;
#2441 = VERTEX_POINT ( 'NONE', #422 ) ;
#2442 = EDGE_CURVE ( 'NONE', #2347, #19, #1960, .T. ) ;
#2443 = DIRECTION ( 'NONE',  ( 0.000000000000000000, 0.000000000000000000, 1.000000000000000000 ) ) ;
#2444 = ADVANCED_FACE ( 'NONE', ( #1426 ), #1495, .F. ) ;
#2445 = CARTESIAN_POINT ( 'NONE',  ( -2.846614915774963617, 2.846614915774962284, 3.437500000000022204 ) ) ;
#2446 = CARTESIAN_POINT ( 'NONE',  ( 8.287500000000001421, 0.000000000000000000, 4.000000000000000888 ) ) ;
#2447 = CARTESIAN_POINT ( 'NONE',  ( -0.3884346317288449035, 4.214109603832876694, 2.968647994556555147 ) ) ;
#2448 = CARTESIAN_POINT ( 'NONE',  ( 0.07526734698986463357, 9.749139324625605951, 3.156120443016044774 ) ) ;
#2449 = CARTESIAN_POINT ( 'NONE',  ( 5.081189881604789349, 3.111331462183611701E-16, 0.4843750000000238698 ) ) ;
#2450 = CIRCLE ( 'NONE', #1380, 5.000000000000002665 ) ;
#2451 = EDGE_LOOP ( 'NONE', ( #72, #2328, #1372, #1017, #1983 ) ) ;
#2453 =( BOUNDED_CURVE ( )  B_SPLINE_CURVE ( 2, ( #1480, #542, #750, #503, #1264, #323, #191 ),
 .UNSPECIFIED., .F., .T. ) 
 B_SPLINE_CURVE_WITH_KNOTS ( ( 3, 2, 2, 3 ),
 ( 2.437409948483318875E-16, 0.001200380777961054541, 0.005109148517187325073, 0.009017916256413620324 ),
 .UNSPECIFIED. ) 
 CURVE ( )  GEOMETRIC_REPRESENTATION_ITEM ( )  RATIONAL_B_SPLINE_CURVE ( ( 0.9676047408336132527, 0.9766234393858028717, 1.000000000000000000, 0.9238795325112867385, 1.000000000000000000, 0.9238795325117278301, 0.9999999999995589084 ) ) 
 REPRESENTATION_ITEM ( '' )  );
#2452 = CARTESIAN_POINT ( 'NONE',  ( 0.000000000000000000, 0.000000000000000000, 4.000000000000000888 ) ) ;
#2454 = EDGE_CURVE ( 'NONE', #1505, #1937, #1635, .T. ) ;
ENDSEC;
END-ISO-10303-21;
